retrieved_context,question,reference,response,faithfullness,answer_relevance,answer_correctness
"[Chunk 1]
موسى بن جعفر الكاظم ( 7 صفر 128 ه -25 رجب 183 ه ) أحد أعلام المسلمين ، والإمام السابع عند الشيعة الإثنا عشرية ، والده هو الإمام جعفر بن محمد الصادق أحد فقهاء الإسلام ، قضى جزءا من حياته في السجن ، وعاصر فترة حساسة من تاريخ المسلمين . كنيته أبو إبراهيم وأبو الحسن ، ومن ألقابه : الكاظم والعبد الصالح وباب الحوائج وسيد بغداد .

[Chunk 2]
ولد الإمام موسى بن جعفر الكاظم في قرية يقال لها الأبواء وكانت ولادته يوم الأحد السابع من شهر صفر من سنة 128 وقيل سنة 129 هجرية ، في أيام حكم مروان بن محمد . وبعد فترة وجيزة من ولادته ارتحل أبوه الإمام جعفر الصادق إلى المدينة المنورة فأطعم الناس إطعاما عاما لمدة ثلاثة أيام تيمنا بولادة موسى الكاظم . وتشير بعض المصادر إلى أن الإمام الصادق كان يوليه عناية ومحبة خاصة حتى أنه حينما سئل عن مدى حبه لولده الكاظم أجاب : « وددت أن ليس لي ولد غيره لئلا يشركه في حبي أحد » ترى الشيعة أن هذا ليس مجرد حب غريزي كما يحب أي والد ولده ، بل يرون أن الإمام الصادق كان يريد أن يبين لشيعته أن موسى الكاظم هو الإمام الشرعي من بعده ؛ انطلاقا من عقيدتهم في أن الإمامة مقام كمقام النبوة لا يمكن أن تتحكم به المحاباة أو الغريزة العاطفية .

[Chunk 3]
كان عمر الإمام موسى بن جعفر 55 عاما ، قضى منها 20 عاما في حياة والده جعفر الصادق و 35 بعد وفاته . وقد عاش تلك الفترة في زمن أبيه وارتاد مدرسته العلمية الكبرى التي أنشأها في الكوفة ، والتي خرجت الآلاف من العلماء والفلاسفة والفقهاء والمحدثين ، حتى قال الحسن الوشاء عند مروره بمسجد الكوفة : ، وأما منزل أبيه الصادق فكان أيضا مدرسة علمية يرتادها كبار العلماء والفقهاء ، قال محمد صادق نشأت : وتربى الكاظم في هذا الجو العلمي المشحون بالمناظرات والنقاشات .",ماذا يكنى موسى بن جعفر الكاظم ؟,أبو إبراهيم وأبو الحسن,أبو إبراهيم وأبو الحسن,0.9,0.91,0.8
"[Chunk 1]
وزارة الداخلية السعودية هي الوزارة المسؤولة عن جميع إمارات المناطق ال 13 وأحوال المناطق والأمن الداخلي للمملكة العربية السعودية وحراسة حدودها مع الدول المجاورة والسلامة وخدمة المواطنين في المملكة العربية السعودية . ووزير الداخلية هو الأمير عبد العزيز بن سعود ال سعود منذ 21 يونيو ، 2017 و مساعد و زير الداخلية لشؤون العمليات المشرف على الأمن العام معالي الفريق أول سعيد بن عبدالله القحطاني . و مساعد وزير الداخلية لشؤون التقنية صاحب السمو الأمير الدكتور بندر بن عبدالله بن مشاري آل سعود .

[Chunk 2]
ويتكون من رئيس المجلس ووكيل الخارجية والمالية والشورى ( المادة 1 من نظام مجلس الوكلاء ) ، وكانت مسؤوليات القسمين منوطة بالنائب العام ، - حينذاك - الأمير فيصل بن عبد العزيز . استمرت وزارة الداخلية على هذا الوضع حتى صدر الأمر الملكي الكريم رقم 18 / 4 / 10 وتاريخ 9 / 3 / 1353 ه الذي دمج اختصاصات الوزارة بديوان رئاسة مجلس الوكلاء ، فأصبحت المهام التي كانت تقوم بها وزارة الداخلية منوطة برئاسة مجلس الوكلاء . في عام 1370 ه أعيد إنشاء وزارة الداخلية ، بالمرسوم الملكي رقم 5 / 11 / 8697 وتاريخ 26 / 8 / 1370 ه ، فأصبحت الوزارة مسؤولة عن الإدارة المحلية الممثلة في إمارات المناطق والقطاعات الأمنية في منطقة الحجاز ، وبعد أن انتقلت الوزارة من الحجاز إلى الرياض في عام 1375 ه تولت الإشراف تدريجيا على مناطق المملكة ، حتى اكتمل إشرافها في عام 1380 ه .

[Chunk 3]
تقسم المملكة العربية السعودية إلى 13 منطقة إدارية ، 46 مدينة منها 20 مدينة رئيسية ، وتنقسم كل منطقة منها إلى عدد من المحافظات يختلف عددها من منطقة إلى أخرى ، وتنقسم المحافظة إلى مراكز ترتبط إداريا بالمحافظة أو الإمارة ، وتشتمل الإمارة أو المحافظة أو المركز على عدد من المسميات السكانية ( مدن ، وقرى ، ومزارع ، وموارد مياه ، وتجمع بادية ) ترتبط بها إداريا . تصنف المحافظات في المملكة إلى ثلاث فئات حسب توفر الخدمات ، وتنص المادة الثالثة من نظام المناطق على : « تتكون كل منطقة إداريا من عدد من المحافظات فئة ( أ ) ، والمحافظات فئة ( ب ) ، والمراكز فئة ( أ ) ، والمراكز فئة ( ب ) ، ويراعى في ذلك الاعتبارات السكانية والجغرافية والأمنية والظروف البيئية وطرق المواصلات ». كان يبلغ عدد المحافظات في المملكة 118 محافظة تحتسب ضمنها مراكز الإمارات إلى أن تمت الموافقة سنة 2012 م على زيادة عدد المحافظات لتصل بذلك إلى 134 محافظة بدون احتساب مراكز إمارات المناطق . تعد منطقة الرياض أكثر المناطق تقسيما إذ يبلغ عدد محافظاتها 21 محافظة ، بينما تعد منطقة الجوف ومنطقة الحدود الشمالية أقلها ب 3 محافظات لكل منطقة .",كم عدد امارات المناطق التي تقع تحت مسؤولية وزارة الداخلية السعودية ؟,13 إمارة.,13 إمارة.,0.81,0.9,0.91
"[Chunk 1]
تدعى الخطوط الأفقية في المصفوفة بالأسطر بينما تدعى الخطوط العمودية باسم عمود . أما الأعداد فتدعى مدخلات المصفوفة أو عناصر المصفوفة . ترمز إلى مصفوفة بحرف لاتيني كبير وتحته عددين طبيعيين على شكل جداء هما m و n حيث m هو عدد الصفوف و n عدد الأعمدة . وبالتالي تعرف المصفوفة بعدد الصفوف والأعمدة ("" m "" × n مصفوفة ), وتعرف m و n بأبعاد المصفوفة . فأبعاد المصفوفة أعلاه هي 3 * 4 أي 4 أسطر و 3 أعمدة .

[Chunk 2]
ويعرف عدد الأسطر في عدد الأعمدة برتبة المصفوفة أو قياس المصفوفة . مثال ذلك المصفوفة المحتوية على 4 أسطر و 3 أعمدة قياسها هو 4 * 3 ويمكن اجراء عمليتي الجمع والطرح على المصفوفات المتساوية القياس . كما يمكن ضرب المصفوفات بأنسجام معين في القياس . ولهذه العمليات العديد من خصائص الحساب العادي , باستثناء أن ضرب المصفوفات ليس بعملية تبديلية , وبشكل عام يمكن أن نقول أن A.B لا يساوي B.A. تعرف المصفوف المؤلفة من صف واحد أو عمود واحد بمتجه . أما المصفوفة ذات القياس الأكبر تعرف بموتر .

[Chunk 3]
الخط العربي هو فن وتصميم الكتابة في مختلف اللغات التي تستعمل الحروف العربية . تتميز الكتابة العربية بكونها متصلة مما يجعلها قابلة لاكتساب أشكال هندسية مختلفة من خلال المد والرجع والاستدارة والتزوية والتشابك والتداخل والتركيب . يقترن فن الخط بالزخرفة العربية حيث يستعمل لتزيين المساجد والقصور ، كما أنه يستعمل في تحلية المخطوطات والكتب وخاصة نسخ القرآن الكريم . وقد شهد هذا المجال إقبالا من الفنانين المسلمين بسبب نهي الشريعة عن تصوير البشر والحيوان خاصة في ما يتصل بالأماكن المقدسة والمصاحف .",ماذا تسمى الخطوط الافقية في المصفوفة ؟,بالأسطر,الأسطر.,0.66,0.88,0.9
"[Chunk 1]
عبد العزيز بوتفليقة ( 2 مارس 1937 ، وجدة -) ، الرئيس العاشر للجزائر منذ التكوين والرئيس السابع منذ الاستقلال . في يناير 2005 عينه المؤتمر الثامن رئيسا لحزب جبهة التحرير الوطني . ولد بمدينة وجدة المغربية وهو من أصول أمازيغية . التحق بعد نهاية دراسته الثانوية بصفوف جيش التحرير الوطني الجزائري وهو في 19 من عمره في عام 1956. في نوفمبر 2012 تجاوز في مدة حكمه مدة حكم الرئيس هواري بومدين ليصبح أطول رؤساء الجزائر حكما . وفي 23 فبراير 2014 أعلن وزيره الأول عبد المالك سلال ترشحه لعهدة رئاسية رابعة وسط جدال حاد في الجزائر حول صحته ومدى قدرته على القيام بمهامه كرئيس دولة ترشح لعهدة خامسة وسط جدل كبير في الشارع الجزائري حيث قابل الشعب ترشحه بالرفض لحالته الصحية بعد خروجهم في مظاهرات 22 فيفري 2019 ليعلن اسقالته يوم 2 ابريل 2019 حيث تم تعيين رئيس مجلس الامة عبد القادر بن صالح كرئيس دولة بالنيابة من طرف المجلس الدستوري

[Chunk 2]
يعد الجنرال أحمد قايد صالح أحد أبرز الوجوه العسكرية داخل هرم قيادات الجيش الجزائري خلال فترة العشرية السوداء . في عام 2014 ، وقف قايد صالح بجانب الرئيس عبد العزيز بوتفليقة من خلال دعمه لفترة رئاسية رابعة . لكن مرض الرئيس المتكرر ، جعل الجنرال يتصدر المشهد الإعلامي والسياسي في الجزائر كأحد رموز النظام وممثلهم في جل وسائل الإعلام الوطنية . استمر تأييده في البداية لترشح الرئيس السابق لولاية خامسة ، وخلال الحراك الشعبي الجزائري المناهض للعهدة الخامسة للرئيس الجزائري عبد العزيز بوتفليقة خلال الانتخابات الرئاسية الجزائرية 2019 ، قبل أن يتبني الجنرال خطابا تصالحيا ، أعلن فيه دعم الجيش للشعب الجزائري عقب الحراك الشعبي في الجزائر عام 2019. في 26 مارس 2019 ، اقترح الجنرال أحمد قايد صالح على المجلس الدستوري الجزائري إعلان عائق بوتفليقة الصحي وتطبيق المادة 102 من الدستور الجزائري .

[Chunk 3]
عبد المجيد تبون ، ( 17 نوفمبر 1945 ، المشرية ) سياسي جزائري و رئيس الجمهورية الجزائرية الثامن ، كان رئيس وزراء الجزائر الأسبق في حكومة 2017 للفترة من 25 مايو 2017 ، إلى 15 أغسطس 2017 في عهد الرئيس بوتفليقة ووزير للسكن والعمران في عدة حكومات جزائرية ووزير للاتصال وتبوأ مناصب مختلفة في الدولة . كان في صفوف حزب جبهة التحرير الوطني ، لكنه رشح نفسه كمستقل في انتخابات الرئاسة التي فاز فيها . تخرج من المدرسة الوطنية للإدارة ، في اختصاص اقتصاد ومالية 1965 ، الدفعة الثانية في جويلية 1969.",من عبد العزيز بوتفليقة ؟,الرئيس العاشر للجزائر منذ التكوين,رئيس الجزائر منذ التكوين والرئيس السابع منذ الاستقلال.,0.88,0.91,0.88
"[Chunk 1]
اليمن أو ( رسميا : الجمهورية اليمنية ) ، هي دولة عربية تقع جنوب غرب شبه الجزيرة العربية في غربي آسيا . تبلغ مساحتها حوالي 555 , 000 كيلو متر مربع ، ويبلغ عدد سكانها 26 , 687 , 000 نسمة حسب الإسقاط السكاني لعام 2015. يحد اليمن من الشمال المملكة العربية السعودية ومن الشرق سلطنة عمان ، ولها ساحل جنوبي على بحر العرب وساحل غربي على البحر الأحمر . ولدى اليمن أكثر من 200 جزيرة في البحر الأحمر وبحر العرب أكبرها جزيرتي سقطرى وحنيش . ينص الدستور اليمني على ديمقراطية الدولة وإقرارها التعددية الحزبية والسياسية وتبنيها نظام اقتصادي حر والالتزام بالمواثيق والعهود الدولية المنصوص عليها في الإعلان العالمي لحقوق الإنسان وأن الشريعة الإسلامية هي المصدر الأساسي للتشريع . اليمن عضو في جامعة الدول العربية والأمم المتحدة وحركة عدم الانحياز ومنظمة التعاون الإسلامي ومنظمة التجارة العالمية .

[Chunk 2]
تعتبر اليمن من أقدم مراكز الحضارة في العالم القديم . لا يعرف بالتحديد متى بدأ تاريخ اليمن القديم ، لكن بعض نقوش حضارة بلاد ما بين النهرين تصور أنها بدأت منذ زمن بعيد . فعلى سبيل المثال ذكرت سبأ في نص سومري يعود إلى حوالي سنة 2500 ق . م ، أي منذ منتصف الألفية الثالثة قبل الميلاد . إن ما وجد من النقوش في اليمن كشف النقاب عن تاريخ اليمن القديم العائد إلى أواخر الألفية الثانية ق . م . من أهم وأشهر ممالك اليمن القديم مملكة سبأ ومعين وقتبان وحضرموت وحمير وكانوا مسؤولين عن تطوير أحد أقدم الأبجديات في العالم المعروفة بخط المسند ، عدد النصوص والكتابات والشواهد الأركيولوجية في اليمن أكثر من باقي أقاليم شبه الجزيرة العربية ، أطلق عليها الروم تسمية العربية السعيدة . وقامت عدة دول في العصور الوسطى مثل الدولة الزيادية الدولة اليعفرية والإمامة الزيدية والدولة الطاهرية وأقواها كانت الدولة الرسولية . استقل ما عرف بشمال اليمن عن الدولة العثمانية عام 1918 وقامت المملكة المتوكلية اليمنية إلى إسقاطها عام 1962 وقيام الجمهورية العربية اليمنية ، بينما بقي جنوب اليمن محمية بريطانية إلى العام 1967 وقيام جمهورية اليمن الديمقراطية الشعبية . تحققت الوحدة اليمنية في 22 مايو 1990.

[Chunk 3]
قامت المملكة المتوكلية اليمنية عام 1918 بقيادة الإمام يحيى حميد الدين . كانت مملكة منغلقة على العالم وتبنى سياسة إنعزالية خوفا من أن تسقط بلاده لسلطة القوى الإستعمارية المتحاربة عقب الحرب العالمية الأولى وبالذات إيطاليا وبريطانيا وكذلك لإبعاد المملكة عن التيارات القومية التي ظهرت في المنطقة العربية تلك الفترة وساعده في ذلك أن جل المجتمع اليمني على أيامه كانوا من المزارعين يعيشون في قرى مكتفية ذاتيا . منع الإمام يحيى السفارات والبعثات الدبلوماسية من دخول البلاد وأي زائر أجنبي كان بحاجة إلى إذن شخصي منه أسس الإمام يحيى حميد الدين حكما ثيوقراطيا زيديا تجاهل أبناء المذاهب الأخرى مثل الشافعية والإسماعيلية واعتبر يهود اليمن ذميين ظهرت حركات معارضة للمملكة بعضها نتيجة احتكاك تيارات فكرية معينة بالخارج مثل محمد محمود الزبيري وبعضها إعتراضا على نية الإمام يحيى توريث ابنه أحمد بن يحيى ، وكان عبد الله الوزير من أبرز معارضي التوريث وانتخب "" إماما دستوريا "" ليقود ثورة الدستور عام 1948. قتل الإمام يحيى خلالها وتمكن ابنه أحمد من إنقاذ المملكة .",ما الاسم الرسمي لدولة اليمن ؟,الجمهورية اليمنية,الجمهورية اليمنية.,0.9,0.9,0.9
"[Chunk 1]
ولدت نوال السعداوي في 27 أكتوبر عام 1931 لعائله تقليدية ومحافظة بقرية كفر طحلة إحدى قرى مركز بنها التابع لمحافظة القليوبية . كانت الطفلة الثانية من بين تسعة أطفال . ختنت في السادسة من عمرها . أصر والدها على تعليم جميع أولاده . كان والدها مسؤولا حكوميا في وزارة التربية والتعليم ، وكان من الذين ثاروا ضد الاحتلال البريطاني لمصر والسودان كما شارك في ثورة 1919 ، وكعقاب له تم نقله لقرية صغيرة في الدلتا وحرمانه من الترقية لمدة 10 سنوات . استمدت منه إحترام الذات ووجوب التعبير عن الرأي بحرية وبدون قيود مهما كانت النتائج ، كما شجعها على دراسة اللغات . توفي كلا والديها في سن مبكرة لتحمل نوال العبء الكبير للعائلة .

[Chunk 2]
تخرجت نوال من كلية الطب جامعة القاهرة في ديسمبر عام 1955 وحصلت على بكالوريوس الطب والجراحة وتخصصت في مجال الأمراض الصدرية وعملت كطبيبة امتياز بالقصر العيني ، تزوجت في نفس العام من "" أحمد حلمي "" زميل دراستها في الكلية . لم يستمر الزواج لفترة طويلة فإنتهى بعدها بعامين . وعندما سئلت عنه في إحدى حوارتها قالت :

[Chunk 3]
لقيت مصرعها في دبي عندما عثر عليها مقتولة في شقتها في 28 يوليو 2008 بعد أن عاجلها القاتل بمجرد دخوله باب الشقة بسكين على رقبتها ، ونفى القائد العام لشرطة دبي في مؤتمر صحفي لاحقا في 10 أغسطس ماتردد في وسائل إعلامية عن التمثيل بالجثة أو قطع رقبتها أو طعنها عدة طعنات . وكانت وسائل إعلام ومواقع على الإنترنت ذكرت أنها توفيت إثر تلقيها عدة طعنات بالسكين ، وإن جثتها قد تم التمثيل بها . كما أكدت عائلتها خلال التشييع أن جثتها غير مشوهة وأن وجهها سليم ودعت إلى عدم تصديق أي من الإشاعات الصادرة من كل الأطراف . وقد قامت شرطة دبي بالتحقيق في الجريمة ..",كم كان عمر نوال السعداوي حينما تم ختانها ؟,في السادسة من عمرها,كان عمر نوال السعداوي 6 سنوات عندما تم ختانها.,0.92,0.91,0.9
"[Chunk 1]
ثم شارك مع المنتخب العراقي في بطولة الأردن الودية في شهر اب 1992 وكان منتخب العراق في المجموعة الثانية حيث التقى في أولى مبارياته ضد المنتخب الإثيوبي في ملعب أربد . وحقق فيها منتخب العراق الفوز على المنتخب الإثيوبي بثلاثة عشر هدفا مقابل لاشئ . وكان ذلك أكبر فوز عراقي في تاريخة ، سجل فيها أحمد راضي خمسة أهداف ، وكلا من سعد قيس وحبيب جعفر وليث حسين هدفين ، وهدف واحد لكلا من نعيم صدام ، ومهدي كاظم ، بينما ألغي هدف للاعب شرار حيدر . بعدها لعب منتخب العراق مباراته الثانية مع المنتخب الكونغولي وفاز عليه بثلاثة اهداف نظيفة سجلها أحمد راضي هدفين وهدف لنعيم صدام . ولاقى بعدها نادي وفاق سطيف الجزائري في مباراة رائعة تألق فيها النجم أكرم عمانؤيل الذي سجل ثلاثة اهداف ( هاترك ). وبذلك تاهل منتخب العراق على راس المجموعة الثانية لمقابلة ثاني المجموعة الأولى منتخب مولدوفيا وفيها فاز العراق بهدف حبيب جعفر من تسديدة جميلة . ليتأهل إلى النهائي ويلاقي منتخب الأردن في عمان على ستاد الملك حسين بغياب سعد قيس وخسر المباراة بهدفين نظيفين جاءا في الشوط الثاني ، فأحرز العراق المركز الثاني في البطولة بينما حصل أحمد راضي على لقب لقب هداف البطولة .

[Chunk 2]
عدنان درجال مطر لاعب كرة قدم ومدرب عراقي . نتيجة لمشاركاته المتواصله وعطائه مع المنتخبات العراقية فهو صاحب الارقام القياسية من حيث المشاركات حيث انه أكثر لاعب شارك في الألعاب الأولمبية وبجميع المباريات العشرة التي خاضها منتخب العراق في الثلاث المرات التي تاهل لهاوهو كذلك أكثر لاعب عراقي اشترك في دورات الخليج اعوام 79 – 82– 84 – 88 - 90 وحصل خلالها على ثلاث القاب واشترك ب 22 مباراة في هذه البطولة وكان كابتن المنتخب في عام 1988

[Chunk 3]
محمد صلاح حامد محروس غالي ( من مواليد 15 يونيو 1992 ، بمدينة نجريج في مصر ) ، هو لاعب كرة قدم دولي مصري ، يلعب في مركز الجناح الأيمن مع نادي ليفربول في الدوري الإنجليزي الممتاز ومنتخب مصر لكرة القدم . يعد أحد أبرز اللاعبين العرب والأفارقة ، حيث حصد العديد من الجوائز أبرزها جائزة أفضل لاعب في إنجلترا 2018 ، وجائزة أفضل هدف في الموسم 2018 ، وجائزة الاتحاد الأفريقي لأفضل لاعب في أفريقيا لعامي 2017 و 2018 ، جائزة أفضل لاعب أفريقي بواسطة البي بي سي لعامي 2017 و 2018 ، وأفضل لاعب في الدوري الإنجليزي لعام 2018 ، وجائزة الحذاء الذهبي في الدوري الإنجليزي الممتاز ( هداف الدوري الإنجليزي الممتاز ) عامي 2018 و 2019. اختير من قبل مجلة تايم الأمريكية في عام 2019 ضمن أكثر 100 شخصية تأثيرا في العالم .",كم هدف سجل أحمد رتضي في مبارة المنتخب العراقي ضد المنتخب الإثيوبي ؟,خمسة أهداف,خمسة أهداف.,0.56,0.9,0.91
"[Chunk 1]
الإلكترون ( رمزه : e ) هو جسيم دون ذري كروي الشكل تقريبا مكون للذرة ويحمل شحنة كهربائية سالبة . ولم يكن من المعروف بأن لديها مكونات أو جسيمات أصغر ، لذا فقد اعتبرت بأنها جسيمات أولية . فالإلكترون لديه كتلة تعادل تقريبا 1 / 1836 من كتلة البروتون . الزخم الزاوي الحقيقي ( وهو اللف المغزلي ) للإلكترون هو قيمة نصف عدد صحيح من وحدة """" ، مما يعني بأنه فرميون . ويسمى الجسيم المضاد للإلكترون بالبوزيترون ، وهو مطابق للإلكترون عدا أنه معاكس له بالشحنة الكهربائية والشحنات الأخرى . عند اصطدام الإلكترون بالبوزترون فإنهما إما يبعثران بعضهما البعض أو أن يفنيان ، مما ينتج عن ذلك زوج أو أكثر من فوتونات أشعة غاما . تنتمي الإلكترونات إلى الجيل الأول لأسرة جسيمات ليبتون ، وتسهم في القوى الأساسية وهي الجاذبية والكهرومغناطيسية والقوة النووية الضعيفة . كما هو في المادة فإن الإلكترون لديه خصائص ازدواجية موجة - جسيم في ميكانيكا الكم ، لذا فبإمكانه الاصطدام مع الجسيمات الأخرى فينحرف مثل الضوء . لكن وبسبب صغر كتلة الإلكترون فإن تلك الازدواجية تتجلى بشكل أفضل في التجارب المخبرية . وبما أنها تندرج تحت عائلة الفرميون ، وبحسب مبدأ استبعاد باولي فلا يمكن لإلكترونين أن يأخذا نفس حالة الكم .

[Chunk 2]
يتم وصف حالة تواجد الإلكترون في الذرة بأربعة أرقام للكم . ثلاثة منها هي خواص المدار الذري الذي يوجد فيه ( يوجد شرح لاحق في هذه المقالة ) ، والرقم الرابع إما 12 أو -12 وهو يعبر عن الدوران المغزلي للإلكترون ( أي دورانه حول نفسه ). العزم المغناطيسي الذاتي للإلكترون ينشأ عن دوران الإلكترون حول محوره ( دوران مغزلي ) ، والذي يعبر عنه بعدد الكم المغزلي . عدد الكم المغزلي خاصية خاصة للإلكترون ولا تعتمد على الأرقام الأخرى . ويرمز لها بالرمز "" s "" وتأخذ فقط القيم +1 / 2 أو -1 / 2 ( أحيانا يرجع لهما بأعلى أو أسفل ، إشارة إلى اتجاه عزم الإلكترون المغناطيسي ).

[Chunk 3]
سوية أو مستوى الطاقة في الفيزياء الذرية والفيزياء الجزيئية وكيمياء الكم ، هي مدارات وهمية لحالة ترابط بين جيسمين في ميكانيكا الكم مثل حالة الإلكترون المرتبط بالذرة ويدور حول النواة . ويتم استخدام المصطلح غلاف الطاقة كمرجع للتوزيع الإلكتروني في الذرة أو الجزيء . وطبقا لنظرية الكم فإن الإلكترون يوجد فقط في حالات كمومية "" مدارات "" معينة أو أغلفة ذات طاقة معينة . هذا يعنى أن طاقة الإلكترون في الذرة أو في الجزيء تكون في شكل كمات ( اقرأ الطيف و هزاز توافقي لمزيد من التفاصيل ). وطبقا لتعريفات طاقة الوضع التقليدية ، فإن طاقة الوضع تساوى صفر عند اللا نهاية ، مما يؤدى لوجود طاقة وضع سالبة لحالة ترابط الإلكترون في الذرة .",ماذا يسمى دوران الإلكترون حول محوره ؟,دوران مغزلي,دوران مغزلي.,0.88,0.9,0.9
"[Chunk 1]
حتى عام 1992 ، أعلى درجة في كرة القدم الإنجليزية كانت الدرجة الأولى ؛ ومنذ ذلك الحين ، أصبح الدوري الإنجليزي الممتاز هو الأعلى . فتم تشكيل مسابقة الدوري الإنجليزي الممتاز في 20 فبراير 1992 ، بعد قرار أندية الدرجة الأولى الانفصال عن دوري الدرجة الأولى ، الذي تأسس عام 1888 ; وذلك للاستفادة من صفقات مربحة من حقوق البث التلفزيوني . ومن ذلك الحين أصبح الدوري الإنجليزي الممتاز أكثر دوري مشاهدة في العالم ، وهو كذلك أكثر دوري كرة قدم ربحا ; وذلك بإيرادات الأندية مجتمعة بلغت 1.93 مليار دولار في موسم 2007 -2008 ، وهو كذلك صاحب المركز الأول في ترتيب الإتحاد الأوروبي لكرة القدم للدوريات من حيث الأداء في البطولات الأوروبية خلال الخمس سنوات الماضية ، متفوقا على الدوري الإسباني والدوري الإيطالي .

[Chunk 2]
الدوري الإنجليزي الممتاز هو دوري كرة القدم للقسم الأول في إنجلترا وقد تم استخدام مسمى الدوري الممتاز في سنة 1992 م . يتكون الدوري من 20 فريق ، برعاية بنك باركليز ، ولذلك يسمى دوري باركليز الممتاز . ينطلق الدوري في شهر أغسطس وينتهي في شهر مايو ، ويلعب كل فريق 38 مباراة ، ليصبح المجموع 380 مباراة في الموسم الواحد ، تلعب معظم المباريات يومي السبت والأحد ، ولكن عدد قليل من المباريات تلعب خلال أمسيات منتصف الأسبوع .

[Chunk 3]
منذ بدأ النظام الحالي للبطولة في عام 1992 ، ومن مجموع 44 ناديا نافست على الدوري الإنجليزي الممتاز ، ستة أندية فقط فازوا باللقب : أرسنال ( 3 ألقاب ) ، بلاكبيرن روفرز ( لقب واحد ) ، تشيلسي ( 6 ألقاب ) ، مانشستر سيتي ( 3 ألقاب ) ، مانشستر يونايتد ( 13 لقب ) ، ليستر سيتي ( لقب واحد ). حامل اللقب في الدوري الحالي هو نادي مانشستر سيتي ، الذي فاز بلقب موسم 2018–19. تم تشكيل مسابقة الدوري الإنجليزي الممتاز في 20 فبراير 1992 والذي حل محل الدوري الإنجليزي للمحترفين موسم 1992 -1993. وهذه الخطوة التاريخية تعني تغيير نظام بطولة استمرت 104 سنة وتغيير نظامها الذي يحتوي على دوري من أربع درجات . وكانت الخطوة هذه هي لتعزيز كرة القدم في إنجلترا بعد معاناة في منتصف الثمانينات من ضعف الإمكانيات المادية ومشاكل مشاغبي كرة القدم الإنجليز ( الهوليغانز ) .",ما هي أعلى درجة في كرة القدم الانجليزية حتى عام 1992 ؟,الدرجة الأولى,الدرجة الأولى.,0.92,0.88,0.9
"[Chunk 1]
الإمارات أو ( رسميا : الإمارات العربية المتحدة ) هي دولة عربية اتحادية تقع في شرق شبه الجزيرة العربية في جنوب غرب قارة آسيا تطل على الشاطئ الجنوبي الخليج العربي لها حدود بحرية مشتركة من الشمال الغربي مع دولة قطر ومن الغرب حدود برية وبحرية مع المملكة العربية السعودية ومن الجنوب الشرقي مع سلطنة عمان ، قبل 1971 كانت دولة الإمارات العربية المتحدة معروفة باسم الإمارات المتصالحة أو ساحل عمان ، في إشارة إلى هدنة في القرن 19 بين المملكة المتحدة والعديد من شيوخ العرب كما تم استخدام اسم ساحل القراصنة في إشارة إلى الإمارات في المنطقة من القرن 18 إلى القرن 20 في وقت مبكر ويتكون النظام السياسي في دولة الإمارات العربية المتحدة إستنادا إلى دستور عام 1971 من عدة هيئات مرتبطة بشكل معقد الإدارة . الإسلام هو الدين الرسمي واللغة العربية هي اللغة الرسمية .

[Chunk 2]
تأتي في المرتبة 7 في العالم من حيث احتياطاتها النفطية ودولة الإمارات العربية المتحدة تمتلك واحدا من أكثر الاقتصادات نموا في غرب آسيا ، إن اقتصاد دولة الإمارات يحتل المرتبة 22 على مستوى العالم في أسعار الصرف في السوق وهي ثاني أكبر دولة في القوة الشرائية للفرد الواحد وعلى نسبة عالية نسبيا في مؤشر التنمية البشرية للقارة الآسيوية وتحتل المرتبة 40 عالميا . دولة الإمارات العربية المتحدة تصنف على أنها ذات الدخل المرتفع والتطوير الاقتصاد النامي من خلال صندوق النقد الدولي . نظام الحكومة في دولة الإمارات العربية المتحدة هو نظام اتحادي دستوري ، دولة الإمارات عضو مؤسس في مجلس التعاون لدول الخليج العربية وجامعة الدول العربية والأمم المتحدة ومنظمة المؤتمر الإسلامي ومنظمة أوبك ومنظمة التجارة العالمية .

[Chunk 3]
الشيخ خليفة بن زايد بن سلطان بن زايد بن خليفة بن شخبوط بن ذياب آل نهيان الفلاحي ( 7 سبتمبر 1948 ) رئيس دولة الإمارات العربية المتحدة وحاكم إمارة أبو ظبي القائد الأعلى للقوات المسلحة لدولة الإمارات العربية المتحدة . هو أكبر أبناء الشيخ زايد بن سلطان آل نهيان وكان وليا لعهده فخلف والده بعد وفاته في حكم إمارة أبو ظبي وانتخبه المجلس الأعلى للاتحاد رئيسا للدولة في 3 نوفمبر 2004 واعتبرته صحيفة التايمز من القادة الخمسة والعشرين الأكثر تأثيرا في العالم . و يصنف كرابع أغنى ملك في العالم .",ما هو نظام الحكم في دولة الامارات العربية المتحدة ؟,نظام اتحادي دستوري,نظام الحكومة في دولة الإمارات العربية المتحدة هو نظام اتحادي دستوري.,0.91,0.9,0.9
"[Chunk 1]
عمر حسن أحمد البشير ( 1 يناير 1944 ) ، رئيس جمهورية السودان السابق ( 1989 - 2019 ) ، ورئيس حزب المؤتمر الوطني ، وصل إلى السلطة بانقلاب عسكري على الحكومة المنتخبة برئاسة الصادق المهدي ، وتولى عمر البشير منصب رئيس مجلس قيادة ثورة الإنقاذ الوطني في 30 يونيو 1989 ، وجمع بين منصب رئيس الوزراء ومنصب رئيس الجمهورية حتى 2 مارس 2017 عندما فصل منصب رئيس الوزراء وفقا لتوصيات الحوار الوطني السوداني وعين بكري حسن صالح رئيسا للوزراء . وفي 26 أبريل 2010 أعيد انتخابه رئيسا في أول "" انتخابات تعددية "" منذ تسلمه السلطة . وتعد فترة حكمه الأطول في تاريخ السودان الحديث ، بعد احتجاجات واسعة في الشارع السوداني أعلن الجيش السوداني تولي المجلس العسكري برئاسة وزير الدفاع أحمد عوض بن عوف مقاليد السلطة في 11 أبريل 2019 ، مزيحا البشير عن رأس السلطة .

[Chunk 2]
عبد الفتاح سعيد حسين خليل السيسي ( 19 نوفمبر 1954 ) ، هو الرئيس السادس والحالي لجمهورية مصر العربية ، والقائد الأعلى للقوات المسلحة المصرية ، تم انتخابه سنة 2014 لمدة 4 سنوات بعد نجاحه في الانتخابات الرئاسية 2014 ، ذلك بعد إطاحته بالرئيس محمد مرسي في 3 يوليو 2013 ( أول رئيس مدني منتخب بعد ثورة 25 يناير ) بعد سنة من توليه مقاليد الحكم عقب مظاهرات طالبت برحيله ، وأعلن عن إجراءات صاحبت ذلك عرفت بخارطة الطريق ، عارضها مؤيدو الرئيس محمد مرسي وقتها واعتبروها - ومعهم جزء من المجتمع الدولي والعربي - انقلابا عسكريا بينما أيدها المتظاهرون والمعارضون للرئيس محمد مرسي وقتها واعتبروها ثورة وتأييدا لمطالب شعبية .

[Chunk 3]
كان كلا من سعيد باشا وإسماعيل باشا ، كانا أكثر انفتاحا على الطابع الغربي ، واستمرت عملية التوسيع والتحديث في البلاد التي أنشئها محمد علي ، ولكن بشكل أكثر سخاء . اشتهر الخديوي إسماعيل بافتتاحه قناة السويس ، بالإضافة لإعادة بناء مناطق في القاهرة على طراز هاوزمان الأوروبي . أدت سياسته سخية في الاحتفالات وتطوير القاهرة على الطراز الأوروبي إلى إفلاس البلاد ، مما أدى إلى تزايد نفوذ الدائنين الأوروبيين في البلاد والتدخل في شئونها الداخلية . تولى توفيق باشا نجل إسماعيل الحكم بعد والده ، وتضائلت سلطته في أعقاب ثورة عرابي ، وتحول لاحقا إلى تابع للاحتلال البريطاني في البلاد في عام 1882 بنظام الحكومة العميلة .. وبعدها حاول ابنه عباس حلمي الثاني وقف وتقليل النفوذ البريطاني ، الذي اطاح به في 1914 دون النجاح عن فصل الحكم عن البريطانيين . ثم استمرت فترة حكم حسين كامل خليفته ثلاث سنوات فقط ، وكان بها مايشبه فترة خلو العرش . تبعه فؤاد الأول والذي يعتبر علما تاريخا . ووصفه المؤرخ فيليب مانسيل بأنه "" أخر الملوك العظماء في التاريخ "" ، حدثت في عهدة ثورة 1919 ، ثم اعترفت المملكة المتحدة باستقلال مصر بعدها . ومع ذلك ، فقد رفض الإنجليز الاعتراف باستقلال السودان ضمن اعترافها باستقلال مصر ، واستمرت النظام على السودان المصري الإنجليزي . بعد وفاة فؤاد ، تولى فاروق الأول ملك مصر والسودان ، وكان أخر حاكم فعلي من أسرة محمد علي . تنازل قسريا عن الحكم في أعقاب ثورة يوليو ، التي قامت بها مجموعة منشقة من أفراد الجيش ، تنازل لإبنه الرضيع فؤاد الثاني كملك صوري ، قبل أن يتم رسميا إلغاء الملكية في 18 يونيو ، 1953.",من ترأس الدولة بعدما انهارت اتفاقية بيشاور ؟,رباني,عبد الفتاح سعيد حسين خليل السيسي.,0.5,0.85,0.1
"[Chunk 1]
سعاد عبد الله ( 2 سبتمبر 1950 -) ، ممثلة كويتية ، وتعد من أبرز الفنانات في الخليج ، برزت في الأعمال الكوميدية التلفزيونية والمسرحية . وبالإضافة لكونها ممثلة ، فلها مقدرة على أداء الأغاني ، حيث شاركت في الكثير من الأوبريتات مع عبد الحسين عبد الرضا وخالد النفيسي والفنان السوري دريد لحام ، وأيضا أصدرت أغنية بعنوان « مكاري » في نهاية السبعينيات بمشاركة الفنانة باسمة حمادة ولمياء حمادة ، كما قدمت الكثير من الأغاني الوطنية والرياضية . كما أنها وخلال مشوارها الفني قامت بكتابة فكرة أكثر من عمل فني شاركت به ، ومنها مسلسلات الرماد ، ودار الزمن .

[Chunk 2]
كان بيت والدها معروفا باسم "" بيت الفنانين "" . فابنه ، عز الدين حسني ( 1927 - 2013 ) ، هو ملحن موسيقي ، وقد درس شقيقته نجاة الموسيقى والغناء . وابنه الآخر سامي حسني يعزف على آلة التشيلو ، وهو كذلك مصمم مجوهرات وخطاط . والفنانة الشهيرة سعاد حسني ( 1943 -2001 ) هي الأخت غير الشقيقة لنجاة . وقد توفيت سعاد في لندن في ظروف مثيرة للجدل . وحضر جنازتها 10 ، 000 شخص تقريبا . مثلت سعاد حسني في أكثر من 80 فيلما آخرها صدر في عام 1991. تزوجت خمس مرات وليس لها أطفال .

[Chunk 3]
سعاد حسني ( 26 يناير 1943 -21 يونيو 2001 ) ، ممثلة ومغنية مصرية ، وتعتبر فنانة متعددة المواهب حيث كانت تقوم بالتمثيل والغناء وفن الاستعراض في العديد من أعمالها ، وتعد واحدة من أشهر الفنانات في مصر والوطن العربي ولقبت "" سندريلا الشاشة العربية "" ، في إحتفالية مئوية السينما المصرية عام 1996 ، احتلت المركز الثاني ضمن إستفتاء أفضل ممثلة في القرن العشرين واختار النقاد ثمانية أفلام من بطولتها في قائمة أفضل مئة فيلم مصري لتصبح بذلك الممثلة صاحبة الرقم القياسي بالمشاركة مع فاتن حمامة .",ما اسم زوج سعاد عبد الله ؟,فيصل الضاحي,لا أعرف.,0.67,0.11,0.13
"[Chunk 1]
بعد أن دخلت سوريا في ظل الدولة العثمانية في عهد السلطان "" سليم الأول "" عام 1516 م اهتم السلطان سليم بضريح "" سليمان شاه "" وأقام مزارا لائقا بجد العثمانيين أطلق عليه الزائرون "" المزار التركي "" . في أواخر القرن التاسع عشر في عهد السلطان "" عبد الحميد الثاني "" ، أولى السلطان إهتماما بالغا للضريح فتم تجديده وتوسعة المنطقة المحيطة به . في فترة الانتداب الفرنسي لسوريا عام 1921 م تم الإتفاق على بقاء ضريح "" سليمان شاه "" تحت السيادة التركية والسماح برفع العلم التركي عليه وبأن تتم حمايته من قبل بعض الجنود الأتراك .

[Chunk 2]
و قد سمي الجامع بالقرويين نسبة إلى القيروان مدينة تونسية . قام المرابطون بإجراء إضافات على المسجد فغيروا من شكل المسجد الذي كان يتسم بالبساطة في عمارته وزخرفته وبنائه إلا أنهم حافظوا على ملامحه العامة . وكان هناك تفنن من قبل المعماريين في صنع القباب ووضع الأقواس ونقش آيات القرآن والأدعية . وان أبرز ما تركه المرابطون في المسجد هو المنبر الذي لا يزال قائما إلى اليوم . وبعد المرابطين ، قام الموحدون بوضع الثريا الكبرى والتي تزين المسجد الفاسي إلى اليوم .

[Chunk 3]
مع مرور الوقت ، هجرت المعابد فبالتالي أصبحت تغطيها الرمال . وفي ذلك الحين خلال القرن 6 قبل الميلاد ، كانت الرمال تغطي تماثيل المعبد الرئيسي حتى الركبتين . وكان المعبد منسيا حتى 1813 ، عندما عثر المستشرق السويسري جي أل بورخاردت على كورنيش المعبد الرئيسي . وتحدث بورخاردت عن هذا الاكتشاف مع نظيره الإيطالي المستكشف جيوفاني بيلونزي ، الذين سافروا معا إلى الموقع ، لكنهم لم يتمكنوا من حفر مدخل للمعبد . وعاد بيلونزي في 1817 ، ولكن هذه المرة نجح في محاولته لدخول المجمع . وأخذ كل شيء قيم يمكن أن يحمله معه . المرشدون السياحيون في الموقع يربطون الاسم بأسطورة "" أبو سمبل "" وهي أنه كان هناك فتى محليا صغيرا قاد المستكشفين إلى الموقع من جديد في وقت مبكر للمعبد المدفون الذي كان يراه من وقت لآخر في الرمال المتحركة . في نهاية المطاف ، أطلقوا اسم أبو سمبل على المعبد تبعا لاسمه .",ماذا أطلق الزائرون على المزار الذي أقيم لجد العثمانيين ؟,""" المزار التركي """,المزار التركي.,0.41,0.88,0.91
"[Chunk 1]
الدولة العثمانية ، أو الدولة العلية العثمانية ( بالتركية العثمانية : دولت عليه عثمانيه ؛ بالتركية الحديثة : ) أو الخلافة العثمانية ، هي إمبراطورية إسلامية أسسها عثمان الأول بن أرطغرل ، واستمرت قائمة لما يقرب من 600 سنة ، وبالتحديد من 27 يوليو 1299 م حتى 29 أكتوبر 1923 م . نشأت الدولة العثمانية بداية كإمارة حدود تركمانية تعمل في خدمة سلطنة سلاجقة الروم وترد الغارات البيزنطية عن ديار الإسلام ، وبعد سقوط السلطنة سالفة الذكر استقلت الإمارات التركمانية التابعة لها ، بما فيها الإمارة العثمانية ، التي قدر لها أن تبتلع سائر الإمارات بمرور الوقت . عبر العثمانيون إلى أوروبا الشرقية لأول مرة بعد سنة 1354 م ، وخلال السنوات اللاحقة تمكن العثمانيون من فتح أغلب البلاد البلقانية ، فتحولت إمارتهم الصغيرة إلى دولة كبيرة ، وكانت أول دولة إسلامية تتخذ لها موطئ قدم في البلقان ، كما قدر للعثمانيين أن يفتتحوا القسطنطينية سنة 1453 م ، ويسقطوا الإمبراطورية البيزنطية بعد أن عاشت أحد عشر قرنا ونيفا ، وذلك تحت قيادة السلطان محمد الفاتح

[Chunk 2]
سلاطين الدولة العثمانية هم مجموعة من السلاطين الترك المسلمين السنة من آل عثمان حكموا إمبراطورية مترامية الأطراف امتدت أراضيها على ثلاث قارات ، وقد جمعوا بين الخلافة الإسلامية والسلطنة بداية من عام 1517 م ، ودام ملكهم من عام 1299 م إلى عام 1922 م . امتدت دولتهم عندما بلغت أوج عظمتها وقوتها من المجر شمالا إلى الحبشة جنوبا ( ما يعرف بالصومال حاليا ) ، ومن المغرب الأوسط ( الجزائر حاليا ) غربا إلى أذربيجان شرقا ( بعض أنحاء محافظة أذربيجان الشرقية في إيران حاليا ).

[Chunk 3]
دامت سلالة عثمان ستة قرون ميلادية وكسور ، وبلغ عدد سلاطينها 36 سلطانا . زالت الدولة العثمانية ككيان سياسي وإمبراطورية عالمية بعد أن انهزمت في الحرب العالمية الأولى إلى جانب حلفائها من دول المحور . وبعد هزيمتها قسمت أراضيها بين دول الحلفاء المنتصرة ، وقد أدى ذلك ، إلى جانب حرب الاستقلال التركية ، إلى ولادة الجمهورية التركية ودول الشرق الأوسط المعاصرة .",لكم سنة بقت الدولة العثمانيه ؟,لما يقرب من 600 سنة,"بقت الدولة العثمانية لما يقرب من 600 سنة، من 27 يوليو 1299 م حتى 29 أكتوبر 1923 م.",0.93,0.9,0.91
"[Chunk 1]
صدام حسين المجيد التكريتي الذي ينتمي إلى عشيرة البيجات ( 28 أبريل 1937 – 30 ديسمبر 2006 ) رابع رئيس لجمهورية العراق والأمين القطري لحزب البعث العربي الاشتراكي والقائد الأعلى للقوات المسلحة العراقية في الفترة ما بين عام 1979 م وحتى 9 أبريل عام 2003 م ، ونائب رئيس جمهورية العراق عضو القيادة القطرية ورئيس مكتب الأمن القومي العراقي بحزب البعث العربي الاشتراكي بين 1975 و 1979.

[Chunk 2]
ولد لأسرة فقيرة من الطائفة العلوية بالقرداحة باللاذقية ، انضم إلى حزب البعث العربي الإشتراكي عام 1946 كناشط طالب ( وهو نفس الحزب الذي ينتسب إليه الرئيس العراقي الراحل صدام حسين ) . انتسب للكلية الحربية في محافظة حمص عام 1952 ، وتخرج بعد ثلاث سنوات بدرجة بكالوريس طيران حربي برتبة ملازم طيار . نفي إلى مصر ( 1959 -1961 ) خلال فترة الوحدة بين سوريا ومصر .

[Chunk 3]
برز إبان الانقلاب الذي قام به حزب البعث العراقي - ثورة 17 تموز 1968 - والذي دعا لتبني الأفكار القومية العربية والتحضر الاقتصادي والاشتراكية والعلمانية ، كما لعب صدام حسين دورا رئيسيا في انقلاب حزب البعث عام 1968 والذي وضعه في هرم دولة البعث كنائب للرئيس البعثي اللواء أحمد حسن البكر وأمسك صدام بزمام الأمور في القطاعات الحكومية والقوات المسلحة المتصارعتين في الوقت الذي اعتبرت فيه العديد من المنظمات قادرة على الإطاحة بالحكومة . وقد نمى الاقتصاد العراقي بشكل سريع في السبعينيات نتيجة سياسة تطوير ممنهجة للعراق بالإضافة للموارد الناتجة عن الطفرة الكبيرة في أسعار النفط في ذلك الوقت . وصل صدام إلى رأس السلطة في دولة بعث العراق ، حيث أصبح رئيسا لجمهورية العراق وأمينا قطريا لحزب البعث العربي الاشتراكي عام 1979 م بعد أن قام بحملة لتصفية معارضيه وخصومه في داخل حزب البعث بدعوى خيانتهم للحزب . وفي عام 1980 دخل صدام حربا مع إيران استمرت 8 سنوات من 22 سبتمبر عام 1980 م حتى انتهت الحرب بتفاهم سياسي عراقي - إيراني في 8 أغسطس عام 1988. وقام بعد انتهائها بإهداء إيران 120 طائرة حربية روسية الصنع . وقبل أن تمر الذكرى الثانية لانتهاء الحرب مع إيران غزا صدام الكويت وأصبح مصدر تهديد لأمن الخليج العربي في 2 أغسطس عام 1990. والتي أدت إلى نشوب حرب الخليج الثانية عام 1991 م .",متى ولد صدام حسين المجيد التكريتي ومتى استشهد ؟,28 أبريل 1937 – 30 ديسمبر 2006,"ولد صدام حسين المجيد التكريتي في 28 أبريل 1937، واستشهد في 30 ديسمبر 2006.",0.93,0.91,0.91
"[Chunk 1]
في علم الفلك سهيل هو الأسم العربي لنجم ألفا القاعدة ( تسمية باير ) وأسمة اللاتيني كانوبوس وهو ألمع نجم في مجموعة النجوم المكونة لكوكبة القاعدة ، وثاني ألمع نجم في السماء ليلا بعد الشعرى اليمانية ، ويأتي بعده مباشرة في الترتيب حارس السماء طبقا لقائمة أشد النجوم سطوعا . سهيل نجم عملاق ساطع أبيض مصفر اللون من نجوم النسق الأساسي نوع -A ، قدرة الظاهري -0.72. ويقع على مسافة 310 سنة ضوئية من الأرض .

[Chunk 2]
الصاروخ الباليستي ويلفظ بالعربية : باليستي ميسل ؛ أو الصاروخ القوسي أو القذيفة التسيارية هو صاروخ يتبع مسارا منحنيا ( أو شبه مداري ) ، وهو مسار يتأثر حصرا بالجاذبية الأرضية والاحتكاك الهوائي ( مقاومة المائع ). المسار المنحني يسبقه مسار تسارع ناتج عن محرك صاروخي يمنح الصاروخ الدفع المناسب للوصول إلى هدفه .

[Chunk 3]
إبليس هو كبير الشياطين حسب الدين الإسلامي ، وهو جان كان من الجن العابدين لله في الأرض ، ومن عبادته لله كرمه بأن رفعه الله في الملأ الأعلى ، ورد في القرآن : ( وإذ قلنا للملائكة اسجدوا لآدم فسجدوا إلا إبليس كان من الجن ففسق عن أمر ربه ) سورة الكهف ، الاية 50. لكنه عصى الله بامتناعه عن السجود لآدم . كما يطلق اسم الشياطين على الذين يسلكون سلوك الشيطان من البشر ، والشيطان هو عدو الإنسان الدائم إلى يوم القيامة ، وكان هو السبب في إخراج آدم وحواء من الجنة بعد أن جعلهما يأكلان من الشجرة المحرمة ، وهو من الجن حيث يستطيعون أن يرونا نحن البشر في حين أننا لا نستطيع رؤيتهم .",ما هو الأزاليد ؟,نوع من أنواع الماكروليدات,لا أعرف.,0.24,0.2,0.17
"[Chunk 1]
تم وصف ميركل على نطاق واسع "" بحاكم الأمر الواقع "" لزعامة الاتحاد الأوروبي . سميت ميركل مرتين بواسطة "" مجلة فوربس "" ، وهو أعلى تصنيف من أي وقت مضى حققته امرأة في كانون الأول 2015 ، سميت ميركل من قبل "" مجلة التايم "" شخصية العام مع صورة على غلاف المجلة واصفة إياها "" كمستشارة للعالم الحر ."" في 26 آذار 2014 ، أصبحت ميركل أطول رئيس حكومة خدمة في الاتحاد الأوروبي وهي حاليا زعيمة مجمع السبع دول . في أيار 2016 ، سميت ميركل أقوى امرأة في العالم برقم قياسي للمرة العاشرة من قبل "" فوربس "". في 20 تشرين الثاني عام 2016 ، أعلنت ميركل انها ستسعى لاعادة انتخابها لولاية رابعة و أخيرة .

[Chunk 2]
كانت عالمة أبحاث سابقة تحمل شهادة دكتوراه في الكيمياء الفيزيائية ، ثم دخلت ميركل السياسة في أعقاب ثورات 1989 ، وخدمت لفترة وجيزة كنائبة للمتحدث باسم أول حكومة منتخبة ديمقراطيا في ألمانيا الشرقية برئاسة لوثر دي مايتسيره في عام 1990. وبعد إعادة توحيد ألمانيا في عام 1990 ، تم انتخاب ميركل في البوندستاغ عن ولاية مكلنبورغ - فوربومرن وإعيد انتخابها منذ ذلك الحين . ولقد عينت ميركل بمنصب وزيرة المرأة والشباب في الحكومة الاتحادية تحت قيادة المستشار هيلموت كول في عام 1991 ، وبعدها أصبحت وزيرة البيئة في عام 1994. ثم بعد خسارة حزبها الانتخابات الاتحادية في عام 1998 ، انتخبت ميركل لمنصب الأمين العام لحزب الاتحاد الديمقراطي المسيحي قبل أن تصبح أول زعيمة للحزب بعد عامين في أعقاب فضيحة التبرعات التي أطاحت بفولفغانغ شويبله .

[Chunk 3]
ظهرت كناوس في جلسة تصوير فاضحة جنسيا مع عارضة أزياء أخرى ، في عدد يناير لمجلة "" ماكس "" في عام 1996 ، و هي مجلة فرنسية للرجال متوقفة عن النشر حاليا . ظهرت عارية أيضا في طبعة يناير عام 2000 من مجلة "" جي كيو "" ، وتصدرت الغلاف عارية مرتدية المجوهرات الماسية فقط ، متكئة على الفراء على متن طائرة بوينغ 727 المجهزة خصيصا لترامب . قال دونالد ترامب عند سؤاله عن الصور في عام 2016 : "" كانت ميلانيا واحدة من أكثر العارضات نجاحا ، وقد أنجزت الكثير من جلسات التصوير لأجل الأغلفة والمجلات الكبرى . التقطت صورتها في مجلة ماكس الأوروبية قبل معرفتي بها ، وتعد مثل هذه الصور للعارضات في أوروبا أمرا شائعا "".",بماذا وصفت مجلة التايم ميركل ؟,كمستشارة للعالم الحر,كماستشارة للعالم الحر.,0.42,0.9,0.9
"[Chunk 1]
بشكل عام ، تبلغ مدة عرض كل حلقة حوالي 25 دقيقة ، لكن في بعض الأحيان يعرض الاستديو بعض حلقات الطويلة ، والتي تعرف باسم ( الحلقات الخاصة ). وهي حلقات تتبع سلسلة حلقات المحقق كونان لكنها تمتاز بطول مدة عرضها ، بحيث تتراوح ما بين 45 دقيقة إلى ساعتين من الزمن . ومنذ بداية عرض المحقق كونان على التلفاز في عام 1996 ، عرض حتى الآن ما يقارب 31 حلقة خاصة ، كانت أول تلك الحلقات هي الحلقة 43 ( اختطاف كونان إيدوجاوا ) والتي عرضت بتاريخ 8 أبريل 1996 ، بينما آخره تلك الحلقات هي الحلقة 928 ( رحلة المدرسة القرمزية ) والتي عرضت بتاريخ 12 يناير 2019 .

[Chunk 2]
أذيعت الحلقة الأولى في 8 يناير 1996 وعرضت الحلقات بالتوالي إلى أن وصلت إلى أكثر من حلقة ، وبذلك يحتل المركز الخامس عشر في قائمة أكثر الأنميات من حيث عدد الحلقات . يتم عرض حلقة واحدة من الأنمي أسبوعيا على شبكة تلفزيون نيبون إلا في حالات عرض الأفلام فإنها قد تتأجل إلى أسبوعين أو أكثر . بشكل عام ، تبلغ مدة عرض كل حلقة حوالي 25 دقيقة ، لكن في بعض الأحيان يعرض الاستديو بعض الحلقات الطويلة ، والتي تعرف باسم ( الحلقات الخاصة ). وهي حلقات تتبع سلسلة قائمة حلقات المحقق كونان لكنها تمتاز بطول مدة عرضها ، بحيث تتراوح ما بين 45 دقيقة إلى ساعتين من الزمن . ومنذ بداية عرض المحقق كونان على التلفاز في عام 1996 ، عرض حتى الآن ما يقارب 31 حلقة خاصة ، كانت أول تلك الحلقات هي حلقة ( الحلقة 43 - اختطاف كونان إدوغاوا ) والتي عرضت بتاريخ 8 أبريل 1996 ، بينما آخره تلك الحلقات هي ( الحلقة 928 - رحلة المدرسة القرمزية ) والتي عرضت بتاريخ 12 يناير 2019. كما بني على السلسلة 23 فيلما ، التي عادة لا يكتبها المؤلف ذاته ( غوشو أوياما ) بل هناك كتاب آخرون يشاركون في تأليف الفيلم ؛ وأحيانا يقتصر الفيلم الواحد على مؤلف واحد ، ويتم الإعلان عنها سنويا في شهر نوفمبر ويتم طرحها في شهر أبريل . افتتحت سلسلة الأفلام بصدور أولها بعنوان () في 19 أبريل 1997 ، وبعدها تم إصدار باقي الأفلام بمعدل فيلم لكل عام ، وكان آخر فيلم من سلسلة الأفلام قد تم إصداره في 12 أبريل 2019 بعنوان (). كما تم إصدار 12 حلقة فيديو قصيرة ( OVA ) تبلغ مدة عرض كل حلقة حوالي 25 دقيقة .

[Chunk 3]
صدر حتى الآن 23 فلما من سلسلة أفلام المحقق كونان والتي كما جرت العادة لا يكتبها المؤلف غوشو أوياما بنفسه ، بل هناك كتاب آخرون يشاركون في تأليف الفيلم ، وأحيانا يقتصر الفيلم الواحد على مؤلف واحد . جرت العادة أن يتم طرح الأفلام في السينما اليابانية في شهر أبريل من كل عام . بدأت تلك السلسلة في 19 أبريل 1997 عندما عرض الفيلم الأول تحت عنوان ("" اللحظة الأخيرة "" في الدبلجة العربية ) ، و منذ ذلك الحين ، و يشهد شهر أبريل من كل عام فيلما جديدا يضاف لسلسلة أفلام المحقق كونان . أخر تلك الأفلام التي تم عرضها هو الفلم الثالث والعشرين () والذي عرض في 12 أبريل من عام 2019. يذكر أن للفيلم العشرون () طابع خاص ، حيث يعتبر هذا الفيلم جزءا من احتفالية الطاقم بمرور 20 سنة على سلسلة المانغا ، وقد عرض في 16 أبريل 2016..",في أي تاريخ عرضت آخر حلقة خاصة من المحقق كونان ؟,12 يناير 2019,12 يناير 2019.,0.91,0.85,0.9
"[Chunk 1]
لقد رسخ الملك فهد بن عبد العزيز آل سعود دعائم الشورى في المملكة ، وجاء ذلك في خطابه التاريخي الذي ألقاه يوم 2781412 ه عن اقامة نظام جديد لمجلس الشورى بمثابة تحديث لما هو قائم وتطوير له ، عن طريق تعزيز أطر المجلس ووسائله وأساليبه من الكفاية والتنظيم والحيوية ، وبما يتناسب مع التطورات المتلاحقة التي شهدتها البلاد خلال الحقبة الأخيرة في مختلف المجالات ، وبما يواكب واقع العصر الذي نعيشه ، ويتلاءم مع أوضاعه ومعطياته .

[Chunk 2]
وفي عام 1412 ه أطلق الملك فهد بن عبد العزيز نظام مجلس الشورى السعودي ، الذي من خلاله طور آلية عمل مجلس الشورى ، والذي يبلغ عدد أعضاءه حاليا 150 عضوا ، أغلبهم من حملة شهادات الدكتوراه والماجستير ، وحيث يبلغ حملة شهادة الدكتوراه ( 64 %) من مجموع الأعضاء ، والماجستير ( 14 %) والبكالوريوس ( 21 %) ، منهم ( 80 %) من حملة الماجستير والدكتوراه من جامعات غربية ، والبقية من المملكة العربية السعودية ، وجمهورية مصر العربية .

[Chunk 3]
فهد بن عبد العزيز بن عبد الرحمن آل سعود ( 1920 - 26 جمادى الآخرة 1426 ه / 1 أغسطس 2005 ) ، خامس ملوك المملكة العربية السعودية وأولهم اتخاذا للقب خادم الحرمين الشريفين . هو الابن التاسع من أبناء الملك عبد العزيز الذكور ، من زوجته الأميرة حصة بنت أحمد السديري . تولى مقاليد الحكم في 21 شعبان 1402 ه الموافق 13 يونيو 1982 م بعد وفاة أخيه غير الشقيق الملك خالد . أصيب بجلطة في نوفمبر 1995 ، ومنذ عام 1997 تولى عبد الله بن عبد العزيز ولي العهد حينها إدارة معظم شؤون البلاد اليومية .",متى ألقى الملك فهد خطابه التاريخي الذي رسخ به دعائم الشورى ؟,2781412 ه,2781412 ه.,0.9,0.9,0.9
"[Chunk 1]
النمسا أو رسميا جمهورية النمسا هي جمهورية فيدرالية وبلد غير ساحلي يقع في أوروبا الوسطى . تحدها جمهورية التشيك وألمانيا في الشمال و المجر وسلوفاكيا إلى الشرق و سلوفينيا وإيطاليا من الجنوب ، وسويسرا وليختنشتاين من الغرب . يغطي إقليم النمسا 83 , 855 كيلومترا مربعا ، فيما يبلغ تعداد السكانه نحو 8.7 مليون نسمة . حاليا ، النظام السياسي في النمسا هو الديمقراطية التمثيلية البرلمانية

[Chunk 2]
سويسرا ""( بالألمانية : die Schweiz ، بالفرنسية : la Suisse ، بالإيطالية : Svizzera ، بالرومانشية : Svizra )"" ورسميا الاتحاد السويسري هي جمهورية فيدرالية تتكون من 26 كانتون ، مع برن كمقر للسلطات الاتحادية . تقع سويسرا في غرب أوروبا ، حيث تحدها ألمانيا من الشمال ، فرنسا من الغرب ، إيطاليا من الجنوب ، والنمسا وليختنشتاين من الشرق . تشكلت الكونفدرالية السويسرية على مدى عدة قرون ، لكنها تميزت منذ نهاية القرن الثالث عشر بحرصها على الحياد ، وابتعادها عن الدخول في حروب مع جيرانها . ومع أنها تقع في قلب القارة الأوروبية ، إلا أنها تمتاز عن معظم الدول المجاورة لها بتنوعها الديني واللغوي وتمسكها بممارسة الديمقراطية المباشرة .

[Chunk 3]
حاليا ، النظام السياسي في النمسا هو الديمقراطية التمثيلية البرلمانية شبه رئاسي تضم تسع ولايات اتحادية والعاصمة ( فيينا ) وهي أكبر المدن ، يتجاوز عدد سكانها 1.7 مليون نسمة النمسا هي واحدة من أغنى البلدان في العالم ، حيث يبلغ الناتج المحلي الإجمالي الاسمي للفرد الواحد حوالي 46 , 330 $ ( 2012 تخمين ). وقد وضعت البلاد على مستوى عال من المعيشة في عام 2011 وكانت في المرتبة 19 في العالم من حيث مؤشر التنمية البشرية . النمسا عضو في الأمم المتحدة منذ عام 1955 انضمت إلى الاتحاد الأوروبي في عام 1995 ، وهي من مؤسسي منظمة التعاون والتنمية . كما وقعت النمسا اتفاقية شنغن في عام 1995 ، واعتمدت العملة الأوروبية ، اليورو ، في عام 1999. العيد الوطني في النمسا يقع في يوم 26 أكتوبر / تشرين الأول .",ماذا يحد النمسا من الشرق ؟,المجر وسلوفاكيا,سلوفاكيا وسلوفينيا.,0.92,0.9,0.5
"[Chunk 1]
كان يقرأ في الثقافة الدينية واللغة العربية والأدب معا ، وتردد عند إتمام الدراسة الثانوية بين كليتي الشريعة واللغة العربية بالرياض ، ثم آثر كلية اللغة العربية ، لأنها أميل إلى الانفتاح ، وتخرج منها سنة 1971 م الموافق ( 1391 ه ). بعد التخرج اشتغل بأعمال وظيفية ، وخلالها حصل على كل من الماجستير سنة 1394 ه ( 1974 م ) ، والدكتوراه سنة 1398 ه ( 1978 م ) من الكلية العربية بجامعة الأزهر في تخصص الأدب والنقد .

[Chunk 2]
تخرج في كلية الشريعة وأصول الدين بالقصيم ، ثم عاد مدرسا في المعهد العلمي في بريدة لفترة من الزمن ، ثم معيدا في الكلية ثم محاضرا ، وعمل أستاذا في كلية الشريعة وأصول الدين بالقصيم لبضع سنوات ، قبل أن يعفى من مهامه التدريسية في جامعة الإمام محمد بن سعود وذلك في 15 / 4 / 1414 ه وذلك بعد إيقافه عن العمل الجامعي لأسباب سياسية سعودية .

[Chunk 3]
نشأ في قرية تلة من قرى محافظة المنيا ، وله أربعة إخوة ذكور ( د . محمد ، علي ، أبو بكر ، عثمان ) وأختين . تخرج في كلية الزراعة ثم لم يلبث أن حصل على درجة الدكتوراه في العلوم الزراعية ، ودرس بأكاديمية البحث العلمي وعمل باحثا بالمركز القومي للبحوث . تنقل وهو صغير بين أيدي أساتذة وعلماء في شتى العلوم الشرعية من فقه وتوحيد وتفسير وسيرة وأصول فقه وعلوم حديث ، من أمثال الشيوخ محمد الغزالي ومحمد متولي الشعراوي ويوسف القرضاوي ، وحفظ على يد أساتذته صحيحي البخاري ومسلم بالأسانيد ، وكان لهذا الحفظ أثره الواضح في تلقيه العلم طوال سنوات عمره . والشيخ يحب اللغة العربية وملم بآدابها وعلومها ؛ لذا فقد درس البلاغة والنحو والصرف وحفظ كثيرا من المتون كألفية بن مالك وغيرها ، خلال فترة السنوات التي كان فيها عضوا بالهيئة العالمية للإعجاز العلمي برابطة العالم الإسلامي .",لماذا آثر الحامد الدراسة في كلة الغة العربية بدلا من كلية الشريعة ؟,لأنها أميل إلى الانفتاح,أميل إلى الانفتاح.,0.87,0.91,0.91
"[Chunk 1]
ولد تيموجين ما بين عامي 1155 و 1162 في منطقة ديلوون بولدوغ بالقرب من جبل بوخان خلدون ونهري أونون و كيرولين في مايسمى الآن بمنغوليا وهي ليست بعيدة عن العاصمة أولان باتور . وكان أبوه يسوغي غائبا وقت ولادته إذ كان يقاتل التتار وقتل زعيما لهم اسمه تيموجين وعندما عاد مظفرا وجد أن زوجته انجبت له ابنا . وحينما فحص الطفل وجد أن بداخل قبضة يده قطعة من الدم ، فتيمن بأن ذلك نتيجة نصره على عدوه فأطلق عليه اسم تيموجين . ويذكر كتاب التاريخ السري للمغول أن تيموجين ولد وبقبضته كتلة دم متجبأم ، وهي علامة تقليدية تدل على أن قدره أن يصبح قائدا عظيما . وهو الابن الثالث ليسوغي زعيم مغول الخاماق التابعين لقبيلة كياد وحليف وونغ خان زعيم قبيلة الكراييت ، والأكبر من أبناء امه هويلون . وحسب التاريخ السري فقد سمي بتيموجين نسبة إلى زعيم للتتار اسمه تيموجين أوغي كان والده قد اعتقله بعد ولادته مباشرة .

[Chunk 2]
ولد في مدينة قولة التابعة لمحافظة مقدونيا شمال اليونان عام 1769 ، لأسرة ألبانية . كان أبوه "" إبراهيم آغا "" رئيس الحرس المنوط بخفارة الطريق ببلده ، وقيل أن أباه كان تاجر تبغ . كان لوالده سبعة عشر ولدا لم يعش منهم سواه ، وقد مات عنه أبوه وهو صغير السن ، ثم لم تلبث أمه أن ماتت فصار يتيم الأبوين وهو في الرابعة عشرة من عمره فكفله عمه "" طوسون "" ، الذي مات أيضا ، فكفله حاكم قولة وصديق والده "" الشوربجي إسماعيل "" الذي أدرجه في سلك الجندية ، فأبدى شجاعة وحسن نظر ، فقربه الحاكم وزوجه من امرأة غنية وجميلة تدعى "" أمينة هانم "" ، كانت بمثابة طالع السعد عليه ، وأنجبت له إبراهيم وطوسون وإسماعيل ومن الإناث أنجبت له ابنتين . وحين قررت الدولة العثمانية إرسال جيش إلى مصر لانتزاعها من أيدي الفرنسيين كان هو نائب رئيس الكتيبة الألبانية والتي كان قوامها ثلاثمائة جندي ، وكان رئيس الكتيبة هو ابن حاكم قولة الذي لم تكد تصل كتيبته ميناء أبو قير في مصر في ربيع عام 1801 ، حتى قرر أن يعود إلى بلده فأصبح هو قائد الكتيبة . ووفقا لكثير ممن عاصروه ، لم يكن يجيد سوى اللغة الألبانية ، وإن كان قادرا على التحدث بالتركية .

[Chunk 3]
ولد ابن تيمية سنة 661 ه الموافقة لسنة 1263 م في مدينة حران للفقيه الحنبلي عبد الحليم ابن تيمية و "" ست النعم بنت عبد الرحمن الحرانية "" ، ونشأ نشأته الأولى في مدينة حران . بعد بلوغه سن السابعة ، هاجرت عائلته منها إلى مدينة دمشق بسبب إغارة التتار عليها وكان ذلك في سنة 667 ه . وحال وصول الأسرة إلى هناك بدأ والده عبد الحليم ابن تيمية بالتدريس في الجامع الأموي وفي "" دار الحديث السكرية "". أثناء نشأة ابن تيمية في دمشق اتجه لطلب العلم ، ويذكر المؤرخون أنه أخذ العلم من أزيد من مائتي شيخ في مختلف العلوم منها التفسير والحديث والفقه والعربية . وقد شرع في التأليف والتدريس في سن السابعة عشرة . بعد وفاة والده سنة 682 ه بفترة ، أخذ مكانه في التدريس في "" دار الحديث السكرية "" ، بالإضافة أنه كان لديه درس لتفسير القرآن الكريم في الجامع الأموي ودرس "" بالمدرسة الحنبلية "" في دمشق .",في أي منطقة ولد تيموجن ؟,ديلوون بولدوغ,ولد تيموجين ما بين عامي 1155 و 1162 في منطقة ديلوون بولدوغ بالقرب من جبل بوخان خلدون ونهري أونون و كيرولين في مايسمى الآن بمنغوليا.,0.33,0.91,0.91
"[Chunk 1]
أحمد شوقي علي أحمد شوقي بك ( 16 أكتوبر 1868 - 14 أكتوبر 1932 ) ، كاتب وشاعر مصري يعد من أعظم شعراء العربية في العصور الحديثة ، يلقب ب "" أمير الشعراء "" . ولد أحمد شوقي بحي الحنفي بالقاهرة في 20 رجب 1287 ه الموافق 16 أكتوبر 1868 ، لأب شركسي وأم يونانية تركية ، وفي مصادر أخرى يذكر أن أباه كردي وأمه من أصول تركية وشركسية ، وبعض المصادر تقول إن جدته لأبيه شركسية وجدته لأمه يونانية . وكانت جدته لأمه تعمل وصيفة في قصر الخديوي إسماعيل ، وعلى جانب من الغنى والثراء ، فتكفلت بتربية حفيدها ونشأ معها في القصر . لما بلغ الرابعة من عمره التحق بكتاب الشيخ صالح ، فحفظ قدرا من القرآن وتعلم مبادئ القراءة والكتابة ، ثم التحق بمدرسة المبتديان الابتدائية ، وأظهر فيها نبوغا واضحا كوفئ عليه بإعفائه من مصروفات المدرسة ، وانكب على دواوين فحول الشعراء حفظا واستظهارا ، فبدأ الشعر يجري على لسانه .

[Chunk 2]
فريد شوقي ( 30 يوليو 1920 - 27 يوليو 1998 ) ، ممثل وكاتب سيناريو وحوار ومنتج مصري ، امتدت حياته المهنية نحو أكثر من 50 عاما ، تألق شوقي فيها ، أنتج ، وكتب سيناريو أكثر من 400 فيلما - أكثر من الأفلام التي أنتجت بشكل جماعي من قبل العالم العربي كله - بالإضافة إلى المسرح والتلفزيون والسينما ، غطت شعبيته مجمل العالم العربي ، بما في ذلك تركيا حيث أنه أنتج فيها بعض الأفلام هناك ، والمخرجين دائما يخاطبونه بصفته "" فريد بيه "" ( بيك ) بالرغم من عدم حصوله على لقب البكوية رسميا ولكن كدليل على الاحترام . كما عمل مع أكثر من تسعين مخرجا ومنتجا .

[Chunk 3]
حين بلوغه سن الخامسة عشرة التحق بمدرسة الحقوق ، وذلك سنة ( 1303 ه / 1885 م ) ، وانتسب إلى قسم الترجمة الذي كان قد أنشئ بها حديثا ، وفي هذه الفترة بدأت موهبته الشعرية تلفت نظر أستاذه الشيخ محمد البسيوني ، ورأى فيه مشروع شاعر كبير . بعد ذلك سافر إلى فرنسا على نفقة الخديوي توفيق ، وقد حسمت تلك الرحلة الدراسية الأولى منطلقات شوقي الفكرية والإبداعية ، وخلالها اشترك مع زملاء البعثة في تكوين ( جمعية التقدم المصري ) ، التي كانت أحد أشكال العمل الوطني ضد الاحتلال الإنجليزي . وربطته حينئذ صداقة حميمة بالزعيم مصطفى كامل ، وتفتح على مشروعات النهضة المصرية .",اين ولد احمد شوقي ؟,بحي الحنفي بالقاهرة,ولد أحمد شوقي بحي الحنفي بالقاهرة في 20 رجب 1287 ه الموافق 16 أكتوبر 1868.,0.7,0.88,0.91
"[Chunk 1]
الخديوي إسماعيل ( 1245 ه / 31 ديسمبر 1830 - 1312 ه / 2 مارس 1895 ) ، خامس حكام مصر من الأسرة العلوية وذلك من 18 يناير 1863 إلى أن خلعه عن العرش السلطان العثماني تحت ضغط كل من إنجلترا وفرنسا في 26 يونيو 1879. في فترة حكمه عمل على تطوير الملامح العمرانية والاقتصادية والإدارية في مصر بشكل كبير ليستحق لقب المؤسس الثاني لمصر الحديثة بعد إنجازات جده محمد علي باشا الكبير .

[Chunk 2]
الخديوي توفيق ( 15 نوفمبر 1852 - 7 يناير 1892 ) ، سادس حكام مصر من الأسرة العلوية . هو محمد توفيق بن إسماعيل بن إبراهيم باشا بن محمد علي باشا ، وهو الابن الأكبر للخديوي إسماعيل من مستولدته شفق نور هانم التي لم تكن ضمن زوجاته الأربع ، وربما يكون ذلك سبب عدم إرساله مع باقي أبنائه للدراسة في أوروبا ، كما يفسر ذلك العلاقة السيئة بينه وبين أبيه والتي تجلت بعد عزل إسماعيل في نأيه عنه وإقصاء كل رجاله .

[Chunk 3]
هو إسماعيل بن إبراهيم باشا بن محمد علي باشا . ولد في 31 ديسمبر 1830 م في قصر المسافر خانه بالجمالية ، وهو الابن الأوسط بين ثلاثة أبناء لإبراهيم باشا غير أشقاء وهم الأميرين أحمد رفعت ومصطفى فاضل . اهتم والده إبراهيم باشا بتعليمه ، فتعلم مبادىء العلوم واللغات العربية والتركية والفارسية ، بالإضافة إلى القليل من الرياضيات والطبيعة و قد أرسله والده وهو في سن الرابعة عشر إلى فيينا عاصمة النمسا ، لكى يعالج بها من إصابته برمد صديدي ، وأيضا لاستكمال تعليمه ، وقد بقي في فيينا لمدة عامين ، ثم التحق بالبعثه المصرية الخامسة إلى باريس لينتظم لينضم إلى تلاميذها ، وكان من بينهم الأمير أحمد رفعت ( شقيقه ) والأميران عبد الحليم وحسين وهما من أبناء محمد علي وفي باريس درس علوم الهندسة والرياضيات والطبيعة ، كما أتقن اللغة الفرنسية تحدثا وكتابة وتأثر بالثقافة والمعمار الفرنسي كثيرا ، ثم عاد إلى مصر في عهد ولاية والده إبراهيم باشا ، وحين توفي إبراهيم خلفه في الحكم عباس حلمي الأول ، وقد كان الأمير إسماعيل يكره ابن عمه عباس ( فوالد عباس هو الأمير أحمد طوسون عم إسماعيل ) ، فلما تولى الحكم شعر إسماعيل واخوته بكراهية عباس لهم ، ثم مات جده محمد على ، واشتد الخلاف بين إسماعيل وبقية الأمراء بشأن تقسيم ميراث جده ، وسافر إسماعيل وبعض الأمراء إلى الاستانه ، وعينه السلطان عبد المجيد الأول عضوا بمجلس أحكام الدولة العثمانية ، وأنعم عليه بالبشاوية ، ولم يعد إلى مصر إلا بعد مقتل ابن عمه عباس وتولى بعده عمه محمد سعيد ولاية مصر . وعندما عاد إسماعيل من الاستانه لقى من عمه سعيد عطفا كبيرا ، وعهد إليه برئاسة ( مجلس الأحكام ) الذي كان أكبر هيئه قضائية في البلاد في ذلك الوقت ، وأرسله سعيد باشا سنة 1855 في مهمة سياسية لدى الإمبراطور نابليون الثالث بشأن رغبة سعيد باشا من الدول الأوروبية في توسيع نطاق استقلال مصر بعد إشتراكها مع الحلفاء في حرب القرم ، فأدى إسماعيل تلك المهمة بما امتاز به من ذكاء ولباقة ، ووعده نابليون الثالث بتأييد مقترحه في مؤتمر الصلح بباريس ، ولكنه لم يحقق وعده ، وكذلك قابل البابا بيوس التاسع . ثم أرسله سعيد باشا في جيش تعداده 14000 إلى السودان وعاد بعد أن نجح في تهدئة الأوضاع هناك .",من هو الابن الأكبر للخديوي إسماعيل ؟,الخديوي توفيق,محمد توفيق بن إسماعيل بن إبراهيم باشا بن محمد علي باشا.,0.92,0.9,0.85
"[Chunk 1]
بينما أن فكرة تمثيل أزواج الإلكترونات تعطى طريقة مؤثرة لتصور الرابطة التساهمية ، فإن دراسات ميكانيكا الكم تحتاج لفهم طبيعة تلك الرابطة وتوقع تركيب وخواص الجزيئات البسيطة . وقد قام كل من والتر هتلر وفريتز لندن بعمل أول توضيح ناجح من وجهة نظر ميكانيكا الكم للترابط الكيميائي ، وخاصة للهيدروجين الجزيئي ، في عام 1927. وقد كان عملهم مبنيا على أساس تصور رابطة التكافؤ ، والذي افترض أن الرابطة الكيميائية تتكون عندما يكون هناك تداخل جيد بين المدارات الذرية للذرات المساهمة . وهذه المدارات الذرية تعرف بأن بينها وبين بعضها زاوية محددة ، وعلى هذا فإن تصور رابطة التكافؤ يمكن أن تتوقع زوايا الروابط بنجاح في الجزيئات البسيطة .

[Chunk 2]
فكرة الترابط التساهمي يمكن أن ترجع إلى جيلبرت إن لويس ، والذي قام في عام 1916 بوصف مساهمة أزواج الإلكترونات بين الذرات . وقد قام باقتراح ما يسمى "" ببناء لويس "" أو "" الشكل الإلكتروني النقطي "" والذي يكون فيه إلكترونات التكافؤ ( الموجودة في غلاف التكافؤ ) ممثلة بنقط حول الرمز الذري . وتكون ازواج الإلكترونات الموجودة بين الذرات ممثلة للروابط التساهمية . كما أن الأزواج العديدة تمثل روابط عديدة , مثل الرابطة الثنائية أو الثلاثية . وبعض الأشكال الإلكترونية النقطية ممثلة في الشكل المجاور . وطريقة أخرى لتمثيل الرابطة هي تمثيلها كخط .

[Chunk 3]
بين سنتي 1838 و 1851 طور عالم الطبيعيات البريطاني ريتشارد لامنج فكرة أن الذرة تتكون من نواة مادة محاطة بجزيئات دون ذرية والتي تكون وحدة الشحنات الكهربائية . وبداية من سنة 1846 أعطى الفيزيائي الألماني فيبر نظريته القائلة بأن الكهرباء تتألف من سائلين ذو شحنتين موجبة وسالبة ، وتفاعلهما يحكمه قانون التربيع العكسي . في سنة 1874 اقترح الفيزيائي الإيرلندي جورج ستوني بعد دراسة هذه ظاهرة التحليل الكهربائي بأن هناك "" كمية محددة واحدة من الكهرباء "" ، وهي شحنة من أيون أحادي التكافؤ . وكان قادرا على تقييم قيمة هذه الشحنة الأولية e عن طريق قوانين فرداي للتحليل الكهربائي . واعتقد ستوني بأن تلك الشحنات مرتبطة بصورة دائمة بالذرات ولا يمكن إزالتها . في سنة 1881 جادل الفيزيائي الألماني هلمهولتز أن كلا من الشحنة الموجبة والسالبة منقسمتين إلى جزئين أوليين ، كل منها "" يتصرف كذرات كهربائية "". ثم أنشأ ستوني مصطلح الكترون لوصف تلك الشحنات الأولية وكان ذلك سنة 1894 ، وقد قال فيها : "" تم تقدير الكمية الفعلية لتلك الوحدة الأساسية الأكثر أهمية في الكهرباء ، وقد غامرت عندما أشرت إلى اسم "" الكترون """". وكلمة الكترون هي مركبة مستنبطة من كلمة الكتريك "" electric "" ولاحقتها ون -"" on "" ، والتي استخدمت بعد ذلك للإشارة إلى الجسيمات دون الذرية مثل البروتون والنيوترون .",من الأساس الذي اعتمد عليه هتلر و لندن لتوضيح الترابط عن طريق ميكانيكا الكم ؟,تصور رابطة التكافؤ,رابطة التكافؤ.,0.76,0.85,0.91
"[Chunk 1]
إدين مايكل هازارد ( مواليد 7 يناير 1991 ) هو لاعب كرة قدم بلجيكي يلعب في مركز الجناح والوسط المهاجم مع نادي ريال مدريد في الدوري الإسباني لكرة القدم وهو قائد منتخب بلجيكا لكرة القدم . يعرف هازارد بسرعته ومراوغاته وقدرته على التحكم بالكرة بشكل مميز . وقد وصف بأنه "" ممرر رائع "" وقد نال اشادة من النقاد بسبب أسلوبه في اللعب ، مما أدى إلى قيام بعض وسائل الإعلام والمدربين واللاعبين بمقارنته مع كريستيانو رونالدو وليونيل ميسي . غالبا ما يتم تصنيف هازارد من قبل المدربين وزملاءه والمعلقين كواحد من أفضل اللاعبين في العالم .

[Chunk 2]
هازارد هو ابن لاعبان كرة القدم سابقان وبدأ مسيرته في بلجيكا حيث لعب لأندية الشباب المحلية . في عام 2005 ، انتقل إلى فرنسا حيث بدأ مسيرته الاحترافية ، لينضم إلى نادي الدرجة الأولى ليل . قضى هازارد عامين في أكاديمية النادي ، وفي سن السادسة عشر ، شارك في لأول في نوفمبر 2007. وأصبح جزءا لا يتجزأ من تشكيلة ليل تحت قيادة المدرب رودي غارسيا ، حيث شارك في أكثر من 190 مباراة . في أول موسم له كأساسي ، فاز بجائزة أفضل لاعب شاب من قبل الاتحاد الوطني للاعبي كرة القدم المحترفين ، ليصبح أول لاعب غير فرنسي يفوز بالجائزة . في موسم 2009–10 ، حصل هازارد على الجائزة مرة أخرى ، ليصبح أول لاعب يفوز بالجائزة مرتين . وكان ضمن تشكيلة العام للدوري الفرنسي .

[Chunk 3]
في موسم 2010–11 ، كان جزءا من فريق ليل الذي فاز بثنائية الدوري والكأس ، ونتيجة لأدائه تم اختياره كأفضل لاعب في الدوري الفرنسي ، وهو أصغر لاعب يفوز بالجائزة . كما حصل هازارد على جائزة برافو المقدمة من المجلة الإيطالية جورين سبورتيفو عن أدائه خلال موسم 2010–11. في يونيو 2012 ، بعد أن أمضى أكثر من ثماني سنوات مع ليل ، وقع هازارد مع نادي تشيلسي الإنجليزي وفاز معه بلقب الدوري الأوروبي في موسمه الأول وحصل على جائزة أفضل لاعب شاب في إنجلترا في موسمه الثاني . في موسم 2014–15 ، ساعد تشيلسي على الفوز بكأس رابطة الأندية الإنجليزية المحترفة والدوري الإنجليزي الممتاز ، ليحصل على جائزة لاعب العام من رابطة كتاب كرة القدم وجائزة جائزة أفضل لاعب في إنجلترا . بعد ذلك بعامين ، فاز بلقبه الثاني في الدوري الإنجليزي حيث فاز تشيلسي بلقب الدوري الإنجليزي الممتاز 2016–17 .",كم عدد المباريات التي شارك فيها إدين هازارد ؟,أكثر من 190,شارك إدين هازارد في أكثر من 190 مباراة.,0.92,0.91,0.88
"[Chunk 1]
ليوناردو دي سير بيرو دا فينشي ( 15 إبريل 1452 - 2 مايو 1519 ) كان موسوعيا ينتمي إلى عصر النهضة حيث كان رساما ، مهندسا ، عالم نبات ، عالم خرائط ، جيولوجيا ، موسيقيا ، نحاتا ، معماريا وعالما إيطاليا مشهورا . و لأنه كان رجلا عبقريا ذا موهبة عالمية في عصر النهضة فقد جسد روح عصره كاملا مما أدى ذلك إلى اكتشاف كبار نماذج التعبير في مختلف مجالات الفن والمعرفة . ويعتبر أحد أعظم عباقرة البشرية ربما عبقريته التي ميزته أكثر من أي شخصية أخرى ، كانت بمثابة التجسد الإنساني المثالي لعصر النهضة . وكثيرا ما وصف ليوناردو باعتباره رمز لرجل عصر النهضة ، ورجل ذو "" فضول جامح "" وصاحب "" خيال إبداعي محموم "".

[Chunk 2]
كان ليوناردو الابن الأكبر لكاتب العدل الخامس والعشرين ويدعى سر بييرو دا فينشي ، لعائلة ثرية ، ولامرأة من طبقة دنيا تدعى كاثرين ، وذلك نتيجة لعلاقة غير شرعية بين الوالدين . وقد لاحظ خبر ولادة أول حفيد جده أنطونيو والد بييرو وكان يعمل موثقا أيضا ، في كتاب توثيقى قديم من القرن الرابع عشر ، كان يستخدم كمجموعة من "" ذكريات "" العائلة ، وفيه يقرأ : "" ولد حفيدي ، نجل سر بييرو ، ابنى في يوم السبت 15 إبريل في 03 : 00 ليلا [ 22 : 30 اليوم ]. وكان اسمه ليوناردو وقام بتعميده الكاهن بيرو بارتولوميو دا فينشي ، وذلك في حضور الأب ناني ، ميو تونينو ، بيير دى مالفوتو ، ناني دي فينسو ، أريجو دى جوفانى الألماني ، الأنسة ليزا دى دومينيكو دى بريتون ، الأنسة أنطونيا جوليانو ، الأنسة نيكولوزا دل بارنا ، الأنسة ماريا ، أبنة نانى دى فينسو ، الأنسة بيبا دى بريفيكونى "". ولم يتم ذكر مكان ميلاد ليوناردو في السجل والذي يعتبر البيت الذي اتخذته أسرة سر بييرو ، جنبا إلى جنب مع المزارع ، في بلدة أنكيانوAnchiano ، حيث تعيش والدة ليوناردو . وتم تعميده بالقرب من كنيسة الصليب المقدس ( Santa Croce ) ، ولكن لم يحضر كل من الأب والأم ، نظرا لأنهما كانوا غير متزوجين . فبالنسبة لبيرو والد ليوناردو تم إعداد حفل الزفاف جيدا بينما بخصوص كاثرين ففى عام 1453 م تم محاكمة زوجها التي قبلت عن طيب خاطر وضعه المشوب بالمخاطر بعد أن وجدت فلاح من Campo Zeppi قريبا من بلدة فينشى ويدعى بيرو دل فاكا من بلدة فينشى ويقال ( يشتهر ب ) lAttaccabriga وربما كان مرتزقا مثل الأخ أندريا .

[Chunk 3]
ليوناردو ويلهلم دي كابريو ؛ ( مواليد 11 نوفمبر ، 1974 ) ، ممثل ومنتج أفلام أمريكي ، فائز بجائزة الأوسكار عن دوره في فيلم "" العائد "" ("" The Revenant "") عام 2016 ورشح ست مرات أخرى لنفس الجائزة ، كما رشح لأربع جوائز بافتا فاز بواحدة منها عن دوره في فيلم العائد أيضا عام 2016 . ورشح أيضا الاثنتي عشرة جائزة من جوائز غولدن غلوب فاز بثلاثة منها ، هي جائزة أفضل ممثل درامي عن أداءه في فيلم "" الطيار "" ("" The Aviator "") سنة 2004 ، وجائزة أفضل ممثل في فيلم كوميدي أو موسيقي عن أداءه في فيلم "" ذئب وول ستريت "" ("" The Wolf of Wall Street "") سنة 2013 ، وجائزة أفضل ممثل درامي عن أدائه في فيلم "" العائد "" عام 2015. ترشح أيضا للعديد من الجوائز الأخرى كجائزة نقابة ممثلي الشاشة ، وجائزة ستالايت .",متى توفي ليوناردو ؟,2 مايو 1519,2 مايو 1519.,0.93,0.91,0.9
"[Chunk 1]
ولد عنترة لأب عربي وأم حبشية ، فجاء مختلفا عن بقية أقرانه في ضخامة خلقته وعبوس وجهه وتلفلف شعره وكبر شدقيه وصلابة عظامه وشدة منكبيه ، وطول قامته ، وشبه خلقته لأبيه شداد . ذاق عنترة مرارة الحرمان وشظف العيش ومهانة الدار لأن أباه لم يستلحقه بنسبه ، فقد كان أبوه هو سيده ، يعاقبه أشد العقاب على مايقترفه من هنات ، وكانت سمية زوجة أبيه تدس له عند أبيه وتحوك له المكائد ، ومن ذلك أنها حرشت عليه أباه مرة ، وقالت له : "" إن عنترة يراودني عن نفسي "". فغضب أبوه غضبا شديدا وعصفت برأسه حميته ، فضربه ضربا مبرحا بالعصا وأتبعها بالسيف ، ولكن سمية أدركتها الرحمة في النهاية فارتمت عليه باكية تمنع ضربات أبيه ، فرق أبوه وكف عنه . فاعتبر عنترة بشعر يقول فيه :

[Chunk 2]
هو محمد بن إسماعيل بن إبراهيم بن المغيرة بن بردزبه الجعفي البخاري . وقد اختلف المؤرخون حول أصله ، عربي أم فارسي أم تركي ، فأخذ بعضهم كأبي الوليد الباجي ، والخطيب البغدادي ، والنووي ، وابن ناصر الدين ، والذهبي ، وغيرهم برواية أبو أحمد بن عدي الجرجاني في كتاب الكامل أن جده الأكبر بردزبه كان فارسي الأصل ، عاش ومات مجوسيا . ويقال جده المغيرة قد أسلم على يد والي بخارى : يمان المسندي البخاري الجعفي . فانتمى إليه بالولاء وانتقل الولاء في أولاده ، وأصبح الجعفي نسبا له ولأسرة البخاري . وقيل أنه تركي أصله من الأوزبك وهو ما لمح له عدد من المؤرخين مثل حمد الله المستوفي وأبو سعيد الجرديزي وعبد الرزاق السمرقندي وإغناطيوس كراتشكوفسكي وفاسيلي بارتولد . وقيل أنه عربي أصله من الجعفيين . فذكر عدد من العلماء أن جده الأكبر هو الأحنف الجعفي وأن "" بردزبه "" صفة وليس اسم وتعني "" الفلاح "" وهو ما تعود العرب عليه في البلدان الأعجمية ، وممن اعتمد هذا الرأي ابن عساكر ، وابن حجر العسقلاني ، وتاج الدين السبكي ، وزين الدين العراقي ، وابن تغري ، ورجحه عدد من المعاصرين منهم مصطفى جواد ، وناجي معروف ، وعبد العزيز الدوري ، وصالح أحمد العلي ، وحسين علي محفوظ ، وفاروق عمر فوزي ولبيد إبراهيم أحمد العبيدي . ولد الإمام البخاري في بخارى إحدى مدن أوزبكستان حاليا ، ليلة الجمعة الثالث عشر من شوال سنة 194 ه ، وتربى في بيت علم إذ كان أبوه من العلماء المحدثين ، واشتهر بين الناس بسمته وورعه ، ورحل في طلب الحديث وروى عن مالك بن أنس وحماد بن زيد كما رأى عبد الله بن المبارك . وتوفي والإمام البخاري صغير . فنشأ البخاري يتيما في حجر أمه ، وروى المؤرخون أن بصره أصيب وهو صغير فرأت أمه إبراهيم عليه السلام في المنام فقال لها : فأصبح وقد رد الله عليه بصره .

[Chunk 3]
ولد بقرية شبراتنا مركز بسيون في محافظة الغربية في دلتا النيل في 1 أبريل 1922 في أسرة فوق المتوسطة كان والده من الأعيان ، وكانت أسرته تملك ( 70 ) فدانا ، أبوه هو الحاج الحسيني الشاذلي ، وأمه السيدة تفيدة الجوهري وهي الزوجة الثانية لأبيه ، وسمى على اسم الزعيم سعد زغلول ، كان والده أحد ملاك الأراضي الزراعية وقد تزوج مرتين وأنجب من الأولى تسعة أبناء هم : محمد وحامد وعبدالحكيم والحسيني وعبدالسلام ونظيمة وفريدة وبسيمة ومرسية .",بماذا وصف القصيبي والده ؟,شديد الاحترام لاستقلال أولاده,كان والده الحاج الحسيني الشاذلي.,0.34,0.5,0.2
"[Chunk 1]
السلطانة كوسم وتعرف أيضا باسم السلطانة ماه يكر ( أي : وجه القمر ) ، أو "" خاصكي كوسم ماه بيكر سلطان "" ، واسمها الحقيقي "" أناستاسيا "" . ولدت في اليونان ، وتذكر بعض المصادر أنها ولدت في البوسنة عام 999 ه / 1590 م . عاشت في الفترة ( 1590 م – 3 سبتمبر 1651 م ) ، وهي واحدة من أقوى النساء في التاريخ العثماني وأكثرهن نفوذا ، وحاصلة على لقب "" السلطانة الأم "" .

[Chunk 2]
ترجع كوسم إلى أصل رومي ( يوناني ) ويقال أن والدها كان أسقفا في جزيرة تينوس ، واسمها الأصلي هو آناستاسيا . اشتراها "" سيد أسياد "" البوسنة وأرسلها إلى إسطنبول عاصمة الدولة العثمانية إلى حرم السلطان أحمد الأول ، وقد كانت في سن الخامسة عشرة . وبعد أن أسلمت تغير اسمها إلى مه بيكر ، وغير السلطان أحمد اسمها فيما بعد إلى كوسم . نقلت إلى القصر القديم عند وفاة زوجها السلطان أحمد الأول في سنة 1617 م ، وعندما تولى ابنها مراد الرابع عرش السلطنة العثمانية في سنة 1623 م أعادها وقلدها منصب السلطانة الأم .

[Chunk 3]
أرسلت أناستاسيا من اليونان إلى إسطنبول عاصمة الدولة العثمانية من قبل والي البوسنة ، ومع دخولها الإسلام في قصر توبكابي غيرت اسمها لاسم "" كوسم "" . وسميت باسم "" ماه بيكر "" بفضل حب السلطان العثماني الرابع عشر أحمد الأول ( حكم من 1012 ه / 1603 م - حتى عام 1026 ه / 1617 م ) لها وبعد أن أسلمت تزوجت منه ، وهكذا بدأت حياتها الجديدة في قصر توبكابي .",من السلطان الذي أحب السلطانة كوسم ؟,السلطان العثماني الرابع عشر أحمد الأول,السلطان أحمد الأول.,0.92,0.9,0.91
"[Chunk 1]
بدأت المسابقة كبطولة الأندية الآسيوية ، وهي بطولة لأبطال كل دولة في الاتحاد الآسيوي ، وكان لها أشكال مختلفة ، حيث تم تنظيم البطولة الافتتاحية بتنسيق خروج المغلوب المباشر والإصدارات الثلاثة التالية التي تتكون من مرحلة المجموعات . سيطرت الأندية الإسرائيلية على الطبعات الأربع الأولى من المسابقة ، ويرجع ذلك جزئيا إلى رفض الفرق العربية مواجهتها . في عام 1970 ، رفض فريق نادي هومنتمن بيروت اللبناني اللعب ضد نادي هبوعيل تل أبيب في الدور نصف النهائي ، وبالتالي ذهب هبوعيل مباشرة إلى النهائي ، بينما في عام 1971 ، رفض فريق الشرطة العراقي اللعب ضد مكابي تل أبيب في مناسبتين منفصلتين في البطولة . بما في ذلك النهاية نفسها ، مع اعتبار وسائل الإعلام العربية أن الجانب العراقي هو الفائز بالبطولة واستقبال الفريق وموكب حافلة مفتوح . تم إلغاء إصدار عام 1972 من قبل الاتحاد الآسيوي لكرة القدم بعد رفض فريقين عربيين الالتزام باللعب ضد الجانب الإسرائيلي مكابي نتانيا . بعد ذلك ، توقف الاتحاد الآسيوي عن إجراء المنافسة وطردت إسرائيل من الاتحاد . عادت بطولة الأندية الآسيوية الأولى في عام 1985 ، وفي عام 1990 ، قدم الاتحاد الآسيوي لكرة القدم كأس الكؤوس الآسيوية ، وهي بطولة للفائزين بكأس كل دولة في الاتحاد الآسيوي . شهد موسم 1995 تقديم كأس السوبر الآسيوي حيث واجه الفائزون في بطولة الأندية الآسيوية وكأس الفائزين في كأس آسيا ضد بعضهم البعض .

[Chunk 2]
تشارك الأندية في هذه المسابقة بناءا على نتائجها في البطولات الوطنية ومسابقات الكأس . في النظام الأول للبطولة والذي استمر ل 25 سنة الأولى من المسابقة ، كانت المباراة النهائية تقام من مواجهتين ( ذهاب وإياب ) ، ولكن في عام 1998 تم تغيير النظام وأصبحت المباراة النهائية تقام على ملعب محايد يتم تحديده من قبل الاتحاد الأوروبي لكرة القدم . من الجدير بالذكر أن أول فريق فاز بلقب البطولة بالنظام القديم هو نادي توتنهام هوتسبر الإنجليزي في عام 1972 عندما تغلب على منافسه وولفرهامبتون واندررز 3 -2 في مجموع المباراتين . بينما أول فريق فاز بلقب البطولة بالنظام الحديث هو نادي إنتر ميلان الذي تغلب في عام 1988 عندما تغلب على منافسة نادي لاتسيو الإيطالي بنتيجة 3 -0 ، في أول نهائي يقام على أرض محايده وهو ملعب بارك دي برينس بالعاصمة الفرنسية باريس .

[Chunk 3]
حسب الفيفا ، فإن أول محاولة لصنع بطولة عالمية للأندية صارت في 1909 ، أي 21 سنة قبل قيام أول بطولة كأس عالم لكرة القدم . أقيمت بطولة كأس السير توماس ليبتون بين 1909 و 1911 في إيطاليا ، وتنافس عليها الأندية الإنجليزية والألمانية والسويسرية والإيطالية . وفاز بها نادي مدينة ويست أوكلاند وهو نادي هاوي . أتت فكرة أن الفيفا يجب أن تؤسس منافسة عالمية للأندية في بداية خمسينات القرن الماضي . سئل رئيس الفيفا جول ريميه في عام 1951 عن مشاركة الفيفا في كأس ريو ، لكنه نفى أن البطولة تحت رعاية الفيفا منذ أن تأسست ورعيت من قبل اتحاد البرازيل لكرة القدم . وأقيمت بطولة أخرى سميت "" تورينيو أوكتوغونال ريفادافيا كوريا ماير "" وفاز بها نادي فاسكو دا غاما . هذه البطولة أقيمت بين خمس أندية برازيلية وثلاث أندية أجنبية ، هكذا خسروا نصف جانبهم القاري . في ديسمبر 2007 ، رفضت الفيفا طلب بالميراس للاعتراف بالبطولة ككأس عالم للأندية منذ أن كان المشاركون محدودين في قارتين",متى رفض نادي هومنتمن بيروت اللبناني اللعب ضد نادي هبوعيل تل أبيب ؟,عام 1970,في عام 1970.,0.41,0.88,0.88
"[Chunk 1]
ولد سعد بن أبي وقاص في مكة واختلف في عام مولده ، فقيل ولد سنة 23 قبل الهجرة ، وقيل ولد قبل البعثة بتسع عشرة سنة ؛ لأنه قال : « أسلمت وأنا ابن تسع عشرة سنة .» ، نشأ سعد في قريش ، واشتغل في بري السهام وصناعة القسي ، كان سعد رجلا قصيرا ، دحداحا ، غليظا ، ذا هامة ، شثن الأصابع ، جعد الشعر ، أشعر الجسد ، آدم ، أفطس ، يخضب بالسواد . وكان سعد من أحد الناس بصرا ؛ فرأى ذات يوم شيئا يزول ، فقال لمن معه : « ترون شيئا؟ » قالوا : « نرى شيئا كالطائر .» قال : « أرى راكبا على بعير » ، ثم جاء بعد قليل عم سعد على بختي ، فقال سعد : « اللهم إنا نعوذ بك من شر ما جاء به .»

[Chunk 2]
ولد بقرية شبراتنا مركز بسيون في محافظة الغربية في دلتا النيل في 1 أبريل 1922 في أسرة فوق المتوسطة كان والده من الأعيان ، وكانت أسرته تملك ( 70 ) فدانا ، أبوه هو الحاج الحسيني الشاذلي ، وأمه السيدة تفيدة الجوهري وهي الزوجة الثانية لأبيه ، وسمى على اسم الزعيم سعد زغلول ، كان والده أحد ملاك الأراضي الزراعية وقد تزوج مرتين وأنجب من الأولى تسعة أبناء هم : محمد وحامد وعبدالحكيم والحسيني وعبدالسلام ونظيمة وفريدة وبسيمة ومرسية .

[Chunk 3]
ولد عاصي في 4 أيار ( مايو ) للعام 1923 في قرية أنطلياس ( 10 كلم شمالا من بيروت ، لبنان ) ، لأبوين هما : حنا الرحباني وسعدى صعب . وكان للبيئة التي نشأ فيها دور أساسي في التأثير على نوعية عطائه الفني من حيث الأفكار والمواضيع والسياقات ، حيث كان عاصي يكبر في طفولته بين البساتين والمزارعين وما يمثلونه من تناغم إنساني مع الطبيعة وقيم العيش ببساطة ورضى ، وبين المدرسة والكنيسة وما فيهما آنذاك من تركيز للقيم الروحية والثقافية النبيلة . وأمضى عاصي قسطا هاما من طفولته في مقهى الفوار ثم المنيبيع في ( الجبل ) الذي كان يملكه والده ، سمع فيه قصص وأخبار المراجل والقبضايات التي كانت تدور في أروقته ، وحفظ عاصي عن جدته غيتا التي عاشت معهم قصصا وأشعارا من الموروث اللبناني الشعبي القديم . وإلى منطقة الشوير التي تنحدر منها أصول العائلة ، والتي تعلو في ارتفاعها الجغرافي عن أنطلياس ، حيث الزهور التي تبتكر حيزها الخاص بين الصخور والمنحدرات الوعرة والقاسية ، تصل بينها الينابيع وجداول المياه ، وتتردد في أرجائها أصداء "" الذئاب "" ، كبر عاصي وفي باله سحر ودهشة من هذا الزخم الجمالي العفوي الذي عاشه في طفولته وكان جزء من حياته اليومية ، فانعكس على فنه صوتا وصورة ، ووطنا عرفه عاصي طفلا ويافعا ، ولم يبتكره من الفراغ أو الوهم كما يعتقد كثيرون ممن عرفوا لبنان ممزقا بالحواجز وخطوط التماس خلال سنوات الحرب .",أين نشأ سعد ؟,في قريش,في مكة.,0.31,0.91,0.1
"[Chunk 1]
عمرو واكد ( 12 أبريل 1973 -) هو ممثل مسرحي وممثل أفلام مصري شارك في العديد من الأعمال الفنية المحلية والدولية . بدأ مسيرته المهنية منذ عام 1990 لكن شهرته زادت بعد عام 2005 حينما شارك رفقة النجم العالمي جورج كلوني في بطولة فيلم سريانا إلى جانب مشاركته في العديد من الأعمال العالمية الأخرى بما في ذلك المسلسل البريطاني - الأمريكي بيت صدام والفيلم الإيطالي الأب والغريب ، والفيلم الأمريكي لوسي . استفاد عمرو من دراسته للعلوم الاقتصادية بالجامعة الأمريكية في اختياراته وتنظيمه لوقته ، وكأنه يضع جدولا اقتصاديا لمشواره السينمائي .

[Chunk 2]
يعد عمرو واكد من بين أوائل الفنانين الذين شاركوا في ثورة 25 يناير منذ يومها الأول حيث نزل للشوارع رفقة باقي الشعب المصري ثم توجه في وقت لاحق باتجاه ميدان التحرير وشارك في المظاهرات التي أسقطت نظام حسني مبارك الذي حكم مصر لأكثر من 30 سنة . في الثالث من تموز / يوليو 2013 وإبان الانقلاب الذي قاده الجيش المصري بزعامة عبد الفتاح السيسي على الرئيس المنتخب آنذاك محمد مرسي ؛ علق واكد على الموضوع واصفا أن ما حصل ليس بانقلاب عسكري معللا بأن الانقلاب العسكري لا يتم الإعلان عنه قبل أسابيع كما أن الانقلاب لا يحصل على 22 مليون توقيع من الشعب لإزاحة مرسي .

[Chunk 3]
التحق عمرو أثناء دراسته بفريق المسرح بالجامعة ، وعمل بمشاريع تخرج لزملائه بقسم الإخراج فقدم « كارمن » ، « عفاريت حمزة وفاطمة » لرشا الجمال و « أوديبس » بالإضافة إلى عدة أعمال آخرى للمخرج عبد الهادي الجزار ولأحمد العطار ، كما التحق بورشة إعداد الممثل بالجامعة لمدة سنتين ونصف السنة ، وحصل على عدة جوائز على مستوى الجامعات . قدمه هاني خليفة للمخرج أسامة فوزي الذي أسند إليه دورا في فيلم جنة الشياطين ، ثم قدمه وحيد حامد في فيلم ديل السمكة الذي حصل فيه على جائزة أحسن ممثل مساعد من مهرجان الإسكندرية كما عمل في فيلم لي لي ( وهو فيلم قصير 45 دقيقة ) من قصة يوسف إدريس وإخراج مروان حامد . حصل ذلك الفيلم على جائزة الجمهور في مهرجان بفرنسا مخصص للأفلام القصيرة ، كما حصل على جائزة مهرجان الإسماعيلية ، والجائزة الثانية بمهرجان تونس ، كما قام عمرو بأداء دور صغير في فيلم « أصحاب ولا بيزنس » للمخرج علي إدريس .",لمن قدم هاني خليفة عمرو واكد ؟,للمخرج أسامة فوزي,قدمه هاني خليفة للمخرج أسامة فوزي.,0.85,0.9,0.91
"[Chunk 1]
جائحة إنفلونزا الخنازير 2009 H 1 N 1 ( يشار إليه "" وباء إنفلونزا الخنازير 2009 "") هي جائحة إنفلونزا تسببها سلالة فيروس انفلونزا جديدة تصيب البشر . تم اكتشاف هذا الفيروس الجديد لأول مرة لدى البشر في المكسيك في أبريل 2009 . ينتشر هذا الفيروس من شخص لأخر على نطاق عالمي ، بنفس الطريقة التي تنتشر بها الانفلونزا الموسمية العادية . يوم 11 يونيو 2009 ، أعلنت منظمة الصحة العالمية عن ظهور وباء H 1 N 1 2009.

[Chunk 2]
إنفلونزا الخنازير هو أحد أمراض الجهاز التنفسي التي تسببها فيروسات إنفلونزا تنتمي إلى أسرة أورثوميكسوفيريداي التي تؤثر غالبا على الخنازير . هذا النوع من الفيروسات يتسبب بتفشي الإنفلونزا في الخنازير بصورة دورية في عدد من الدول منها الولايات المتحدة والمكسيك وكندا وأمريكا الجنوبية وأوروبا وشرق آسيا . فيروسات إنفلونزا الخنازير تؤدي إلى إصابات ومستويات مرتفعة من المرض ، لكنها تتميز بانخفاض معدلات الوفاة الناتجة عن المرض ضمن الخنازير . وحتى عام 2009 تم التعرف على ستة فيروسات لإنفلونزا الخنازير وهي فيروس الإنفلونزا ج وفيروس الإنفلونزا أ H 1 N 1 وفيروس الإنفلونزا أ H 1 N 2 وفيروس الإنفلونزا أ H 3 N 1 وفيروس الإنفلونزا أ H 3 N 2 وفيروس الإنفلونزا أ H 2 N 3. وتبقى هذه الفيروسات منتشرة ضمن الخنازير على مدار العام ، إلا أن معظم حالات الانتشار الوبائية ضمن الخنازير تحدث في أواخر الخريف والشتاء كما هو الحال لدى البشر .

[Chunk 3]
أكثر الفيروسات المسبب لإنفلونزا الخنازير انتشارا هو الفيروس H 1 N 1 ، وهو أحد الفيروسات التي انحدرت من وباء إنفلونزا 1918 . ولكن كان انتقال الفيروس من الخنازير للبشر نادرالحدوث حيث تم تسجيل 12 حالة في الولايات المتحدة منذ عام 2005. قدرة الفيروس على الانتشار بين الخنازير دون البشر أدى إلى بقاء الفيروس مع تلاشي المناعة المكتسبة ضده لدى البشر ، مما قد يكون السبب لسهولة انتشار الفيروس بين الناس في الوقت الحالي .",متى أعلنت منظمة الصحة العالمية فيروس إنفلونزا الخنازير أنه وباء ؟,11 يونيو 2009,يوم 11 يونيو 2009.,0.92,0.9,0.9
"[Chunk 1]
الملكة عفت هي ابنة الأمير محمد بن عبد الله بن عبد الله بن ثنيان بن إبراهيم بن ثنيان بن سعود ( 1915 - 15 فبراير 2000 ) زوجة الملك فيصل بن عبد العزيز آل سعود تزوجت منه عندما كان نائبا للملك على الحجاز ووزيرا للخارجية عام 1932 م . وهي الزوجة الأولى التي سميت بالملكة حيث ان زوجات الملوك اللآتي لقبوا بالملكات هي و الملكة صيتة الدامر زوجة الملك خالد بن عبدالعزيز ، وهي أخت غير شقيقة لكمال ادهم مؤسس المخابرات السعودية .

[Chunk 2]
كان إخناتون متزوجا بزوجته الملكة الرئيسية نفرتيتي التي كانت تشاركه الفكر في عبادة آتون وتظهر معه في الاحتفالات الدينية وترافقه في كل مشاهده . وقامت أمه الملكة "" تي "" بتقديم لابنها زوجة ثانية تدعى "" كيا "" ؛ والتي يرجح أنها والدة توت عنخ أمون . وقد أعلن المجلس الأعلى للآثار المصرية في شهر أبريل عام 2010 م أنه بناء على اختبارات الحمض النووي المعروف اختصارا ب حمض نووي ريبوزي منقوص الأكسجين ، أن تلك الفحوص تبين أن توت عنخ آمون هو ابن الملك أخناتون بالفعل .

[Chunk 3]
ملك حفني ناصف ( 27 ربيع الأول 1304 ه / 25 ديسمبر 1886 م - 1 محرم 1337 ه / 17 أكتوبر 1918 م ) أديبة مصرية وداعية للإصلاح الاجتماعي ، وإنصاف وتحرير المرأة المصرية في أوائل القرن العشرين . ولدت في حي الجمالية بالقاهرة ، وشاء القدر أن يتفق يوم مولدها مع زفاف الأميرة "" ملك "" إلى الأمير "" حسين كامل "" الذي صار سلطانا بعد ذلك ، فسماها أبوها باسم الأميرة . وهي كبرى سبعة أبناء حفني ناصف بك رجل القانون والشاعر ، وأستاذ اللغة العربية وأحد مؤسسي الجامعة المصرية .",ما هو الاسم الذي اتخذته ملك الحفني بعد الزواج ؟,باحثة البادية,ملك.,0.66,0.91,0.2
"[Chunk 1]
عرف العرب الترجمة منذ أقدم عصورهم ، ولقد أشار الدكتور عبد السلام كفافي في كتابه "" في الأدب المقارن "" إلى أن العرب كانوا "" يرتحلون للتجارة صيفا وشتاء ويتأثرون بجيرانهم في مختلف نواحي الحياة ، لقد عرفوا بلاد الفرس ، وانتقلت إليهم ألوان من ثقافتهم . وانتقلت بعض الألفاظ الفارسية إلى اللغة العربية ، وظهرت في شعر كبار الشعراء ، وكان الأعشى من أشهر من استخدموا في شعرهم كلمات فارسية . كذلك عرف البعض جيرانهم البيزنطيين .

[Chunk 2]
تركت أشعاره ومؤلفاته الصوفية والتي كتبت أغلبها باللغة الفارسية وبعضها بالعربية والتركية ، تأثيرا واسعا في العالم الإسلامي وخاصة على الثقافة الفارسية والعربية والأردية والبنغالية والتركية ، وفي العصر الحديث ترجمت بعض أعماله إلى كثير من لغات العالم ولقيت صدى واسعا جدا إذ وصفته البي بي سي سنة 2007 م بأكثر الشعراء شعبية في الولايات المتحدة .

[Chunk 3]
عنترة بن شداد بن قراد العبسي ( 525 م - 608 م ) هو أحد أشهر شعراء العرب في فترة ما قبل الإسلام ، واشتهر بشعر الفروسية ، وله معلقة مشهورة . يعتبر من أشهر الفرسان العرب ، وشاعر المعلقات والمعروف بشعره الجميل وغزله العفيف بعبلة . اشتق اسم عنترة من ضرب الذباب يقال له العنتر وإن كانت النون فيه ليست بزائدة ( مثل قبيلة كندة أصلها كدة ) فهو من العتر والعتر الذبح والعنترة أيضا هو السلوك في الشدائد والشجاعة في الحرب . وإن كان الأقدمون لا يعرفون بأيهما كان يدعى : بعنتر أم بعنترة فقد اختلفوا أيضا في كونه اسما له أو لقبا . وكان عنترة يلقب بالفلحاء ، من الفلح أي شق في شفته السفلى وكان يكنى بأبي الفوارس لفروسيته ويكنى بأبي المعايش وأبي أوفى وأبي المغلس لجرأته في الغلس أو لسواده الذي هو كالغلس ، وقد ورث ذاك السواد من أمه زبيبة ، إذ كانت أمه حبشية وبسبب هذا السواد الكثيف عده القدماء من أغرب العرب .",من هو الشاعر المشهور الذي كثر استخدامه للألفاظ الفارسية ؟,الأعشى,الأعشى.,0.74,0.91,0.91
"[Chunk 1]
يعتقد معظم الفلكيين حاليا بأن النظام الشمسي قد ولد قبل 4.6 مليارات سنة من سحابة ضخمة من الغاز والغبار تعرف بالسديم الشمسي . وحسب هذه النظرية ، بدأ هذا السديم بالانهيار على نفسه نتيجة لجاذبيته التي لم يستطع ضغطه الداخلي مقاومتها . وقد جذبت معظم مادة السديم الشمسي إلى مركزه ، حيث تكونت الشمس فيه . ويعتقد أن جسيمات صغيرة مما بقي من مادة تراكمت مع بضعها بعد ذلك مكونة أجساما أكبر فأكبر ، حتى تحولت إلى الكواكب الثمانية ، وما بقي منها تحول إلى الأقمار والكويكبات والمذنبات .

[Chunk 2]
النظام الشمسي أو المجموعة الشمسية أو المنظومة الشمسية هي النظام الكوكبي الذي يتكون من الشمس وجميع ما يدور حولها من أجرام بما في ذلك الأرض والكواكب الأخرى . يشمل النظام الشمسي أجراما أخرى أصغر حجما هي الكواكب القزمة والكويكبات والنيازك والمذنبات ، إضافة إلى سحابة رقيقة من الغاز والغبار تعرف بالوسط بين الكوكبي ، كما توجد توابع الكواكب التي تسمى الأقمار ، والتي يبلغ عددها أكثر من 150 قمرا معروفا في النظام الشمسي ، معظمها تدور حول العمالقة الغازية . لكن أكبر جرم في النظام الشمسي وأهم هذه الأجرام طبعا هو الشمس ، النجم الذي يقع في مركز النظام ويربطه بجاذبيته ، فكتلتها تبلغ 99.9 % من كتلة النظام بأكمله ، كما أنها هي التي تشع الضوء والحرارة اللذين يجعلان الحياة على الأرض ممكنة ، وهي مع ذلك ليست إلا نجما متوسط الحجم . وتأتي بعد الشمس الكواكب ، حيث توجد في النظام الشمسي ثمانية كواكب هي بالترتيب حسب البعد عن الشمس : عطارد والزهرة والأرض والمريخ ( الكواكب الصخرية ) والمشتري وزحل وأورانوس ونبتون ( العمالقة الغازية ).

[Chunk 3]
الشمس ( رمزها ) هي النجم المركزي للمجموعة الشمسية . وهي تقريبا كروية وتحوي بلازما حارة متشابكة مع الحقل المغناطيسي . يبلغ قطرها حوالي 1 , 392 , 684 كيلومتر ، وهو ما يعادل 109 أضعاف قطر الأرض ، وكتلتها 2 كيلوغرام وهو ما يعادل 330 , 000 ضعف من كتلة الأرض مما يشكل نسبة 99.86 % من كتلة المجموعة الشمسية . الشمس هي إحدى نجوم مجرتنا - مجرة درب التبانة - التي تحوي نحو 200 مليار نجم تقريبا ،",متى ولد النظام الشمسي كما اعتقد الفلكيين ؟,ولد قبل 4.6 مليارات سنة,قبل 4.6 مليارات سنة من سحابة ضخمة من الغاز والغبار تعرف بالسديم الشمسي.,0.91,0.9,0.9
"[Chunk 1]
كانت مناطق من البلاد الإسلامية والقدس تحديدا قد احتلت من قبل الصليبيين عام 1099 م ، وكان الإقطاعيون الصليبيون والفرسان قد نصبوا أنفسهم أمراء وملوك على تلك المناطق ، فكان هذا على مدى قرن دافعا لتحرير البلاد من الاحتلال ، وكانت غارة لصوصية شنها أحد بارونات الإفرنج البارزين ، رينو دي شاتيون ( أرناط ) السبب المباشر لهجوم المسلمين ، رينو دي شاتيون كان مغامرا وقحا وسبق له أن اجتاح قبرص البيزنطية في سنة 1155 م وعمل فيها سلبا ونهبا ، وكان قد أسر عند نور الدين زنكي قبل 16 سنة ، وبعد إخلاء سبيله استقر في حصن الكرك ، وعكف على نهب وسلب قوافل التجار المارة في الجوار ، لأن الحصن كان يقطع الطريق من سوريا إلى مصر والحجاز ، وفي أواخر سنة 1186 م ولربما أوائل 1187 م ، شن رينو غارة ( خلافا لشروط هدنة عقدت في 1180 ) على قافلة متجهة من القاهرة إلى دمشق ونهب بضائعها ، وأسر أفرادها وزجهم في حصن الكرك ، ويروى أن القافلة كانت لأخت صلاح الدين بالذات ، فما كان من صلاح الدين إلا ان يطالب في الحال ملك القدس آنذاك غي دي لوزينيان بالتعويض عن الضرر والإفراج عن الأسرى ومحاسبة الناهب ، ولكن الملك لم يجازف بمس تابعه القوي رينو ، فكان أن قرر صلاح الدين إعلان الحرب على مملكة القدس ، إلا إن مرض صلاح الدين أخر بدء القتال في تلك السنة .

[Chunk 2]
هجوم البرث أو هجوم رفح 2017 هجوم مسلح وقع في 7 يوليو 2017 ، نفذته عناصر تكفيرية على بعض نقاط التمركز العسكري المصري جنوب مدينة رفح ، وأسفر عن مقتل وإصابة عدد 26 فرد من أفراد القوات المسلحة المصرية ، ومقتل أكثر من 40 فرد من العناصر الإرهابية المهاجمة . كان الغرض من الهجوم هو السيطرة على مبنى الكمين ورفع علم داعش عليها وأسر بعض الضباط والجنود من أجل تصويرهم وتحقيق نجاح إعلامي يبرز هيمنة ولاية سيناء على المنطقة وقدرتهم على كسر القوات المسلحة في سيناء ، تم اختيار الوحدة اعتمادا على أهميتها الإستراتيجية وسمعتها العسكرية ، وتم الهجوم بشكل مفاجئ في فجر هذا اليوم إلا أن أفراد الكتيبة أستطاعوا الصمود والرد عليهم طوال 4 ساعات من القتال حتى ظهر قوات الدعم الجوي وقامت العناصر الإرهابية بالفرار مما أسفر عن فشل خطة الهجوم

[Chunk 3]
تصاعدت حدة القتال بعد قرار التقسيم في بداية عام 1948 ، وتشكل جيش الإنقاذ بقيادة فوزي القاوقجي ، وبحلول شهر يناير من عام 1948 كانت منظمتا الأرجون والشتيرن قد لجأتا إلى استخدام السيارات المفخخة ، حيث في 4 يناير تم تفجير مركز الحكومة في يافا مما أسفر عن مقتل 26 مدني فلسطيني ، وفي شهر مارس من عام 1948 نسف المقاتلون الفلسطينيون غير النظاميين مبنى مقر الوكالة اليهودية في مدينة القدس مما أدى إلى مقتل 11 يهوديا وجرح 86. وفي يوم 12 أبريل 1948 أقرت الجامعة العربية إرسال الجيوش العربية إلى فلسطين وأكدت اللجنة السياسية أن الجيوش لن تدخل قبل أنسحاب بريطانيا المزمع في 15 مايو .",ماذا شكلت غارة أرناط اللصوصية على القافلة الإسلامية في عملية تحرير القدس ؟,السبب المباشر لهجوم المسلمين,"شكلت غارة أرناط اللصوصية على القافلة الإسلامية في عملية تحرير القدس محاولة لتعويض الضرر والإفراج عن الأسرى ومحاسبة الناهب، ما دفع صلاح الدين إلى إعلان الحرب على مملكة القدس.",0.79,0.88,0.4
"[Chunk 1]
المغرب العربي أو المنطقة المغاربية أو المغرب الكبير ( تاريخيا : بلاد المغرب ، بلد المغرب أو ببساطة "" المغرب "") هي منطقة تقع في شمال أفريقيا ، ممتدة على ساحل البحر الأبيض المتوسط وحتى المحيط الأطلسي ، وهي تشمل بالأساس خمسة دول هي موريتانيا والمغرب والجزائر وتونس وليبيا . كما تشمل أراضي الصحراء الغربية المتنازع عليها ( التي تسيطر عليها المغرب في الغالب ) ومدينتي مليلية وسبتة ( التي تسيطر عليها إسبانيا وتعد جزء من المغرب ) وتبلغ مساحتها مجتمعة حوالي 5.782.140 كلم . اعتبارا من سنة 2017 ، بلغ عدد سكان المنطقة أكثر من 100 مليون شخص .

[Chunk 2]
يحد الصحراء الغربية من جهة الشمال دولة المغرب بينما تحدها الجزائر من الجهة الشرقية ثم موريتانيا من الجهة الجنوبية فالمحيط الأطلسي من الغرب ، وتبلغ مساحتها حوالي . وهي واحدة من "" الدول "" الأقل كثافة سكانية في العالم حيث تتكون أساسا من صحراء مستوية إلا أن عدد سكانها يتجاوز ال 500.000 ، 40 % منهم يعيشون في مدينة العيون كبرى مدن الصحراء الغربية .

[Chunk 3]
يحد القارة من الشمال البحر المتوسط ، وتحدها قناة السويس والبحر الأحمر من جهة الشمال الشرقي ، بينما يحدها المحيط الهندي من الجنوب الشرقي والشرق ، والمحيط الأطلسي من الغرب . بخلاف المنطقة المتنازع عليها من الصحراء الغربية ، تضم القارة 54 دولة ، بما في ذلك جزيرة مدغشقر وعدة مجموعات من الجزر كالجزر التابعة لدولة جزر القمر ، والتي تعد ملحقة بالقارة .",كم دولة تضم افريقيا بخلاف المنطقة المتنازع عليهامن الصحراء الغربية ؟,54 دولة,54 دولة.,0.93,0.88,0.88
"[Chunk 1]
الحفيرة كانت في القديم مورد ماء جاهلي للبادية ، وهي أول هجره تأسست لقبيلة الدعاجين ، ومن أقدم هجر قبيلة عتيبة ومؤسسها هو الأمير مناحي بن خالد بن حشر الهيضل أسسها عام 1338 ه تقريبا ، وعندما توفي رحمه الله عام 1358 ه جاء بعده إبنه سجدي إلى عام 1388 ه حيث توفي - رحمه الله - ثم تولى بعده إبنه مناحي الذي بقي أميرا عليها حتى وفاته عام 1422 ه - رحمه الله - ، ورئيس مركزها الحالي إبنه الشيخ سجدي بن مناحي بن سجدي بن مناحي بن خالد الهيضل ، وقد ورد ذكر الحفيرة عند الكثير من المؤرخين وعدوها من ضمن هجر عتيبة عند تأسيس الهجر واستيطان البادية منهم : ، وتتميز الحفيرة بقربها من محافظة الدوادمي التي لاتبعد عنها سوى 48 كم وكذلك فإنها لاتبعد عن محافظة القويعية سوى 80 كم تقريبا وكذلك توسطها في منطقة الرياض حيث انها لاتبعد عن العاصمة إلا 200 كم تقريبا ، ويوجد في الحفيرة بعض أماكن التعدين في منطقة الردينيات التابعة للحفيرة .

[Chunk 2]
جدة هي إحدى محافظات منطقة مكة المكرمة وتقع في غرب المملكة العربية السعودية على ساحل البحر الأحمر . تبعد المحافظة 949 كم عن العاصمة الرياض ، وتبعد 79 كم عن مكة المكرمة ، وتبعد 420 كم عن المدينة المنورة تعد العاصمة الاقتصادية والسياحية للمملكة العربية السعودية ، وتعتبر الوجهة الأولى في المملكة للسائح سواء من داخل المملكة أو خارجها ، يبلغ عدد سكانها حوالي 3 , 456 , 259 نسمة ، وهي ثاني أكبر مدن المملكة العربية السعودية بعد العاصمة الرياض وأكبر مدينة في منطقة مكة المكرمة ، وتعتبر بوابة الحرمين الشريفين ، بها أكبر ميناء بحري على البحر الأحمر ، وتعتبر مركزا للمال والأعمال في المملكة العربية السعودية ومرفأ رئيسيا لتصدير البضائع غير النفطية ولاستيراد الاحتياجات المحلية ، ويوجد في مدينة جدة ما يقارب 135 ناطحة سحاب تحت الإنشاء ، كما يوجد بها مقرات للبنوك العالمية .

[Chunk 3]
ويذكر الرحالة ابن بطوطة عندما زار اليمامة أنه كان يحكمها طفيل بن غانم من بني حنيفة وأنه حج معه في جمع وكان ذلك في عام 732 ه ، وفي عام 850 ه الموافق 1446 م انتقل جد آل سعود ، مانع المريدي بأسرته من شرقي الجزيرة العربية إلى العارض في نجد بدعوة من ابن عمه ابن درع صاحب حجر والجزعة ، الذي منحهم موضعي المليبيد وغصيبة فاستقر فيهما مانع وأسرته ، وأصبحتا بعد ذلك مناطق عامرة بالسكان والزراعة .",كم تبعد الحفيرة عن محافظة الدوادمي ؟,48 كم,48 كم.,0.76,0.85,0.85
"[Chunk 1]
لدى داليدا أكثر من 1000 أغنية بلغات متعددة والحاصلة على الألقاب والأوسمة الكثيرة وكرمها الجنرال الفرنسي ديجول بإعطائها لقب ( La Medaille de la Presidence de la Republique ) أو ميدالية رئاسة الجمهورية بسبب أدائها الرائع وصوتها المميز .. وبعد وفاتها كرمتها الحكومة الفرنسية بأن وضعت صورتها على طابع البريد . وأقيم لها تمثال بحجمها الطبيعي على قبرها في العام 2001. ما زال الكثيرون يرددون أغانيها الجميلة بشغف ، تلك الأغاني التي غنتها بتسع لغات هي الفرنسية والإسبانية والإيطالية والألمانية والعربية والعبرية واليابانية والهولندية والتركية . احتلت لوائح أفضل عشر أغنيات حول العالم من كندا إلى اليابان ومن مصر إلى الأرجنتين . وفي عام 1978 كانت داليدا من أوائل الذين صوروا أغانيهم بطريقة الفيديو كليب بفرنسا . وفي مجال التمثيل لديها ( 12 ) فيلما .

[Chunk 2]
عاشت داليدا طفولة طبيعية بين أسرتها ، تذهب إلى المدرسة والكنيسة ، كأية طفلة ، وما إن أصبحت بالغة حتى أخذ والدها الحاد الطباع يمنعها من الخروج مع أصدقائها وصديقاتها ، لاسيما بعد أن قضى عدة أشهر في السجن لأنه كان إيطاليا ومصر كانت إبان الحرب العالمية الثانية تحت حماية المملكة المتحدة .. وبعد مرور الوقت وجدت داليدا طريقة للهروب من مراقبة والديها ، فكانت تذهب إلى الكنيسة الصغيرة وهما مطمئنان عليها ، لكنها لم تكن تذهب للصلاة ، بل كانت تنتظر فتى من أصل إيطالي اسمه ( أرماندو ) ، كانت تأتي إلى الكنيسة وتقف في مكانها المفضل البعيد عن الناس ، حيث اعتادت ان تقف فيه في طفولتها لأنها كانت تشعر بالحرج من عينها المحولة التي أجرت لها ثلاث عمليات جراحية فيما بعد .. كانت تسمع وأرماندو القداس وقد تشابكت يداهما سرا وهما يختلسان النظرات بحياء .. كان الفتى حب داليدا الأول ، وقد اقتنعت بالحياة الاعتيادية كأية امرأة في البداية بسبب ضغط والدها في أن تصبح زوجة وأما كما هو الأمر الطبيعي .. ولكن الوالد توفى إثر جلطة في الدماغ ، فبدأت تتطلع لحياة أخرى بعيدة عن القناعة بالبيت البسيط وكل ما يتعلق به من أمور ..

[Chunk 3]
حصل السادات عام 1978 على جائزة نوبل للسلام مناصفة مع رئيس وزراء إسرائيل مناحم بيجن ، إثر توقيع معاهدة السلام في كامب ديفيد ، وهو ما تسبب في ردود فعل معارضة داخل مصر والدول العربية ، ما أدى إلى اغتياله في يوم 6 أكتوبر 1981 أثناء عرض عسكري احتفالا بانتصارات حرب أكتوبر . وفي عام 2012 منح الرئيس محمد مرسي قلادة النيل ووسام نجمة الشرف لاسمه تقديرا لدوره في حرب أكتوبر . وقرر الكونغرس الأمريكي عام 2018 منح السادات ميدالية الكونغرس الذهبية بمئوية ولادته ، اعترافا بإنجازاته وإسهاماته من أجل السلام في الشرق الأوسط ، واعتمد هذا القرار الرئيس الأمريكي دونالد ترامب .",لماذا أعطى الجنرال الفرنسي ديجول لقب ميدالية رئاسة الجمهورية لداليدا ؟,بسبب أدائها الرائع وصوتها المميز,لإعطائها لقب (La Medaille de la Presidence de la Republique) أو ميدالية رئاسة الجمهورية بسبب أدائها الرائع وصوتها المميز.,0.64,0.91,0.88
"[Chunk 1]
في 5 أبريل 2013 ، جددت قناة التاريخ مسلسل الفايكنغ لموسم ثان مكون من 10 حلقات . جيف وولنو وكاري سكوغلاند انضما إلى كين جيروتي و سياران دونيلي كمخرجين للموسم الثاني . تم الإعلان عن موسمان جديدان من المسلسل في 11 يونيو 2013. ألكسندر لودفيغ يلعب دور المراهق بيورن ، ولينوس روش ، يلعب دور الملك إيكبرت من ويسيكس . يبدأ الموسم الثاني بقفزة في الزمن ، حيث يتقدم فيها الشاب بيورن ( ناثان أوتول ) ليصبح مبارزا أكبر بالسن . لم يرى بيورن الكبير والده ، راغنار "" لفترة طويلة من الزمن "". لاغيرثا تتزوج مرة أخرى من إيرل قوي ، ويوجه زوج الأم نصائح قاسية لبيورن . شارك إدفين إندر ، ابن الممثلة السويدية لينا اندري ، وشاركت أنا آستروم في بعض الأدوار في الموسم الثاني . كان إندر يلعب دور إرليندور ، أحد أبناء الملك هوريك .

[Chunk 2]
تلقى الموسم الأول ردود أفعال متفاوتة من النقاد ، إلا أن المواسم التالية حازت على تقييمات أفضل ، ويشيد العديد من النقاد بأداء إيليس على وجه التحديد . وعلى الرغم من ارتفاع نسبة المشاهدة لحلقته الأولى ، ظلت التقييمات منخفضة باستمرار طوال عرض المسلسل على فوكس . وفي 11 مايو 2018 ، ألغت فوكس المسلسل بعد ثلاثة مواسم . وبعد ذلك بشهر ، تكفلت نتفليكس بالمسلسل من أجل إنتاج موسم رابع من عشر حلقات ، أطلق في 8 مايو 2019 . وفي 6 يونيو 2019 ، جددت نتفليكس عقد المسلسل من أجل إنتاج الموسم الخامس والأخير المكون من 16 حلقة .

[Chunk 3]
بدأ عرض المسلسل في الولايات المتحدة في 31 أكتوبر ، 2010 ، حصريا على قناة أي إم سي التلفزيونية . وحول العالم على قنوات شبكة فوكس العالمية ، في الوطن العربي عرض المسلسل متزامنا على القناة السابقة فوكس للمسلسلات . بناءا على التصنيف ونسب المشاهدة العالية التى تلقاها جددت قناة أي إم سي المسلسل لموسم تالي كل سنة منذ بدء عرضه . اعتبارأ من موسمه الثالث جلب المسلسل أكبر عدد مشاهدين من أعمار ما بين 18 -49 سنة من أي برنامج تلفزيوني آخر . سوف يعرض الموسم العاشر من المسلسل يوم 10 أكتوبر 2019 ،",متى تم الإعلان عن الموسمين الجديدين من مسلسل الفايكنغ ؟,في 11 يونيو 2013,تم الإعلان عن الموسمين الجديدين من مسلسل الفايكنغ في 11 يونيو 2013.,0.91,0.91,0.9
"[Chunk 1]
شركة أبل ( Apple Inc.) هي شركة أمريكية متعددة الجنسيات تعمل على تصميم وتصنيع الإلكترونيات الاستهلاكية ومنتجات برامج الحاسوب . تشمل منتجات الشركة الأكثر شهرة أجهزة حواسيب "" ماكينتوش "" ، والجهاز الموسيقي "" آي بود "" ( iPod ) و الجهاز المحمول "" آي فون ""( iPhone ) . وتتضمن برامج شركة أبل نظام التشغيل "" ماك أو إس عشرة "" ( Mac OS X ) ، ومتصفح وسائل الإعلام "" آي تونز "" ( iTunes ) ، ومجموعة "" آي لايف "" ( iLife ) لبرمجيات الوسائط المتعددة والبرمجيات الإبداعية ، ومجموعة "" آي وورك "" ( iWork ) للبرامج الإنتاجية ، وبرنامج التصميم "" فاينال كات ستوديو "" ( Final Cut Studio ) ، والجهاز المحمول "" آي باد ""( iPad ). ومجموعة من المنتجات البرمجية لصناعة الأفلام والمواد السمعية ، ومجموعة لوجيك ستوديو للأدوات السمعية . تدير شركة أبل أكثر من مئتين وخمسين متجرا من متاجر التجزئة في تسعة بلدان ، ومتجرا على شبكة الإنترنت تباع عليه الأجهزة والمنتجات البرمجية .

[Chunk 2]
أنشئت الشركة في كوبرتينو ، كاليفورنيا في الأول من نيسان عام 1976 ، وأدرجت في الثالث من يناير لعام 1977. ظلت تسمى شركة أبل حاسوب المحدودة للسنوات الثلاثين الأولى ، ولكنها تخلت عن لفظة "" حاسوب "" في التاسع من يناير لعام 2007 ، لتعكس توسع الشركة المستمر في سوق الالكترونيات الاستهلاكية ، بالإضافة إلى تركيزها التقليدي على أجهزة الحاسوب الشخصية . للشركة ما يقرب من 35 , 000 موظفا حول العالم ، وكانت مبيعاتها السنوية عالميا 32.48 مليار دولار أمريكي في السنة المالية المنتهية في التاسع والعشرين من سبتمبر ، عام 2008. وبلغت قيمة الشركة المالية تريليون دولار في 2.8.2018 لتكون بذلك أول شركة أمريكية تبلغ قيمتها هذا الرقم ، واستطاعت شركة أبل أن تكتسب سمعة فريدة في صناعة الإلكترونيات الاستهلاكية ، لأسباب متعددة منها فلسفتها للتصميم الجمالي الشامل لحملاتها الإعلانية المميزة . كما تملك الشركة قاعدة من العملاء المتفانين للشركة وعلامتها التجارية ، لا سيما في الولايات المتحدة . أسمت مجلة فورتشن ( Fortune magazine ) شركة أبل الشركة الأكثر إثارة للإعجاب في الولايات المتحدة عام 2008 ، وفي العالم عام 2009.

[Chunk 3]
تأسست شركة أبل في الأول من نيسان ، عام 1976 ، على يد "" ستيف جوبز "" و "" ستيف وزنياك "" و "" رونالد واين "" ، لبيع الحواسيب الشخصية المسماة "" أبل -1 "" . كانت هذه الحواسيب مصنوعة بيد وزنياك ، وعرضت للجمهور أول مرة في نادي "" هومبرو "" للحواسيب . وكانت هذه الحواسيب تباع كلوحة أم ( Motherboard ): بوحدة معالجة مركزية ( CPU ) و ذاكرة للوصول العشوائي ( RAM ) ورقائق الفيديو - النصي الأساسية ، وهذه الأجزاء بالطبع أقل مما نعتبره حاسبا شخصيا في يومنا الحاضر . بدأ بيع حواسيب أبل -1 في يوليو 1976 ، وكان سعر السوق للواحد من هذه الأجهزة 666.66 دولارا أمريكيا . ( أي حوالي 2.5 ألف دولارا بالقيم الحديثة ).",ما المجال الذي تعمل به شركة أبل ؟,تصميم وتصنيع الإلكترونيات الاستهلاكية ومنتجات برامج الحاسوب,تصميم وتصنيع الإلكترونيات الاستهلاكية ومنتجات برامج الحاسوب.,0.91,0.9,0.91
"[Chunk 1]
لا يمكن للبروتينات البقاء بعد أن يتم تخليقها سوى لفترة محددة ثم يتم تحليلها وإعادة تدويرها بواسطة آلية الخلية عبر عملية تعرف بدورة البروتين . يقاس عمر البروتينات حسب عمرها النصفي ويشمل مجالا واسعا ، حيث يمكنها التواجد لدقائق فقط أو لسنوات عديدة ، متوسط عمر البروتينات هو 1 -2 يوم في خلايا الثدييات ، تتحلل البروتينات المضطربة أو المتطوية بشكل خاطئ بصفة أسرع بسبب استهدافها لتدميرها أو لكونها غير مستقرة .

[Chunk 2]
البروتينات هي جزيئات حيوية ضخمة تتكون من سلسلة أو أكثر من الأحماض الأمينية . تقوم البروتينات بوظائف كثيرة ومتنوعة داخل أجسام الكائنات منها : تحفيز التفاعلات الأيضية ، تضاعف الدنا ، الاستجابة للمنبهات ، توفير بنية للخلايا والكائنات ، ونقل الجزيئات من مكان لآخر . تختلف البروتينات عن بعضها أساسا حسب تسلسل أحماضها الأمينية الذي يحدده تسلسل نوكليوتيدات الجينات المشفرة لها ، تسلسل الأحماض الأمينية هذا يحدد تطوي البروتين إلى بنية خاصة ثلاثية الأبعاد تحدد نشاط هذا البروتين .

[Chunk 3]
ترتبط الأحماض الأمينية الفردية مع بعضها البعض بواسطة روابط ببتيدية لتشكل سلسلة خطية من الأحماض الأمينية تسمى عديد الببتيد ، يحتوي البروتين على الأقل على جزيء عديد ببتيد واحد طويل . عديدات الببتيد القصيرة التي تحوي أقل من 20 -30 حمضا أمينيا نادرا ما تعتبر بروتينات ويطلق عليها في الغالب اسم البيبتيدات وأحيانا قليلات الببتيد . تحدد الشيفرة الجينية 20 حمضا أمينيا مولدا للبروتين لكن يمكن أن تشمل الشيفرة الجينية لبعض الكائنات على السيلينوسيستئين وفي بعض العتائق على بيروليسين . أثناء التخليق الحيوي للبروتين أو بعده بوقت قصير يتم تعديل الأحماض الأمينية المكونة له كيميائيا عبر تعديلات ما بعد الترجمة ، والتي تغير الخصائص الفيزيائية والكيميائية ، تطوي ، استقرار ، نشاط ، وأخيرا وظيفة هذه البروتينات . يكون للبروتينات في بعض الأحيان مجموعات غير ببتيدية مرتبطة بها ، والتي يمكن أن تسمى مجموعات ضميمية أو عوامل مرافقة . يمكن للعدة جزيئات بروتينية أن تعمل معا لتحقيق وظيفة معينة ، وغالبا ما تترابط معا لتشكيل مركبات بروتينية مستقرة .",كم متوسط عمر البروتينات عند الثدييات ؟,1 -2 يوم,1-2 يوم.,0.92,0.91,0.88
"[Chunk 1]
تتكون أبجدية هانغل في الأصل عند إنشائها من 28 حرفا منها 17 حرفا ساكنا و 11 حرفا متحركا ، تتكون أبجدية هانغل الحديثة من إجمالي 24 حرفا منها 14 حرفا ساكنا و 10 حروف متحركة ، بعد إلغاء 4 حروف . قدر إجمالي عدد الحروف في كوريا الشمالية ب 40 حرفا . تتكون الأبجدية من 19 حرفا ساكنا و 21 حرفا متحركا ، بالإضافة إلى احتوائها على 5 حروف متحركة متوترة و 6 حروف متحركة مركبة ومعقدة .

[Chunk 2]
تستخدم الأبجدية الكورية ، والمعروفة باسم هانغل في كوريا الجنوبية وكوريا الشمالية ، في كتابة اللغة الكورية منذ نشأتها في القرن الخامس عشر على يد الملك سيجونغ العظيم . إنها نظام الكتابة الرسمي في الكوريتين الجنوبية والشمالية . تعتبر نظام الكتابة الرسمي المشترك في ولاية يانبيان الكورية المستقلة ومقاطعة تشانغباي الكورية المستقلة في مقاطعة جيلين ، بالصين . كما تستخدم أحيانا في كتابة لغة سيا - سيا التي يتحدث بها بالقرب من مدينة باو باو ، بإندونيسيا . طور واستخدم عالم اللغة التايواني إكسيو كودي ( 1987 ) أبجدية هانغل المعدلة لتمثل لغة هوكين التايوانية المنطوقة ، دعمه أنغ أوي - جين لاحقا .

[Chunk 3]
تكتب الحروف العربية من اليمين إلى اليسار ، بنمط يعتمد على وصل حروف الكلمة الواحدة ببعضها ، وتشمل هذه الحروف الهجائية 28 حرفا أساسيا ، والبعض يعتبرها 29 حرفا باعتبار الهمزة حرفا منفصلا . وتشير الروايات المتواترة إلى أن الكتابة العربية اشتقت من الخط الحميري ( المسند ) ، الذي انتقل إلى العراق في عهد المناذرة ، حيث تعلمه أهل الحيرة ، ثم تعلمه أهل الأنبار ، ثم انتقل إلى الحجاز ، عن طريق القوافل التجارية والأدبية ؛ وقد أخرج الحافظ أبو طاهر السلفي في الطيوريات بسنده عن الشعبي ما يؤيد ذلك فقال : .",اين قدر إجمالي عدد حروف هانغل بأربعين حرفا ؟,في كوريا الشمالية,لا كوريا الشمالية.,0.91,0.9,0.91
"[Chunk 1]
ولد عمرو عبد الباسط عبد العزيز دياب في محافظة ومدينة بورسعيد ، وعائلته من منيا القمح من قرية سنهوت في محافظة الشرقية ، ووالدته من مدينة بور سعيد المصرية . عمل والده عبد الباسط دياب ، لدى شركة قناة السويس كرئيس للإنشاءات البحرية وبناء السفن ، وكان ذا صوت جميل مما جعله يشجع ابنه على الغناء . اصطحب معه عمرو عندما بلغ السادسة من عمره إلى مهرجان في بورسعيد 23 يوليو 1967 ، وزار هناك محطة الإذاعة المحلية ، فكان أول ظهور إذاعي له حيث غنى النشيد الوطني المصري ( بلادي بلادي ). أعجب بصوته محافظ بورسعيد مما جعله يهديه قيثارة . ولكن بعد نشوب حرب 1967 قامت السلطات المصرية بجلاء سكان محافظات القناة . اضطرت عائلة عمرو دياب إلى العودة إلى مسقط راسه قرية سنهوت مركز منيا القمح بمحافظة الشرقية ، واستقرت هناك . وحصل على درجة البكالريوس في تخصص الموسيقى العربية من أكاديمية الفنون عام 1983 بدأ حياته الغنائية في نفس العام .

[Chunk 2]
عمرو دياب ( 11 أكتوبر 1961 - ) ، مغن مصري ، يعد واحدا من أشهر المطربين في الوطن العربي حيث حققت ألبوماته مبيعات هائلة و ترجمت العديد من أغانيه إلى عدة لغات أهمها الإنجليزية والروسية والكرواتية والبلغارية والتركية والألبانية والهندية ، واليونانية والفرنسية ، تميز عمرو دياب بإدخاله آلات جديدة في موسيقاه وابتكار أنواع مختلفة من الأغاني عبر تاريخه . حصل على جوائز عديدة خلال مشواره الفني ، منها ورلد ميوزك أورد 7 مرات عن أعلى مبيعات في الشرق الأوسط أعوام 1998 و 2002 و 2007 و 2014. ومن الجدير ذكره أن العمر الفني للفنان عمرو دياب يزيد عن 35 عاما منذ انطلاق أول ألبوم له "" يا طريق "" عام 1983 حتى ألبوم "" كل حياتي "" عام 2018. عمرو دياب هو أول مطرب عربي يدخل موسوعة غينيس للأرقام القياسية حيث قامت المجموعة بتسجيل الفنان عمرو دياب كأول مطرب عربي يحصل على أكبر عدد من جوائز الموسيقى العالمية لأكثر مبيعات في الشرق الأوسط . في عام 2019 حقق المرتبة الأولى لأكثر الفنانين العرب استماعا حول العالم ، عبر تطبيق الموسيقى ( أنغامي ). حيث وصل عدد المستمعين إلى 147 مليون و 500 ألف استماع .

[Chunk 3]
أصله من الكفرون الواقعة في طرطوس ، انتقل منها إلى مدينة حمص وعاش حياته بين سوريا ولبنان . هو أب لثلاثة أولاد هم : وديع ، حاتم ، وجورج جونيور وابنة واحدة وهي : عيون . ومن هنا جاء لقب أبو وديع وهو اللقب الأحب إلى قلبه . تعرف على زوجته شاليمار حين كان يحيي إحدى الحفلات وكان عمره تقريبا 21 سنة . تم الزواج المدني في باريس لأن أهل شاليمار لم يكونوا راضين . وفي أقوال أخرى لما طلبها رفضوه فتزوجها من دون علمهم "" خطيفة "" كما درج إطلاق هذه العبارة على هذا النوع من الزيجات .",أين استقرت عائلة عمرو دياب بعد حرب 1967 ؟,قرية سنهوت,قرية سنهوت مركز منيا القمح بمحافظة الشرقية.,0.73,0.91,0.9
"[Chunk 1]
كانت توجد قرية مشركة ، ضل ملكها وأهلها عن الطريق المستقيم ، وعبدوا مع الله مالا يضرهم ولا ينفعهم . عبدوهم من غير أي دليل على ألوهيتهم . ومع ذلك كانوا يدافعون عن هذه الآلهة المزعومة ، ولا يرضون أن يمسها أحد بسوء . ويؤذون كل من يكفر بها ، ولا يعبدها . في هذا المجتمع الفاسد ، ظهرت مجموعة من الشباب العقلاء . قلة قليلة حكمت عقلها ، ورفضت السجود لغير خالقها ، الله الذي بيده كل شيء . فتية ، آمنوا بالله ، فثبتهم وزاد في هداهم . وألهمهم طريق الرشاد . لم يكن هؤلاء الفتية أنبياء ولا رسلا ، ولم يتوجب عليهم تحمل ما يتحمله الرسل في دعوة أقوامهم . إنما كانوا أصحاب إيمان راسخ ، فأنكروا على قومهم شركهم بالله ، وطلبوا منهم إقامة الحجة على وجود آلهة غير الله . ثم قرروا النجاة بدينهم وبأنفسهم بالهجرة من القرية لمكان آمن يعبدون الله فيه . فالقرية فاسدة ، وأهلها ضالون . عزم الفتية على الخروج من القرية ، والتوجه لكهف مهجور ليكون ملاذا لهم . خرجوا ومعهم كلبهم من المدينة الواسعة ، للكهف الضيق . تركوا وراءهم منازلهم المريحة ، ليسكنوا كهفا موحشا .

[Chunk 2]
يقول الشيخ عبد الرحمن بن سعدي : "" اشتملت [ أي الآية ] على أصول عظيمة على توحيد الربوبية وأنه تعالى رب كل شيء وخالقه ورازقه ومدبره ، وعلى توحيد الألوهية والعبادة وأنه تعالى الإله المعبود وعلى أن ربوبيته موجبة لعبادته وتوحيده ولهذا أتى فيه بالفاء في قوله : { فاعبده } الدالة على السبب أي فكما أنه رب كل شيء فليكن هو المعبود حقا فاعبده ، واشتملت على أن الله تعالى كامل الأسماء والصفات عظيم النعوت جليل القدر وليس له في ذلك شبيه ولا نظير ولا سمي ، بل قد تفرد بالكمال المطلق من جميع الوجوه والاعتبارات ""

[Chunk 3]
أما في المسيحية ، واعتمادا على العهد الجديد ، فيسوع هو المسيح الذي انتظره اليهود وفيه تحققت نبؤات العهد القديم ، وله عدد وافر من الألقاب ، وهو معصوم ، وكامل ، والوحيد الذي لم يرتكب أي خطيئة ، وقد ولد من عذراء بطريقة إعجازية ، واجترح عجائب ومعجزات عديدة وقدم تعاليما صالحة لكل آن ، رافعا البشر لمرتبة أبناء الله ، لتمثل حياته "" إنجيل عمل "" ملهم لأتباعه ، وأسس الكنيسة ، ومات على الصليب تكفيرا عن خطايا العالم ، فكان محرر البشرية وبشراها السارة ، ثم قام من بين الأموات ورفع إلى السماء ، بعد أن وعد المؤمنين به أنه سيعود في آخر الزمان ؛ ليكون بذلك كمال الإعلان الإلهي للبشر ، وختام رسالات السماء ، مفتتحا عهدا جديدا ، بعد سلسلة من العهود السابقة ، ليغدو بذلك طريقه ، الوسيط الوحيد بين الله والإنسان ؛ بعد مرحلة طويلة من الإعداد بدأت منذ آدم وإبراهيم .",من اللذان تواجها لإظهار الاله الحقيقي الذي يستحق العبادة ؟,إبراهيم وملك يدعي الألوهية,"الفتية الذين ظهرت مجموعة منهم في القرية الفاسدة، الذين أنكروا على قومهم شركهم بالله وطلبوا منهم إقامة الحجة على وجود آلهة غير الله.",0.76,0.91,0.2
"[Chunk 1]
ولكن بعد خروجه من السجن أصبحت وسائل الأعلام العالمية تتناقل أخباره وأصبحت شهرته تزداد يوما بعد يوم فعكف على إنتاج الأغاني واصدر شريطه الذائع الصيت All Eyez On Me الذي تجاوزت مبيعاته حاجز ال 10 ملايين نسخه في أمريكا وحدها و 30 مليون نسخه حول العالم . ذكر أحد المسؤلين في الشركة المنتجة للألبوم أن الألبوم استغرق من وقت توباك أسبوعين فقط في تنفيذه . بصحبة شوغ نايت في سيارة بي إم دبليو موديل BMW 96 حين توقفت بجواره سيارة كاديلاك بيضاء بها أربعة أو خمسة أفراد وبدأ الجالس على المقعد الخلفي من جهة توباك إطلاق النار بشكل مكثف وكان ذلك في اليوم السابع من سبتمبر سنة 1996 . أطلق المعتدي وابلا من الرصاص ، إخترقت واحدة كتف توباك ، وواحدة أخرى فخذه ، والحوض وأخرى اخترقت صدره وأصابت رئته اليمنى - وقد تم استئصالها لاحقا - لاذت السيارة بالفرار ولم يعرف حتى الآن قاتل توباك وهناك عدة إتهامت من أنصار توباك لمغني الساحل الشرقي بقتله وأيضا اتهم سنوب دوغ من أحد الأصدقاء المقربين لتوباك في ذلك الحين والسبب أنه كان يغار من أرباح توباك ونجوميته الكبيرة حول العالم كله ولكن مكتب التحقيقات الفدرالي لم يستطع إثبات شيء .

[Chunk 2]
تعرض توباك قبيل مقتله إلى محاولة إغتيال سنة 1994 حينما كان في نيويورك يستعد لتسجيل إحدى أغانيه وكان بالأستوديو عدد من مغنيي الراب الأمريكيين ومنهم بيغي نوتوريوس بي . آي . جي . والذي اتهم بانه وراء هذا العمل مع العلم انه واحد من الذين كانوا مقربين لتوباك قبل الحادث لكنه دافع عن نفسه لاحقا بعد شفاء توباك بأنه لم يكن وراء تلك المحاولة . هذة المحاولة غيرت من طبيعة توباك و جعلته أكثر ميلا للشك والإشتباه ، كما أنه قام بإصدار بعض الأغنيات التي يوجه فيها إتهامه لشخصيات واقعية ، نتج عنها ما يعرف بإسم حرب الراب ، أو حرب الساحل الشرقي والساحل الغربي . على الساحل الشرقي كان نوتوريوس بي . آي . جي . ومعه شون كومز وشركته Bad Boy Records ، وعلى الغربي كان توباك وشركة ديث رو ركوردز Death Row Records وصاحبها شوغ نايت . وكانت تلك الحرب محل متابعة من كل محبي الراب في الولايات وربما العالم ، وكانت كلمات الأغاني تشتمل على تهديدات مباشرة وسب وقذف . توباك قبيل مقتله مباشرة أعلن أنها مجرد خلاف في وجهات النظر لا يرقى لكونه حربا ، وأنه ليس مستعدا لخرق القانون من أجل تفاهات على حد تعبيره . تم القبض على توباك عدة مرات واطولها سجنه 11 شهرا .

[Chunk 3]
بدأ توباك مشواره الفني في بداية التسعينات وكان أول ظهور له في الفيديو الغنائي "" Same Song "" . وكأغلب مغنين الهيب هوب أو الراب بدأ توباك مشواره كمغن مغمور أو كما يسمى Under Ground Rapper ، أي انه يغني في حفلات غير رسمية ويصدر ألبوماته ، وبدأ بألبومه غير الرسمي "" Sons Of The P. Later "" وبعدها أصدر ألبومه الرسمي الأول "" 2 Pacalypse Now "" الذي أحدث ضجة وأرباحا كثيرة ، وتعرض توباك بسبب ألبومه الأول للكثير من الإنتقادات من قبل السلطات والمحافظين بأن ألبومه يحرض الشباب وخصوصا السود منهم على خرق القوانين والعنف والإجرام بالإضافة لاستخدامه الكثير من الألفاظ البذيئة لكن في الحقيقة كانت أغانيه تعبر عن غضبه من السلطات الغربية بشكل عام والأمريكية بشكل خاص . وخصوصا في القضايا الإجتماعية والسياسة كالعنصرية ضد السود والمسلمين ، والحرب في الشرق الأوسط والظلم واضطهاد الشعوب الفقيرة ولهذا السبب يعتقد الكثيرون من معجبيه أنه كان يلمح إلى الماسونيين masonry والمتنورين illuminati . اسس توباك مجموعة غنائية كانت تدعى Thug life بعد ما انظم مع مجموعة outlawz. في أواخر عام 1993 لمعت نجومية توباك . كان توباك متميزا من الناحية اللغوية ؛ فقد كانت كلماته وطريقة وصله لأبيات الشعر ( lyrics ) تذهل الناس . لقب ب ( شكسبير الأسود ) وفي عام 2001 اعتمدت بعض أغانيه في الجامعات الأمريكية الرسمية في قسم الشعر ( poetry ) وهي تدرس لطلاب اللغة حتى الآن . اشتهر توباك بشخصيته القوية وصراحته المطلقة والتي يعتقد الكثيرون أنها السبب الرئيسي في مقتله . بعد موته أصبح رمزا من رموز الحرية والمقاومة لدى الكثير من الناس . كان يخبر الناس في أغانيه أن هناك من يريد قتله وأنه سيموت لأنه قرر الإستمرار في مشواره وعدم الرضوخ للسلطات أو أي شخص . وكان هذا سببا في إعتقاد البعض أن توباك لايزال على قيد الحياة وهو مختبئ في مكان ما حتى الآن .",متى تم قتل توباك ؟,في اليوم السابع من سبتمبر سنة 1996,7 سبتمبر 1996.,0.9,0.91,0.9
"[Chunk 1]
الملك حمد بن عيسى بن سلمان آل خليفة ( 28 يناير 1950 ) ، ملك مملكة البحرين . وهو أكبر أنجال أمير دولة البحرين الشيخ عيسى بن سلمان آل خليفة ، أصبح أميرا على البحرين في 6 مارس 1999 ، وملكا عليها في 14 فبراير 2002. حرص والده على انتقاء مدرسين متخصصين له ، كما حرص على تعليمه القرآن . وبعد أن أنهى من دراسته الأولية في مدراس البحرين الابتدائية أدخله والده « مدرسة ليز الثانوية » في مدينة كامبريدج التي يوجد بها أعرق الجامعات البريطانية .

[Chunk 2]
البحرين أو ( رسميا : مملكة البحرين ) دولة جزيرية عربية في الخليج العربي على الجهة الشرقية من شبه الجزيرة العربية وعاصمتها المنامة . ترتبط مملكة البحرين مع المملكة العربية السعودية بجسر صناعي يسمى جسر الملك فهد ، وهناك مخطط لربطها بجسر آخر مع السعودية بإسم ( جسر الملك حمد ) . بلغ عدد سكانها إحصاء عام 2010 ما يقارب 1 , 234 , 571 نسمة ، منهم 666 , 172 نسمة من غير المواطنين . نالت البحرين استقلالها عن بريطانيا عام 1971 ، وتم إعلانها كدولة مستقلة ، لكن في سنة 2002 وبعد استفتاء شعبي عام على ميثاق العمل الوطني أصبح اسم البلاد مملكة البحرين .

[Chunk 3]
حمد بن خليفة بن حمد بن عبدالله بن جاسم بن محمد آل ثاني ( 1 يناير 1952 -) ، أمير دولة قطر السابق . تولى الإمارة في 27 يونيو 1995 بعد قيامه بانقلاب أبيض على والده أمير دولة قطر آنذاك خليفة بن حمد آل ثاني حتى تنازله عن الحكم لابنه الشيخ تميم بن حمد آل ثاني في 25 يونيو 2013 . تلقى دراسته الابتدائية والإعدادية والثانوية في مدارس الدولة ، ثم التحق بأكاديمية ساندهيرست العسكرية الملكية في المملكة المتحدة وتخرج فيها في شهر يوليو من عام 1971 ، وإنضم بعدها إلى القوات المسلحة القطرية وتدرج في المناصب والرتب العسكرية حتى رقي إلى رتبة لواء وعين قائدا عاما للقوات المسلحة ، وقد لعب دورا رئيسا في تطوير القوات المسلحة وزيادة عدد أفرادها واستحداث وحدات جديدة وتجهيزها بأحدث الأسلحة والاهتمام بتدريب الضباط والأفراد على أحدث الأساليب العسكرية المتطورة . وقد أولى عناية كبيرة للأنشطة الرياضية والشبابية من خلال المجلس الأعلى لرعاية الشباب والأندية والأجهزة الرياضية المختلفة .",متى تولى حمد بن عيسى آل خليفة إمارة البحرين ؟,6 مارس 1999,6 مارس 1999.,0.91,0.91,0.91
"[Chunk 1]
مع شروق شمس يوم التاسع من ذي الحجة يخرج الحاج من منى متوجها إلى عرفة للوقوف بها ، والوقوف بعرفة يتحقق بوجود الحاج في أي جزء من أجزاء عرفة ، سواء كان واقفا أو راكبا أو مضطجعا ، لكن إذا لم يقف الحاج داخل حدود عرفة المحددة في هذا اليوم فقد فسد حجه ، يعد الوقوف بعرفة أهم ركن من أركان الحج وذلك لقول النبي محمد : . وقد وردت بعض الأحاديث النبوية التي تتحدث عن فضل هذا اليوم منها : ما رواه أبو هريرة عن النبي محمد أنه قال : ، وما روته عائشة عن النبي محمد أنه قال : .

[Chunk 2]
وأما صيام الحاج يوم عرفة ففيه خلاف ، فقد روي عن عثمان بن أبي العاص وابن الزبير أنهما كانا يصومانه ، وقال أحمد بن حنبل : إن قدر على أن يصوم صام ، وإن أفطر فذلك يوم يحتاج فيه إلى قوة ، وكان إسحاق يستحب صومه للحاج ، وكان عطاء يقول : أصوم في الشتاء ولا أصوم في الصيف ، وكان مالك بن أنس وسفيان الثوري يختاران الإفطار للحاج وكذلك الشافعي . وروي عن ابن عمر رضي الله عنهما أنه قال : « لم يصمه النبي ولا أبو بكر ولا عمر ولا عثمان ولا أصومه أنا ». انتهى كلامه . وفي صحيح البخاري : « عن أم الفضل بنت الحارث أن ناسا تماروا عندها يوم عرفة في صوم النبي فقال بعضهم : هو صائم وقال بعضهم ليس بصائم فأرسلت إليه بقدح لبن وهو واقف على بعيره فشربه ». وفي رواية للبخاري أيضا : « عن ميمونة رضي الله عنها أن الناس شكوا في صيام النبي يوم عرفة فأرسلت إليه بحلاب وهو واقف في الموقف فشرب منه والناس ينظرون ». قال الشوكاني : واعلم أن ظاهر حديث أبي قتادة عند مسلم وأصحاب السنن مرفوعا صوم يوم عرفة يكفر سنتين ماضية ومستقبلة الحديث أنه يستحب صوم يوم عرفة مطلقا ، وظاهر حديث عقبة بن عامر عند أهل السنن غير ابن ماجه يوم عرفة ويوم النحر وأيام التشريق عيدنا أهل الإسلام .. الحديث أنه يكره صومه مطلقا لجعله قريبا في الذكر ليوم النحر وأيام التشريق ، وتعليل ذلك أنها عيد وأنها أيام أكل وشرب . انتهى .

[Chunk 3]
يوم عرفة هو يوم الوقوف على جبل عرفة أو عرفات في التاسع من شهر ذي الحجة . هناك عدة أقوال لتسمية عرفة بهذا الاسم ، فقد قيل بأنها سميت بذلك لأن آدم عرف حواء فيها ، وقيل لأن جبريل عرف إبراهيم فيها المناسك ، وقيل لتعارف الناس فيها ، وقيل بأن الكلمة مأخوذة من العرف وهو الطيب ؛ كونها مقدسة . إلا أن الروايتين الأكثر تأكيدا هما ؛ أن أبو البشر آدم التقى مع حواء وتعارفا بعد خروجهما من الجنة في هذا المكان ولهذا سمي بعرفة ، والثانية أن جبريل طاف بالنبي إبراهيم فكان يريه مشاهد ومناسك الحج فيقول له : "" أعرفت أعرفت؟ "" فيقول إبراهيم : "" عرفت عرفت "" ولهذا سميت عرفة .",ما الذي يحدث إذا لم يقف الحاج بعرفة ؟,فسد حجه,يفسد حجه.,0.9,0.9,0.9
"[Chunk 1]
بلجيكا أو مملكة بلجيكا هي دولة ذات نظام "" ملكي اتحادي "" في أوروبا الغربية . وهي عضو مؤسس في الاتحاد الأوروبي ، وتستضيف مقر الاتحاد الأوروبي ، فضلا عن ذلك العديد من المنظمات الدولية الرئيسية الأخرى مثل منظمة حلف شمال الأطلسي . بلجيكا تغطي مساحة 30 ، 528 كيلومتر مربع ( 11 ، 787 ميل مربع ) ، وعدد سكانها حوالي 11 مليون نسمة .

[Chunk 2]
هولندا ( بالهولندية : ) هي دولة تأسيسية تشكل الجزء الأوروبي من مملكة الأراضي المنخفضة ( بالهولندية : Koninkrijk der Nederlanden ) التي تتكون رسميا من جزء أوروبي يضم اثنتي عشر مقاطعة ، وتقع شمال غرب أوروبا ، وجزء كاريبي يتكون من ثلاث جزر في البحر الكاريبي بأميركا اللاتينية . ويحد الجزء الأوروبي بحر الشمال من ناحيتي الشمال والغرب ، و بلجيكا من الجنوب ، وألمانيا من الشرق ، ويشترك في حدوده البحرية مع كل من بلجيكا وألمانيا والمملكة المتحدة . نظام الحكم في هولندا ديمقراطي برلماني ، وعاصمتها الرسمية هي أمستردام ، في حين يقع مقر الملك والحكومة في لاهاي . ميناء روتردام هو أكبر ميناء في أوروبا – ويصل حجمه حجم الثلاث موانئ التي تليه مجتمعة – وكان أكبر ميناء في العالم في الفترة بين 1962 و 2004. وكثيرا ما يستخدم اسم "" هولاندا "" ليشير لكل مملكة الأراضي المنخفضة .

[Chunk 3]
على جانبي الحدود الثقافية بين أوروبا الجرمانية واللاتينية ، وفي بلجيكا لغتين رئيسيتين هما : الهولندية المتكلمين بها ( حوالي 59 % ) ، ومعظمهم الفلمنكية ، والمتكلمين بالفرنسية ( حوالي 41 % ) ، ومعظمهم الولونيين ، بالإضافة إلى مجموعة صغيرة من المتحدثين بالألمانية . اثنين من أكبر المناطق في بلجيكا هي المنطقة الناطقة باللغة الهولندية الفلاندر في الشمال والمنطقة الناطقة بالفرنسية جنوب والونيا . في إقليم العاصمة بروكسل ، ثنائية اللغة رسميا ، هو جيب الناطقة بالفرنسية في الغالب داخل الإقليم الفلمنكي . تتواجد الجماعة الناطقة باللغة الألمانية في شرق والونيا . تنعكس تنوع بلجيكا اللغوية والصراعات السياسية ذات الصلة في التاريخ السياسي ونظام معقد من الحكومة .",ما نظام الحكم في بلجيكا ؟,"نظام "" ملكي اتحادي ""","نظام "" ملكي اتحادي "".",0.78,0.91,0.91
"[Chunk 1]
والذكاء الاصطناعي فرع من علم الحاسوب . تعرف الكثير من المؤلفات الذكاء الاصطناعي على أنه "" دراسة وتصميم العملاء الأذكياء "" ، والعميل الذكي هو نظام يستوعب بيئته ويتخذ المواقف التي تزيد من فرصته في النجاح في تحقيق مهمته أو مهمة فريقه . هذا التعريف ، من حيث الأهداف والأفعال والتصور والبيئة يرجع إلى وتشمل أيضا التعريفات الأخرى المعرفة والتعلم كمعايير إضافية . صاغ عالم الحاسوب جون مكارثي هذا المصطلح بالأساس في عام 1956 ، وعرفه بنفسه بأنه "" علم وهندسة صنع الآلات الذكية "". ويعرف أندرياس كابلان ومايكل هاينلين الذكاء الاصطناعي بأنه "" قدرة النظام على تفسير البيانات الخارجية بشكل صحيح ، والتعلم من هذه البيانات ، واستخدام تلك المعرفة لتحقيق أهداف ومهام محددة من خلال التكيف المرن "".

[Chunk 2]
أسس المجال الحديث لبحوث الذكاء الاصطناعي في مؤتمر في حرم كلية دارتموث في صيف عام 1956. أصبح هؤلاء الحضور قادة بحوث الذكاء الاصطناعي لعدة عقود ، وخاصة جون مكارثي ومارفن مينسكاي ، ألين نويل وهربرت سيمون الذي اسس مختبرات للذكاء الاصطناعي في معهد ماساتشوستس للتكنولوجيا ( MIT ) وجامعة كارنيغي ميلون ( CMU ) وستانفورد . هم وتلاميذهم كتبوا برامج أدهشت معظم الناس . كان الحاسب الآلي يحل مسائل في الجبر ويثبت النظريات المنطقية ويتحدث الإنجليزية .

[Chunk 3]
في أوائل الثمانينات ، شهدت أبحاث الذكاء الاصطناعي صحوة جديدة من خلال النجاح التجاري "" للنظم الخبيرة "" ، و هي أحد برامج الذكاء الاصطناعي التي تحاكي المعرفة والمهارات التحليلية لواحد أو أكثر من الخبراء البشريين . بحلول عام 1985 وصلت أرباح أبحاث الذكاء الاصطناعي في السوق إلى أكثر من مليار دولار ، وبدأت الحكومات التمويل من جديد . وبعد سنوات قليلة ، بدءا من انهيار سوق آلة ال Lisp Machine ( احدى لغات البرمجة ) في عام 1987 ، شهدت أبحاث الذكاء الاصطناعي انتكاسة أخرى ولكن أطول .",من الذي عرف الذكاء الاصطناعي انه علم وهندسة صنع الالات الذكية ؟,جون مكارثي,جون مكارثي.,0.92,0.93,0.92
"[Chunk 1]
عبد الله الفيصل بن عبد العزيز آل سعود ، ( 1922 - 2007 ). هو الأمير والشاعر والابن البكر للملك فيصل بن عبد العزيز ، ووالدته هي الأميرة سلطانة بنت أحمد بن محمد السديري ، وولد بمدينة الرياض في 5 من شهر ذو الحجة من عام 1341 ه ، وقد تولى تربيته في صغره جده الملك عبدالعزيز آل سعود ، ولما بلغ الخامسة من عمره انتقل مع والده الملك فيصل إلى الحجاز ؛ فتلقى علومه فيها .

[Chunk 2]
عبدالعزيز آل سعود ، عبد العزيز بن عبد الرحمن الفيصل آل سعود ( ذو الحجة 1292 ه / يناير 1876 م ، ربيع الأول 1373 ه / نوفمبر 1953 م ) هو مؤسس المملكة العربية السعودية الحديثة وأول ملوكها ، والحاكم الرابع عشر من أسرة آل سعود . ولد في الرياض لأسرة آل سعود الحاكمة في نجد ، ولما بلغ العاشرة من عمره انتقل مع عائلته إلى قطر ثم البحرين ثم إلى الكويت واستقبلهم أميرها مبارك الصباح بعد انتصار آل رشيد أمراء حائل على آل سعود ، والده عبد الرحمن بن فيصل بن تركي آل سعود آخر أئمة الدولة السعودية الثانية . وأمه سارة بنت أحمد الكبير بن محمد بن تركي بن سليمان السديري .

[Chunk 3]
ولد سعود الفيصل في مدينة الطائف يوم 22 ذو القعدة 1358 ه الموافق 2 يناير 1940. وهو الابن الرابع للملك فيصل بن عبد العزيز آل سعود ، والثاني من زوجته الملكة عفت بنت محمد بن سعود الثنيان آل سعود ، وكان الملك فيصل قد تزوجها سنة 1932 م عندما كان نائبا للملك على الحجاز ووزيرا للخارجية ، وهي الوحيدة من بين زوجات ملوك السعودية التي أطلق عليها لقب صاحبة الجلالة الملكة . كما أنه حفيد الملك عبد العزيز آل سعود ، والأخ الشقيق لكل من محمد الفيصل ، وعبد الرحمن الفيصل ، وبندر الفيصل ، وتركي الفيصل ، وسارة الفيصل ، ولطيفة ولولوة الفيصل ، وهيفاء الفيصل .",كم بلغ عبد الله الفيصل من العمر عندما انتقل مع والده إلى الحجاز ؟,الخامسة من عمره,لما بلغ الخامسة من عمره.,0.87,0.9,0.91
"[Chunk 1]
راغنار لوثبروك هو بطل وحاكم أسطوري من الفايكنغ ، ورد ذكره في الأشعار النوردية القديمة ، وبحسب هذه الأعمال الأدبية فقد كان مشاركا بعدد من الغزوات على بلاد الفرنجة وإنجلترا الانجلوسكسونية خلال القرن التاسع للميلاد . بحسب الأدب النوردي القديم ، فقد تزوج راغنار من الملكة الأسطورية آسلوغ ، وكان لديه 6 أبناء هم بيورن وسيغارد عين الأفعى وإيفار الكسيح وأوبا وفيسترك وماغنوس . وعلى الرغم من كون أبناء راغنر شخصيات تاريخية حقيقية ، لكن لا يوجد دليل على أن راغنر نفسه كان كذلك ، ويبدو أنه شخصية خيالية جاءت من الأدب ونسب إليها العديد من الأحداث التاريخية .

[Chunk 2]
ولد زوكربيرج في دوبس فيري ، نيويورك ، لأسرة يهودية في بيئة متعلمة ، أبوه ادوارد زوكربيرج كان طبيب للأسنان وأمه كارين طبيبة نفسية . وله ثلاثة أخوات راندي ودونا وآريال ، وكان يعتبر نفسه ملحدا لكن صرح عبر رد على احد التعليقات أنه ليس ملحد ويعتقد أن الدين مهم جدا . تطورت اهتمامات مارك بالكمبيوتر منذ طفولته المبكرة فهو مبرمج كمبيوتر ، وخاصة وسائل الاتصال والألعاب . حيث قام بتطوير العديد من الألعاب والبرامج كان أولها برنامج للتواصل سماه “ Zucknet ” في سن الثانية عشر ، والذي قام والده باستخدامه في العيادة بحيث تستطيع الممرضة التواصل مع أبوه الطبيب بدون الحاجة لأن تقوم بزيارة غرفته لإعلامه بوجود مريض في غرفة الإنتظار . واستخدمت العائلة نفس البرنامج في المنزل للتواصل بين أفرادها في المنزل ! بدأ البرمجة عندما كان في المرحلة الإعدادية ، بينما كان يحضر أكاديمية فيليبس اكستر في المدرسة الثانوية ، بنى برنامج لمساعدة العاملين في مكتب الاتصال ونسخة من لعبة الأخطار . كما بنى مشغل موسيقى يدعى الوصلة العصبية التي تستخدم الذكاء الاصطناعي لمعرفة عادات المستخدم في الاستماع . حاولت مايكروسوفت وإيه أو إل أن تشتري الوصلة العصبية وتوظف زوكربيرج لديها ولكنه رفض وفضل تحميلها بالمجان وقرر الالتحاق بجامعة هارفارد .

[Chunk 3]
ولدت إليزابيث في لندن وتلقت تعليما خاصا في منزلها . ارتقى والدها ، جورج السادس ، عرش بريطانيا بعدما تنازل له شقيقه إدوارد الثامن عنه في عام 1936 م ، ومنذ ذلك الحين أصبحت إليزابيث الوريث المفترض للعرش . ومن هنا ، أخذت إليزابيث الواجبات العامة على عاتقها أثناء الحرب العالمية الثانية ؛ حيث انضمت هناك للعمل في الخدمة الإقليمية الاحتياطية . وفي عام 1947 م ، تزوجت الملكة إليزابيث من الأمير فيليب ، دوق إدنبره ، وأنجبت منه أطفالها الأربعة : الأمير تشارلز ، أمير ويلز ؛ والأميرة آن ؛ والأمير أندرو ، دوق يورك ؛ وأخيرا الأمير إدوارد ، إيرل وسكس .",كم كان لدى لوثبروك من الاولاد ؟,6 أبناء,كان لديه 6 أبناء.,0.88,0.91,0.88
"[Chunk 1]
ولد ابن القيم سنة 691 ه الموافقة لسنة 1292 م ، فنشأ في مدينة دمشق ، واتجه لطلب العلم في سن مبكرة ، فأخذ عن عدد كبير من الشيوخ في مختلف العلوم منها التفسير والحديث والفقه والعربية ، وقد كان ابن تيمية أحد أبرز شيوخه ، حيث التقى به في سنة 712 ه / 1313 م ، فلازمه حتى وفاته في سنة 728 ه / 1328 م ، فأخذ عنه علما جما واتسع مذهبه ونصره وهذب كتبه ، وقد كانت مدة ملازمته له سبعة عشر عاما تقريبا . وقد تولى ابن قيم الجوزية الإمامة في "" المدرسة الجوزية "" ، والتدريس في "" المدرسة الصدرية "" في سنة 743 ه .

[Chunk 2]
أبو عبد الله شمس الدين محمد بن أبي بكر بن أيوب بن سعد بن حريز الزرعي ( 691 ه - 751 ه / 1292 م - 1350 م ) المشهور باسم "" ابن قيم الجوزية "" أو "" ابن القيم "". هو فقيه ومحدث ومفسر وعالم مسلم مجتهد وواحد من أبرز أئمة المذهب الحنبلي في النصف الأول من القرن الثامن الهجري . نشأ ابن القيم حنبلي المذهب ؛ فقد كان والده "" أبو بكر بن أيوب الزرعي "" قيما على "" المدرسة الجوزية الحنبلية "" ، و عندما شب واتصل بشيخه ابن تيمية حصل تحول بحياته العلمية ، فأصبح لا يلتزم في آرائه وفتاويه بما جاء في المذهب الحنبلي إلا عن اقتناع وموافقة الدليل من الكتاب والسنة ثم على آراء الصحابة وآثار السلف ، ولهذا يعتبره العلماء أحد المجتهدين .

[Chunk 3]
سجن ابن القيم مع ابن تيمية في شهر شعبان سنة 726 ه / 1326 م بسبب إنكاره لشد الرحال لزيارة القبور ، وأوذي بسبب هذا ، فقد ضرب بالدرة وشهر به على حمار . وأفرج عنه في يوم 20 ذو الحجة سنة 728 ه وكان ذلك بعد وفاة ابن تيمية بمدة . ويذكر المؤرخون أنه قد جرت له مشاكل مع القضاة منها في شهر ربيع الأول سنة 746 ه بسبب فتواه بجواز إجراء السباق بين الخيل بغير محلل . وكذلك حصلت له مشاكل مع القضاة بسبب فتواه بمسألة أن الطلاق الثلاث بكلمة واحدة يقع طلقة واحدة . وتوفي في 13 رجب سنة 751 ه وعمره ستون سنة ، ودفن بمقبرة الباب الصغير بدمشق .","متى حصل تحول في حياة "" ابن القيم "" العلمية ؟",عندما شب واتصل بشيخه ابن تيمية,حصل تحول في حياة ابن القيم العلمية عندما شب واتصل بشيخه ابن تيمية.,0.93,0.9,0.9
"[Chunk 1]
السلاح النووي هو سلاح تدمير فتاك يستخدم عمليات التفاعل النووي ، يعتمد في قوته التدميرية على عملية الانشطار النووي أو الاندماج النووي ؛ ونتيجة لهذه العملية تكون قوة انفجار قنبلة نووية صغيرة أكبر بكثير من قوة انفجار أضخم القنابل التقليدية ، حيث أن بإمكان قنبلة نووية واحدة تدمير أو إلحاق أضرار فادحة بمدينة بكاملها . لذا تعتبر الأسلحة النووية أسلحة دمار شامل ويخضع تصنيعها واستعمالها إلى ضوابط دولية حرجة ويمثل السعي نحو امتلاكها هدفا تسعى إليه كل الدول .

[Chunk 2]
فجرت أول قنبلة نووية للاختبار في 16 يوليو 1945 في منطقة تدعى صحراء ألاموغوردو الواقعة في ولاية نيو مكسيكو في الولايات المتحدة ، وسميت القنبلة باسم القنبلة ( أ ) وكان هذا الاختبار بمثابة ثورة في عالم المواد المتفجرة والأسلحة المدمرة ، وبهذه العملية فإن شكلا دائريا صغيرا بحجم كف اليد يمكن أن يسبب انفجارا تصل قوته إلى قوة انفجار تحدثه مئات الآلاف من الأطنان من مادة ال "" تي إن تي "".

[Chunk 3]
الولد الصغير هو الاسم الكودي الذي أطلق على أول قنبلة ذرية ألقيت على مدينة هيروشيما اليابانية في ( 6 ) أغسطس ( 1945 م ) من قاذفة القنابل ( بي -29 ) "" إينولا جاى "" والتي كان يقودها الكولينيل بول تيبيتس من السرب ( 393 ) من القوات الجوية الأمريكية . وتعتبر هذه القنبلة هي أول سلاح نووي يتم استخدامه وبعدها بثلاثة أيام تم إلقاء القنبلة الثانية "" الرجل البدين "" ( فات مان بالأنجليزية : Fat Man ) على مدينة ناجازاكي .",ما الذي قد يفعله انفجار قنبلة نووية واحدة ؟,تدمير أو إلحاق أضرار فادحة بمدينة بكاملها .,يمكن أن يسبب انفجار قنبلة نووية واحدة تدمير أو إلحاق أضرار فادحة بمدينة بكاملها.,0.9,0.91,0.91
"[Chunk 1]
ليلة القدر عند المسلمين ، هي ليلة تقع فيها مناسبة هامة حدثت في شهر رمضان ، حيث يؤمن المسلمون أن القرآن الكريم قد أنزل إلى النبي محمد ، حيث ينص القرآن على ذلك في سورة خاصة هي سورة القدر ، وفيها أن هذه الليلة خير من ألف شهر ، وفيها تتنزل الملائكة بالرحمات حتى مطلع الفجر ، وثبت بالسنة النبوية الحث على تحري هذه الليلة وخصوصا في الأيام العشر الأواخر من شهر رمضان ، وبالأخص الأيام الفردية من العشر الأواخر ، حيث ورد في القرآن أنها خير من ألف شهر .

[Chunk 2]
ليلة النصف من شعبان هي ليلة الخامس عشر من شهر شعبان ، وهي الليلة التي تسبق يوم 15 شعبان ، وتبدأ من بعد صلاة المغرب وحتى دخول صلاة فجر اليوم التالي . ولهذه الليلة أهمية خاصة في الإسلام ، لأنه تم فيها تحويل القبلة من بيت المقدس إلى البيت الحرام بمكة المكرمة - بالعام الثاني من الهجرة على أرجح الآراء - بعد أن صلى المسلمين قرابة الستة عشر شهرا تقريبا تجاه المسجد الأقصى . ولأنه ورد فيها عدة أحاديث نبوية تبين فضلها وأهميتها ، ويحييها عدد من المسلمين بالصلاة والذكر وتلاوة القرآن والدعاء .

[Chunk 3]
ليلة الرغائب هي أول ليلة جمعة من شهر رجب ، والتي تنسب إليها الصلاة المسماة ب صلاة الرغائب ، وقد كان ظهورها سنة : 480 ه ، ولم تكن معروفة قبل هذا التاريخ ، وأما الصلاة المخصوصة في ليلة النصف من شعبان والتي ظهرت سنة : 448 ه فقد تسمى صلاة الرغائب أيضا ، إلا أن أول ليلة جمعة من شهر رجب هي التي اشتهرت بهذا الاسم باشتهار نسبة صلاة الرغائب إليها ، وقد ذكرت في بعض كتب الشيعة أنها أول ليلة جمعة من رجب ، ويروى فيها حديث يذكر ضمن هذه الكتب في فضيلة صلاة الرغائب فيها ، وأما عند أهل السنة والجماعة فلم يثبت فيها حديث صحيح ولا حسن ، والحديث الذي يروى فيها لم يثبت رفعه ، بل هو موضوع أو ضعيف ، فليس لهذه الليلة فضيلة تخصها ، وللعلماء تفاصيل حول تخصيص ليلة الرغائب بما هو من فضائل الأعمال ، إلا أن أهم ما يذكر منها هو الصلاة المخصوصة فيها ، وهي التي تسمى صلاة الرغائب فيما بين مغرب وعشاء ، في أول ليلة جمعة من شهر رجب .",ما الليلة التي لها قدسية خاصة في شهر رمضان ؟,ليلة القدر,ليلة القدر.,0.3,0.9,0.88
"[Chunk 1]
في 2 فبراير 2012 قضت محكمة جنح الهرم في القاهرة بالحبس ثلاثة أشهر ودفع غرامة قدرها 1000 جنية ، بتهمة ازدراء الدين الإسلامي من خلال أعماله الفنية السينمائية ، وصدر الحكم برئاسة المستشار « محمد عبد العاطي » ، واستند المحامي « عسران منصور » في القضية التي رفعها عليه بعام 2011 على أدواره في العديد من الأفلام مثل مرجان أحمد مرجان وحسن ومرقص والإرهابي ولكنه أكد أنه لم يكن لديه علم بهذه الدعوى التي صدر فيها حكم غيابي بحبسه وتغريمه ولم يصله استدعاء إلى المحكمة ، ولم يذهب محامي للدفاع عنه في التهمة المشار إليها ، مطالبا في الوقت نفسه بضرورة احترام حرية الإبداع والتعبير الفني ، وتم تأييد الحكم في 24 أبريل 2012 ، وفي 26 أبريل قررت « محكمة جنح العجوزة » عدم قبول الدعوى المقدمة ضده مع الكاتب وحيد حامد والمخرج شريف عرفة والمخرج نادر جلال ولينين الرملي بشقيها المدني والجزائي لأن الدعوى أقيمت « بغير ذي صفة » ، وعدم وجود الجريمة فيها وتغريم رافيعها 50 جنيها .

[Chunk 2]
وفي 2010 صدر قرار من لجنة النظر في مخالفات نظام حقوق المؤلف ، ذكرت أن العمل ومنذ الجزء الثالث ، أصبح يتم لحساب التلفزيون السعودي وبناء على طلبه ولحسابه وأن اسم المسلسل ليس اسما مبتكرا من قبل المدعي عامر الحمود ، وشمل القرار إلزام المدعى عليهما ناصر القصبي وعبد الله السدحان بدفع مبلغ 1.300.000 ريال تعويضا للحق الخاص لصالح المدعي عامر الحمود لاستغلال اسم المسلسل لصالحهما دون أخذ موافقة خطية من صاحبه الصادر له الإذن الرسمي باسمه وباسم مؤسسته عن جميع الأجزاء اعتبارا من الجزء الرابع وحتى الجزء السادس عشر ، بمعدل 100.000 ريال عن كل جزء ، وجاء في أحد فقرات القرار بأن يأخذ تعهد على ناصر القصبي وعبدالله السدحان بعدم إنتاج المسلسل الكوميدي مستقبلا بعد الجزء السادس عشر باسم ( طاش ما طاش ) واختيار اسم آخر لهما لحفظ حقوق هذا المسمى إلا بعد أخذ الموافقة الخطية من صاحب الحق على ذلك .

[Chunk 3]
في 29 فبراير 2016 تناقلت عدد من المواقع الإلكترونية نبأ اعتزالها الفن دون وجود تأكيد أو نفي لهذه الأنباء من قبل الفنانة . وبعد ذلك بثلاث أيام 3 مارس 2016 تنشر مجلة الجرس الإلكترونية تسجيل صوتيا بصوتها تعلن الفنانة بواسطته تراجعها عن الإعتزال إحتراما لجمهورها الذين طالبوها بالرجوع للساحة . وفي 7 أبريل 2018 تزوجت من المطرب المصري حسام حبيب بالقاهرة . توصف شيرين بإنها تلقائية وعفوية ، إلا أن تعليقاتها قوبلت في أكثر من مناسبة بأحكام من الدولة المصرية خلال السنوات الأخيرة ، فصدر حكم بحبسها 6 أشهر وتغريمها 6 آلاف جنيه بدعوى "" إهانة الدولة المصرية وإذاعة أخبار كاذبة "" لما ردت على طلب إحدى المعجبات بأن تغني "" مشربتش من نيلها "" لترد شيرين "" هيجيلك بلهارسيا ، إشربي مياه إيفيان أحسن "".",ما مقدار الغرامة التي امرت بها محكمه جنح الهرم ضد عادل إمام ؟,1000 جنية,1000 جنية.,0.6,0.91,0.91
"[Chunk 1]
و قد تم منح كارمن جائزة أفضل صوت تحت سن السادسة عشرة موجهة من المجلس الأعلى للثقافة في مصر وقد قدمها المطرب الكبير هاني شاكر في حفلته في دار الأوبرا المصرية وأبدى اعجابه لشديد بصوتها وقوة إحساسها . كما قال عنها الملحن حلمى بكر عندما سألته الإعلامية هبة الأباصيري عن موهبة جديدة سيقدمها للوسط الفنى أن هناك فتاة تغني مع والدتها وهذه الفتاة معجزة غنائية رغم أنها لم تتجاوز سن السابعة عشرة .

[Chunk 2]
كارمن سليمان ( 7 أكتوبر 1994 -) ، مطربة مصرية . وهي الفائزة بلقب « نجمة العرب » من برنامج آراب آيدول الموسم الأول . حصلت علي بكالوريوس أعلام من المعهد الدولي العالي للإعلام من أكاديمية الشروق . ذاع صيتها منذ اشتراكها في برنامج اكتشاف المواهب أراب أيدول على قناة إم بي سي 1 ، وصولها للمرحلة النهائية ومنافستها على اللقب ضد المغربية دنيا بطمة .

[Chunk 3]
فازت المشتركة المصرية كارمن سليمان بلقب "" أراب آيدول "" في موسمه الأول بعد أن حصدت أعلى نسبة اصوات من قبل الجمهور في التصويت الذي بدأ مساء يوم الجمعة الموافق 23 مارس 2012 لغاية اليوم التالي . وتم التتويج بحضور المشتركين ولجنة التحكيم وضيفة الحلقة الفنانة لطيفة التونسية . وفازت المشتركة بالإضافة إلى اللقب ، بعقد إدارة أعمال و إنتاج البوم غنائي ، وعقد لتمثيل احدى شركات المشروبات الغازية ( بيبسي ) وسيارة شيفروليت .",ما الجائزة التي حصلت عليها كارمن من المجلس الأعلى للثقافة في مصر ؟,جائزة أفضل صوت تحت سن السادسة عشرة,جائزة أفضل صوت تحت سن السادسة عشرة.,0.92,0.91,0.91
"[Chunk 1]
المسيح عيسى بن مريم ويعرف أيضا بيشوع بالعبرية و بيسوع في العهد الجديد ، هو رسول الله والمسيح في الإسلام ، ويعتبر من أولي العزم من الرسل ، أرسل ليقود بني إسرائيل إلى كتاب مقدس جديد وهو الإنجيل ، ويفضل المسلمون إضافة عبارة "" عليه السلام "" بعد اسمه ككل الأنبياء توقيرا لهم . الإيمان بعيسى ( وكل الأنبياء والرسل ) ركن من أركان الإيمان ، ولا يصح إسلام شخص بدونه . ذكر عيسى باسمه في القرآن 25 مرة ، بينما ذكر محمد 4 مرات .

[Chunk 2]
وبحسب القرآن ، فإن عيسى حي ، لم يمت حتى الآن ، ولم يقتله اليهود ، ولم يصلبوه ، ولكن شبه لهم ، بل رفعه الله إلى السماء ببدنه وروحه رحمة وتكريما له ، وهو إلى الآن في السماء ، كذلك فإن عيسى مسلم مثل كل الرسل في الإسلام ، أي خضع لأمر الله ، ونصح متبعيه أن يختاروا الصراط المستقيم ، قال تعالى في سورة النساء : . يرفض الإسلام فكرة الثالوث ، أن عيسى هو إله متجسد ، أو ابن الله أو أنه صلب أو قيامة يسوع . ويذكر القرآن أن عيسى نفسه لم يدعي هذه الأشياء ، ويشير إلى أن عيسى سينفي ادعاءه الألوهية في يوم القيامة . ويشدد القرآن أن عيسى بشر فان ، مثل كل الأنبياء والرسل وأنه اختير لينشر رسالة الله . وتحرم النصوص الإلهية إشراك الله مع غيره ، وتدعو إلى توحيد الله وبأنه السبيل الوحيد للنجاة .

[Chunk 3]
يعد هذا النبي أحد أنبياء ديانة الصابئة المندائيون ، إن تسمية ديانة الصابئة كما هو ثابت هو اسم أقدم ديانة سماوية توحيدية . وهي ديانة الله الأولى التي أنزلت على نبيه ورسوله آدم . لهذه الديانة السماوية كتابهم المنزل الذي يسمى جنزا ربا أي الكنز العظيم ، والذي يجمع صحف أنبياء الصابئة ، حيث لهذه الديانة الموحدة العريقة سبعة انبياء هم : آدم ، شيتل بن آدم أو شيث ، أنوش ، نوح ، سام بن نوح ، دنانوخ أي إدريس وآخرهم يحيى بن زكريا .",ما هو الكتاب السماوي الذي بشره به عيسى عليه السلام ؟,الإنجيل,الإنجيل.,0.9,0.91,0.9
"[Chunk 1]
شارك علي في كل غزوات الرسول عدا غزوة تبوك حيث خلفه فيها النبي محمد على المدينة . وعرف بشدته وبراعته في القتال فكان عاملا مهما في نصر المسلمين في مختلف المعارك وابرزها غزوة الخندق ومعركة خيبر . لقد كان علي موضع ثقة الرسول محمد فكان أحد كتاب الوحي وأحد أهم سفرائه ووزرائه . تعد مكانة علي بن أبي طالب وعلاقته بأصحاب الرسول موضع خلاف تاريخي وعقائدي بين الفرق الإسلامية المختلفة ، فيرى بعضهم أن الله اختاره وصيا وإماما وخليفة للمسلمين ، وأن محمدا قد أعلن ذلك في خطبة الغدير ، لذا اعتبروا أن اختيار أبي بكر لخلافة المسلمين كان مخالفا لتعاليم النبي محمد ، كما يرون أن علاقة بعض الصحابة به كانت متوترة . وعلى العكس من ذلك ينكر بعضهم حدوث مثل هذا التنصيب ، ويرون أن علاقة أصحاب الرسول به كانت جيدة ومستقرة . ويعد اختلاف الاعتقاد حول علي هو السبب الأصلي للنزاع بين السنة والشيعة على مدى العصور .

[Chunk 2]
لم يكن إبليس من الملائكة لأنه ليس ملك ، وإنما كان من الجن العابدين لله في الأرض فكرمه الله سبحانه برفعه للملأ الأعلى مع الملائكة ، لأن إبليس مخلوق من نار ، خلافا للملائكة الذين خلقهم الله من نور . وهو أصل البقية الباقية من الجن كما أن آدم أصل البشر . قال ابن كثير فإبليس لعنه الله حى منظر إلى يوم القيامة بنص القرآن ؛ وقد قال رسول الله : "" عرش إبليس في البحر يبعث سراياه كل يوم يفتنون الناس فأعظمهم عنده منزله أعظمهم فتنة للناس "".

[Chunk 3]
وكانوا يتقلبون أثناء نومهم ، حتى لا تهترئ أجاسدهم . فكان الناظر إليهم يحس بالرعب لأنهم نائمون ولكنهم كالمستيقظين من كثرة تقلبهم . بعد هذه المئات الثلاث ، بعثهم الله مرة أخرى . استيقظوا من سباتهم الطويل ، لكنهم لم يدركوا كم مضى عليهم من الوقت في نومهم . وكانت آثار النوم الطويل بادية عليهم . فتساءلوا : كم لبثنا؟ ! فأجاب بعضهم : لبثنا يوما أو بعض يوم . لكنهم تجاوزوا بسرعة مرحلة الدهشة ، فمدة النوم غير مهمة . المهم أنهم استيقظوا وعليهم أن يتدبروا أمورهم . فأخرجوا النقود التي كانت معهم ، ثم طلبوا من أحدهم أن يذهب خلسة للمدينة ، وأن يشتري طعاما طيبا بهذه النقود ، ثم يعود إليهم برفق حتى لا يشعر به أحد . فربما يعاقبهم جنود الملك أو الظلمة من أهل القرية إن علموا بأمرهم . قد يخيرونهم بين العودة للشرك ، أو الرجم حتى الموت . خرج الرجل المؤمن متوجها للقرية ، إلا أنها لم تكن كعهده بها . لقد تغيرت الأماكن والوجوه . تغيرت البضائع والنقود . استغرب ، كيف حدث كل هذا في يوم وليلة . وبالطبع ، لم يكن عسيرا على أهل القرية أن يميزوا دهشة هذا الرجل . ولم يكن صعبا عليهم معرفة أنه غريب ، من ثيابه التي يلبسها ونقوده التي يحملها . لقد آمنت المدينة التي خرج منها الفتية ، وهلك الملك الظالم ، وجاء مكانه رجل صالح . لقد فرح الناس بهؤلاء الفتية المؤمنين . لقد كانوا أول من يؤمن من هذه القرية . لقد هاجروا من قريتهم لكيلا يفتنوا في دينهم . وها هم قد عادوا . فمن حق أهل القرية الفرح . وذهبوا لرؤيتهم . وبعد أن ثبتت المعجزة ، معجزة إحياء الأموات . وبعدما استيقنت قلوب أهل القرية قدرة الله سبحانه وتعالى على بعث من يموت ، برؤية مثال واقعي ملموس أمامهم . أخذ الله أرواح الفتية . فلكل نفس أجل ، ولا بد لها أن تموت . فاختلف أهل القرية . فمنهم من دعى لإقامة بنيان على كهفهم ، ومنهم من طالب ببناء مسجد ، وغلبت الفئة الثانية . لا نزال نجهل كثيرا من الأمور المتعلقة بهم . فهل كانوا قبل زمن عيسى ، أم كانوا بعده . هل آمنوا بربهم من تلقاء نفسهم ، أم أن أحد الحواريين دعاهم للإيمان . هل كانوا في بلدة من بلاد الروم ، أم في فلسطين . هل كانوا ثلاثة رابعهم كلبهم ، أم خمسة سادسهم كلبهم ، أم سبعة وثامنهم كلبهم . كل هذه أمور مجهولة . إلا أن الله عز وجل ينهانا عن الجدال في هذه الأمور ، ويأمرنا بإرجاع علمهم إلى الله . فالعبرة ليست في العدد ، وإنما فيما آل إليه الأمر . فلا يهم إن كانوا أربعة أو ثمانية ، إنما المهم أن الله أقامهم بعد أكثر من ثلاثمئة سنة ليرى من عاصرهم قدرة على بعث من في القبور ، ولتتناقل الأجيال خبر هذه المعجزة جيلا بعد جيل .",لماذا يعتبرون علاء من شخصيات الظل ؟,لا يسعى لدخول معترك السياسة,لا أعرف.,0.5,0.11,0.2
"[Chunk 1]
حافظ الأسد ( 6 تشرين الأول 1930 - 10 حزيران 2000 ) رئيس الجمهورية العربية السورية والأمين العام وعضو القيادة القطرية في حزب البعث العربي الاشتراكي والقائد الأعلى للجيش والقوات المسلحة ما بين العامين 1971 -2000 . ومنصب رئيس وزراء سوريا ما بين العامين 1970 -1971 ، ومنصب وزير الدفاع ونائب القائد الأعلى للجيش والقوات المسلحة ما بين العامين 1966 -1972. التزم الأسد بالأيديولوجيا البعثية وشهدت سوريا في عهده ازديادا في الاستقرار باتجاه نحو العلمانية والصناعة ، لتعزيز البلاد باعتبارها قوة إقليمية .

[Chunk 2]
بشار حافظ الأسد ( ولد : 11 سبتمبر 1965 ) ؛ هو الرئيس التاسع عشر لسوريا والخامس في تاريخ الجمهورية العربية السورية ، يحكم منذ 17 يوليو 2000 ، بعد أن انتخبه الفرع السوري لحزب البعث العربي الاشتراكي أمينا قطريا عاما له خلفا لوالده حافظ الأسد ، الذي كان رئيسا لسوريا في الفترة ما بين 1971 إلى 2000. يشغل كذلك منصب القائد العام للقوات المسلحة السورية .

[Chunk 3]
في مارس 1971 ، قادحافظ الأسد انقلاب عسكريا داخليا تحت اسم « الحركة التصحيحية » ، وتم انتخابه رئيسا للبلاد ، وهو المنصب الذي ظل يشغله حتى وفاته في 2000. ومنذ 1970 ، ظل الفرع الإقليمي السوري العلماني السلطة السياسية المهيمنة في ما كانت دولة الحزب الواحد حتى عقدت أول انتخابات متعددة الأحزاب لعضوية مجلس الشعب السوري في 2012. في 31 يناير 1973 ، نفذ حافظ الأسد دستورا جديدا أدى إلى أزمة وطنية . وعلى عكس الدساتير السابقة ، فإن هذا لا يتطلب أن يكون الرئيس السوري مسلما ، مما أدى إلى مظاهرات عنيفة في حماة وحمص وحلب نظمتها جماعة الإخوان المسلمين والعلماء . ووصفوا الأسد ب "" عدو الله "" ودعوا إلى الجهاد ضد حكمه . نجحت الحكومة في قمع سلسلة من الثورات المسلحة التي قام بها الإسلاميون ، أساسا أعضاء الإخوان المسلمين ، من 1976 حتى 1982.",متى توفي حافظ الأسد ؟,10 حزيران 2000,10 حزيران 2000.,0.92,0.91,0.9
"[Chunk 1]
ابن سينا هو أبو علي الحسين بن عبد الله بن الحسن بن علي بن سينا ، عالم وطبيب بخارى ، اشتهر بالطب والفلسفة واشتغل بهما . ولد في قرية أفشنة بالقرب من بخارى ( في أوزبكستان حاليا ) من أب من مدينة بلخ ( في أفغانستان حاليا ) وأم قروية . ولد سنة 370 ه ( 980 م ) وتوفي في همدان ( في إيران حاليا ) سنة 427 ه ( 1037 م ). عرف باسم الشيخ الرئيس وسماه الغربيون بأمير الأطباء وأبو الطب الحديث في العصور الوسطى . وقد ألف 200 كتابا في مواضيع مختلفة ، العديد منها يركز على الفلسفة والطب . ويعد ابن سينا من أول من كتب عن الطب في العالم ولقد اتبع نهج أو أسلوب أبقراط وجالينوس . وأشهر أعماله كتاب القانون في الطب الذي ظل لسبعة قرون متوالية المرجع الرئيسي في علم الطب ، وبقي كتابه ( القانون في الطب ) العمدة في تعليم هذا الفن حتى أواسط القرن السابع عشر في جامعات أوروبا ويعد ابن سينا أول من وصف التهاب السحايا الأولي وصفا صحيحا ، ووصف أسباب اليرقان ، ووصف أعراض حصى المثانة ، وانتبه إلى أثر المعالجة النفسانية في الشفاء . وكتاب الشفاء .

[Chunk 2]
ازدهرت دراسة القرآن والحديث في هذا الجو العلمي . تم تطوير الفلسفة والفقه واللاهوت ( الكلام ) بشكل أكبر ، بشكل ملحوظ من قبل أبن سينا وخصومه . قدم الرازي والفارابي منهجية ومعرفة في الطب والفلسفة . تمكن ابن سينا من الوصول إلى المكتبات الكبيرة مثل بلخ ، خوارزم ، غورغان ، ري ، أصفهان وهمدان . تظهر النصوص المختلفة ( مثل العهد مع بهمانيار ) أنه ناقش النقاط الفلسفية مع أعظم علماء العصر . يشرح أروزي سمرقندي كيف قبل أن يغادر ابن سينا خوارزم كان قد قابل البيروني ( عالم مشهور وعالم فلك ) وأبو نصر العراقي ( عالم رياضيات مشهور ) وأبو سهل مشيحي ( فيلسوف محترم ) وأبو الخير خمار .

[Chunk 3]
له نتاج أدبي ومؤلفات منها رسائل الإمام الشهيد حسن البنا وتعتبر مرجعا أساسيا للتعرف على فكر ومنهج جماعة الإخوان بصفة عامة ، ومذكرات مطبوعة عدة طبعات أيضا بعنوان مذكرات الدعوة والداعية ولكنها لا تغطي كل مراحل حياته وتتوقف عند سنة 1942. وله عدد كبير من المقالات والبحوث القصيرة جميعها منشورة في صحف ومجالات الإخوان المسلمين التي كانت تصدر في الثلاثينيات والأربعينيات ، أول مقال نشره كان سنة 1928 في جريدة الفتح تحت عنوان "" الدعوة إلى الله "" وآخر مقال نشره قبل إغتياله كان "" بين المنعة والمحنة "" ونشر في كانون أول عام 1948 في جريدة الإخوان اليومية قبيل صدور قرار بحل جماعة الإخوان المسلمين في نفس الشهر .",على ماذا ركزت العديد من كتب ابن سينا ؟,على الفلسفة والطب,ركزت العديد من كتب ابن سينا على الفلسفة والطب.,0.8,0.91,0.9
"[Chunk 1]
الانفلونزا الأسبانية ( 1918 - 1919 ) هو وباء فيروسي قاتل انتشر في أعقاب الحرب العالمية الأولى في أوروبا والعالم . تميز الفيروس بسرعة العدوى حيث تقدر الإحصائيات الحديثة أن حوالي 500 مليون شخص أصيبوا بالعدوى وأظهروا علامات أكلينيكية واضحة ، و ما بين 70 -100 مليون شخصا توفوا جراء الإصابة بالمرض أي ما يعادل ضعف المتوفيين في الحرب العالمية الأولى .

[Chunk 2]
جائحة إنفلونزا 1918 أو ما عرف بالانفلونزا الأسبانية أو الوافدة الإسبانيولية ( بالإنجليزية : Spanish flu ) هي جائحة إنفلونزا قاتلة انتشرت في أعقاب الحرب العالمية الأولى في أوروبا والعالم وخلفت ملايين القتلى ، وتسبب بهذه الجائحة نوع خبيث ومدمر من فيروس الإنفلونزا ( أ ) من نوع فيروس الإنفلونزا أ H 1 N 1. وتميز الفيروس بسرعة العدوى حيث تقدر الإحصائيات الحديثة أن حوالي 500 مليون شخص أصيبوا بالعدوى وأظهروا علامات أكلينيكية واضحة ، وما بين 50 إلى 100 مليون شخصا توفوا جراء الإصابة بالمرض أي ما يعادل ضعف المتوفيين في الحرب العالمية الأولى .

[Chunk 3]
الحرب العالمية الأولى ، وتسمى أيضا الحرب العظمى ، كانت حرب عالمية نشبت بداية في أوروبا من 28 يوليو 1914 وانتهت في 11 نوفمبر 1918 . وصفت وقت حدوثها ب "" الحرب التي ستنهي كل الحروب "" ، وتم جمع أكثر من 70 مليون فرد عسكري ، 60 مليون منهم أوربيين ، للمشاركة في واحدة من أكبر الحروب في التاريخ . لقي أكثر من تسعة ملايين مقاتل وسبعة ملايين مدني مصرعهم نتيجة الحرب ، وتعتبر أيضا عامل مساهم في عدد من جرائم الإبادة الجماعية والإنفلونزا الأسبانية عام 1918 ، والذي تسبب في ما بين 50 و 100 مليون حالة وفاة في جميع أنحآء العالم . تفاقم معدل الخسائر العسكرية بسبب التطور التقني والصناعي للمتحاربين ، والركود التكتيكي الناجم عن حرب الخنادق القاسية . تعد الحرب أحد أعنف صراعات في التاريخ ، وتسببت في التمهيد لتغييرات سياسية كبيرة تضمنت ثورات 1917–1923 في العديد من الدول المشتركة . ساهمت الصراعات غير المحلولة في نهاية النزاع في بداية الحرب العالمية الثانية بعد عشرين سنة .",كم عدد الأشخاص الذين توفوا نتيجة الانفلونزا الإسبانية بعد الحرب العاملية الأولى ؟,ما بين 70 -100 مليون شخص,ما بين 50 إلى 100 مليون شخصا.,0.66,0.9,0.5
"[Chunk 1]
بعد وفاة والده وتسلم أخيه سعود الحكم عينه وليا للعهد نائبا لرئيس مجلس الوزراء وزيرا للخارجية ، وفي عام 1373 ه الموافق عام 1954 أرسله الملك سعود لبعض الدول بزيارات نيابة عنه ، و بعام 1376 ه الموافق عام 1957 وقعت الأزمة المالية السعودية وكان قبلها قام الملك سعود بتسليمه بعض مهامه ؛ فأصبح مسؤولا عن المال وخزينة الدولة ، وأصبح أيضا مسؤولا عن الأوضاع الخارجية للبلاد ، وفي عام 1377 ه الموافق لعام 1958 لم يستطع حل الأزمة بسبب البترول ، وأوامر الملك ؛ فأصبحت الدولة تستلف المال من دول الغرب وشركة أرامكو ، وفي عام 1378 ه عينه الملك سعود بالإضافة لكونه رئيسا لمجلس الوزراء وزيرا للمالية ووزيرا للداخلية ، وفي عام 1960 ظهرت توترات شديدة بينه وبين الملك سعود ، واستمرت هذه التوترات حتى نهاية حكم الملك سعود الذي قرر في عام 1380 ه بأن يسحب منه الوزارات التي يتولى مسؤوليتها ويكون نائبا لرئيس مجلس الوزراء فقط ، حيث سلم وزارة الخارجية إلى اللواء إبراهيم بن عبد الله السويل ووزارة الداخلية إلى الأمير مساعد بن عبد الرحمن بن فيصل آل سعود ووزارة المالية إلى الأمير طلال بن عبد العزيز آل سعود . إلا أن في عام 1382 ه الموافق لعام 1962 قام الملك سعود بتعيينه رئيسا لمجلس الوزراء وزيرا للخارجية .

[Chunk 2]
عبد الله بن عبد العزيز بن عبد الرحمن آل سعود ، الملك السادس للمملكة العربية السعودية ويلقب بخادم الحرمين الشريفين وهو ذات اللقب الذي اتخذه الملك فهد قبله ، هو الابن الثاني عشر من أبناء الملك عبد العزيز الذكور ، وأمه هي فهدة بنت العاصي بن كليب بن شريم العبدي الشمري ولد في عام 1924 م بمدينة الرياض . في عام 1995 م استلم إدارة شؤون الدولة وأصبح الملك الفعلي بعد إصابة الملك فهد بجلطات ومتاعب صحية عدة ، و بعد وفاة الملك فهد في 1 أغسطس 2005 م تولى الحكم ، وبالإضافة لكونه ملكا للدولة فقد كان يشغل منصب رئيس مجلس الوزراء تبعا لأحكام نظام الحكم في المملكة القاضية بأن يكون الملك رئيسا للوزراء . كان يعتبر من أثرى أثرياء العالم ، إذ ذكرت مجلة فوربس الأمريكية في نشرة لها حول أغنى الملوك في العالم نشرت في 2010 م أن قيمة ثروته تقدر ب 18 مليار دولار . على جانب آخر فقد صنفته المجلة آنفة الذكر في عام 2011 م كسادس أقوى الشخصيات تأثيرا في العالم . شن حملة عسكرية على الحوثيين أواخر 2009 م انتهت بتوقيع هدنة . في عام 2014 م شن الطيران الحربي السعودي غارات مكثفة على مواقع لتنظيم داعش في العراق وسوريا في ظل تحالف عسكري مكون من 65 دولة بقيادة الولايات المتحدة الأمريكية .

[Chunk 3]
شهدت فترة حكمه الكثير من الأحداث أبرزها أزمة احتلال العراق لدولة الكويت في عام 1990 ، وتهديد العراق بغزو الأراضي السعودية ، وكذلك الحرب العراقية - الإيرانية وما تبعها من أحداث تأثرت بها السعودية ، وكذلك أحداث 11 سبتمبر 2001 في الولايات المتحدة وما تبعها من غزو الولايات المتحدة لأفغانستان والعراق ، وأيضا انخفاض أسعار النفط سنوات طويلة واضطرار الميزانية السعودية للانخفاض الشديد . نشأ في كنف والده الملك عبد العزيز ، والتحق في طفولته « بمدرسة الأمراء » بمدينة الرياض ، ودرس فترة من الزمن في معهد العاصمة النموذجي بالرياض ، وشرع في أواسط العقد الرابع من عمره في تلقي دروس خاصة باللغة الإنجليزية ، كما تلقى دروسا مكثفة في مواضيع متنوعة من السياسة إلى الأدب ، كما ناب عن والده في لقاءات زعماء القبائل .",متى وقعت الازمة المالية في السعودية ؟,بعام 1376 ه الموافق عام 1957,قُضت الأزمة المالية السعودية في عام 1376 ه الموافق لعام 1957.,0.9,0.91,0.9
"[Chunk 1]
يعتقد أن الثقوب السوداء ذات الكتلة النجمية تتشكل عند انهيار النجوم الضخمة جدا في نهاية دورة حياتها . بعد أن يتشكل الثقب الأسود ، يمكن أن يستمر في النمو عن طريق امتصاص الكتلة من محيطه . وذلك عن طريق امتصاص النجوم الأخرى والاندماج مع الثقوب السوداء الأخرى ، الأمر الذي قد يؤدي إلى تشكل الثقوب السوداء الهائلة والتي تحمل كتلة تعادل ملايين الكتل الشمسية . هناك إجماع عام على وجود ثقوب سوداء هائلة في مراكز معظم المجرات . على الرغم من أن محتواها غير مرئي ، يمكن استنتاج وجود ثقب أسود من خلال تأثيرها على المواد الأخرى والإشعاع الكهرومغناطيسي مثل الضوء المرئي . يمكن للمادة التي تسقط في الثقب الأسود أن تشكل قرص تراكم خارجي يتم تسخينه عن طريق الاحتكاك ، مما يؤدي إلى تشكيل بعض من أشد الأجسام بريقا في الكون . إذا كان هناك نجوم أخرى تدور حول ثقب أسود ، فيمكن استخدام كل من مداراتها وكتلتها لتحديد كتلة الثقب الأسود وموقعه . يمكن استخدام هذه الملاحظات لاستبعاد البدائل المحتملة مثل النجوم النيوترونية . وبهذه الطريقة ، تحقق علماء الفلك من العديد من حالات توقعات وجود الثقب الأسود النجمي ضمن الأنظمة الثنائية ، وأثبتوا أن مصدر الراديو المعروف باسم الرامي A ، في قلب مجرة درب التبانة ، يحتوي على ثقب أسود هائل يحمل كتلة تقارب 4.3 مليون كتلة شمسية

[Chunk 2]
الثقب الأسود هو منطقة موجودة في الزمكان ( الفضاء بأبعاده الأربعة ، وهي الأبعاد الثلاثة بالإضافة إلى الزمن ) تتميز بجاذبية قوية جدا بحيث لايمكن لأي شيء - ولا حتى الجسيمات أو موجات الإشعاع الكهرومغناطيسي مثل الضوء - الإفلات منها . تتنبأ النظرية النسبية العامة بأنه يمكن لكتلة مضغوطة بقدر معين أن تشوه الزمكان لتشكيل الثقب الأسود . يطلق على حدود المنطقة التي لا يمكن الهروب منها اسم أفق الحدث . وعلى الرغم من أن عبور حدود أفق الحدث له تأثيرات هائلة على مصير وظروف أي جسم يعبره ، إلا أنه لا تظهر أي خصائص يمكن ملاحظتها لهذه المنطقة . يعمل الثقب الأسود بصفته جسما أسودا مثاليا ، لأنه لا يعكس أي ضوء . علاوة على ذلك ، تتنبأ نظرية المجال الكمي في الزمكان المنحني ب ? نبعاث إشعاع هوكينج آفاق الحدث ، بنفس الطيف الذي يتسم به الجسم الأسود لدرجة حرارة تتناسب عكسيا مع كتلته . درجة الحرارة هذه على حدود جزء من مليار من الكلفن للثقوب السوداء من الكتلة النجمية ، مما يعني استحالة ملاحظتها .

[Chunk 3]
الحجر الأسود هو حجر موضع إجلال مكون من عدة أجزاء ، بيضاوي الشكل ، أسود اللون مائل إلى الحمرة ، وقطره 30 سم ، يوجد في الركن الجنوبي الشرقي للكعبة من الخارج ، وفقا للعقيدة الإسلامية فهو نقطة بداية الطواف ومنتهاه ، ويرتفع عن الأرض مترا ونصفا ، وهو محاط بإطار من الفضة الخالصة صونا له ، ويظهر مكان الحجر بيضاويا . أما سواد لونه ، فيرجع إلى الذنوب التي ارتكبت وفقا للروايات عن النبي محمد . حيث روى ابن عباس عن النبي محمد أنه قال : « نزل الحجر الأسود من الجنة أبيض من الثلج فسودته خطايا بني آدم ». وهو سواد في ظاهر الحجر ، أما بقية جرمه فهو على ما هو عليه من البياض .",كيف ينمو الثقب الأسود ؟,عن طريق امتصاص الكتلة من محيطه,"يمكن أن يستمر الثقب الأسود في النمو عن طريق امتصاص الكتلة من محيطه، وذلك عن طريق امتصاص النجوم الأخرى والاندماج مع الثقوب السوداء الأخرى.",0.61,0.91,0.91
"[Chunk 1]
الهيبة مسلسل سوري لبناني تم إنتاجة سنة 2017 أعد للعرض في موسم رمضان 1438 ه على قنوات إم بي سي دراما ، وإم تي في اللبنانية ، وشبكة أوربت شوتايم ، من إنتاج شركة سيدرز آرت برودكشن ، وتأليف وسيناريو وحوار هوزان عكو ، وإخراج سامر برقاوي ، ومن بطولة الفنان السوري تيم حسن ، والفنانة اللبنانية نادين نسيب نجيم ، والفنانة السورية منى واصف والفنانة اللبنانية كارلا بطرس ، والفنانة السورية الصاعدة روزينا لاذقاني . يأتي المسلسل ضمن البطولة الرمضانية الثالثة على التوالي بين تيم حسن ونادين نسيب نجيم من بعد مسلسل تشيلو سنة 2015 ومسلسل نص يوم سنة 2016. وتم عرض الجزء الثاني من المسلسل تحت عنوان "" الهيبة العودة "" في رمضان 1439 ه 2018 ، وقد عرض هذا الجزء أحداث وقعت زمنيا قبل أحداث الجزء الأول .

[Chunk 2]
تامر حسني شريف عباس فرغلي ( مواليد 16 أغسطس 1977 –) المعروف باسمه الفني تامر حسني هو مغني ، وكاتب أغاني ، وملحن ، وممثل ، وكاتب سيناريو ، ومخرج كليبات مصري ، بدأ مسيرته الفنية في عام 2002 عبر ألبوم مشترك مع شيرين عبد الوهاب بعنوان "" فري ميكس 3 "" ، ثم أطلق أول ألبوم إستديو له في عام 2004 باسم "" حب "" . شارك أيضا في بطولة العديد من الأفلام والمسلسلات ، وكانت أولى مشاركاته عام 2003 في فيلم "" حالة حب "". في عام 2011 قدم أول مسلسل تلفزيوني له بعنوان "" آدم "" .

[Chunk 3]
بدأت فكرة المسلسل من خلال الفنانين عبد الله السدحان وناصر القصبي ، والمخرج عامر الحمود . بعد أول موسمين انفصل الثلاثي ليكون الثنائي عبدالله السدحان وناصر القصبي بالتعاون مع المخرج عبد الخالق الغانم . واستمر العمل يعرض على القناة السعودية الأولى من الجزء الأول إلى الجزء الثالث عشر عام 2005 ثم انتقل بشكل نهائي إلى MBC منذ عام 2006 في الجزء الرابع عشر إلى الجزء الثامن عشر والأخير في عام 2011 .",ما اسم المسلسل الأول الذي جمع بين تيم حسن و نادين نجيم ؟,مسلسل تشيلو,مسلسل تشيلو.,0.8,0.91,0.92
"[Chunk 1]
في عام 2006 وبعد انتهاء عروض مسرحية يواش يواش والتي عرضت في الكويت اعلن توقفه عن تقديم المسرحيات ، الا انه عاد للمسرح بعد 10 سنوات من توقفه وتحديدا في 2016 عاد في مسرحيتي طار الوزير و عرب تويت والتي عرضت في قطر . وفي عام 2019 أعلن عن تقديمه لمسرحية الثلاجة والتي ستشهد عودة النجم الكوميدي عبدالناصر درويش للمسرح الكويتي .

[Chunk 2]
بدأت مشوارها في العام 1963 مع الفنان الراحل محمد النشمي في برنامج تلفزيوني بعنوان « ديوانية التلفزيون » ، ثم بدأت في مجال المسرح عام 1964 مع « فرقة المسرح الكويتي » بمسرحية حظها يكسر الصخر من تأليف وإخراج محمد النشمي ، وفي عام 1965 مثلت مع ذات الفرقة بمسرحية بغيتها طرب صارت نشب من تأليف محمد النشمي أيضا وإخراج ثامر السيار . واستمر تعاونها مع « فرقة المسرح الكويتي » حيث قدمت مسرحيات السدرة وقاضي إشبيلية . انتقلت بعد ذلك إلى « فرقة المسرح العربي » وشاركت في مسرحيتي إغنم زمانك و 30 يوم حب ، كما مثلت مع « مسرح الخليج » مجموعة من المسرحيات منها عنده شهادة ، الحاجز ، الله يا الدنيا ، عريس لبنت السلطان ، الحامي والحرامي ،

[Chunk 3]
في الإسكندرية اجتمع هناك مع الفنان وحيد سيف وعادل نصيف وشكلا فرقة اسكتشات غنائية تقدم عروض على المسرح في مدينة الإسكندرية . ولكن الفرقة لم تستمر بسبب انسحاب سيف لعدم مقدرته على السفر إلى القاهرة وترك مدينة الإسكندرية ، حيث كان يدرس بكلية الآداب ويعمل موظفا أيضا وانسحب عادل نصيف الذي أكمل دراسته العليا في تخصص الحشرات بكلية الزراعة وسافر إلى بلجيكا .",أين عرضت مسرحية يواش يواش ؟,في الكويت,كويت.,0.85,0.9,0.91
"[Chunk 1]
الأبجدية العربية هي الأبجدية التي تستخدم الحروف العربية في الكتابة ، وتوصف بأنها أكمل نظم الكتابة ، فقد شملت معظم الأصوات التي يمكن أن ينطقها الإنسان ؛ اشتقت منها الكثير من الأبجديات ، وظلت الأبجدية الأكثر استخداما لقرون كثيرة من الزمان ، وتعد حاليا أكثر نظام كتابة استخداما بعد الألفبائية اللاتينية . تعتمد الكثير من اللغات على الأبجدية العربية في الكتابة ، مثل : اللغة الأردية ، واللغة العثمانية ، واللغة الكردية ، واللغة الملايوية . كان أشهر استخدام للحروف العربية في التدوين هو تدوين القرآن الكريم ، ثم انتشرت الأبجدية العربية في الكثير من الأمصار ، وذلك بانتشار الفتوحات الإسلامية ، واتساع الدولة الإسلامية ، واختلاط العرب الفاتحين بالشعوب التي كانت تحت سيطرة الفرس والبيزنطيين والأحباش ، ودخول كثير من هؤلاء في الإسلام ، واضطرارهم إلى تعلم ما استطاعوا من العربية ، وانتشرت العربية كلغة أساسية بين هذه الشعوب ، وأصبحت لغة لجميع المسلمين ، بعد أن كانت لغة خاصة بالعرب ؛ واستخدمت ألفبائيتها العديد من اللغات ، من عائلات لغوية كثيرة .

[Chunk 2]
تكتب الحروف العربية من اليمين إلى اليسار ، بنمط يعتمد على وصل حروف الكلمة الواحدة ببعضها ، وتشمل هذه الحروف الهجائية 28 حرفا أساسيا ، والبعض يعتبرها 29 حرفا باعتبار الهمزة حرفا منفصلا . وتشير الروايات المتواترة إلى أن الكتابة العربية اشتقت من الخط الحميري ( المسند ) ، الذي انتقل إلى العراق في عهد المناذرة ، حيث تعلمه أهل الحيرة ، ثم تعلمه أهل الأنبار ، ثم انتقل إلى الحجاز ، عن طريق القوافل التجارية والأدبية ؛ وقد أخرج الحافظ أبو طاهر السلفي في الطيوريات بسنده عن الشعبي ما يؤيد ذلك فقال : .

[Chunk 3]
تحتوي اللغة العربية على 28 حرفا مكتوبا . ويرى بعض اللغويين أنه يجب إضافة حرف الهمزة إلى حروف العربية ، ليصبح عدد الحروف 29. تكتب العربية من اليمين إلى اليسار - ومثلها اللغة الفارسية والعبرية على عكس كثير من اللغات العالمية - ومن أعلى الصفحة إلى أسفلها . حيث ذهب به إلى أنها للعرب خاصة . غير أن الضاد المقصودة هنا ليست الضاد المعروفة والمستخدمة اليوم في دول مثل جمهورية مصر العربية ، وهي دال مفخمة ، وهي التي لا تستحسن قراءة القرآن أو الشعر العربي بها ، أما الضاد العربية القديمة فهي صوت آخر مزيج بين الظاء واللام ، واندمج هذا الصوت مع الظاء في الجزيرة العربية . ولأن الظاء هي ذال مفخمة ، أي أنها حرف ما - بين - أسناني ، فقد تحولت بدورها في الحواضر إلى دال مفخمة كتحول الثاء إلى تاء والذال إلى دال ، وصارت هذه الدال المفخمة هي الضاد الحديثة . فالدال المفخمة ليست خاصة بالعربية ، بل هي في الواقع موجودة في لغات كثيرة . وهي ليست الضاد الأصلية التي كان يعنيها المتنبي وابن منظور صاحب لسان العرب وغيرهم .",ما هي الأبجدية العربية ؟,هي الأبجدية التي تستخدم الحروف العربية في الكتابة,الأبجدية العربية هي الأبجدية التي تستخدم الحروف العربية في الكتابة وتوصف بأنها أكمل نظم الكتابة.,0.93,0.91,0.91
"[Chunk 1]
البحرين أو ( رسميا : مملكة البحرين ) دولة جزيرية عربية في الخليج العربي على الجهة الشرقية من شبه الجزيرة العربية وعاصمتها المنامة . ترتبط مملكة البحرين مع المملكة العربية السعودية بجسر صناعي يسمى جسر الملك فهد ، وهناك مخطط لربطها بجسر آخر مع السعودية بإسم ( جسر الملك حمد ) . بلغ عدد سكانها إحصاء عام 2010 ما يقارب 1 , 234 , 571 نسمة ، منهم 666 , 172 نسمة من غير المواطنين . نالت البحرين استقلالها عن بريطانيا عام 1971 ، وتم إعلانها كدولة مستقلة ، لكن في سنة 2002 وبعد استفتاء شعبي عام على ميثاق العمل الوطني أصبح اسم البلاد مملكة البحرين .

[Chunk 2]
العاصمة البحرينية المنامة هي موطن لكثير من الهياكل المالية الكبيرة ، بما في ذلك مركز البحرين التجاري العالمي ومرفأ البحرين المالي . وقد أعلنت قلعة البحرين ( الميناء ورأس المال من الأرض القديمة دلمون ) وصيد اللؤلؤ في البحرين درب مواقع التراث العالمي لليونسكو في عام 2005 و 2012 على التوالي . صيغة البحرين سباق الجائزة الكبرى أحد يأخذ مكان في حلبة البحرين الدولية . البحرين اسم مثنى منصوب لكلمة بحر . ذكر هذا المصطلح في القرآن الكريم 5 مرات ، لكنه لا يشير للجزيرة الحالية . تاريخيا ، اسم البحرين يصف إقليم جغرافي واسع يشمل غالب المناطق الشرقية من شبه الجزيرة العربية المطلة على الخليج العربي وليس محصورا على الجزيرة الصغيرة المعروفة اليوم بمملكة البحرين . حيث كان يعرف الإقليم الممتد من البصرة بالعراق مرورا بالكويت والقطيف وقطر والإحساء بمسمى البحرين .

[Chunk 3]
اعتبارا من عام 2012 ، كانت البحرين في ( المرتبة 48 في العالم ) في مؤشر التنمية البشرية ، ومعترف بها من قبل البنك الدولي كاقتصاد الدخل المرتفع . البلاد هي عضو في الأمم المتحدة ، ومنظمة التجارة العالمية ، وجامعة الدول العربية وحركة عدم الانحياز ومنظمة المؤتمر الإسلامي وكذلك أحد الأعضاء المؤسسين لمجلس التعاون لدول الخليج العربية . وعينت مملكة البحرين حليف رئيسي خارج حلف الناتو من قبل إدارة الرئيس الأمريكي السابق جورج دبليو بوش في عام 2001 . تم اكتشاف أول بئر نفط في البحرين عام 1932 ، وهي أول بئر تم اكتشافها في المنطقة . منذ أواخر القرن 20 ، سعت البحرين إلى تنويع اقتصادها كي تصبح أقل اعتمادا على النفط من خلال الاستثمار في قطاعي المصارف والسياحة .",كم يبلغ عدد السكان في مملكة البحرين ؟,"ما يقارب 1 , 234 , 571 نسمة","بلغ عدد سكان مملكة البحرين ما يقارب 1,234,571 نسمة، منهم 666,172 نسمة من غير المواطنين.",0.7,0.9,0.4
"[Chunk 1]
محمد بن علي بن محمد بن عربي الحاتمي الطائي الأندلسي الشهير ب محيي الدين بن عربي ، أحد أشهر المتصوفين لقبه أتباعه وغيرهم من الصوفيين "" بالشيخ الأكبر "" ، ولذا تنسب إليه الطريقة الأكبرية الصوفية . ولد في مرسية في الأندلس في شهر رمضان عام 558 ه الموافق 1164 م قبل عامين من وفاة الشيخ عبد القادر الجيلاني . وتوفي في دمشق عام 638 ه الموافق 1240 م . ودفن في سفح جبل قاسيون . وهو عالم روحاني من علماء المسلمين الأندلسيين ، وشاعر وفيلسوف ، أصبحت أعماله ذات شأن كبير حتى خارج العالم العربي . تزيد مؤلفاته عن 800 ، لكن لم يبق منها سوى 100. كما غدت تعاليمه في مجال علم الكون ذات أهمية كبيرة في عدة أجزاء من العالم الإسلامي .

[Chunk 2]
لقبه أتباعه ومريدوه من الصوفية بألقاب عديدة ، منها : الشيخ الأكبر ، ورئيس المكاشفين ، البحر الزاخر ، بحر الحقائق ، إمام المحققين ، محيي الدين ، سلطان العارفين . كان ابن عربي متصوفا وشاعرا وفيلسوفا ، وولد في مرسية ، إسبانيا ، في السابع عشر من شهر رمضان ( أو السادس والعشرين من شهر تموز عام 1165 ميلادي ) . ويعرف ابن عربي لدى المتصوفين باسم ( الشيخ الأكبر ) أو محي الدين بن عربي ، و يعتبر أحد الأولياء في الصوفية . أما في الشرق الأوسط ، فعرف باسم الشيخ الأكبر محي الدين بن عربي . وبالرغم من كونه من أتباع المذهب السني ، لكن كتاباته عن الأئمة الاثني عشر ذات شأن كبير عند الشيعة . وهناك جدل واسع بخصوص مذهبه الفقهي ، حيث يعتقد البعض أن ابن عربي كان ينتمي للمذهب الظاهري .

[Chunk 3]
العربي بن مهيدي أحد شهداء الثورة الجزائرية ، كان مناضلا وقائدا ولد في مدينة عين مليلة الواقعة في شرق الجزائر ، في عام 1923 بدوار الكواهي بناحية عين مليلة التابعة لولاية أم البواقي وهو الابن الثاني في ترتيب الاسرة التي تتكون من ثلاث بنات وولدين ، دخل المدرسة الابتدائية الفرنسية بمسقط رأسه وبعد سنة دراسية واحدة انتقل إلى باتنة لمواصلة التعليم الابتدائي ولما حصل على الشهادة الابتدائية عاد لأسرته التي انتقلت هي الأخرى إلى مدينة بسكرة وفيها تابع محمد العربي دراسته وقبل في قسم الإعداد للإلتحاق بمدرسة قسنطينة . في عام 1939 إنضم لصفوف الكشافة الإسلامية "" فوج الرجاء "" ببسكرة ، وبعد بضعة أشهر أصبح قائد فريق الفتيان .",أين ولد محيي الدين بن عربي ؟,في مرسية في الأندلس,مرسية في الأندلس.,0.9,0.91,0.91
"[Chunk 1]
يوتيوب هو موقع ويب يسمح لمستخدميه برفع التسجيلات المرئية مجانا ومشاهدتها عبر البث الحي ( بدل التنزيل ) ومشاركتها والتعليق عليها وغير ذلك . أسسه في 14 فبراير سنة 2005 م ثلاث موظفين سابقين من شركة باي بال هم تشاد هيرلي وستيف تشين وجاود كريم ، في مدينة سان برونو ، وكان يستخدم تقنية برنامج أدوبي فلاش لعرض المقاطع المتحركة ، أما الآن فيعتمد تقنية اتش تي ام ال 5. ومحتوى الموقع يتنوع بين مقاطع الأفلام ، والتلفاز ، والموسيقى ، وكذلك الفيديو المنتج من قبل الهواة ، وغيرها . وهو حاليا مزود بأكثر من ألفي موظف . وفي أكتوبر 2006 أعلنت شركة Google التوصل لاتفاقية لشراء الموقع مقابل 1.65 مليار دولار أمريكي ، أي ما يعادل 1.31 مليار يورو . ويعتبر الموقع من مواقع ويب 2.0.

[Chunk 2]
عقد الرباعي المؤسس لتويتر من خلال بث صوتي لمناقشة الموضوع والخروج بخلاصة . حينها اقترح جاك دورسي الطالب في جامعة نيويورك فكرة استخدام خدمة الرسائل القصيرة للتواصل مع مجموعة صغيرة في أماكن مختلفة حول العالم ، وهذا ما وافق عليه باقي المؤسسين الثلاث . في الأصل ؛ تم اختيار اسم حركي للخدمة وكان من المتوقع أن تحمل عنوان twttr لكن ويليامز طلب من نوح غلاس البحث عن اسم آخر فقرر هذا الأخير استوحاة عنوان مكون من خمس حروف فقط كما هو الحال مع موقع فليكر . تقرر في نهاية المطاف فتح موقع توتر لكن وبعد ذلك بنصف العام قرر المبرمجين شراء استضافة موقع التي كانت محجوزة بالفعل لكنهم تمكنوا من اقتنائها فغيروا الموقع إلى ما هو عليه اليوم . اختار المطورون في البداية رمزا قصيرا للموقع كان 10958 ثم تم تغييره في وقت لاحق إلى 40404 بسبب سهولة هذا الرمز وشيوع استخدامه . بدأ العمل في المشروع في 21 مارس من عام 2006 عندما نشر دورسي أول رسالة على الموقع وذلك على الساعة 9 : 50 مساء بتوقيت المحيط الهادئ ، حيث أوضح فيها سبب استعمال كعنوان للموقع :.. قررنا استعمال كلمة تويتر ، هو عنوان مثالي فعلا حيث يجمع بين كتابة رسالة نصية قصيرة وبين التغريد كالطيور . هذا بالضبط ما كنا نطمح له . وضع دورسي وزميله فلوريان ويبر أول نموذج للموقع وقد اعتمدا فيه على خدمة أوديو ، ثم سرعان ما عرضا النسخة الكاملة للجمهور بحلول الخامس من يوليو 2006. بحلول تشرين الأول / أكتوبر من نفس العام دخل بيز ستون ، إيفان ويليامز وغيرهما من أعضاء شركة أوديو للاستثمار والمساهمة في موقع تويتر ، لكن شركة تويتر انفصلت عن أوديو بحلول نيسان / أبريل من عام 2007. خلال مقابلة صحفية مع ويليامز عام 2013 ؛ تم سؤاله عما حصل وما سبب الانفصال فكان رده مبهما حيث ذكر : موقع تويتر لم يكن واضحا ، هل هو شبكة اجتماعية ؟ أم مدونة صغيرة ؟ أم ماذا بالضبط ؟ كان من الصعب تحديد هوية الموقع ومع مرور الوقت بدأ يتوضح شيئا فشيئا . في حقيقة الأمر تغير موقع تويتر قليلا وبات فيما بعد عبارة عن شبكة لتحديث الحالة الاجتماعية للمستخدم !

[Chunk 3]
خلال السنوات الأولى من ظهور التجارة الإلكترونية كانت تتأثر بالعديد من الشركات مثل أمازون ، آي باي وياهو ، ولكن بعد عام 2001 أصبحت التجارة الإلكترونية تتأثر بدرجة كبيرة جدا بشركة جوجل وذلك بسبب ظهور ما يسمى بإعلانات جوجل ، التي شكلت طفرة كبيرة في حياة جوجل ، فقد سهلت على المستخدمين الإعلان والتسويق لمنتجاتهم باستخدام إعلانات جوجل . جوجل لم يعد محرك بحث فحسب فهناك العديد من الخدمات الأخرى التي يقدمها كخرائط جوجل ، البحث عن الكتب ، الترجمة الفورية ، متحف جوجل ، رحلات جوجل ، التسوق عبر جوجل وخدمات أخرى ساهمت بشكل كبير بتطور التجارة الإلكترونية وإنتشارها . ليس جوجل فقط من احدث ثورة ، هناك العديد من الشركات الاخرى التي تقدم خدمات التسويق والاعلان .",ما تأثير شراء ياهو لموقع فليكر عام 2005 ؟,جعل موقع فليكر على قائمة ال 50 موقع الأكثر زيارة حول العالم,لا أعرف.,0.88,0.2,0.1
"[Chunk 1]
في عام 1942 ، كتب ريموند ليندمان ورقة بحثية عن الديناميات التغذوية للبيئة ، والتي نشرت بعد وفاتها بعد رفضها في البداية بسبب تأكيدها النظري . أصبحت ديناميات التغذية الأساس لكثير من العمل لمتابعة الطاقة وتدفق المواد من خلال النظم البيئية . قام روبرت آرثر بنظرية وتنبؤات واختبارات رياضية متقدمة في علم البيئة في الخمسينيات من القرن العشرين ، والتي ألهمت مدرسة جديدة لعلماء البيئة النظريين . تطورت البيئة أيضا من خلال مساهمات من دول أخرى ، بما في ذلك فلاديمير فرنادسكي الروسي وتأسيسه لمفهوم المحيط الحيوي في عشرينيات القرن العشرين والياباني كينجي إيمانيشي ومفاهيمه للتناغم في الطبيعة وعزل الموائل في الخمسينيات . يعوق الحواجز اللغوية والترجمة الإدراك العلمي للمساهمات في البيئة من الثقافات غير الناطقة بالإنجليزية .

[Chunk 2]
تم تطوير المفاهيم البيئية مثل سلاسل الغذاء وتنظيم السكان والإنتاجية لأول مرة في القرن الثامن عشر ، من خلال الأعمال المنشورة للعالم المجهري أنطوني فان ليفينهوك ( 1632 -1723 ) وعالم النبات ريتشارد برادلي ( 1688 - 1732 ). كان عالم الجغرافيا الحيوية ألكسندر فون هومبولت ( 1769–1859 ) رائدا مبكرا في التفكير البيئي وكان من بين أوائل من عرفوا التدرجات البيئية ، حيث يتم استبدال الأنواع أو تغييرها في شكل على طول التدرجات البيئية ، مثل تكوين جسيمات على طول ارتفاع . استوحى هومبولت الإلهام من إسحاق نيوتن حيث طور شكلا من أشكال "" الفيزياء الأرضية "". قدم دقة علمية للقياس في التاريخ الطبيعي ، ولمح إلى المفاهيم التي تشكل أساس قانون بيئي حديث بشأن العلاقات بين الأنواع إلى المنطقة . وضع المؤرخون الطبيعيون ، مثل هومبولت ، جيمس هوتون ، وجان باتيست لامارك ( من بين آخرين ) أسس العلوم البيئية الحديثة . مصطلح "" البيئة "" ( الألمانية : ) صاغه إرنست هيكل في كتابه "" Generelle Morphologie der Organismen "". كان هيكل هو عالم الحيوان والفنان والكاتب ، وبعد ذلك أستاذ علم التشريح المقارن .

[Chunk 3]
في عام 1904 قام الطبيب الألماني ألفريد بلويتز بنشر أفكاره عن ما أسماه تحسين النسل البشري عن طريق تغييرات اجتماعية بهدف خلق مجتمع أكثر ذكاء وإنتاجية لأجل الحد من ما أسماه "" المعاناة الأنسانية "". بعد هذه الكتابات نشر كتاب باسم "" الرخصة للقضاء على الأحياء الذين لايستحقون الحياة "" ( Die Freigabe der Vernichtung Lebensunwertem Lebens ) في عام 1920 للكاتب والقانوني كارل بايندنك الذي كتب الكتاب بالاشتراك مع الطبيب النفسي ألفريد هوج وكان الكتاب عن فكرة القيام بتعجيل القتل الرحيم للمصابين بالأمراض المستعصية علاجها ، ولم يتم على الإطلاق في هذا الكتاب ذكر إبادة أي عرق أو مجموعة بسبب انتماءهم إلى دين معين .",لماذا تم رفض نشر الورقية البحثية الخاصة بريموند ليندمان التي تتحدث عن الديناميات التغذوية للبيئة ؟,بسبب تأكيدها النظري,تأكيدها النظري.,0.9,0.91,0.9
"[Chunk 1]
ألف أحمد توفيق روايات حققت نجاحا جماهيريا واسعا ، وأشهرها ( رواية يوتوبيا ) عام 2008 وقد ترجمت إلى عدة لغات وأعيد نشرها في أعوام لاحقة ، وكذلك ( رواية السنجة ) التي صدرت عام 2012 ، و ( رواية مثل إيكاروس ) عام 2015 ثم رواية في ممر الفئران التي صدرت عام 2016 بالإضافة إلى مؤلفات أخرى مثل : "" قصاصات قابلة للحرق "" و "" عقل بلا جسد "" و "" الآن نفتح الصندوق "" التي صدرت على ثلاثة أجزاء .

[Chunk 2]
أحمد خالد توفيق فراج ( 10 من يونيو 1962 م - 15 من رجب 1439 ه / 2 من إبريل 2018 م ) ، مؤلف وروائي وطبيب مصري . يعد أول كاتب عربي في مجال أدب الرعب والأشهر في مجال أدب الشباب والفانتازيا والخيال العلمي ولقب بالعراب . بدأت رحلته الأدبية مع كتابة سلسلة ما وراء الطبيعة ، ورغم أن أدب الرعب لم يكن سائدا في ذلك الوقت فإن السلسلة حققت نجاحا كبيرا واستقبالا جيدا من الجمهور ، ما شجعه على استكمالها ، وأصدر بعدها سلسلة فانتازيا عام 1995 و سلسلة سفاري عام 1996. في عام 2006 أصدر سلسلة WW.

[Chunk 3]
ماوراء الطبيعة سلسلة روايات خيالية للكاتب المصري أحمد خالد توفيق ، محورها ذكريات شخصية خيالية لطبيب أمراض دم مصري متقاعد اسمه رفعت إسماعيل حول سلسلة الحوادث الخارقة للطبيعة التي تعرض لها في حياته ، بدءا من العام 1959 ، أو الحكايات التي تصله من أشخاص مختلفين حول العالم ، سمعوا عن علاقته بعالم الخوارق . بدأت سلسلة ماوراء الطبيعة في 1993 ، وصدر منها حتى 2014 العدد 80 وهو أسطورة الأساطير الجزء الثاني والذي انهى فيه الكاتب حياة رفعت إسماعيل بمرض عضال مع وعد بصدور حكايات لم يحكها بعد وجدت في مذكراته بعد وفاته . كان أول ظهور لرفعت إسماعيل في 1993 سردا لمغامرته مع مومياء الكونت دراكيولا في 1959 والمغامرة التي أعقبت ذلك في 1961 مع مستذئب في رومانيا .",ما هو اسم اول روايه لمحمد توفيق ؟,أسطورة مصاص الدماء,"لا أعرف. (Since the context only mentions Ahmed Tofiq, not Mohammad Tofiq, and there is no mention of his first novel, the answer is ""لا أعرف"".)",0.9,0.1,0.1
"[Chunk 1]
عمل في رعاية الشباب بوزارة الشؤون الاجتماعية وإليه تعزى فكرة إقامة بطولة كأس الخليج لكرة القدم . عين أميرا لمنطقة عسير عام 1971 . و في 16 مايو 2007 عين أميرا على منطقة مكة المكرمة ، وفي 22 ديسمبر 2013 عين وزير التربية والتعليم حتى عام 2015 ، ثم تم تعيينه مستشارا للملك سلمان بن عبد العزيز ، وأمير منطقة مكة المكرمة ( للمرة الثانية ). وهو عضو في هيئة البيعة السعودية عن والده الملك فيصل بن عبد العزيز آل سعود .

[Chunk 2]
زاول الأعمال الحرة ومنها ترؤسه لمجلس إدارة شركة الجبس الأهلية من عام 1389 ه الموافق 1969 م حتى نهاية عام 1390 ه الموافق 1970 م . في مطلع عام 1391 ه الموافق 1971 م صدر الأمر الملكي الكريم بتعيينه وكيلا لإمارة منطقة مكة المكرمة . ومن الأعمال التي قام بها بإمارة منطقة مكة المكرمة هي توجيه ومتابعة من أمير المنطقة وقتها الأمير فواز بن عبد العزيز . كان أول مسؤول على مستوى كبير يزور مناطق جنوب جدة ( الليث والقنفذة والبرك ) وتلمس حاجات الأهالي هناك وكانت تلك المناطق متخلفة كثيرا وليس بها طرق معبدة وعلى إثر ذلك أنشئ الطريق الذي يربط تلك المناطق حتى جيزان .

[Chunk 3]
بعد تخرجه بعام 1968 التحق بالقوات الجوية الملكية السعودية ، وظل يعمل في القوات الجوية الملكية السعودية حتى عام 1980. في 2 جمادى الأولى 1400 ه الموافق 18 مارس 1980 عين أميرا لمنطقة حائل ، وظل بهذا المنصب حتى 16 شعبان 1420 ه الموافق 29 نوفمبر 1999 عندما عين أميرا لمنطقة المدينة المنورة . و في 19 رمضان 1426 ه الموافق 22 أكتوبر 2005 عين رئيسا للاستخبارات العامة خلفا لأخيه الأمير نواف ، وظل يتولى المنصب حتى 29 شعبان 1433 ه الموافق 19 يوليو 2012 عندما عين مستشارا للملك ومبعوثا خاصا له .",في أي تاريخ عين خالد الفيصل أميرا لمنطقة مكة المكرمة ؟,في 16 مايو 2007,في 16 مايو 2007.,0.91,0.91,0.91
"[Chunk 1]
اشتهر بمعاركه الأدبية والفكرية مع الشاعر أحمد شوقي ، والدكتور طه حسين ، والدكتور زكي مبارك ، والأديب مصطفى صادق الرافعي ، والدكتور العراقي مصطفى جواد ، و الدكتورة عائشة عبد الرحمن ( بنت الشاطئ ) ، كما اختلف مع زميل مدرسته الشعرية الشاعر عبد الرحمن شكري ، وأصدر كتابا من تأليفه مع المازني بعنوان الديوان هاجم فيه أمير الشعراء أحمد شوقي ، وأرسى فيه قواعد مدرسته الخاصة بالشعر ، توفي العقاد في القاهرة عام 1964 م .

[Chunk 2]
عباس محمود العقاد أديب ومفكر وصحفي وشاعر مصري ، ولد في أسوان عام 1889 م ، وهو عضو سابق في مجلس النواب المصري ، وعضو في مجمع اللغة العربية ، لم يتوقف إنتاجه الأدبي بالرغم من الظروف القاسية التي مر بها ؛ حيث كان يكتب المقالات ويرسلها إلى مجلة فصول ، كما كان يترجم لها بعض الموضوعات ، ويعد العقاد أحد أهم كتاب القرن العشرين في مصر ، وقد ساهم بشكل كبير في الحياة الأدبية والسياسية ، وأضاف للمكتبة العربية أكثر من مائة كتاب في مختلف المجالات .

[Chunk 3]
اقتصرت دراسته على المرحلة الابتدائية فقط ؛ لعدم توافر المدارس الحديثة في محافظة أسوان ، حيث ولد ونشأ هناك ، كما أن موارد أسرته المحدودة لم تتمكن من إرساله إلى القاهرة كما يفعل الأعيان . واعتمد العقاد فقط على ذكائه الحاد وصبره على التعلم والمعرفة حتى أصبح صاحب ثقافة موسوعية لا تضاهى أبدا ، ليس بالعلوم العربية فقط وإنما العلوم الغربية أيضا ؛ حيث أتقن اللغة الإنجليزية من مخالطته للأجانب من السائحين المتوافدين لمحافظتي الأقصر وأسوان ، مما مكنه من القراءة والإطلاع على الثقافات البعيدة . وكما كان إصرار العقاد مصدر نبوغه ، فإن هذا الإصرار كان سببا لشقائه أيضا ، فبعدما جاء إلى القاهرة وعمل بالصحافة وتتلمذ على يد المفكر والشاعر الأستاذ الدكتور محمد حسين محمد ، خريج كلية أصول الدين من جامعة القاهرة . أسس بالتعاون مع إبراهيم المازني وعبد الرحمن شكري "" مدرسة الديوان "" ، وكانت هذه المدرسة من أنصار التجديد في الشعر والخروج به عن القالب التقليدي العتيق . وعمل العقاد بمصنع للحرير في مدينة دمياط ، وعمل بالسكك الحديدية لأنه لم ينل من التعليم حظا وافرا حيث حصل على الشهادة الابتدائية فقط ، لكنه في الوقت نفسه كان مولعا بالقراءة في مختلف المجالات ، وقد أنفق معظم نقوده على شراء الكتب ، والتحق بعمل كتابي بمحافظة قنا ، ثم نقل إلى محافظة الشرقية .",ما عنوان الكتاب الذي ألفه عباس العقاد مع المازني ؟,الديوان,الديوان هاجم فيه أمير الشعراء أحمد شوقي.,0.93,0.91,0.91
"[Chunk 1]
بين سنتي 1838 و 1851 طور عالم الطبيعيات البريطاني ريتشارد لامنج فكرة أن الذرة تتكون من نواة مادة محاطة بجزيئات دون ذرية والتي تكون وحدة الشحنات الكهربائية . وبداية من سنة 1846 أعطى الفيزيائي الألماني فيبر نظريته القائلة بأن الكهرباء تتألف من سائلين ذو شحنتين موجبة وسالبة ، وتفاعلهما يحكمه قانون التربيع العكسي . في سنة 1874 اقترح الفيزيائي الإيرلندي جورج ستوني بعد دراسة هذه ظاهرة التحليل الكهربائي بأن هناك "" كمية محددة واحدة من الكهرباء "" ، وهي شحنة من أيون أحادي التكافؤ . وكان قادرا على تقييم قيمة هذه الشحنة الأولية e عن طريق قوانين فرداي للتحليل الكهربائي . واعتقد ستوني بأن تلك الشحنات مرتبطة بصورة دائمة بالذرات ولا يمكن إزالتها . في سنة 1881 جادل الفيزيائي الألماني هلمهولتز أن كلا من الشحنة الموجبة والسالبة منقسمتين إلى جزئين أوليين ، كل منها "" يتصرف كذرات كهربائية "". ثم أنشأ ستوني مصطلح الكترون لوصف تلك الشحنات الأولية وكان ذلك سنة 1894 ، وقد قال فيها : "" تم تقدير الكمية الفعلية لتلك الوحدة الأساسية الأكثر أهمية في الكهرباء ، وقد غامرت عندما أشرت إلى اسم "" الكترون """". وكلمة الكترون هي مركبة مستنبطة من كلمة الكتريك "" electric "" ولاحقتها ون -"" on "" ، والتي استخدمت بعد ذلك للإشارة إلى الجسيمات دون الذرية مثل البروتون والنيوترون .

[Chunk 2]
وكمثال : لا تكتب أو تطبع الجملة هكذا "" أعتز بلغتي العربية ، وأحب الخط العربي جدا !"" ، بل اكتبها هكذا "" أعتز بلغتي العربية ، وأحب الخط العربي جدا !"" ومن الأسباب وراء هذه القاعدة سبب قد يساعدك على تذكرها ، وهو أنك إذا وضعت مسافة قبل علامة الترقيم ، وفجأة لم يكن في السطر مساحة كافية لعلامة الترقيم في النهاية ، فسيبدأ البرنامج السطر الجديد بعلامة الترقيم ، وهذا بالتأكيد سيبدو غريبا . ماذا تفعل علامة ترقيم مثل الفصلة أو النقطتين في بداية سطر هكذا ؟

[Chunk 3]
الإلكترون ( رمزه : e ) هو جسيم دون ذري كروي الشكل تقريبا مكون للذرة ويحمل شحنة كهربائية سالبة . ولم يكن من المعروف بأن لديها مكونات أو جسيمات أصغر ، لذا فقد اعتبرت بأنها جسيمات أولية . فالإلكترون لديه كتلة تعادل تقريبا 1 / 1836 من كتلة البروتون . الزخم الزاوي الحقيقي ( وهو اللف المغزلي ) للإلكترون هو قيمة نصف عدد صحيح من وحدة """" ، مما يعني بأنه فرميون . ويسمى الجسيم المضاد للإلكترون بالبوزيترون ، وهو مطابق للإلكترون عدا أنه معاكس له بالشحنة الكهربائية والشحنات الأخرى . عند اصطدام الإلكترون بالبوزترون فإنهما إما يبعثران بعضهما البعض أو أن يفنيان ، مما ينتج عن ذلك زوج أو أكثر من فوتونات أشعة غاما . تنتمي الإلكترونات إلى الجيل الأول لأسرة جسيمات ليبتون ، وتسهم في القوى الأساسية وهي الجاذبية والكهرومغناطيسية والقوة النووية الضعيفة . كما هو في المادة فإن الإلكترون لديه خصائص ازدواجية موجة - جسيم في ميكانيكا الكم ، لذا فبإمكانه الاصطدام مع الجسيمات الأخرى فينحرف مثل الضوء . لكن وبسبب صغر كتلة الإلكترون فإن تلك الازدواجية تتجلى بشكل أفضل في التجارب المخبرية . وبما أنها تندرج تحت عائلة الفرميون ، وبحسب مبدأ استبعاد باولي فلا يمكن لإلكترونين أن يأخذا نفس حالة الكم .","لماذا تم أستخدام ون -"" on "" بعد الكتريك ؟",للإشارة إلى الجسيمات دون الذرية,"تم استخدام كلمة ""ون"" (""on"") بعد كلمة ""الكتريك"" (""electric"") لإنشاء مصطلح ""الكترون"" (""electron"")، الذي يرمز إلى الجسيمات دون الذرية التي تحمل شحنة كهربائية سالبة.",0.6,0.9,0.9
"[Chunk 1]
عد بعض الباحثين نحوا من 370 مؤلفا حول نهج البلاغة من الشرح والتفسير والترجمة وغيرها ، وقد طبعت إلى الآن نحو من خمس عشرة ترجمة لنهج البلاغة . وهذا ما يوضح إلى حد ما مكانة الكتاب وقيمته بين المسلمين . هناك ترجمات فارسية كثيرة لنهج البلاغة ، يمكن أن نذكر من أشهرها ترجمة السيد علي نقي فيض الإسلام والدكتور السيد جعفر شهيدي .

[Chunk 2]
نهج البلاغة اسم وضعه الشريف الرضي على كتاب جمع فيه المختار من كلام الإمام علي بن أبي طالب في الخطب والمواعظ والحكم وغيرها . ويعد جمع نهج البلاغة من أبرز ما تركه الشريف الرضي . اشتمل الكتاب على عدد كبير من الخطب والمواعظ والعهود والرسائل والحكم والوصايا والآداب ، توزعت على 238 خطبة ، و 79 رسالة و 489 قول

[Chunk 3]
حاول بعض الباحثين جمع ما لم يأت به الرضي في نهج البلاغة من كلام الإمام . وأهم هذه المحاولات هو نهج السعادة في مستدرك نهج البلاغة . هذه المجموعة جمعها الشيخ محمد باقر المحمودي في ثمانية مجلدات . هناك معاجم ألفاظ وموضوعات لنهج البلاغة سهلت البحث والرجوع إليه . كما تم إعداد بعض البرامج الكمبيوترية لنهج البلاغة وبعض شروحه . من أشهر تحقيقات نهج البلاغة تحقيق الشيخ محمد عبده وتحقيق صبحي الصالح . كما يشتهر في اللغة الفارسية تحقيق فيض الإسلام ، و طبعة جديدة من نهج البلاغة ، حققها ونشرها الدكتور صبري ابراهيم السيد ، وهو استاذ بجامعتي قطر وعين شمس ، ووصفها على الغلاف بانها « نسخة جديدة محققة وموثقة تحوي ما ثبت نسبته للامام علي ( رضي الله عنه وكرم الله وجهه ) من خطب ورسائل وحكم » وقد قدم لها عبد السلام محمد هارون ونشرتها « دار الثقافة » بالدوحة عام 1986. وقد خلص هذا المحقق إلى ان ما صحت نسبته من الكتاب إلى الامام علي هو ( 114 خطبة ) و ( 52 رسالة ) و ( 125 حكمة )..",ما سبب كثرة المؤلفات والتراجم والشروح لكتاب نهج البلاغة ؟,مكانة الكتاب وقيمته بين المسلمين,"السبب في كثرة المؤلفات والترجمات والشروحات لكتاب نهج البلاغة هو مكانته وقيمته بين المسلمين، كما يظهر من أن الكتاب جمع فيه المختار من كلام الإمام علي بن أبي طالب في الخطب والمواعظ والحكم وغيرها.",0.88,0.91,0.91
"[Chunk 1]
الأمير الغازي أرطغرل بك بن سليمان شاه القايوي التركماني ، أو اختصارا أرطغرل ، ( باللغة التركية العثمانية : ارطغرل ، إضافة إلى لقب غازي ) أو أرطغرل بك ( ومعنى الاسم : بالتركية "" ار er "" تعني "" رجل أو جندي أو بطل "" ، و "" طغرل tu ? rul "" تعني "" طائر العقاب وهو معروف بأنه طير جارح ضخم قوي البنية "" - وبذلك قد يكون اسم أرطغرل معناه : الرجل العقاب أو الجندي العقاب أو الطير الجارح البطل، ) المولود حوالي عام 1191 م – والمتوفى في عام 1281 م بمدينة سكود ، بالأناضول . هو والد السلطان عثمان الأول مؤسس الدولة العثمانية ، وهو أيضا قائد قبيلة قايى من أتراك الأوغوز

[Chunk 2]
لا توجد أي مصادر إسلامية أو بيزنطية معاصرة لأرطغرل تتحدث عنه ، فعلى سبيل المثال لم يأت ذكره عند المؤرخ البيزنطي جرجس باشيميريس ( المولود حوالي 1242 م - والمتوفى 1310 م ) ، ولا في مصادر متأخرة مثل ابن بطوطة ( 1304 م -1377 م ) أو الإمبراطور والمؤرخ البيزنطي يوحنا السادس قانتاقوزن ( مولود 1354- متوفى 1347 ). ولكن هناك تفاصيل مكتوبة عن حياة أرطغرل في السجلات العثمانية الأولى التي ترجع إلى القرن الخامس عشر الميلادي ، ولكنها تبدو في نظر بعض المؤرخين أسطورية إلى حد كبير .

[Chunk 3]
قيامة أرطغرل ، هو مسلسل تاريخي تركي تقع أحداثه في القرن الثالث عشر الميلادي ، و يعرض مقدمات ودوافع تأسيس الدولة العثمانية من عرض سيرة حياة الغازي أرطغرل بن سليمان شاه ، قائد قبيلة قايي من أتراك الأوغوز المسلمين ووالد عثمان الأول مؤسس الدولة العثمانية . وقام بدور أرطغرل الممثل التركي إنجين ألتان دوزياتان في 150 حلقة ، وخمسة مواسم بعد أن شاهده قرابة 3 مليارات إنسان في العالم ، حسب وكالة الأناضول ، وبث عبر شاشات دول كثيرة ، وحقق نجاحا كبيرا في العالم العربي .",متى توفي أرطغرل ؟,عام 1281 م,توفي أرطغرل في عام 1281 م.,0.92,0.91,0.91
"[Chunk 1]
يلعب الفريق جميع مبارياته الرسمية في ملعب سانتياغو بيرنابيو في العاصمة مدريد . ويختلف هذا النادي عن العديد من الأندية الأخرى حول العالم ، كونه مملوكا لأعضاء النادي ("" socios "") الذين يسيرون أمور ناديهم باختيار رئيس ينوب عنهم في هذا ، منذ تأسيس النادي عام 1902. وفي 23 ديسمبر 2000 ، اختارت الفيفا الفريق الإسباني ليكون "" أفضل نادي في القرن العشرين "" ، ثم اختاره الاتحاد الدولي لتاريخ وإحصاءات كرة القدم بتاريخ 11 مايو 2010 ليكون أفضل ناد أوروبي في القرن العشرين . حصل النادي على وسام الاستحقاق من الفيفا سنة 2004 ، كما أعاد الاتحاد الدولي سالف الذكر تصنيف ريال مدريد كأفضل ناد في العالم سنة 2015 ، التي تصدر فيها أيضا قائمة أندية الدوري الأوروبي لكرة القدم .

[Chunk 2]
ريال مدريد وتعني فريق مدريد الملكي لكرة القدم ) هو فريق كرة قدم محترف إسباني تأسس عام 1902 ، مقره العاصمة الإسبانية مدريد . يلعب الفريق في الدوري الإسباني وتم اختياره كأفضل فريق كرة قدم في القرن العشرين ، وقد فاز بالدوري الإسباني ثلاثة وثلاثين مرة ( رقم قياسي ) ، وتسعة عشر مرة بكأس ملك إسبانيا وأحرز رقما قياسيا بحيازته ثلاث عشرة بطولات في دوري أبطال أوروبا . قبل عام 1992 ، البطولة التي يخوضها أبطال الدوريات الأوروبية كانت تسمى كأس الأندية الأوروبية البطلة ، ومنذ ذلك الوقت ، تم تعديل الاسم ليكون "" دوري أبطال أوروبا "". وهو أيضا أحد أعضاء جي -14 للأندية القيادية في أوروبا التي تم إلغاؤها حاليا واستبدلت برابطة الأندية الأوروبية .

[Chunk 3]
ريال مدريد ( بالإسبانية : ، وتعني فريق مدريد الملكي لكرة القدم ) هو فريق كرة قدم محترف إسباني أسس عام 1902 ، مقره العاصمة الإسبانية مدريد . يلعب الفريق في الدوري الإسباني واختير كأفضل فريق كرة قدم في القرن العشرين ، وقد فاز بالدوري الإسباني 33 مرة ( رقم قياسي ) ، وتسعة عشر مرة بكأس ملك إسبانيا وأحرز رقما قياسيا بحيازته 13 بطولة في دوري أبطال أوروبا . وهو أيضا أحد أعضاء جي –14 للأندية القيادية في أوروبا التي تم إلغاؤها حاليا واستبدلت برابطة الأندية الأوروبية .",بأي عام اختارت الفيفا اريال مدريد كأفضل نادي ؟,23 ديسمبر 2000,في العام 2000.,0.93,0.91,0.91
"[Chunk 1]
عمل في رعاية الشباب بوزارة الشؤون الاجتماعية وإليه تعزى فكرة إقامة بطولة كأس الخليج لكرة القدم . عين أميرا لمنطقة عسير عام 1971 . و في 16 مايو 2007 عين أميرا على منطقة مكة المكرمة ، وفي 22 ديسمبر 2013 عين وزير التربية والتعليم حتى عام 2015 ، ثم تم تعيينه مستشارا للملك سلمان بن عبد العزيز ، وأمير منطقة مكة المكرمة ( للمرة الثانية ). وهو عضو في هيئة البيعة السعودية عن والده الملك فيصل بن عبد العزيز آل سعود .

[Chunk 2]
بعد تخرجه بعام 1968 التحق بالقوات الجوية الملكية السعودية ، وظل يعمل في القوات الجوية الملكية السعودية حتى عام 1980. في 2 جمادى الأولى 1400 ه الموافق 18 مارس 1980 عين أميرا لمنطقة حائل ، وظل بهذا المنصب حتى 16 شعبان 1420 ه الموافق 29 نوفمبر 1999 عندما عين أميرا لمنطقة المدينة المنورة . و في 19 رمضان 1426 ه الموافق 22 أكتوبر 2005 عين رئيسا للاستخبارات العامة خلفا لأخيه الأمير نواف ، وظل يتولى المنصب حتى 29 شعبان 1433 ه الموافق 19 يوليو 2012 عندما عين مستشارا للملك ومبعوثا خاصا له .

[Chunk 3]
في 21 فبراير 1961 عينه الشيخ عبد الله السالم الصباح محافظا لمحافظة حولي ، وظل يتولى مسئوليتها حتى 19 مارس 1978 عندما عين وزيرا للداخلية ، والتي استمر بها حتى 26 يناير 1988 عندما تم تعيينه وزيرا للدفاع . وبعد تحرير الكويت ، عين في 20 أبريل 1991 وزيرا للشؤون الاجتماعية والعمل ، وظل يتولى مسئوليتها حتى 17 أكتوبر 1992 عندما خرج من الوزارة . وفي 16 أكتوبر 1994 عين نائبا لرئيس الحرس الوطني . في 13 يوليو 2003 عين وزيرا للداخلية ، وفي 16 أكتوبر من نفس العام صدر مرسوم أميري بتعيينه نائبا أول لرئيس مجلس الوزراء ووزيرا للداخلية .",متى تولى العربي منصب مسؤول التنظيم ؟,في عام 1950,لا أعرف.,0.9,0.1,0.1
"[Chunk 1]
أبو عبد الله شمس الدين محمد بن أبي بكر بن أيوب بن سعد بن حريز الزرعي ( 691 ه - 751 ه / 1292 م - 1350 م ) المشهور باسم "" ابن قيم الجوزية "" أو "" ابن القيم "". هو فقيه ومحدث ومفسر وعالم مسلم مجتهد وواحد من أبرز أئمة المذهب الحنبلي في النصف الأول من القرن الثامن الهجري . نشأ ابن القيم حنبلي المذهب ؛ فقد كان والده "" أبو بكر بن أيوب الزرعي "" قيما على "" المدرسة الجوزية الحنبلية "" ، و عندما شب واتصل بشيخه ابن تيمية حصل تحول بحياته العلمية ، فأصبح لا يلتزم في آرائه وفتاويه بما جاء في المذهب الحنبلي إلا عن اقتناع وموافقة الدليل من الكتاب والسنة ثم على آراء الصحابة وآثار السلف ، ولهذا يعتبره العلماء أحد المجتهدين .

[Chunk 2]
ولد ابن القيم سنة 691 ه الموافقة لسنة 1292 م ، فنشأ في مدينة دمشق ، واتجه لطلب العلم في سن مبكرة ، فأخذ عن عدد كبير من الشيوخ في مختلف العلوم منها التفسير والحديث والفقه والعربية ، وقد كان ابن تيمية أحد أبرز شيوخه ، حيث التقى به في سنة 712 ه / 1313 م ، فلازمه حتى وفاته في سنة 728 ه / 1328 م ، فأخذ عنه علما جما واتسع مذهبه ونصره وهذب كتبه ، وقد كانت مدة ملازمته له سبعة عشر عاما تقريبا . وقد تولى ابن قيم الجوزية الإمامة في "" المدرسة الجوزية "" ، والتدريس في "" المدرسة الصدرية "" في سنة 743 ه .

[Chunk 3]
سجن ابن القيم مع ابن تيمية في شهر شعبان سنة 726 ه / 1326 م بسبب إنكاره لشد الرحال لزيارة القبور ، وأوذي بسبب هذا ، فقد ضرب بالدرة وشهر به على حمار . وأفرج عنه في يوم 20 ذو الحجة سنة 728 ه وكان ذلك بعد وفاة ابن تيمية بمدة . ويذكر المؤرخون أنه قد جرت له مشاكل مع القضاة منها في شهر ربيع الأول سنة 746 ه بسبب فتواه بجواز إجراء السباق بين الخيل بغير محلل . وكذلك حصلت له مشاكل مع القضاة بسبب فتواه بمسألة أن الطلاق الثلاث بكلمة واحدة يقع طلقة واحدة . وتوفي في 13 رجب سنة 751 ه وعمره ستون سنة ، ودفن بمقبرة الباب الصغير بدمشق .",من أبرز شيوخ ابن القيم ؟,ابن تيمية,ابن تيمية.,0.9,0.9,0.91
"[Chunk 1]
بلدة الدرعية أسسها مانع بن ربيعة المريدي سماها بالدرعية على اسم بلدتهم التي قدموا منها ، وهي الدرعية ( بلدة أو قرية صغيرة بالقرب من القطيف ) ، وهي منسوبة إلى جده درع ، وقد قدم مانع المريدي بعد أن دعاه ابن عمه ابن درع إلى حجر اليمامة لأخذ منطقة بالقرب من وادي حنيفة هما غصيبة والملبيد ، ولما توفى مانع خلفه ابنه ربيعة بن مانع فترأس أهل البلد ، وتكاثر سكان الدرعية ، فأراد ربيعة توسعة رقعتها بالاستحواذ على جانب من أراضي آل يزيد وكانت لهم قريتا النعمية والوصيل المجاورتان للدرعية ، فقاتلهم ، وقوى موسى ابن ربيعة ، فأصبح على الإمارة في أيام أبيه ، واستقر في الحكم وقضى على شوكة جيرانه آل يزيد ، وأجلاهم عن قريتيهم وألحقهما بأراضي الدرعية ، وحكم بعده ابنه إبراهيم بن موسى ثم ولده مرخان بن إبراهيم ، بعد وفاة مرخان ، تأمر ابناه ربيعة ومقرن مشتركين معا ، وتداول الإمارة بعدهما ، ابناهما وطبان بن ربيعة بن مرخان ، ومرخان بن مقرن بن مرخان . ثم ناصر بن محمد بن وطبان ، فمحمد بن مقرن ، فإبراهيم بن وطبان ، فإدريس بن وطبان ، إلى أن كانت أيام موسى بن ربيعة بن وطبان سنة 1720 م فتولاها سعود الأول بن محمد بن مقرن وتوفى سنة 1725 م وبعد وفاته ، خلفه أكبر رجال الأسرة سنا ، زيد بن مرخان بن وطبان وقتل سنة 1726 م وتولى محمد بن سعود بن محمد بن مقرن إمارة الدرعية الذي أصبح فيما بعد أول أئمة الدولة السعودية الأولى .

[Chunk 2]
وأنشأ مانع في هذين المكانين بلدة قوية سميت بالدرعية نسبة إلى الدروع ، وأخذت مكانها في قلب الجزيرة العربية حتى أصبحت إمارة معروفة . استمرت أسرة ربيعة بن مانع في إمارة الدرعية منذ ذلك العام إلى أن تولى سعود بن محمد بن مقرن عام 1132 ه وبعد وفاته ليلة عيد الفطر عام 1137 ه تولى زيد بن مرخان في فترة تقل عن السنتين ، حيث تولى بعده الأمير محمد بن سعود الذي أصبح يلقب فيما بعد بالإمام وذلك عام 1139 ه الموافق 1725 م وقاد البلاد إلى مرحلة جديدة في تاريخ المنطقة ، حيث نجح في تأسيس دولة واسعة النفوذ .

[Chunk 3]
كليب وحرب ربيعة وقضاعة بسبب خزيمة بن نهد القضاعي . نتائج يوم خزار بين ربيعة وقبيلة مذحج اليمانية ، هو التجاور بين ربيعة وقضاعة . وهي الحرب التي انتصرت بها قبائل ربيعة ورفعت شأن قبائل معد العدنانية . بعد هذا اليوم وهذه الحروب التي خاضتها قبائل ربيعة أصبح لهم حكم مناطقهم بشكل مستقل عن التبع اليماني ، ماعدا قريش التي التزمت مكة وأصبحت تحظى بمكانة دينية عند العرب بسبب قيامهم على الحرم المقدس عند جميع قبائل العرب ، واستطاع إعادة الملك القحطاني الملك الحارث بن عمرو بن حجر الكندي .",كيف أراد ربيعة بن مانع أن يوسع رقعة بلدة الدرعية ؟,بالاستحواذ على جانب من أراضي آل يزيد,أراد ربيعة بن مانع أن يوسع رقعة بلدة الدرعية بالاستحواذ على جانب من أراضي آل يزيد وكانت لهم قريتا النعمية والوصيل المجاورتان للدرعية.,0.93,0.91,0.9
"[Chunk 1]
هو أبو عبد الله محمد بن إسماعيل بن إبراهيم بن المغيرة بن بردزبه الجعفي البخاري . من أهم علماء الحديث وعلوم الرجال والجرح والتعديل والعلل عند أهل السنة والجماعة ، وأحد كبار الحفاظ الفقهاء ولد في بخارى ليلة الجمعة الثالث عشر من شوال سنة 194 ه ، الموافق 20 يوليو 810 م . وتربى في بيت علم حيث كان أبوه من العلماء المحدثين الراحلين في طلب الحديث ، وتوفي والإمام البخاري صغير فنشأ البخاري يتيما في حجر أمه ، وطلب العلم منذ صغره فدخل الكتاب صبيا وأخذ في حفظ القرآن الكريم وأمهات الكتب المعروفة في زمانه ، حتى إذا بلغ العاشرة من عمره ، بدأ في حفظ الحديث ، والاختلاف إلى الشيوخ والعلماء ، وملازمة حلقات الدروس ، ثم حفظ كتب عبد الله بن المبارك ووكيع بن الجراح وهو ابن ست عشرة . رحل في أرجاء العالم الإسلامي رحلة طويلة للقاء الشيوخ وطلب الحديث فزار أكثر البلدان والأمصار الإسلامية في ذلك الزمان للسماع من علمائها فسمع من قرابة ألف شيخ ، وجمع حوالي ستمائة ألف حديث .

[Chunk 2]
أبو عبد الله محمد بن إسماعيل البخاري ( 13 شوال 194 ه - 1 شوال 256 ه ) / ( 20 يوليو 810 م - 1 سبتمبر 870 م ). أحد كبار الحفاظ الفقهاء من أهم علماء الحديث وعلوم الرجال والجرح والتعديل والعلل عند أهل السنة والجماعة ، له مصنفات كثيرة أبرزها كتاب الجامع الصحيح ، المشهور باسم صحيح البخاري ، الذي يعد أوثق الكتب الستة الصحاح والذي أجمع علماء أهل السنة والجماعة أنه أصح الكتب بعد القرآن الكريم . وقد أمضى في جمعه وتصنيفه ستة عشر عاما . نشأ يتيما وطلب العلم منذ صغره ورحل في أرجاء العالم الإسلامي رحلة طويلة للقاء العلماء وطلب الحديث وسمع من قرابة ألف شيخ ، وجمع حوالي ستمائة ألف حديث . اشتهر شهرة واسعة وأقر له أقرانه وشيوخه ومن جاء بعده من العلماء بالتقدم والإمامة في الحديث وعلومه ، حتى لقب بأمير المؤمنين في الحديث . وتتلمذ عليه كثير من كبار أئمة الحديث كمسلم بن الحجاج وابن خزيمة والترمذي وغيرهم ، وهو أول من وضع في الإسلام كتابا مجردا للحديث الصحيح . ومن أول من ألف في تاريخ الرجال . امتحن أواخر حياته وتعصب عليه حتى أخرج من نيسابور وبخارى فنزل إحدى قرى سمرقند فمرض وتوفي بها .

[Chunk 3]
هو محمد بن إسماعيل بن إبراهيم بن المغيرة بن بردزبه الجعفي البخاري . وقد اختلف المؤرخون حول أصله ، عربي أم فارسي أم تركي ، فأخذ بعضهم كأبي الوليد الباجي ، والخطيب البغدادي ، والنووي ، وابن ناصر الدين ، والذهبي ، وغيرهم برواية أبو أحمد بن عدي الجرجاني في كتاب الكامل أن جده الأكبر بردزبه كان فارسي الأصل ، عاش ومات مجوسيا . ويقال جده المغيرة قد أسلم على يد والي بخارى : يمان المسندي البخاري الجعفي . فانتمى إليه بالولاء وانتقل الولاء في أولاده ، وأصبح الجعفي نسبا له ولأسرة البخاري . وقيل أنه تركي أصله من الأوزبك وهو ما لمح له عدد من المؤرخين مثل حمد الله المستوفي وأبو سعيد الجرديزي وعبد الرزاق السمرقندي وإغناطيوس كراتشكوفسكي وفاسيلي بارتولد . وقيل أنه عربي أصله من الجعفيين . فذكر عدد من العلماء أن جده الأكبر هو الأحنف الجعفي وأن "" بردزبه "" صفة وليس اسم وتعني "" الفلاح "" وهو ما تعود العرب عليه في البلدان الأعجمية ، وممن اعتمد هذا الرأي ابن عساكر ، وابن حجر العسقلاني ، وتاج الدين السبكي ، وزين الدين العراقي ، وابن تغري ، ورجحه عدد من المعاصرين منهم مصطفى جواد ، وناجي معروف ، وعبد العزيز الدوري ، وصالح أحمد العلي ، وحسين علي محفوظ ، وفاروق عمر فوزي ولبيد إبراهيم أحمد العبيدي . ولد الإمام البخاري في بخارى إحدى مدن أوزبكستان حاليا ، ليلة الجمعة الثالث عشر من شوال سنة 194 ه ، وتربى في بيت علم إذ كان أبوه من العلماء المحدثين ، واشتهر بين الناس بسمته وورعه ، ورحل في طلب الحديث وروى عن مالك بن أنس وحماد بن زيد كما رأى عبد الله بن المبارك . وتوفي والإمام البخاري صغير . فنشأ البخاري يتيما في حجر أمه ، وروى المؤرخون أن بصره أصيب وهو صغير فرأت أمه إبراهيم عليه السلام في المنام فقال لها : فأصبح وقد رد الله عليه بصره .",أين ولد الامام البخاري ؟,بخارى,بخارى ليلة الجمعة الثالث عشر من شوال سنة 194 ه .,0.9,0.9,0.9
"[Chunk 1]
درب الزلق , هو مسلسل كويتي كوميدي . يعد من أشهر وأبرز المسلسلات الخليجية والعربية على الإطلاق والذي عرض في أغلب محطات التلفزيون العربية وهو من إنتاج سنة 1977. من بطولة الفنان عبدالحسين عبدالرضا ، خالد النفيسي ، سعد الفرج ، عبدالعزيز النمش وعلي المفيدي . والمسلسل من إخراج حمدي فريد . ومن تأليف عبد الأمير التركي .

[Chunk 2]
كانت بداياته في أوائل ستينات القرن العشرين ، وتحديدا في عام 1961 وذلك من خلال مسرحية صقر قريش بالفصحى ، حيث كان بديلا للممثل « عدنان حسين » ، وأثبت نجاحه أمام أنظار المخرج زكي طليمات ، وتوالت بعدها الأعمال من مسلسلات تلفزيونية ومسرحيات لتنطلق معها الإنجازات والشهرة والجوائز وغيرها . قدم أشهر المسلسلات الخليجية على الإطلاق والذي لا يزال المسلسل الأول بالخليج وهو مسلسل درب الزلق مع سعد الفرج وخالد النفيسي وعبد العزيز النمش وعلي المفيدي . كذلك مسلسل الأقدار الذي كتبه بنفسه ، وعلى جانب المسرح كانت له مسرحيات كثيرة أشهرها باي باي لندن وبني صامت وعزوبي السالمية وعلى هامان يا فرعون وغيرها الكثير . كما أنه قام بكتابة بعض أعماله المسرحية والتلفزيونية بنفسه منها سيف العرب وفرسان المناخ وعزوبي السالمية و 30 يوم حب وقاصد خير وغيرها ، كما أنه خاض مجال التلحين والغناء والتأليف المسرحي والتلفزيوني وأصبح منتج . اشتهر بالشخصية الساخرة المرحة التي تنتقد وتسخر من الأوضاع العربية بقالب كوميدي . وهو أحد مؤسسي « فرقة المسرح العربي » عام 1961 و « فرقة المسرح الوطني » عام 1976 ، كما قام بعام 1979 بتأسيس « مسرح الفنون » كفرقة خاصة ، وفي عام 1989 أسس « شركة مركز الفنون للإنتاج الفني والتوزيع ». وكان قد قام في عام 1971 بتأسيس « شركة مطابع الأهرام ».

[Chunk 3]
بدأت فكرة المسلسل من خلال الفنانين عبد الله السدحان وناصر القصبي ، والمخرج عامر الحمود . بعد أول موسمين انفصل الثلاثي ليكون الثنائي عبدالله السدحان وناصر القصبي بالتعاون مع المخرج عبد الخالق الغانم . واستمر العمل يعرض على القناة السعودية الأولى من الجزء الأول إلى الجزء الثالث عشر عام 2005 ثم انتقل بشكل نهائي إلى MBC منذ عام 2006 في الجزء الرابع عشر إلى الجزء الثامن عشر والأخير في عام 2011 .",من مخرج مسلسل درب الزلق ؟,حمدي فريد,حمدي فريد.,0.9,0.92,0.91
"[Chunk 1]
محمد حسني مبارك وشهرته حسني مبارك ( 4 مايو 1928 - 1 رجب 1441 ه / 25 فبراير 2020 ) من مواليد كفر المصيلحة بمحافظة المنوفية ، هو الرئيس الرابع لجمهورية مصر العربية من 14 أكتوبر 1981 خلفا لمحمد أنور السادات ، وحتى في 11 فبراير 2011 بتنحيه تحت ضغوط شعبية وتسليمه السلطة للمجلس الأعلى للقوات المسلحة . حصل على تعليم عسكري في مصر متخرجا من الكلية الجوية عام 1950 ، ترقى في المناصب العسكرية حتى وصل إلى منصب رئيس أركان حرب القوات الجوية ، ثم قائدا للقوات الجوية في أبريل 1972 م ، وقاد القوات الجوية المصرية أثناء حرب أكتوبر 1973 . وفي عام 1975 اختاره محمد أنور السادات نائبا لرئيس الجمهورية ، وعقب اغتيال السادات عام 1981 على يد جماعة سلفية إسلامية مصرية تقلد رئاسة الجمهورية بعد استفتاء شعبي ، وجدد فترة ولايته عبر استفتاءات في الأعوام 1987 ، 1993 ، و 1999 وبرغم الانتقادات لشروط وآليات الترشح لانتخابات 2005 ، إلا أنها تعد أول انتخابات تعددية مباشرة وجدد مبارك فترته لمرة رابعة عبر فوزه فيها . تعتبر فترة حكمه ( حتى إجباره على التنحي في 11 فبراير عام 2011 ) رابع أطول فترة حكم في المنطقة العربية - من الذين هم على قيد الحياة آنذاك ، بعد السلطان قابوس بن سعيد سلطان عمان والرئيس اليمني علي عبد الله صالح والأطول بين ملوك ورؤساء مصر منذ محمد علي باشا .

[Chunk 2]
علاء الدين محمد حسنى السيد مبارك ( 26 نوفمبر 1960-) هو الابن الأكبر لمحمد حسني مبارك الرئيس الأسبق لجمهورية مصر العربية . علاء مبارك هو رجل أعمال ، ولكن لا تتوفر تفاصيل حول هوية عمله أو أعماله . متزوج من هايدي مجدى راسخ ولهما ولد "" عمر "" . توفى ابنه الأكبر "" محمد "" في 18 مايو 2009 عن عمر 13 سنة عقب أزمة صحية .

[Chunk 3]
محمد مرسي ( 8 أغسطس 1951 - 17 يونيو 2019 ) ، واسمه الكامل محمد محمد مرسي عيسى العياط ، هو الرئيس الخامس لجمهورية مصر العربية والأول بعد ثورة 25 يناير وهو أول رئيس مدني منتخب للبلاد . أعلن فوزه في 24 يونيو 2012 بنسبة 51.73 % من أصوات الناخبين المشاركين بدأت فترته الرئاسية مع الإعلان في 24 يونيو 2012 عن فوزه في انتخابات الرئاسة المصرية 2012 ، وتولى مهام منصبه في 30 يونيو 2012 بعد أدائه اليمين الدستورية . حتى أزيح عن السلطة في انقلاب 2013 في مصر والذي جاء بعد مظاهرات 30 يونيو من نفس العام . وبقي معتقلا منذ تاريخ عزله ، حتى وفاته في 17 يونيو 2019. بعد توجيه عدة تهم إليه من ضمنها التخابر مع قطر وحركة حماس وإفشاء أسرار الأمن القومي أثناء فترة رئاسته .",من هو محمد حسني مبارك ؟,الرئيس الأسبق لجمهورية مصر العربية,محمد حسني مبارك هو الرئيس الرابع لجمهورية مصر العربية من 14 أكتوبر 1981 وحتى 11 فبراير 2011.,0.91,0.91,0.91
"[Chunk 1]
قبرص رسميا جمهورية قبرص دولة قائمة على جزيرة في شرق حوض البحر الأبيض المتوسط في جنوب شرق أوروبا وشمال غرب آسيا . استقلت سنة 1960 عن بريطانيا . تم تقسيمها بعد التدخل العسكري التركي سنة 1974 إلى جزئين ذو أغلبية سكانية يونانية ( في الوسط والجنوب ) وجزء ذو أغلبية سكانية تركية ( في الشمال ) . أعلن في سنة 1983 قيام جمهورية شمال قبرص التركية في القسم التركي .

[Chunk 2]
وفقأ لتعداد عام 2011 فإن 94.8 % من سكان جمهورية قبرص ( الشطر اليوناني من الجزيرة ) هم من المسيحيين الأرثوذكس ، و 0.9 % الأرمن والموارنة ، والروم الكاثوليك 1.5 % ، و 1.0 % كنيسة إنجلترا ، و 0.6 % من المسلمين ، و 1.3 % من الطوائف الدينية الأخرى . يرجع تاريخ الشعوب القديمة التي سكنت الجزيرة إلى حوالي عام 6000 ق . م . واستوطن فيها اليونانيون عام 1200 ق . م وأنشأوا فيها الدول المدن التي كانت شبيهة بالدول المدن اليونانية القديمة .

[Chunk 3]
وقبل المسيح ، غزا قبرص كل من الآشوريين والمصريين واليونانيين والفرس والرومان . وأدخل القديس بولس والقديس برنابا المسيحية إلى الجزيرة عام 45 م . وفي عام 330 بعد الميلاد صارت قبرص جزءا من الإمبراطورية البيزنطية . وفي عام 1191 استولى ريتشارد قلب الأسد ملك إنجلترا على قبرص لكنه باعها لأحد النبلاء الفرنسيين . واحتل الأتراك العثمانيون الجزيرة في سبعينيات القرن السادس عشر الميلادي ، وحكموها حتى عام 1878 عندما سلموها إلى بريطانيا التي حولت الجزيرة إلى مستعمرة ملكية عام 1925.",اين توجد اغلبية السكان الاتراك في قبرص ؟,( في الشمال ),في الشمال.,0.93,0.91,0.91
"[Chunk 1]
بدأت مسيرتها الإعلامية في عمر مبكر ، وتعد أصغر مراسلة في الشرق الأوسط بعمر السابعة عشرة بحسب « مجلة اوك البريطانية » ، بدأت كمراسلة أخبار لقناة العربية من الأردن لمدة أربع سنوات ، وذلك في عام 2004 بدعم من سعد السيلاوي الذي دعمها وشجعها ، والتحقت بعدها إلى الأخبار في قناة إم بي سي 1 كمذيعة ومقدمة البرنامج الأخباري الإجتماعي « إم بي سي في أسبوع ». وأثارت جدلا كبيرا في أوساط الشارع العربي بعد قيامها بتغريدة عن القدس ردا على قرار ترامب بالاعتراف بالقدس عاصمة فلسطين وأثارت تغريدتها ردود فعل غاضبة حيث فسرها البعض بأنها مسيئة للسعودية .

[Chunk 2]
حصلت في عام 2006 على جائزة أفضل مذيعة في المهرجان العربي الرابع للإعلام في بيروت . سميت على موقع قناة العربية ب « قطعة الكريستال » وسمتها جريدة الرياض السعودية ب « المراسلة الحربية ». اختيرت في عام 2011 من بين أقوى مائة سيدة في العالم العربي من قبل مجلة أريبيان بزنس ؛ وحصلت في العام الموالي على جائزة مؤسسة مي شدياق للإبداع التلفزيوني .

[Chunk 3]
عام 1996 تمت تسميته كسفير لصندوق الامم المتحدة للسكان UNFPA وفي عام 1998 شارك في التحضير لانعقاد أول ندوة إقليمية للإعلاميين العرب والمعنيين في الشؤون السكانية بالتعاون بين UNFA وIPPF. وبصفته سفيرا لصندوق الأمم المتحدة للسكان حضر اجتماعات الهيئة العامة للأمم المتحدة ( 1999 ) المخصصة لمناقشة وضع السكان في العالم بعد مرور خمسة أعوام على مؤتمر القاهرة للسكان ، وفي نفس العام تم تكريمه من قبل مهرجان الشباب العربي المنعقد في المغرب .",أين أقاموا المهرجان العربي الرابع للإعلام ؟,في بيروت,بيروت.,0.87,0.91,0.92
"[Chunk 1]
ولد الوليد بن طلال في 7 مارس 1955 في الرياض ، لأم لبنانية وأب سعودي . أمه هي منى الصلح ابنة رياض الصلح أول رئيس وزراء للبنان المستقل في سنة 1943. والده هو الأمير طلال بن عبدالعزيز شغل منصب سفير السعودية في فرنسا ، ووزير مالية الملك سعود لفترة وجيزة . كان في السابعة ، عندما انفصل والداه وذهب للعيش مع أمه في بيروت . درس المرحلة الابتدائية في مدرسة غابة الصنوبر في بيروت . بدت طبيعة الأمير المتمردة تتضح في المدرسة عندما كان يعتاد الفرار والتغيب بدون إذن . بحلول عام 1968 ، أجبره والده على الالتحاق بكلية الملك عبد العزيز الحربية في المملكة . في عام 1974 عاد الأمير ثانية إلى بيروت ، والتحق بمدرسة الشويفات .

[Chunk 2]
الأمير الوليد بن طلال بن عبد العزيز آل سعود ولد في الرياض في 7 مارس 1955 وهو الابن الثاني للأمير طلال بن عبد العزيز ، رجل أعمال سعودي يعد من أكبر المستثمرين في العالم . في العام 2004 ، أدرجت مجلة فوربس الوليد كرابع أغنى رجل بالعالم بثروة تقدر ب 21 مليار دولار . بعد ذلك بسنوات صنفته المجلة الأمريكية عام 2009 في الترتيب 22 من أغنياء العالم بثروة تقدر ب 13.3 مليار دولار وفي عام 2010 ارتفع ترتيبه إلى الترتيب 19 من أغنى أغنياء العالم بثروة تقدر ب 19.4 مليار دولار ، جده لوالده هو الملك عبد العزيز آل سعود مؤسس المملكة العربية السعودية ، وجده لأمه هو رياض الصلح رئيس أول حكومة استقلالية في لبنان . حصل الأمير الوليد على درجة البكالوريوس في العلوم الإدارية والاقتصادية بامتياز وتفوق من كلية مينلو Menlo College في ولاية كاليفورنيا 1979 ، كما حصل على 23 دكتوراه فخرية من مختلف جامعات العالم

[Chunk 3]
طلال بن عبد العزيز آل سعود ( 1 ربيع الآخر 1350 ه / 15 أغسطس 1931 - 15 ربيع الآخر 1440 ه / 22 ديسمبر 2018 م ): أمير سعودي ، الابن الثامن عشر من أبناء الملك عبد العزيز بن عبدالرحمن آل سعود الذكور . أول وزير للمواصلات من 1372 ه - 1374 ه ثم وزيرا للمالية من 1380 ه - 1381 ه ثم سفير في فرنسا . تزعم حركة الأمراء الأحرار التي طالبت بإنشاء حكم دستوري برلماني في البلاد ، وفصل أسرة آل سعود المالكة عن الحكم ، والمساواة بين الرجال والنساء .",اين شغل والد الوليد منصب سفير السعودية ؟,في فرنسا,فرنسا.,0.9,0.91,0.91
"[Chunk 1]
بعد انضمامه للجيش الليبي كون القذافي مجموعة الضباط الوحدويين الأحرار ، ولعب الملازم القذافي دورا جوهريا في الإنقلاب على الحكم السنوسي ذي الملكية الدستورية في ليبيا في الأول من سبتمبر / أيلول 1969 وأطاح بحكم الملك إدريس الأول . ، سمى انقلابه بثورة الفاتح من سبتمبر وحكم ليبيا وهو شاب دون الثلاثين من العمر وأعلن الجمهورية في ليبيا . أطلق على نفسه لقب قائد الثورة وشغل منصب رئيس مجلس قيادة الثورة حتى عام 1977 حين أعلن ليبيا أول جماهيرية في العالم وقدم نظام الحكم الجماهيري الجديد . كما كان يشغل منصب القائد الأعلى للقوات المسلحة منذ سنة 1969.

[Chunk 2]
معمر محمد عبد السلام القذافي ( 7 يونيو 1942 - 20 أكتوبر 2011 ). المعروف باسم العقيد القذافي . كان سياسيا وثوريا ليبيا . وفي الواقع كان حاكم ليبيا لأكثر من 42 سنة . رئيس مجلس قيادة الثورة في الجمهورية العربية الليبية 1969 - 1977. بعدها صار يعرف ب الأخ القائد للجماهيرية العربية الليبية الشعبية الإشتراكية العظمى 1977 - 2011. وصل القذافي إلى السلطة في إنقلاب عسكري خلع به الملك إدريس ملك المملكة الليبية في العام 1969 وظل رئيسا لمجلس قيادة الثورة حتى عام 1977 ، عندما تنحى رسميا من رئاسة مجلس قيادة الثورة ، ونصب نفسه "" قائدا للثورة "". في عام 2008 عقد اجتماع لزعماء أفريقيا ومنح لقب "" ملك ملوك أفريقيا "" ومدافعا رئيسيا عن الولايات المتحدة الأفريقية ، وشغل منصب رئيس الإتحاد الأفريقي في الفترة من 2 فبراير 2009 إلى 31 يناير 2010.

[Chunk 3]
ولد حفتر في مدينة أجدابيا وترعرع هناك . خدم في الجيش الليبي تحت قيادة معمر القذافي وشارك في انقلاب عام 1969 الذي أوصل القذافي إلى السلطة . شارك ضمن الكتيبة الليبية التي خاضت حرب يوم الغفران – رفقة قوات أخرى – عام 1973 ضد إسرائيل . بحلول عام 1987 ؛ أسر حفتر أثناء الحرب ضد تشاد وذلك بعدما نصبت القوات التشادية فخا أوقعته به . شكل هذا الأسر « إحراجا كبيرا » للقذافي ومثل ضربة كبيرة لطموحات العقيد معمر في تشاد . أثناء احتجازه ؛ شكل هو وزملاؤه مجموعة ضباط على أمل الإطاحة بالقذافي فيما بعد . أطلق سراحه في عام 1990 وذلك بعد صفقة مع حكومة الولايات المتحدة وقضى ما يقرب من عقدين في مدينة لانغلي بولاية فرجينيا بالولايات المتحدة وهناك حصل على الجنسية الأمريكية . في عام 1993 ؛ وأثناء إقامته في الولايات المتحدة أدين حفتر غيابيا بجرائم ضد الجماهيرية وحكم عليه بالإعدام .",ماذا كون القذافي بعد انضمامه للجيش الليبي ؟,مجموعة الضباط الوحدويين الأحرار,أطاح بحكم الملك إدريس الأول وأعلن الجمهورية في ليبيا.,0.92,0.8,0.2
"[Chunk 1]
وحين استعمرهم الأوربيون ( في القرن الخامس عشر الميلادي ) واجهوا تحديات كبيرة ، ورغم أن البعض تعايش وتبادل التجارة مع المستعمر واستوعب تقنياته إلا أن المستعمر الأوربي استولى على أراضيهم وعمل على إبادتهم في ( كندا ) و (). وكانت تسمى هذه القبائل : (( قبائل أوننداجو )) و (( وموهاك )) و (()). كما كانوا يعرفون جميعا باسم الهنود الأمريكيين أو الهنود الحمر . وفي كندا كان يطلق عليهم عادة (( شعب أبورجينال )) وحين وصل ( كريستوفر كولومبس ) عام ( 1492 م ) أرضهم ؛ كان عددهم يقدر ما بين 40 إلى 90 مليونا . وحين جاء الإسبان وجدوا 50 قبيلة هندية في الغرب بما فيها (( شعب بيبلو )) وكوماتش وبيمان ويمان ، وكان لهم لغاتهم المتنوعة . وجلب الأوربيون معهم الأمراض كوسيلة حرب بيولوجية كالجدري والحصبة والطاعون والكوليرا والتبفود والدفتيريا والسعال الديكي والملاريا وبقية الأوبئة التي كانت تحصد السكان الأصليين . وكانت السلطات البريطانية توزع عليهم الألحفة ( الأغطية ) الحاملة للأمراض عمدا بهدف نشر الأمراض بينهم .

[Chunk 2]
الأمريكان القدماء أو الأمريكان الأصليون وأحيانا باسم الهنود الأمريكان أو الهنود الحمر هي أسماء تطلق على عرقيات السكان الأصليين للأمريكيتين قبل عصر كريستوفر كولمبس () وتطلق أيضا على السلالات التي انحدرت عنهم . ويسمى هؤلاء أيضا في كندا بالأمم الأولى . سموا أولا بالهنود لأن كريستوفر كولمبس ظن خطأ أنه وصل إلى جزر الهند الشرقية عندما اكتشف العالم الجديد ، ثم سموا فيما بعد بالهنود الحمر والهنود الأمريكيين تمييزا لهم عن الهنود الآسيويين .

[Chunk 3]
استوطنت المنطقة الجغرافية التي تشكل حاليا الولايات المتحدة الأميركية من قبل البشر لأول مرة في أواخر العصر الجليدي الأخير أو بعده بفترة قصيرة ، بعد أن عبرت قبائل تنتمي إلى العنصر المغولي ، أو الأصفر ، مضيق بيرينغ من شمال آسيا عبر ألاسكا واتجهت جنوبا بحثا عن أسباب الحياة ، وقد شكل هؤلاء أسلاف الأمريكيين الأصليين . أما الاستعمار الأوروبي الحديث فبدأ أولا مع الإسبان ، ثم انتقل إلى الإنجليز ، الذين بدأوا يفكرون باستعمار المناطق التي تشكل اليوم الساحل الشرقي للولايات المتحدة في عهد الملكة إليزابيث الأولى ، الذي شغل طيلة النصف الثاني من القرن السادس عشر ، وخاصة بعد تدمير الأسطول الإسباني الجبار سنة 1588 .",ماذا فعل المستعمر الأوروبي بالهنود الحمر ؟,استولى على أراضيهم وعمل على إبادتهم في ( كندا ),استولى على أراضيهم وعمل على إبادتهم.,0.9,0.91,0.91
"[Chunk 1]
تميز علوم الأرض عموما بين أربعة أغلفة وهي الغلاف الصخري ، والغلاف المائي ، والغلاف الجوي ، والمحيط الحيوي كنظائر للصخور والماء والهواء والحياة على التوالي . يشمل بعض العلماء ضمن أغلفة الأرض الغلاف الجليدي ( المقابل للجليد ) كجزء متميز من الغلاف المائي ، وكذلك الغلاف الترابي ( الموافق للتربة ) كغلاف نشط ومتداخل . إن علم الأرض ( والمعروف أيضا باسم العلوم الأرضية أو العلوم الجغرافية أو علوم الأرض ) ، هو مصطلح يشمل كافة العلوم المتعلقة بكوكب الأرض . هناك أربعة تخصصات رئيسية في علوم الأرض ، ألا وهي الجغرافيا والجيولوجيا والجيوفيزياء وعلم تقسيم الأرض . تستخدم هذه التخصصات الرئيسية الفيزياء والكيمياء والبيولوجيا وعلم التسلسل الزمني والرياضيات لبناء فهم نوعي وكمي لمناطق الأرض أو أغلفتها الرئيسية .

[Chunk 2]
تعتبر الأرض مسكنا لملايين الأنواع من الكائنات الحية ، بما فيها الإنسان ؛ وهي المكان الوحيد المعروف بوجود حياة عليه في الكون . تكونت الأرض منذ حوالي 4.54 مليار سنة ، وقد ظهرت الحياة على سطحها في المليار سنة الأخيرة . ومنذ ذلك الحين أدى الغلاف الحيوي للأرض إلى تغير الغلاف الجوي والظروف غير الحيوية الموجودة على الكوكب ، مما سمح بتكاثر الكائنات التي تعيش فقط في ظل وجود الأكسجين وتكون طبقة الأوزون ، التي تعمل مع المجال المغناطيسي للأرض على حجب الإشعاعات الضارة ، مما يسمح بوجود الحياة على سطح الأرض . تحجب طبقة الأوزون الأشعة فوق البنفسجية ، ويعمل المجال المغناطيسي للأرض على إزاحة وإبعاد الجسيمات الأولية المشحونة القادمة من الشمس بسرعات عظيمة ويبعدها في الفضاء الخارجي بعيدا عن الأرض ، فلا تتسبب في الإضرار بالكائنات الحية .

[Chunk 3]
توجد الأرض في مجموعة كواكب المجموعة الشمسية ، والمجموعة الشمسية نفسها واحدة من ضمن مئات المليارات من النجوم التي تشكل مجرة درب التبانة أو درب اللبانة . المنطقة التي تميز كوكب الأرض حول الشمس عن غيرها هي منطقة تعرف بأنها نطاق صالح للسكن ، بمعنى أن بعد الأرض عن الشمس الذي يبلغ نحو 150 مليون كيلومتر و مدار الأرض حول الشمس في فلك دائري يجعل عليها درجات حرارة مناسبة ليست بالمرتفعة كثيرا وليست باردة جدا بحيث تلائم نشأة حياة واستمرارها عليها . بالإضافة إلى ذلك حجم مناسب للأرض يجعلها تحتفظ بغلافها الجوي ووجود الماء عليها ، ووجود غاز الأوزون في جو الأرض الذي يحمي الأحياء عليها من الأشعة فوق البنفسجية الضارة ، علاوة على مجالها المغناطيسي الذي يحميها من الجسيمات الأولية السريعة التي تأتي مع الرياح الشمسية فتهدد سلامة الأحياء على الأرض .",ما هي العلوم التي يشملها علم الأرض ؟,الجغرافيا والجيولوجيا والجيوفيزياء وعلم تقسيم الأرض,"تشتمل علوم الأرض على العلوم المتعلقة بكوكب الأرض، ألا وهي الجغرافيا والجيولوجيا والجيوفيزياء وعلم تقسيم الأرض.",0.35,0.91,0.9
"[Chunk 1]
تلقى "" فريندز "" إشادة في جميع مواسمه ، ليصبح واحدا من البرامج التلفزيونية الأكثر شعبية في كل العصور . رشحت السلسلة ل 62 جائزة إيمي ، وفازت بفئة "" أفضل مسلسل كوميدي "" في عام 2002 عن الموسم الثامن . يظهر البرنامج في المرتبة 21 في قائمة "" دليل التلفزيون لأفضل 50 برنامج تلفزيوني في التاريخ "" ، والمرتبة 7 في أفضل 50 برنامج تلفزيوني في التاريخ حسب مجلة "" إمباير "". في عام 1997 ، حلت حلقة "" The One with the Prom Video "" في المرتبة 100 في تقييم دليل التلفزيون لأفضل 100 حلقة في التاريخ . في عام 2013 ، احتل "" أصدقاء "" المركز 24 في تقييم نقابة الكتاب الأمريكية لأفضل 101 مسلسل مكتوب على الإطلاق ، والمركز 28 في تصنيف دليل التلفزيون لأفضل 60 مسلسل على الإطلاق .

[Chunk 2]
أصدقاء أو فريندز هو كوميديا موقف ( سيت كوم ) أمريكي . تم عمله بواسطة ديفيد كرين ومارتا كوفمان ، وتم بثه على شبكة إن بي سي من 22 سبتمبر 1994 إلى 6 مايو 2004 ، استمر لعشرة مواسم . كانت البطولة لجنيفر أنيستون ، كورتني كوكس ، ليزا كودرو ، مات لوبلان ، ماثيو بيري وديفيد شويمر . تدور أحداث المسلسل حول ستة من الأصدقاء يعيشون في مانهاتن . أنتج المسلسل شركة برايت / كوفمان / كران بالتعاون مع وارنر بروس . كان المنتجون التنفيذيون الأصليون كيفن س . برايت ، مارتا كوفمان وديفيد كرين .

[Chunk 3]
تم التصوير في استوديوهات وارنر بروس في بربانك بكاليفورنيا . احتل كل موسم من العشرة مواسم من "" الأصدقاء "" أحد المراكز ضمن العشرة الأوائل في عدد المشاهدات للموسم التلفزيوني ، وفي نهاية المطاف نجحت السلسلة في الوصول إلى المركز الأول في الموسم الثامن . شاهد خاتمة السلسلة ، التي بثت يوم 6 مايو 2004 ، حوالي 52.5 مليون مشاهد أمريكي ، مما جعلها خامس أكثر خاتمة لمسلسل مشاهدة في تاريخ التلفزيون ، والحلقة التلفزيونية الأكثر مشاهدة في عقد 2000. وسجلت الحلقتين 12 و 13 من الموسم الثاني أعلى نسبة مشاهدات ، حيث شاهدهما قرابة 53 مليون شخص .",في أي مرتبة ظهر مسلسل فريندز في قائمة دليل التلفزيون لأفضل 50 برنامج تلفزيوني في التاريخ ؟,في المرتبة 21,المرتبة 7.,0.9,0.91,0.22
"[Chunk 1]
جانيت جرجس فغالي ( 10 نوفمبر 1927 - 26 نوفمبر 2014 ) مغنية وممثلة لبنانية اشتهرت فنيا باسم صباح إحدى أيقونات الفن العربي ، وواحدة من الأيقونات اللبنانية إلى جانب فيروز ووديع الصافي ، امتدت حياتها المهنية من منتصف العقد 1940 حتى عقد 2000 ، لتترك خلفها إرثا فنيا تلفزيونيا سينيمائيا ومسرحيا كبيرا خلدها كأسطورة في المجال الفني على مر العصور ، اشتهرت بألقاب كثير منها "" الشحرورة "" و "" الصبوحة "" و "" صوت لبنان "". كانت من بين أوائل المغنين العرب الذين وقفوا على خشبات المسرح العالمي في أولمبيا في باريس ، وقاعة كارنيغي في مدينة نيويورك ، وقاعة ألبرت الملكية في لندن ودار أوبرا سيدني .

[Chunk 2]
من مواليد 10 نوفمبر 1927 ، في عائلة متواضعة ، نشأت الفتاة الصغيرة "" جانيت "" في وادي شحرور إحدى القرى اللبنانية من قرى قضاء بعبدا في محافظة جبل لبنان . بدايتها الفنية كانت في صغرها في لبنان ، واستطاعت أن تميز بشهرتها المحلية ، حتى استطاعت لفت انتباه المنتجة السينمائية اللبنانية الأصل آسيا داغر والتي كانت تعمل في القاهرة ، فأوعزت إلى وكيلها في لبنان قيصر يونس لعقد اتفاق معها لثلاثة أفلام دفعة واحدة ، وكان الاتفاق بأن تتقاضى 150 جنيها مصريا عن الفيلم الأول ويرتفع السعر تدريجيا . ذهبت إلى أسيوط برفقه والدها ووالدتها ونزلوا ضيوفا على آسيا داغر في منزلها بالقاهرة ، وكلف الملحن رياض السنباطي بتدريبها فنيا ووضع الألحان التي ستغنيها في الفيلم ، وفي تلك الفترة اختفى اسم « جانيت الشحرورة » وحل مكانه اسم « صباح » في فيلم القلب له واحد عام 1945 م ، وكان عمرها وقتها حوالي 18 عام . ويقال أن السنباطي لاقى صعوبة كبيرة في تطويع صوتها وتلقينها أصول الغناء لأن صوتها الجبلي كان ما زال معتادا على الاغاني البلدية المتسمة بالطابع الفولكلوري الخاص بلبنان وسوريا ، وهي شقيقة الممثلة لمياء فغالي .

[Chunk 3]
جيلينا نورا حديد ( مواليد 23 أبريل 1995 ) ، والمعروفة باسم جيجي حديد هي عارضة أزياء أمريكية ، وشخصية مشهورة في الولايات المتحدة والعالم . وهي من أصول فلسطينية من طرف والدها محمد حديد . وقعت حديد مع آي إم جي مودلز في عام 2013. في نوفمبر 2014 ، دخلت حديد لأول مرة في قائمة أعلى 50 عارضة في ترتيب في عام 2016 ، فازت بلقب أفضل عارضة أزياء عالمية لهذا العام من قبل مجلس الأزياء البريطاني في حفل توزيع جوائز الموضة البريطانية .",من هي جانيت جرجس فغالي ؟,مغنية وممثلة لبنانية,صباح إحدى أيقونات الفن العربي.,0.7,0.91,0.7
"[Chunk 1]
مثلث برمودا ( المعروف أيضا باسم "" مثلث الشيطان "") هو منطقة جغرافية على شكل مثلث متساوي الأضلاع ( نحو 1500 كيلومتر في كل ضلع ) ومساحته حوالي مليون كم 2 ، يقع في المحيط الأطلسي بين برمودا ، وبورتوريكو ، وفورت لودرديل ( فلوريدا ) ، ويعتبر شقيق مثلث التنين . هي منطقة شهيرة بسبب عدة مقالات وأبحاث نشرها مؤلفون في منتصف القرن العشرين تتحدث عن مخاطر مزعومة في المنطقة ، ولكن إحصاءات خفر السواحل للولايات المتحدة لا تشير إلى حدوث حالات اختفاء كبيرة لسفن وطائرات في هذه المنطقة أكثر من مناطق أخرى ، كما أن العديد من الوثائقيات أكدت مؤخرا زيف الكثير مما قيل عنها وكذلك تراجع العديد من التقارير بحجة نشرها للأحداث بصورة خاطئة ، واعترفت العديد من الوكالات الرسمية بأن عدد وطبيعة حوادث الاختفاء في مثلث برمودا كانت مشابهة لغيرها من المناطق في باقي المحيط لا أكثر .

[Chunk 2]
تقع منطقة برمودا في الجزء الغربي من المحيط الأطلسي مجاورة للساحل الجنوبي الشرقي لولاية فلوريدا ، بالولايات المتحدة الأمريكية ، ويشمل المثلث فلوريدا ( بالولايات المتحدة الأمريكية ) وجزر برمودا ( تابعة لبريطانيا ) وجزر البهاما . ويعتبر خندق بورتوريكو النقطة الأعمق في المحيط الأطلسي ب 30 ، 100 قدم ، وهو يقع ضمن إحداثيات مثلث برمودا . وسميت بهذا الاسم نسبة إلى جزر برمودا المكونة من مجموعة من الجزر التي يبلغ عددها 300 جزيرة ، ليست كلها مأهولة بالسكان وإنما المأهول منها ثلاثون جزيرة ، عاصمتها "" هاملتون "" وتقع في الجزيرة الأم .

[Chunk 3]
كان أول ادعاء بحالات اختفاء غير طبيعي في برمودا في 16 سبتمبر 1950 ، من مجلة أسوشيتد برس بمقالة من إدوارد فان وينكل جونز . بعد عامين ، نشرت مجلة فيت "" Fate "" مقالة قصيرة من جورج العاشر ساند بعنوان "" لغز في البحر عند بابنا الخلفي "" تتحدث عن فقدان العديد من الطائرات والمراكب ، بما في ذلك فقدان الرحلة 19. كانت مقالة ساند المقالة الأولى التي تتحدث بشمولية عن المثلث الذي حدثت به الخسارات .",ما الاسم الآخر لمثلث برمودا ؟,مثلث الشيطان,"""مثلث الشيطان""",0.93,0.91,0.9
"[Chunk 1]
في 1933 ؛ بلغ تعداد اليهود في أوروبا أكثر من تسعة ملايين . وكان يعيش معظم اليهود الأوروبيون في الدول التي كانت الدولة النازية ستحتلها خلال الحرب العالمية الثانية . قبل عام 1945 ، قتل الألمان والمتعاونون معهم حوالي اثنين من كل ثلاثة يهودي أوروبي كجزء من الحل النهائي وهو السياسة النازية لقتل يهود أوروبا . ورغم أن اليهود كانوا هم المقصودين من العنصرية النازية ؛ إلا أن أعداد الضحايا بلغت 200.000 من الغجر . كما قتل 200.000 معاق ذهنيا أو جسديا في برنامج "" القتل الرحيم "".

[Chunk 2]
الهولوكوست () ، تعرف أيضا باسم شوأه "" ( عبرية : تلفظ "" هشوآء "" وتعني "" الكارثة "") ، هي إبادة جماعية وقعت خلال الحرب العالمية الثانية قتل فيها ما يقرب من ستة ملايين يهودي أوروبي على يد النظام النازي لأدولف هتلر والمتعاونين معه . يستخدم بعض المؤرخين تعريف الهولوكوست الذي يضم الخمس ملايين إنسان الإضافيين من غير اليهود الذين كانوا أيضا من ضحايا القتل الجماعي للنظام النازي ، ليصبح المجموع الكلي إلى ما يقرب الأحد عشر مليون إنسان . جرت عمليات القتل في جميع أنحاء ألمانيا النازية والمناطق المحتلة من قبل ألمانيا في أوروبا .

[Chunk 3]
في عام 1904 قام الطبيب الألماني ألفريد بلويتز بنشر أفكاره عن ما أسماه تحسين النسل البشري عن طريق تغييرات اجتماعية بهدف خلق مجتمع أكثر ذكاء وإنتاجية لأجل الحد من ما أسماه "" المعاناة الأنسانية "". بعد هذه الكتابات نشر كتاب باسم "" الرخصة للقضاء على الأحياء الذين لايستحقون الحياة "" ( Die Freigabe der Vernichtung Lebensunwertem Lebens ) في عام 1920 للكاتب والقانوني كارل بايندنك الذي كتب الكتاب بالاشتراك مع الطبيب النفسي ألفريد هوج وكان الكتاب عن فكرة القيام بتعجيل القتل الرحيم للمصابين بالأمراض المستعصية علاجها ، ولم يتم على الإطلاق في هذا الكتاب ذكر إبادة أي عرق أو مجموعة بسبب انتماءهم إلى دين معين .",من كان الهدف الأول لسياسات القتل النازية ؟,اليهود,اليهود.,0.88,0.91,0.9
"[Chunk 1]
يحتل الغجر مرتبة متدنية في الترتيب العرقي للنظرية النازية ، فهم عرفوا على حسب قانون نورمبيرج لعام 1935 م بأنهم شعوب غير آرية ، وبالتالي يمنع عليهم الزواج من ألمانيات . كما وصفوا بأنهم مجموعات منغلقة على نفسها في قانون 1937 ، وهي تهمة جنائية يعاقبون عليها حتى وإن لم يرتكبوا أي جريمة ، وكان أن يتم حبس 200 من الغجر كل مرة في معسكرات التركيز ، وبحلول عام 1938 ، أنشأ هتلر مكتبا مركزيا لمكافحة خطر الغجر ، وكانت الوظيفة الأساسية لهذا المكتب هي فرز الغجر الأنقياء من الغجر المختلطين ، وقد تمت العديد من الممارسات العنصرية ضدهم في ذلك العهد ، حتى وصل بهم الحال إلى وضعهم في زرائب ذات سياج كما توضع البهائم .

[Chunk 2]
تنقسم شعوب الغجر أو شعب الروما بشكل أساسي إلى الرومن ( في أوروبا ) والنوار والكاولية والدومر ( في الشرق الأوسط ) ، بعضهم يتكلم لغة مشتركة قد تكون من أصل هندي ، وبعضهم لهم ثقافة وتقاليد متشابهة ، وحتى أواخر القرن العشرين ظلت شعوب الغجر تعيش حياة التنقل والترحال ، وللغجر أسماء مختلفة باختلاف اللغات والأماكن التي يتواجدون فيها ، وهم من بين الشعوب التي تعرضت للاضطهاد من قبل الحكم النازي . وحددت الأمم المتحدة والاتحاد الأوروبي في العام 1992 اليوم العالمي للغجر في ال 8 من أبريل من كل عام ، وذلك للتذكير بمعاناة الغجر حول العالم ، وما يواجهونه من تمييز واضطهاد ، إلى جانب التعريف بثقافتهم والاحتفاء بها .

[Chunk 3]
بدأ مشروع البيئة في تنزانيا أثناء الاستعمار الألماني لشرق إفريقيا بين عامي ( 1884 -1919 ) إذ سنت قوانين الحفاظ على الاستعمار لحماية الغابات ، وفرضت القيود على الأنشطة التقليدية للسكان الأصليين مثل الصيد وجمع الحطب ورعي الماشية . في عام 1948 ، أنشأ نظام سيرينغيتي رسميا أول حديقة وطنية للقطط البرية في شرق أفريقيا . في عام 1983 ، بذل جهد واسع النطاق لإدارة القضايا البيئية على المستوى الوطني ، وذلك من خلال إنشاء المجلس الوطني لإدارة البيئة ( أن إي أم سي ) ووضع قانون بيئي . في عام 1998 ، بدأ صندوق تحسين البيئة ( إي آي تي ) العمل من أجل الحفاظ على البيئة والغابات في الهند بدءا من مدينة سوجا الصغيرة . غاجندرا كومار هو مؤسس صندوق تحسين البيئة وهو أيضا يعمل مع المتطوعين .",بماذا عرف الغجر حسب قانون نورمبيرج لعام 1935 ؟,بأنهم شعوب غير آرية,عرف الغجر على حسب قانون نورمبيرج لعام 1935 بأنهم شعوب غير آرية.,0.7,0.9,0.91
"[Chunk 1]
هو المد الزائد على المد الطبيعي أو المتفرع منه بسبب همز أو سكون ، ولذلك عرفه الأئمة بأنه إطالة الصوت بحرف المد عند ملاقاة همز أو سكون ، وسمي فرعيا لتفرعه من الأصلي . والهمز أحد سببي المد الفرعي سواء وقع الهمز قبل حرف المد أو بعده ، فيكون الهمز سببا لثلاثة أنواع من المدود هي المد المتصل والمنفصل والبدل . والسكون هو السبب الثاني للمد الفرعي سواء كان السكون عارضا أم أصليا ، ولا يكون إلا لاحقا لحرف المد فيكون السكون سببا لنوعين من المدود هما المد العارض للسكون والمد اللازم بأنواعه

[Chunk 2]
هو المد الطبيعي الذي لا تقوم ذات حرف المد إلا به ، ولا يتوقف على سبب من همز أو سكون ، أي لا يقع بعد حرف المد لا همز ولا سكون ، بل يكفي فيه وجود أحد حروف المد الثلاثة المجموعة في كلمة واي وهي الألف والواو والياء التي جمعت في كلمة نوحيها . وسمي مدا طبيعيا لأن صاحب الطبيعة السليمة لا ينقصه عن حده ولا يزيد عليه ، ويمد بمقدار حركتين إحداهما حركة الحرف من فتحة أو كسرة أو ضمة والثانية هي مقدار حرف المد من ألف أو واو أو ياء ، كما في هذه الأمثلة :

[Chunk 3]
وهناك نوع آخر بسيط من الحركة التي تلاحظ على الدوام وهي تحدث عندما تلقى كرة في زاوية معينة في الهواء . و بسبب الجاذبية ، تتعرض الكرة لتسارع ثابتة إلى أسفل تقلل من سرعتها الأصلية التي يجب أن تكون لأعلى ثم بعد ذلك تزود من سرعتها لأسفل أثناء سقوط الكرة على الأرض . وفي نفس الوقت ، فإن العنصر الأفقي من السرعة الأصلية يظل ثابتا ( حيث يتجاهل مقاومة الهواء ) مما يجعل الكرة تتحرك بسرعة ثابتة في الاتجاه الأفقي حتى ترتطم بالأرض . إن المكونات الأفقية والرأسية للحركة مستقلة عن بعضها الآخر ويمكن تحليل كل منها على حدة . ويكون المسار الناتج للكرة على شكل قطع ناقص .",أي أنواع من المد تنتج عن السكون ؟,المد العارض للسكون والمد اللازم بأنواعه,المد العارض للسكون والمد اللازم بأنواعه.,0.65,0.91,0.92
"[Chunk 1]
ولد تسلا في 10 يوليو 1856 م لعائلة صربية من تعود أصولها لغرب صربيا بالقرب من الجبل الأسود ، حيث كانت ولادته في قرية سميلجان في الإمبراطورية النمساوية ( الآن في كرواتيا ). كان والده ميلوتين كاهنا في الكنيسة الأرثوذكسية الشرقية . أما والدته دوكا فقد كان والدها أيضا كاهنا أرثوذكسيا ، كانت لديه موهبة في صنع الأدوات الحرفية المنزلية والأجهزة الميكانيكية والقدرة على حفظ القصائد الملحمية الصربية . لم تتلق والدة تسلا تعليما رسميا ، إلا أن نيكولا تسلا أرجع ذاكرته التصويرية وقدراته الإبداعية لجينات والدته وتأثيرها .

[Chunk 2]
اشتهر تسلا بإنجازاته وظهوره الذي أكسبه في نهاية المطاف سمعة في بصفته « عالم مجنون ». أكسبته براءات اختراعاته قدرا كبيرا من المال ، أنفق جزء كبيرا منه لتمويل مشاريعه الخاصة التي تفاوتت نجاحاتها . عاش تسلا معظم حياته في سلسلة من فنادق نيويورك حتى تقاعده . وقد توفي تسلا في 7 يناير 1943. خبى ذكر أعمال تسلا نسبيا بعد وفاته ، حتى سنة 1960 م عندما أطلق المؤتمر العام للأوزان والمقاييس اسمه على الوحدة الدولية لقياس كثافة الحقل المغناطيسي تسلا تكريما له . و منذ تسعينيات القرن العشرين ، تجدد الاهتمام بتسلا وأعماله .

[Chunk 3]
اكتسب تسلا خبرة في التهاتف والهندسة الكهربية قبل هجرته إلى الولايات المتحدة سنة 1884 م للعمل لدى توماس إديسون في مدينة نيويورك . سرعان ما انفصل تسلا عن إديسون وأسس معامله وشركاته لتطوير عدد من الأجهزة الكهربائية . اشترى جورج ويستينغهاوس حقوق استغلال براءة اختراع تسلا للمحرك الحثي والمحول ، كما عينه ويستينغهاوس لفترة قصيرة مستشارا له . كان عمل تسلا لسنوات لتطوير الطاقة الكهربائية جزء من « حرب التيارات » بين أنصار التيار المتردد و ، وكذلك حرب البراءات . و في سنة 1891 م ، حصل تسلا على المواطنة الأمريكية .",متى ولد تسلا ؟,10 يوليو 1856 م,ولد تسلا في 10 يوليو 1856 م.,0.93,0.9,0.91
"[Chunk 1]
نادي يوفنتوس لكرة القدم وغالبا ما يعرف باسم يوفنتوس أو جوفنتوس في المغرب العربي . هو نادي كرة قدم إيطالي يقع في مدينة تورينو في إيطاليا . تأسس في 1 نوفمبر 1897 وشارك منذ ذلك الوقت وهو يلعب في الدوري الإيطالي الدرجة الأولى ولم يهبط سوى في موسم 2006 -2007 بعد حادثة الكالتشيوبولي . انضم النادي إلى بطولة كرة القدم الإيطالية في عام 1900 .

[Chunk 2]
يوفنتوس أكثر أندية إيطاليا نجاحا في البطولات المحلية ، وهو أحد أنجح الأندية في العالم . فقد فاز يوفنتوس ب 70 بطولة ، منها 59 لقبا محليا ""( رقم قياسي )"" ، و 11 لقبا قاريا ، ما يجعله سادس فريق في أوروبا و الحادي عشرة في العالم . حيث فاز في كل مسابقات الاتحاد الأوروبي لكرة القدم ( دوري أبطال أوروبا في 1985 ، وكأس الاتحاد الأوروبي للأندية أبطال الكؤوس في 1984 ، وكأس الاتحاد الأوروبي في 1977.) ، وهو أول فريق في تاريخ كرة القدم الأوروبية قام بهذا الإنجاز . ولهذا كرم الاتحاد الأوروبي لكرة القدم نادي يوفنتوس بهذا الإنجاز عندما منحه شهادة تكريم في 12 يوليو 1988 ، تعرف باسم لوح اليويفا التذكاري ، يذكر أن نادي يوفنتوس استطاع أيضا الفوز بباقي بطولات الاتحاد الأوروبي لكرة القدم وهي ( كأس إنتركونتيننتال في 1985 ، وكأس إنترتوتو في 1999 ، وكأس السوبر الأوروبي في 1984 ). في عام 1985 أصبح يوفنتوس أول نادي في التاريخ ( وما زال النادي الوحيد ) الذي فاز بكل المسابقات الدولية الرسمية . وهو أحد مؤسسي رابطة الأندية الأوروبية و رابطة جي -14.

[Chunk 3]
انضم النادي إلى بطولة كرة القدم الإيطالية في عام 1900. في تلك الفترة كان الفريق يلبس أطقما باللونين الزهري والأسود . أول بطولة دوري فاز بها اليوفنتوس كانت عام 1905 أثناء لعبه على ملعب فيلودرومو أومبيرتو الأول . في ذلك الوقت كانت قد تغيرت ألوان النادي إلى الخطوط البيضاء والسوداء في عام 1903 ، كقمصان نادي نوتس كاونتي الإنجليزي . في عام 1906 حدث انشقاق بالنادي ، لأن بعض أعضاء النادي أرادوا نقل يوفنتوس خارج تورينو . كان الرئيس ألفريدو ديك غاضبا وذهب ومعه بعض اللاعبين البارزين وأسس نادي تورينو ؛ الشيء الذي أوجد ديربي تورينو .",في أي موسم هبط نادي يوفنتوس ؟,موسم 2006 -2007,2006-2007.,0.93,0.91,0.9
"[Chunk 1]
اكتشف السارين عام 1938 في فوبرتال إيلبيرفيلد في ألمانيا من قبل اثنين من العلماء الألمان في محاولة لخلق أقوى المبيدات ، بل هو الأكثر سمية من عوامل الأعصاب الأربعة G- عامل التي صنعت في ألمانيا . المركب الذي أعقب اكتشاف عامل الأعصاب التابون ، وكان اسمه تكريما لأسماء مكتشفيه : غيرهارد شريدر ، أوتو أمبروس ، روديجر وفان دير لينده .

[Chunk 2]
كريستوفر كولومبوس ( وقد تكتب كرستف كلمب ) ( 31 أكتوبر 1451 - 20 مايو 1506 ) رحالة إيطالي ، ينسب إليه اكتشاف العالم الجديد ( أمريكا ). ولد في مدينة جنوة في إيطاليا ودرس الرياضيات والعلوم الطبيعية ( وربما الفلك أيضا ) في جامعة بافيا . عبر المحيط الأطلسي ووصل إلى الجزر الكاريبية في 12 أكتوبر 1492 م لكن اكتشافه لأرض القارة الأمريكية الشمالية كان في رحلته الثانية عام 1498 م . بعض الآثار تدل على وجود اتصال بين القارة الأوروبية والأمريكية حتى قبل اكتشاف كولومبوس لتلك الأرض بوقت طويل . من شخصيته وحي اسم بلد : كولومبيا .

[Chunk 3]
وفي عام 1800 ، اخترع أليساندرو فولتا أول بطارية كهربائية وأطلق عليها اسم "" البطارية الفولتية "". وكانت مصنوعة من طبقات متوالية من الزنك والنحاس . ولقد مدت هذه البطارية العلماء بمصدر للطاقة الكهربائية يمكن الاعتماد عليه أكثر من الماكينات الإلكتروستاتية التي كانت تستخدم من قبل . ويرجع الفضل في التعرف على الكهرومغناطيسية ، أي وحدة الظواهر الكهربية والمغناطيسية ، إلى هانز كريستيان أورستد وأندريه - ماري أمبير في الفترة الممتدة بين عامي 1819 و 1820 ، ثم اخترع مايكل فاراداي المحرك الكهربائي عام 1821. كما قام جورج أوم بتحليل الدائرة الكهربائية حسابيا عام 1827.",ماذا اكتشف كريستيان و أمبير ؟,الكهرومغناطيسية,لا أعرف.,0.9,0.1,0.12
