retrieved_context,question,reference,response,faithfullness,answer_relevance,answer_correctness
"[Chunk 1]
الجرانيت أو غرانيت أو الأعبل هو صخر ناري جوفي تكون تحت درجات حرارة عالية . يتشكل الجرانيت أساسا من ثلاثة معادن المرو وسليكات الألومنيوم القلوي والارثوكليز . وتجعل هذه المعادن الجرانيت أبيض أو قرمزيا أو رماديا فاتحا . ويحتوي الجرانيت أيضا على كميات قليلة من المعادن البنية الداكنة أو الخضراء الداكنة أو السوداء مثل ميكا الهورنبلند والبيوتيت . وتتميز حبيبات المعادن في الجرانيت بالضخامة بحيث يمكن التفريق بينها بسهولة . ويبلغ عرض كثير من الذرات 0 , 5 سم . توجد المعادن في الجرانيت متشابكة كالقطع في لعبة القطع المخرمة . ونتيجة لذلك يعتبر الجرانيت صخرة صلبة قوية التحمل ومفيدة في إنشاء المباني . ومعظم الجرانيت يمكنه تحمل عوامل التعرية لقرون ، ويمكن صقله حتى يصير أملس مما يجعله صالحا لبناء الأعمدة ، وشواهد القبور والآثار التي يراد لها أن تعمر طويلا . يصنف الجيولوجيون الجرانيت على أنه صخر ناري . انظر : الصخور النارية . وقد خلصوا إلى أن معظم الجرانيت تكون بوساطة تبلور الصهارة ( المادة الصخرية المذابة ) بالتبريد البطيء . والصهارة لها تكوين الجرانيت الكيميائي نفسه ، ونتجت من انصهار الصخور على مسافة تتراوح بين 25 و 40 كم تحت اليابسة ، في درجة حرارة تتراوح بين 650 و 900م . وترتفع الصهارة لأنها أخف وزنا من الصخور الصلبة المحيطة بها . وتبرد الصهارة كلما ارتفعت . ويبرد معظمها ببطء شديد كاف لتكوين بلورات خشنة تتصلب تحت سطح الأرض . وتتسرب الصهارة في بعض الأحيان من البراكين ، وتبرد بسرعة لتكون بلورات كبيرة ، وتعرف الصخرة الناتجة عن ذلك بالريوليت أو الجرانيت الحممي ، ولها تكوين الجرانيت الكيميائي نفسه إلا أن ذراتها ناعمة . وقد دلت التجربة على أن كثيرا من أنواع الصخور تنتج الجرانيت عندما تنصهر . وتنصهر الصخور على مراحل ، إلا أن المعادن التي تكون الجرانيت تنصهر أولا . وقد يكون من أسباب وجود الجرانيت بكثرة سهولة لانصهار مادته الصخرية . تتكون القارات إلى حد كبير من الجرانيت المدفون تحت الصخور الرسوبية . ويظهر معظم الجرانيت عندما ترتفع الصخور المدفونة بعمق إلى سطح الأرض نتيجة لحركات تكوين الجبال على القشرة الأرضية . وعندما تنكشف قمم الجبال نتيجة لعوامل التعرية تظهر صخور الجرانيت التي تحتها . وصف . تأتي كلمة « جرانيت » من الكلمة اللاتينية "" granum "" ، وهي حبة ، في إشارة إلى البنية الخشنة الحبيبية لصخرة بلورية تماما . جرانيت الصخور تتكون أساسا من الفلسبار ، الكوارتز ، والميكا ، والأمفيبول المعادن ، التي تشكل المتشابكة ، إلى حد ما equigranular مصفوفة من الفلسبار والكوارتز مع متناثرة قتامة البيوتيت الميكا والأمفيبول ( غالبا الهورنبلند ) التي تمتليء بها المعادن اللون أخف وزنا . أحيانا بعض البلورات الفردية ( phenocrysts ) أكبر من groundmass ، وفي هذه الحالة يعرف النسيج باسم البورفيريت . تعرف الصخور الجرانيتية ذات الملمس البورفيري باسم الحجر السماقي الجرانيت . الجرانيتية هو ، وصفي العام الحقل المدى لوالصخور النارية الملونة أخف الحبيبات الخشنة . صخرية مطلوب الفحص لتحديد أنواع معينة من الجرانيتية . يمكن أن يكون لون الجرانيت أبيض أو وردي أو رمادي في الغالب ، حسب معادنها . الفلسبار القلوي في الصوان عادة أورثوكلاز أو ميكروكلينوغالبا ما يكون perthitic . عادة ما يكون بلاجيوجلاز عبارة عن أوليجوكلاز غني بالصوديوم . عادة ما تكون البلورات الظهارية هي الفلسبار القلوي . وتصنف الصخور الجرانيتية وفقا ل مخطط QAPFللالخشنة الحبيبات الصخور الجوفية ويتم تسمية وفقا لنسبة الكوارتز ، القلويات الفلسبار ( أورثوكلاز ، sanidine ، أو ميكروكلين ) وبلاجيوجلاز الفلسبار على النصف AQP الرسم التخطيطي . يحتوي الجرانيت الحقيقي ( وفقاللاتفاقية البترولوجية الحديثة ) على ما بين 20 ٪ و 60 ٪ كوارتز من حيث الحجم ، مع 35 ٪ إلى 90 ٪ من الفلسبار الكلي يتكون من الفلسبار القلوي . تصنف الصخور الجرانيتية الأكثر فقرا في الكوارتز كما syenites أو monzonites ، في حين تصنف الصخور الجرانيتية التي تهيمن عليها بلاجيوجلاز كما granodiorites أو tonalites . يتم تصنيف الصخور الجرانيتية التي تحتوي على أكثر من 90 ٪ من الفلسبار القلوي على أنها جرانيت الفلسبار القلوي . صخور الجرانيت التي تحتوي على أكثر من 60 ٪ كوارتز ، وهو أمر غير شائع ، يتم تصنيفها ببساطة على أنها جرانيتية غنية بالكوارتز أو ، إذا كانت تتكون بالكامل تقريبا من الكوارتز ، فهي كوارتزوليت . يتم تصنيف الجرانيت الحقيقي أيضا من خلال النسبة المئوية للفلدسبار الكلي وهو الفلسبار القلوي . الجرانيت التي يكون الفلسبار فيها من 65 ٪ إلى 90 ٪ الفلسبار القلوي عبارة عن مادة Syenogranites ، في حين أن الفلسبار في monzogranite هو 35 ٪ إلى 65 ٪ الفلسبار القلوي . الجرانيت الذي يحتوي على كل من الميكا المسكوفيت والبيوتايت يسمى ثنائي أو "" اثنين من "" الجرانيت "" الميكا "" . عادة ما تكون الجرانيت ذات الميكا عالية في البوتاسيوم ومنخفضة في بلاجيوجلاز ، وعادة ما تكون من الجرانيت من النوع S أو الجرانيت من النوع A ، كما هو موضح أدناه . جانب آخر من تصنيف الجرانيت هو نسب المعادن المختلفة التي يحتمل أن تشكل الفلسبار . تحتوي معظم الجرانيت على تركيبة بحيث يتم دمج جميع معادنها المصنوعة من الألومنيوم والقلويات ( الصوديوم والبوتاسيوم ) في صورة الفلسبار . هذا هو الحال عندما K 2 O + Na 2 O + CaO > Al 2 O 3 > K 2 O + Na 2 O. توصف هذه الجرانيت بأنها "" عادية "" أو "" معدنية "" . الجرانيت التي لا يوجد فيها ما يكفي من الألمنيوم لتتحد مع جميع الأكاسيد القلوية مثل الفلسبار ( Al 2 O 3 CaO + K 2 O + Na 2 O ) على أنها "" بيرالومين "" ، وتحتوي على معادن غنية بالألمنيوم مثل المسكوفيت . الخصائص الفيزيائية . متوسط كثافة من الجرانيت ما بين 2.65 و 2.75 جم / سم 3 ( 165 و 172 رطل / قدم مكعب ) ، قوة الضغط عادة فوق 200 ميجا باسكال ، ولها لزوجة بالقرب STP هي 3 -6 · 10 20 با · س .

[Chunk 2]
الزر أو الزرار ( جمعها أزرة ) هو قرص صغير ورقيق مصنوع من مادة صلبة يخاط أو يثبت على قطعة القماش أو الملابس بالإبرة والخيط أو بواسطة آلة الخياطة من خلال الفتحات الموجودة في مركز القرص . تصنع الأزرار من مواد معدنية أو عظمية أو بلاستيكية أو خشبة أو من أي مواد أخرى مناسبة . بعض الأزرار لها فتحات غير مرئية من خلف الزر لغرض تثبيته على القماش بينما تبقى واجهة الزر خالية من الثقوب لمزيد من الجمالية . تستخدم الأزرار عموما لغرض جمع أطراف الملابس على بعضها وأحيانا تستخدم لأغراض التزيين والديكور فقط وليس لوظيفتها الأصلية . تجهز بعض الملابس الرسمية بأزرار غالية القيمة مصنوعة من الذهب أو الفضة أو من الأحجار الكريمة . نبذة تاريخية . لا أحد يعلم على وجه الدقة متى بدأ الناس في استخدام أزرار الملابس ، إلا أن علماء الآثار عثروا على أزرار عظمية ، يرجع تاريخها إلى ما قبل التاريخ ، وقد استعمل اليونانيون والرومانيون القدماء الأزرار زينة للملابس ، ولتزريرها أيضا . واستخدم الأوروبيون الأزرار فيما بعد لتزيين الملابس فقط . وكان الناس يستخدمون خيوطا ، ودبابيس ، وأحزمة ، بدلا من الأزرار ، لإحكام ضم ملابسهم ، ثم بدأ استخدام الأزرار وسائل للتزرير خلال القرن الثالث عشر ، حينما شاع استخدام الأثواب المحبوكة ، واخترعت العروة أثناء ذلك . واستخدم الناس عشرات الأزرار البرونزية ، والخشبية ، لتزرير ملابسهم من الأمام ، بينما استخدم الأغنياء أزرارا جميلة نفيسة من الذهب ، أو الفضة ، مطعمة بالأحجار الكريمة . وخلال القرن السادس عشر ، أصبحت الأزرار الحاملة لصور الأشخاص ، والصور الملونة بالأصباغ ، شائعة في فرنسا ، حيث كانت الأولى تحمل صورا جانبية لرجال ونساء من ذوي الشأن ، بينما عرضت الثانية صورا للأشجار والأزهار ومناظر أخرى . وعقب الثورة الفرنسية 1789 م 1799 م ، ظهرت في فرنسا أزرار تحمل صور موضوعات وطنية كأبطال الحرب ، والعلم الفرنسي ، وأصبحت هذه الأزرار مقدمة لعادة استخدام الأزرار الحاملة للشعارات ، أو لعبارات أخرى . ومازالت كلمة زر تستخدم في الولايات المتحدة الأمريكية للدلالة على شارات تحمل عبارات ، أو صورا مطبوعة على وجه الشارة الأمامي ، ودبوسا بوجهها الخلفي . معتقدات . أضيفت الأزرار في القرن السادس عشر إلى أكمام سترات الرجال ، وساد اعتقاد في ذلك الوقت بأن هذه الأزرار منعت الرجال من مسح أفواههم في أكمامهم ، ومع ذلك ، فالأرجح أن هذه الأزرار استخدمت لضم الفتحات أسفل الأكمام ، ثم صارت بعد ذلك تستخدم لمجرد الزينة . وترجع عادة وضع أزرار الرجال في الجانب الأيمن من الثوب ، وأزرار النساء في الجانب الأيسر ، إلى أن معظم الناس يستخدمون يمناهم ، وتقول إحدى النظريات إن الأزرار وضعت في الجانب الأيمن لتسهيل ارتداء الرجال لملابسهم ، وحدث العكس بالنسبة لملابس النساء كي يسهل على الخادمات إلباس النساء الموسرات ، وهناك قصة أخرى تقول إن وضع الأزرار على الجانب الأيمن مكن الرجال من فك أزرار ستراتهم باليد اليسرى ، أثناء سحبهم سيفا ، أو سلاحا آخر بيمناهم . جمع الأزرار . هواية شعبية ، حيث يقوم جامعو الأزرار بدراسة تاريخها ، ويقوم الكثير منهم بتركيبها لعرضها ، ويتولى المتحمسون لهذه الهواية شراءها ، وبيعها ، ويتبادلونها مع غيرهم من جامعي الأزرار والباعة ، وانضم كثير منهم إلى منظمات خاصة بجامعي الأزرار .

[Chunk 3]
الفخار هو الطين المحروق ، نتيجة أن الإنسان عرف منذ الأزل كيف يحول الطين إلى مادة صلبة عن طريق الشوي في النار بالأفران ( القمائن ) ، وعرف كيف يشكله ويصنعه ويزججه . التاريخ . الفخار هي من أقدم الحرف التي عرفها الإنسان والفخار هو أي شيء تم صناعته من طين وهناك نوعان من الطين المدري والطين الحجري الأول يحصل عليه من مجاري الاودية والانهار والهضاب والثاني يحصل عليه من الجبال وهو عبارة عن صخر يتم طحنه ليصبح قابل للعجن . وكلا النوعين من الطين له عدة ألوان الاخضر والابيض والاحمر والاسود والاصفر . وعادة ما يفرق اصحاب صناعة الفخار بين الطين المدري والطين الحجري ان الأول يحرق على حراراة مابين 950 درجة مئوية حتى 1150 درجة مئوية والثاني يحرق على درجة درجة حرارة ما بين 1200 درجة فما فوق .( للحديث بقية ) صنع منه الفخار المسامي وغير المسامي وفي عدة ألوان وأشكال . ومما ساعد في اختراع الفخار الدولاب البطيء ثم السريع الذي أحدث ثورة في كمية الإنتاج في الألفية الرابعة ق . م .. وكان الفخار يجفف في الهواء والشمس ثم يتم إحراقه بطريقة تهوية والتحكم في الهواء ليعطي اللون الأحمر أو الأسود حسب أكاسيد المعادن الموجودة مادة الطين . وكان يزين يصقل قبل الحرق أو بعده . ويلون بأكاسيد المعادن . زأزل مراكز صناعة الفخار في شرق آسيا كانت في الصين واليابان وكوريا حتى نهاية الألفية الثانية ق . م . اعطاني كتاب عن المتحف واليابان هي التي اكثرت من صناعة الفخار خاصة في سنة 1265 ميلادي . كان الصينيون يصنعون الفخار بأيديهم . وظلوا منذ سنة 206 ق . م . وحتي سنة 220 م . يصنعون التماثيل الصغيرة والأشياء الفخارية حتي المواقد . وفي سنة 220 م ز ظهر الخزف الصيني وكانت تصدره للهند والشرق الأوسط . وكان عليه رسومات تميزه . وكان الفخار في أمريكا يصنع يدويا ويلون بأكاسيد المعادن أو ألوان أصباغ نباتية . ولم يعرفوا الدولاب . وفي جنوب أمريكا تم العثور علي فخار يرجع لسنة 3200 ق . م . في إكوادور وبيرو بأمريكا الجنوبية عبارة عن قدور وفازات ملونة . وصنع المكسيكيون السيراميك ( الخزف ) يرجع تاريخه لسنة 1500 ق . م . وفي حضارة الأولمك صنعت التماثيل الفخارية الصغيرة المجوفة في سنة 300 م . وأوان متعددة الألوان ولها ثلاثة أرجلوكان المايا يصمعوم الخزف في أشكال رقيقة أسطوانية متعددة الألوان . والزهريات عليها صور ونقوش خطية والحياة اليومية . وفي أمريكا الشمالية بوادي الميسيسبي في الألفية الأولى ق . م . كان يصنع الفخار الملون . وفي الشرق الأوسط كان بصنع الفخار مبكرا . ففي الأناضول صنع منذ سنة 6500 سنة ق . م . صنعت التماثبل الطينية للعبادة والتماثيل الصغيرة الملونة بالمغرة الحمراء ( مادة ). وكان يصنع يدويا . وكان محززا بخطوط أفقية . وكان الفخار يشوى في أفران الخبز أو قمائن . و في سوريا اشتهرت صناعة الفخار منذ الألفية الخامسة ق . م . وكان يصنع الاوانب الفخارية والتماثيل الفخارية كان الخزف الملون يصنع في شمال بلاد الرافدين في سامراء وفي الجزيرة السورية . كان يصنع أشكال حيوانية وبشرية منه ملونة باللون الأحمر والرمادي والبني والأسود . وصنع الفخار الممتاز والملون بتل حلف في سورية عندما تعلم صناع الفخار potters كيفية التحكم في شدة نيران الأفران وكان الحرفي السوري قد طور صناعة الفخار بشكل ملحوظ وقد بينت المكتشفات في الجزيرة السورية وكذلك في غرب سوريا عن أهم منشأت لصاعة الفخار . وفي نفس الفترة كان الفرس يصنعون القدور ويزينونها بأشكال وتصميمات هندسية ورسم الطيور والحيوانات . وكان الفخار المزجج قد عرف حوالي 1500 ق . م . في بلاد الرافدين . وكان من أجود الأنواع وخاصا بالزخارف المعمارية . وظهرت الفسيفساء الملونة لتزيين الأعمدة والكوات في بلدة وركاء بالعراق . وكان يزين به في بابل ، وفي سوريا والعراق زينت واجهات المعابد والغرف والمداخل ويكون صورا ملونة من الحيوانات كالأسود والثيران . وبلغ الذروة في استعماله بالقرن السادس ق . م .. وفي الألفية الخامسة ق . م . كان بصنع الخزف بمصر وكان مصقولا ورقيقا وغامقا وكان بعلق بالحبل للزينة . ثم كان يدهن ويزين بأشكال هندسية أو حيوانية حمراء أو بنية أو أصفر داكن . وكانت مصر مشهورة سنة 2000 ق . م . بخزف الفيانس الذي كان يصنع من الزجاج البركاني ( الكوارتز ). وكان لونه أخضر غامقا أو أزرق لامعا . وكان أقرب منه للزجاج وليس للخزف . ومن هذا النوع صنع الحرفيون المصريون منه الخرز والمجوهرات والجعارين والأكواب الراقية وتماثيل الأشابتي ( مادة ) الصغيرة التي كانت توضع كخدم مع الميت . وكان الفخار يصنع في جزر بحر إيجه منذ سنة 1500 ق . م . ولا سيما في جزيرتي قبرص وكريت . وكان يلون بلونين ويتخذ أشكالا خيالية ولا يستعمل إلا للزينة ووضع الكريمات والعطور به . وكان يحلي بتصميمات هندسية أو تجريدية . وكان الفخار يشكل في أشكال خيالية . وفي اليونان كان تشكيل ودهان وتزيين الخزف فنا تقليديا هناك . وكان يشكل الطين المحلي علي الدولاب بسهولة . وكل نوع نوع كان مميزا وله أغراضه واستعمالاته في المجامع الإغريقي . فأمفورا amphora ( زلعة ) عبارة عن وعاء طويل بيدين ( عروتين ) يستعمل لتخزين الخمر والزيت والحبوب والعسل . وهيدرا hydria هبارة عن أبريق للماء . وليسيثس lecythus عبارة عن قارورة للزيت لها رقبة طويلة ضيقة وتستعمل في القرابين الجنائزية . وسيلكس cylix عبارة عن كوب بيدين وله قدم ( قاعدة ). وأونوكوا oenochoe إبريق للخمر له شفة . وكان الفخار الأسود الغير مزين يستعمل في اليونان أيام العصر الهيليني . وكانت هذه الأنواع من الخزف قد تأثر به الرومان . وكان الإغريق يتقنون حرقه في أفران خاصة . وكانوا يزينون الفخار والخزف بصور نباتات وحيوانا ت تجريدية أوصور خيالية . وكان النوع الأثيني الطراز سائدا سنة 1000 ق . م . وفي سنة 530 ق . م . ظهر الفخار الأحمر وكان يصنع في أثينا وكورنيث وانتشر شعبيا . وكانت الخلفية مدهونة إسود والأشكال مرسومة فوقها بالبني المحمر وكانت تفاصيل الشكال بالأسود وكان يوضع ماء الذهب لإظهار الحلي . وكان يصنع أوان الفخار الأبيض المرسوم بالألوان . وكان الرومان يعجبون كثيرا بالأنية الخزفية الحمراء المصقولة واللامعة في تفاعل ضد الفخار الإغريقي والهيلليني الأسود . وكانت تقنية صنع هذا النوع قد ظهرت في شرق البحر الأبيض المتوسط سنة 323 ق . م . وكان يصنع بغمس الإناء في معلق سائل من جسيمات دقيقة من مسحوق السيلكا ( الرمل ) ثم يحرق في أفران مؤكسدة . وكان الفخار يصب في قوالب خاصة منقوشة يداخلها لتعطي الصور والأشكال علي الفخار علي البارز . وكان يطلق علي هذا النوع من الفخار الطين المطبوع terra sigillata (“ stamped earth ”). أو صنع آرتين Arretine ware وكانت الأشكال مزينة بفطع معدنية أو زجاجبة . وهذا النوع انتشرت صناعته وكان رائجا مع النوع الإغريقي الأسود اللامع في كل الإمبراطورية الرومانية ولا سيما في جنوب فرنسا بالقرن الأول ميلادي . وفي الخلافة الأموية ( 661 م - 750 م ), كانت الأكواب والأواني تصنع بمصر من اللبلور ( زجاج ) صخري الأزرق أو الأخضر . عوة علي الفخار المصنوع في سوريا وإيران والرافدين . وكانت صناعة الفخار والخزف قد تاثرت بالصينيين منذ القرن التاسع م . وحتي القرن 15 م . وفي القرن التاسع شجع لبعياسيون صناع الفخار والخزف علي تقليد الصناعة الصينية بألوانها وأشكالها البارزة علي السطح . وانتقلت في القرن العاشر هذه الصناعة من الشام والعراق للأندلس ومنها لأوربا ولا سيما التزجيج بالقصدير . وبصفة عامة كان الفخار والخزف الإسلامي يصنعان في قوالب عادية أو منقوشة بالأشكال ومن بينها أنواع القيشاني ( نسبة لبلدة كشان بإيران ) في المساجد أو تزين بها الحوائط كالفسيفساء الملونة والبيضاء . ومن خلال التقنية الإسلامية ظهرت صناعة القيشاني والسيراميك الإسلامي في إيطاليا بالقرن 15 وانتشرت صناعته في أوروبا بالقرن حتي أواخر القرن فخار بوكورو : Bucchero نوع من الفخار الرمادي أو الأسود الجميل الصنع . وسطحه لامع أملس . وكان الاستركان ينحتونه ما بين القرنين الخامس والرابع ق . م . المنتجات الفخارية .",ما هي المواد التي يمكن أن تكون مكونة للدرع المزروودة ؟,"قماش ثقيل أو خيش أو جلد ،","وفقًا للمعلومات الواردة في النص، لم يتم ذكر أي مواد محددة كمكونات للدرع المزروقة. النص يتحدث عن الفخار والخزف بشكل عام، ولكن ليس هناك تفصيل حول المواد التي يمكن أن تكون مكونة للدرع المزروقة.",0.5,0.9,0.4
"[Chunk 1]
الأرض ( رمزها : ) هي ثالث كواكب المجموعة الشمسية بعدا عن الشمس بعد عطارد والزهرة ، وتعتبر من أكبر الكواكب الأرضية وخامس أكبر الكواكب في النظام الشمسي ، وذلك من حيث قطرها وكتلتها وكثافتها ، ويطلق على هذا الكوكب أيضا اسم "" العالم "". تعتبر الأرض مسكنا لملايين الأنواع من الكائنات الحية ، بما فيها الإنسان ؛ وهي المكان الوحيد المعروف بوجود حياة عليه في الكون . تكونت الأرض منذ حوالي 4.54 مليار سنة ، وقد ظهرت الحياة على سطحها في المليار سنة الأخيرة . ومنذ ذلك الحين أدى الغلاف الحيوي للأرض إلى تغير الغلاف الجوي والظروف غير الحيوية الموجودة على الكوكب ، مما سمح بتكاثر الكائنات التي تعيش فقط في ظل وجود الأكسجين وتكون طبقة الأوزون ، التي تعمل مع المجال المغناطيسي للأرض على حجب الإشعاعات الضارة ، مما يسمح بوجود الحياة على سطح الأرض . تحجب طبقة الأوزون الأشعة فوق البنفسجية ، ويعمل المجال المغناطيسي للأرض على إزاحة وإبعاد الجسيمات الأولية المشحونة القادمة من الشمس بسرعات عظيمة ويبعدها في الفضاء الخارجي بعيدا عن الأرض ، فلا تتسبب في الإضرار بالكائنات الحية . أدت الخصائص الفيزيائية للأرض والمدار الفلكي المناسب التي تدور فيه حول الشمس حيث تمدها بالدفء والطاقة ووجود الماء إلى نشأة الحياة واستمرار الحياة عليها حتى العصر الحالي ، ومن المتوقع أن تستمر الحياة على الأرض لمدة 1.2 مليارات عام آخر ، يقضي بعدها ضوء الشمس المتزايد على الغلاف الحيوي للأرض ، حيث يعتقد العلماء بأن الشمس سوف ترتفع درجة حرارتها في المستقبل وتتمدد وتكبر حتى تصبح عملاقا أحمرا ويصل قطرها إلى كوكب الزهرة أو حتى إلى مدار الأرض ، على نحو ما يروه من تطور للنجوم المشابهة للشمس في الكون عند قرب انتهاء عمر النجم ونفاذ وقوده من الهيدروجين . عندئذ تنهي حرارة الشمس المرتفعة الحياة على الأرض . هذا إذا لم يحدث لها حدث كوني آخر قبل ذلك - كانفجار نجم قريب في هيئة مستعر أعظم - ينهي الحياة عليها . يعيش أكثر من 7.7 مليار شخص على الأرض ، وتعمل موارد الأرض المختلفة على إبقاء جمهرة عالمية ضخمة من البشر ، الذين يقتسمون العالم فيما بينهم ويتوزعون على حوالي 200 دولة مستقلة ، وطور البشر مجتمعات وحضارات وثقافات متنوعة ، ويتفاعلون مع بعضهم البعض بأساليب متنوعة تشمل التواصل الدبلوماسي السياحة التجارة والقتال العسكري أيضا . ظهر في الثقافة البشرية نظريات وتمثيلات مختلفة للأرض ، فبعض الحضارات القديمة جسدتها كإلهة ، والبعض اعتقدها مسطحة ، وقال آخرون أنها مركز الكون ، والمعتقد السائد حاليا ينص على أن هذا الكوكب هو عبارة عن بيئة متكاملة تتطلب إشراف الإنسان عليها لصيانتها من الأخطار التي تهددها ، والتي من شأنها أن تهدد الإنسان نفسه في نهاية المطاف . الكرة الأرضية . توجد الأرض في مجموعة كواكب المجموعة الشمسية ، والمجموعة الشمسية نفسها واحدة من ضمن مئات المليارات من النجوم التي تشكل مجرة درب التبانة أو درب اللبانة . المنطقة التي تميز كوكب الأرض حول الشمس عن غيرها هي منطقة تعرف بأنها نطاق صالح للسكن ، بمعنى أن بعد الأرض عن الشمس الذي يبلغ نحو 150 مليون كيلومتر ومدار الأرض حول الشمس في فلك دائري يجعل عليها درجات حرارة مناسبة ليست بالمرتفعة كثيرا وليست باردة جدا بحيث تلائم نشأة حياة واستمرارها عليها . بالإضافة إلى ذلك حجم مناسب للأرض يجعلها تحتفظ بغلافها الجوي ووجود الماء عليها ، ووجود غاز الأوزون في جو الأرض الذي يحمي الأحياء عليها من الأشعة فوق البنفسجية الضارة ، علاوة على مجالها المغناطيسي الذي يحميها من الجسيمات الأولية السريعة التي تأتي مع الرياح الشمسية فتهدد سلامة الأحياء على الأرض . ينقسم السطح الخارجي للأرض إلى عدة أجزاء : القشرة الأرضية الصلبة ، التي تصل إلى عمق نحو خمسين كيلومتر ، والغلاف الأرضي الذي تصل سماكته إلى 4000 كيلومتر ، ونواة الأرض المركزية الصلبة المكونة من الحديد والنيكل . ويوجد الغلاف الأرضي في حالة سائلة موصلة للكهرباء متحركة بحيث ينشأ عن حركتها المجال المغناطيسي للأرض . وتتسم القشرة الأرضية بأنها تطفو فوق الغلاف الأرضي المنصهر . وتنقسم القشرة الأرضية إلى عدد من الصفائح التكتونية العظيمة ، ظهرت تدريجيا على سطح الأرض بسبب برودتها بالتدريج عبر ملايين السنين . تطفو تلك القشرة الرقيقة نسبيا فوق ما يسمى بالغلاف الأرضي وهو الجزء الكبير من كتلة الأرض ويتكون من صهارة شديدة السخونة توجد تحت القشرة بدرجة حرارة تبلغ نحو 1700 درجة مئوية ويزداد معدلها مع الاقتراب من مركز الأرض الحديدي . تنفذ تلك الصهارة في جهات مختلفة على الأرض من القشرة مكونة ما يعرف بالبراكين . تغطي المياه نحو 71 % من سطح الأرض في المحيطات وهي مياه مالحة تعم بالحياة المائية ، بينما يتكون الجزء الباقي من القارات ، والجزر ، والأنهار ، ذات المياه العذبة الضرورية للحياة على اليابسة بجميع أشكالها من نبات وحيوان . ولم تثبت حتى الآن وجود حياة على سطح أي كوكب من الكواكب الأخرى ، إلا أن المسبارات التي هبطت على سطح كوكب المريخ ربما تنوه بوجود حياة في صورة كائنات بدائية لم تتطور كثيرا قبل أن تنتهي الحياة المزعومة على سطح المريخ بعد تدهور الأحوال الجوية عليه . ويفسر بعض العلماء صور المسبار بقولهم أن هناك احتمال لوجود الحياة على المريخ في الماضي ، ولكن الفصل في هذا الشأن يحتاج إلى مجهودات ضخمة ، وأرسال أجهزة ومعدات في استطاعتها القيام بتحليل العينات أو العودة بها إلى الأرض لدراستها وتحليلها . يحتوي باطن الأرض النشط على طبقة وسطى سميكة ، تصل في سمكها إلى حوالي 4000 كيلومتر ، وهي تشكل الغلاف الأرضي ، وهو سائل صلب نسبيا ، ويقسمه العلماء إلى لب خارجي سائل عالي اللزوجة ، يخرج أحيانا في صورة صهارة إلى سطح الأرض عندما تنشط البراكين . ويوجد ذلك اللب الخارجي في حركة دائمة تعمل على توليد المجال المغناطيسي للأرض . أما اللب الداخلي فصلب شديد الكثافة ، وتزداد نسبة كثافته مع ازدياد الاقتراب من النواة المركزية للأرض ، وهي تصل إلى حوالي 7 غرامات / سنتيمتر مكعب ، ويتكون اللب الداخلي من الحديد والنيكل بشكل أساسي ، وتتخذ نواة الكرة الأرضية شكلا كرويا يصل نصف قطرها إلى حوالي 2000 كيلومتر .

[Chunk 2]
الحقبة الجيولوجية ( بالإنجليزية : Geologic era ) أحد الأقسام الكبيرة للأزمنة الجيولوجية geological times . طبقا للتعريف الجيولوجي تشمل الحقبة عدة عصور جيولوجية حيث تمتد العصور الجيولوجية بين 10 ملايين سنة إلى نحو 80 مليون سنة . أي أن الحقبة تمتد لمدد قد تبلغ مئات الملايين من السنين . وبناء على ذلك يقسم علماء التاريخ الطبيعي « الأمد الجيولوجي » Phanerozoic Eon إلى أربعة أحقاب زمنية رئيسية كبيرة هي : حقبة ما قبل الكامبري ، وحقبة الباليوزي ، وحقبة الميسوزي ، وحقبة السينوزوي . يشتمل كل من تلك الأحقاب الأربعة على عدة عصور ، تميز كل منها التنوع الحيواني والنباتي والمناخي ، وكذلك تغير القارات . وفي بعض الحالات تفرق بين العصور الجيولوجية أحداث كبيرة مثل أحداث الانقراضات العظيمة التي تخللت التاريخ الحيوي للأرض وأثرت تأثيرات كبيرة على الحياة والأحياء فيها . فتغيرت اشكال الحياة من عصر إلى عصر ، وبدأت بالأحياء الميكروبية البسيطة قبل نحو 2 و 3 مليار سنة ، ثم تطورت فظهرت الحيوانات الكبيرة مثل الديناصورات والأشجار الكبيرة ، ثم ظهرت الثدييات والطيور ، وسادت الأرض حتى ظهور الإنسان قبل نحو 8 و 1 مليون سنة . I-( ماقبل الكمبري ) منذ 3200- 540 مليون سنة . ويعتبر عصر الحياة المبكرة الأولي البدائية حيث ظهرت به الطحالب والفطريات البدائية والرخويات بالبحر . وكانت الأرض تتعرض أثناء هذه الحقبة لبراكين مدوية حيث فاضت فوقها أنهار الحمم . ثم بدأت الحياة كنقط هلامية ميكروسكوبية في البحار العذبة الدافئة . وكانت تنتشر بالبلايين مع موجات البحر . واندمجت هذه النقاط الهلامية معا مكونة كائنات حية دقيقة مختلفة الأشكال كالرخويات . وهبط بعضها إلى القيعان مكونا نباتات . وكونت بعض الرخويات أصدافا ومحارات حول جسمها . استغرق هذا التطور الأولي لنشأة الحياة على الأرض نحو 3000 مليون سنة ، ومن هنا كانت البداية العظمي لنشوء الحياة فوق الأرض . عندما وصل عمر الأرض إلى 540 مليون سنة سبقت ( أي بعد نحو 4000 مليون سنة من تكونها حدث مايسمى « الانفجار الحيوي » حيث تعددت الفصائل الحيوانية والنباتية وانتشرت انتشارا كبيرا ، هذا ما نقرأه من طبقات أرضية نشأت في تلك العصور القديمة ونجد فيها أحفورات وهي عظام وهياكل وأشجار متحجرة من تلك الكائنات التي نجدها منتشرة في جميع بقاع الأرض . II- حقبة الباليوزي ( حقبة الحياة القديمة ). امتدت بين 543 – 280 مليون سنة سبقت . وتتميز بصلابة صخورها النارية التي هي أشد من الصخور الرسوبية التي تراكمت فوقها في طبقات ، القديم في الأسفل والأحدث فوقه ، وما تحتويه كل طبقة رسوبية من حفريات لحيوانات ماتت ونباتات كانت تعيش في وقت ترسب الطبقات . فاصبحت كالكتاب الذي نقرأ فيه تاريخ التطور على الأرض حتى وقتنا هذا . يقسم علماء التاريخ الطبيعي ما مر على الأرض من أزمان وأحوال حتى عصرنا هذا إلى 6 عصور رئيسة يضم كل منها مئات الملايين من السنين ، بحسب تغير اشكال الحياة على الأرض وتغير المناخ وتغير القارات . والستة عصور هي : ويطلق عليه عصر التريلوبيتات التي كانت تشبه سوسة الخشب وكان ظهرها مصفحا ولها بطن رخوة وناعمة . وعند الخطر كانت تتكوم كالكرة . وقد عاشت حتي حقبة الميزوني ( الميزوسي ). وفي الكمبري ظهرت أيضا .. اللافقاريات البحرية كالمفصليات البدائية والرخويات المبكرة والأسفنج وديدان البحر . كما ظهرت به أسماك فقارية . وفي أواخره انقرض 50 % من الأحياء بسبب الجليد . ومن أحافيره التريلوبيتات . ظهرت فيه النباتات الأولية والأشجار الفضية آكلة اللحوم فوق اليابسة ، كما ظهرت الشعاب المرجانية ونجوم وجراد البحر والأسماك البدائية والحشائش المائية والفطريات الأولية . ومنذ 430 مليون سنة ظهرت قنافذ ونجوم البحر بين حدائق الزنابق المائية الملونة . وبينها ظهرت كائنات بحرية لها أصداف وأذناب تحمي بها أنفسها . وكان بعضها يطلق تيارا كهربائيا صاعقا .

[Chunk 3]
العالم هو الاسم الشائع لكوكب الأرض أن ينظر إليها من وجهة النظر الإنسانية ، باعتباره مكانا يعيش فيه الإنسان . فإنه كثيرا ما يستخدم للدلالة على مجموع خبرات الإنسان والتاريخ ، أو مجموع الدول ، أو أحوال البشر ، وأوضاع المجتمع الإنساني بصفة عامة . في بعض التعبيرات تستخدم كلمة عالم بقصد التعبير عن الكون ، ولكن الفارق كبير بين الإثنين كما نرى ، ولا يصح الخلط بينهما . المقصود بالعالم هنا هو كوكب الأرض الذي يسكنه الإنسان وأنواع أخرى من الكائنات الحية . ويعتبر كوكب الأرض واحدا من الأجرام السماوية التي لا تقع تحت حصر ، لكنه الكوكب الوحيد الذي عرف بوجود الحياة فيه . ويتكون سطح العالم من الماء والأرض ، كما تحيط به طبقات من الغلاف الغازي تمتد في الفضاء الخارجي . ويوجد أغلب الماء في المحيطات التي تغطي أكبر مساحة من سطح الأرض . وتفصل هذه المحيطات بين كتل هائلة من الأرض الصلبة يطلق عليها اسم القارات ، وبين كتل أخرى صغيرة يطلق عليها اسم الجزر . توجد معظم دول العالم داخل حدود القارات . الأرض هي المكان الوحيد في الكون المعروف بأن فيه الحياة البشرية في الوجود . وتبين الأدلة العلمية أن هذا الكوكب تشكل قبل 4.6 مليار سنة . ويبدو أن الحياة على سطحه قد ظهرت في غضون مليارات السنوات . وعبر عصور التاريخ أثر المحيط الحيوي للأرض على الحياة في الأرض كما تأثرت الحياة علي الأرض بتغيرات المناخ والمحيط الحيوي . ويشمل المحيط الحيوي نشأة وتررع الأحياء على الأرض من نبات وحيوان ، وعبر العصور حدثت تغييرات كبيرة في منأخ الأرض والظروف الأخرى غير المتعلقة بالأحياء مثل البراكين والزلازل وانزياح القارات ونشأة الجبال والمحيطات والبحار على كوكب الأرض ، مما مكن من انتشار الكائنات الخفيفة الطيارة مثل حبوب اللقاح والخلايا الأولية ، فضلا على تشكيل طبقة الأوزون . ويعمل المجال المغناطيسي للأرض على إزاحة الجسيمات الأولية الضارة للكائنات الحية ، وإزاحتها عن الأرض في أغوار الفضاء . بذلك نشات الحياة على الأرض . كما تمتص طبقة الأوزون في طبقات عليا الأشعة فوق البنفسجية الضارة أيضا باالكائنات الحية والإنسان . وتشكلت القارات على هيئة الصفائح التكتونية طافية فوق الصهارة المكونة للغلاف الأرضي الكروي الشكل . وتحتك تلك الصفائح التكتونية العظيمة الإتساع والتي تكون القارات وأجزاء عظمى من القارات ، مثل شبه جزيرة الهند التي تصتدم بصفيحة القارة الآسيوية العظيمة ، وتسبب هذا الاصتدام أو الاحتكاك الشديد في تكون سلسلة جبال الهمالايا التي يفوق ارتفاعها 8000 متر فوق سطح البحر . وتدل الدراسات العلمية على أنه في البداية كانت جميع القارات متجمعة في قارة عملاقة واحدة ، ثم مرت بفترة تقسمت خلالها إلى مقاطعات كبيرة وانفصلت عن بعضها البعض ، فنشأت القارات بذلك . ولا تزال تبتعد عن بعضها حثيثا عبر ملايين السنين ، بل وتحتك وتتداخل مع بعضها في بعض الأماكن . ولا يزال هذا الانزياح بين والاحتكاك بين صفائح القارات نشطا حتى يومنا هذا ولهذا تحدث الزلازل هنا وهناك حيث ترتطم صفيحتان تكتونيتان . الاستخدام . لا يعرف بالتحديد متى تم استخدام مصطلح العالم في اللغة العربية حيث وردت لفظة العالمين في التراث العربي القديم ويعتقد أن استخدام مصطلح "" العالم "" في اللغة العربية بدأ مع بداية الصحافة العربية في لبنان ومصر والجزائر . العالم يميز سكان الكوكب بأسره ، أو من أي بلد أو منطقة معينة : الشؤون العالمية هي تلك التي تتعلق ليس فقط في مكان واحد أو بلد واحد بل للعالم أجمع ، والعالم والتاريخ : هو مجال التاريخ الذي يتناول الأحداث من منظور عالمي ( وليس وطني أو إقليمي ). كما يقال عن الأرض بأنها العالم ، ومن جهة أخرى ، يشير عالم الأرض إلى كيان يعيش فيه الإنسان ، ويميزها عن غيرها من الكواكب والأشياء المادية . العالم ويمكن أيضا استخدام الاسم ، كصفة ، تعني ' العالمية ' ، ' المتعلقة بالعالم كله ' ، التي تشكل الأعراف مثل العالم . انظر العالم ( الصفة ). كما يمكن أن يشار بالعالم إلى أي كوكب سماوي ، فعالم المريخ يعني تضاريسه وجوه ودرجات الحرارة المنتشرة على سطحه . كذلك نستخدم كلمة العالم للتعبير عن ' الهيئة ' ، فنقول عالم الموسيقى وعالم الموضة وغيرها . وعالم العمل وهو يصف العمل المأجور والسعي الوظيفي ، وطبيعة العمل من جميع جوانبها الاجتماعية ، لتمييزه عن الوطن في الحياة والدراسة الأكاديمية .",كيف ظهرت الحياة على سطح الأرض ؟,ظهرت في غضون مليارات السنوات,"وفقًا للتاريخ العلمي، ظهرت الحياة على سطح الأرض من خلال عملية تطور طويلة وشاملة. إليك ملخص لهذه العملية:

1. البداية الأولى لنشوء الحياة:
- بدأت الحياة كنقاط هلامية ميكروسكوبية في البحار الدافئة والصافية.
- استغرق هذا التطور نحو 3000 مليون سنة، من خلال تطور هذه النقاط إلى الكائنات الحية المتنوعة الأشكال مثل الرخويات.

2. عصر التريلوبيتات (التريلوبيت):
- ظهرت فيه النباتات الأولية والأشجار الفضية آكلة اللحوم فوق اليابسة.
- ظهرت الأسماك البدائية والأسماك البحرية مثل المفصليات والرخويات المبكرة.
- ظهرت الشعاب المرجانية ونجوم البحر والجراد البحر والأسماك البدائية والحشائش المائية والفطريات الأولية.

3. تطور الأصداف والأذناب:
- ظهرت الكائنات التي لديها أصداف وأذناب لحماية أنفسها.
- كان بعض هذه الكائنات قادرة على إنتاج تيار كهربائي صاعق، مما يشير إلى بداية استخدام الطاقة الكهربائية.

4. الأوزون والغلاف الجوي:
- ظهرت طبقة الأوزون التي تعمل على حماية الكائنات الحية من أشعة الشمس الضارة.
- تشكل الغلاف الجوي الذي يحمي الأرض من الأجسام الفضائية الضخمة.

5. المجال المغناطيسي للأرض:
- يعمل على إزاحة الجسيمات الأولية الضارة للكائنات الحية، وإزاحتها عن الأرض في أغوار الفضاء.
- هذا كان ضروريًا للحفاظ على الحياة على سطح الأرض.

6. تأثير المحيط الحيوي والأجواء:
- نشأت القارات على هيئة الصفائح التكتونية التي تتحرك فوق الغلاف الأرضي الكروي الشكل.
- حدثت تغييرات كبيرة في مناخ الأرض والظروف الأخرى غير المتعلقة بالأحياء مثل البراكين والزلازل وانزياح القارات ونشأة الجبال والمحيطات والبحار.

هذه العملية الطويلة والتدرجية أدت إلى ظهور الحياة على سطح الأرض، بدءًا من النقاط الهلامية الميكروسكوبية وحتى الكائنات الحية المتنوعة الأشكال التي نعرفها اليوم.",0.91,0.9,0.9
"[Chunk 1]
ازدواجية موجة جسيم هي مفهوم في ميكانيكا الكم وفيه يمكن وصف كل جسيم أو كلية كمومية إما بجسيم أو بموجة . يظهر هذا المفهوم عن عجز المفاهيم الكلاسيكية الجسيم أو الموجة على الوصف الكامل لسلوك الأجسام في المقياس الكمومي . ومثلما كتب آينشتاين :« يبدو أنه علينا استخدام النظرية الواحدة أحيانا والنظرية الأخرى أحيانا أخرى وفي أحيان معينة نستخدم أي منهما . نواجه نوعا جديدا من الصعوبة ، لدينا صورتين متعارضتين للواقع ؛ إن كانتا منفصلتين لا تشرح أي منهما ظاهرة الضوء بشكل كامل ولكنهما معا يشرحانها بصورة مثالية ». من خلال أعمال ماكس بلانك ، إرفين شرودنغر ، ألبرت آينشتاين ، بول ديراك ، لويس دي بروي ، آرثر كومبتون ، نيلز بور وعلماء آخرين ، ترى النظرية العلمية الحالية أن الجسيمات تظهر طبيعة موجية والعكس صحيح . أكدت هذه النظرية ليس فقط للجسيمات البدائية بل أيضا للجسيمات المركبة مثل الذرات أو حتى الجزيئات . بالنسبة للجزيئات العيانية وبسبب طول الموجة القصير الذي تتمتع به ، لا يمكن التقاط الخاصية الموجية لها . على الرغم من أن ازدواجية موجة - جسيم كانت فعالة في الفيزياء ، لم يحل تفسيرها بشكل مرضي . حدد بور « مفارقة الازدواجية » بصفتها الحقيقة الأساسية أو الميتافيزيقية للطبيعة . إن نوعا معطى من الأجسام الكمومية سيظهر أحيانا بصفته موجة وأحيانا أخرى بصفته جسيما أو رمزا وبشكل متعاقب عدة صفات فيزيائية . رأى بور هذه الازدواجية بصفتها وجها لمفهوم المكاملة ، وأشار أن التخلي عن علاقة السبب والنتيجة أو المكاملة لصورة الزمكان أمر أساسي في اعتبار ميكانيكا الكم . اعتبر فيرنر هايزنبرغ السؤال أبعد من ذلك ، إذ رأى أن الازدواجية موجودة في كل الكليات الكمومية ، ولكن ليس بالقدر الكمومي الذي اعتبره بور . رأى أن ما يدعى التكمية الثانية والتي تولد حقولا توجد في الزمكان الاعتيادي وبشكل سببي ما تزال واضحة للعيان . تستبدل قيم الحقول الكلاسيكية ( مثل قوى الحقل الكهربائي والمغناطيسي لماكسويل ) بنوع جديد كليا لقيم الحقل معتبرة في نظرية ميكانيكا الكم . عند قلب المنطق ، يمكن استنتاج ميكانيكا الكم بصفتها نتيجة خاصة لنظرية الحقل الكمومي . خلفية تاريخية . حاجج ديمقريطس أن كل الأشياء في الكون بما في ذلك الضوء مكونة من مكونات فرعية غير مرئية . في بداية القرن الحادي عشر كتب العالم العربي ابن الهيثم أول كتاب شامل للبصريات واصفا فيه الانعكاس والانكسار وعملية سفر أشعة الضوء خلال ثقب العدسة من نقطة الانبعاث نحو العين ، وأكد أن هذه الأشعة مكونة من جسيمات الضوء . في عام 1630 عمم رينيه ديكارت وأجاز التوصيف الموجي المعاكس في مقالته حول الضوء ، إذ يرينا كتابه « العالم » أن سلوك الضوء يمكن إعادة إنشائه من خلال تعديل الاضطرابات المشابهة للأمواج في وسط كوني أي مثل الأثير المضيء . بداية من عام 1670 وما بعدها بثلاثة عقود ، طور إسحاق نيوتن ودافع عن نظريته في الانبعاث ، محاججا أن الخطوط المستقيمة بشكل مثالي للانعكاس تظهر الطبيعة الجسيمية للضوء ، فقط الجسيمات يمكنها السفر بهذه الخطوط المستقيمة . فسر الانكسار ، أن جسيمات الضوء تتسارع أفقيا قبل دخولها لوسط أكثف . تقريبا في نفس الوقت ، اشتق معاصرو نيوتن ؛ روبرت هوك وكريستيان هيغنز ولاحقا أوغستين جان فيرزنيل ، رياضيا وجهة النظر الموجية ، إذ أظهروا أن الضوء إذا سافر بسرعات مختلفة وفي أوساط مختلفة يمكن تفسير الانعكاس ببساطة بالاعتماد على انتشار موجات الضوء في الوسط . كان مبدأ هيغنز - فيرزنيل ناجحا جدا في إعادة إنشاء سلوك الضوء ودعم بعد ذلك باكتشاف توماس يونغ لتداخل أمواج الضوء من خلال تجربته للشق المزدوج عام 1801. لم تحل وجهة النظر الموجية مباشرة محل وجهة النظر الجسيمية أو الإشعاعية لكنها بدأت بالسيطرة على التفكير العلمي عن الضوء في منتصف القرن التاسع عشر وذلك لأنها تشرح ظاهرة الاستقطاب التي لم تستطع النظريات الأخرى شرحها . اكتشف جيمس كلارك ماكسويل أنه باستطاعته تطبيق معادلاته ( معادلات ماكسويل ) بإضافة تعديل بسيط لشرح توالد الموجات الذاتي للحقول الكهربائية والمغناطيسية المتذبذبة . أصبح من الواضح أن الضوء المرئي والأشعة فوق البنفسجية والأشعة تحت الحمراء هي كلها موجات كهرومغناطيسية بترددات مختلفة . إشعاع الجسم الأسود وقانون بلانك . نشر ماكس بلانك عام 1901 تحليلا نجح في إعادة إنشاء الطيف الواضح للضوء المنبعث من جسم متوهج . ولإنجاز ذلك ، كان على بلانك وضع افتراض رياضي للطاقة الكمية للمذبذبات أي ذرات الجسم الأسود التي تبعث الإشعاع . اقترح آينشتاين لاحقا أن الإشعاع الكهرومغناطيسي بذاته كمومي وليس طاقة الذرات الإشعاعية . لم يكن ممكنا تفسير إشعاع الجسم الأسود أي انبعاث الطاقة الكهرومغناطيسية بسبب حرارة الجسم بالحجج الكلاسيكية فقط . تقول مبرهنة التوزع المتساوي في الميكانيك الكلاسيكي ، وهي أصل كل نظريات الترموديناميك الكلاسيكية ، أن طاقة الجسم موزعة بشكل متساوي في كل أوضاع الجسم الاهتزازية ، ولكن تطبيق ذات المنطق على الانبعاث الكهرومغناطيسي للجسم الحراري لم يكن ناجحا جدا . كانت الأجسام الحرارية التي تبعث الضوء معروفة منذ زمن ، وبما أن الضوء هو موجات كهرومغناطيسية أمل علماء الفيزياء بتفسير هذا الانبعاث من خلال القوانين الكلاسيكية ، وأصبح ذلك معروفا بمشكلة الجسم الأسود . بما أن مبرهنة التوزيع المتساوي فعالة جدا في تفسير الاوضاع الاهتزازية للجسم الحراري بذاته ، كان من الطبيعي الافتراض أنها تعمل بشكل مساوي في تفسير الانبعاث الإشعاعي لتلك الأجسام . ولكن ظهرت مشكلة بسرعة ، فإذا كان كل نمط يستقبل توزيعا متساويا من الطاقة عندها ستمتص أنماط أطوال الموجة القصيرة كل الطاقة ، ويصبح ذلك جليا عند تطبيق قانون رايلف - جانز والذي ، بينما يتنبأ بشكل صحيح بشدة انبعاثات أطوال الموجة الطويلة ، يتنبأ بطاقة لا نهائية عندما تحيد الشدة إلى اللانهاية في أطوال الموجة القصيرة . أصبح ذلك معروفا بكارثة الأشعة فوق البنفسجية .

[Chunk 2]
الموجة ("" جمع "" موجات ؛ وتسمى أيضا الموج ["" جمع "" أمواج ]) في الفيزياء هي أحد أشكال انتقال الطاقة ، تتحرك الموجات في وسط مادي ( باستثناء الموجات الكهرومغناطيسية وبعض أشكال الجزيئات الكمية ذات الخصائص الموجية ) ، حيث تنتقل فيه الموجات وتنقل الطاقة من مكان إلى آخر بدون إزاحة جزيئات الوسط بشكل دائم ، أي أنه لا تنتقل أي كتلة مع انتقال الموجة ، ولكن جزيئات الوسط تتحرك بشكل متعامد أو مواز لاتجاه حركة الموجة حول موقع ثابت حيث أن الأمواج تصنف حسب انتشارها إلى : أمواج عرضية : وهي التي يكون فيها منحى انتشار الطاقة عموديا على منحى انتشار المادة مثل الأمواج على سطح الماء أو اهتزاز وتر مرن مشدود . أمواج طولية : وهي التي يكون فيها منحى انتشار المادة موازيا لمنحى انتشار الطاقة مثل انضغاطات نابض مرن أو الأمواج الصوتية . . وتنتشر الموجات الكهرومغناطيسية في الفراغ ، أي دون الحاجة لتواجد وسط مادي . ويعتبر الضوء وموجات الراديو وأشعة إكس وأشعة غاما أمثلة من الموجات الكهرومغناطيسية . ومن خصائص الموجات الكهرومغناطيسية أنها تنتشر في الفراغ بسرعة الضوء ، والذي تقدر سرعته ب 299 , 792 , 458 متر في الثانية . للموجات صفة الدورية ، فالموجات تكون عادة تكرارا لنمط ما من الشدة في فترات زمنية متتابعة بفترة فاصلة بينها ، ويسمى عدد الموجات المارة في مقطع ما مقسوما على وحدة الزمن ، التردد . وتسمى المسافة الأفقية التي تقطعها الموجة الواحدة طول الموجة . الأوساط المادية . تنتشر الأمواج في أنواع متعددة من الأوساط الفيزيائية ، التي يشترط بها بعض التماسك لتأمين نقل الإشارات الموجية ، ويمكن تصنيف الأوساط التي تنتشر بها الأمواج حسب خواصها الفيزيائية : الخواص المميزة للأمواج . تتميز الأمواج عن الجسيمات بامتلاكها مجموعة من السلوكيات الفيزيائية :

[Chunk 3]
تحتل الدالة الموجية أو دالة الموجة مكانة مهمة في ميكانيكا الكم ، حيث ينص مبدأ الارتياب على عدم قدرتنا على تحديد موضع وسرعة جسيم ما بدقة ، لكن نعمد إلى دالة موجية مرافقة لكل جسيم حسب التصور الموجي الذي قدمه شرودنغر ، وتقوم هذه الدالة الموجية بتحديد احتمال وجود الجسيم في أي نقطة من الفراغ التي يمكن للجسيم التواجد فيها . دالة الموجة هي أداة لوصف الجسيمات وحركتها وتآثرها مع جسيمات أخرى مثل الذرة أو نواة الذرة . تصف الدالة الموجية في ميكانيكا الكم الحالة الكمومية إما لأحد الجسيمات الأولية أو لمجموعة من الجسيمات الأولية في الفراغ ، وتعين احتمال تواجده أو تواجدها في مكان معين . ( احتمال تواجد جسيم في مكان معين يعبر عنه في ميكانيكا الكم بعدد بين 1 ( موجود 100 %) وصفر ( غير موجود 0 %). وطبقا لتفسير كوبنهاغن لميكانيكا الكم تحتوي الدالة الموجية على جميع المعلومات المتعلقة بالجسيم أو مجموعة الجسيمات . والدالة الموجية تكون حلا لإحدى معادلات شرودنجر التي يمكن صياغتها لوصف النظام المطلوب دراسته ، مثل الإلكترون في غلاف ذرة أو تشتت البرتونات على نواة الذرة ، وغيرها . ويمكن للمعادلة الموجية أن تصف الحالة الكمومية لجسيم أولى ، واقع تحت تأثير خارجي ( مثل حركة الإلكترون حول النواة في الذرة ) أو حالة الإلكترون الحر . تمثيل الجسيم بموجة . بينما تعطي فيزياء الموجة الوصف العام للمعادلة الموجية ، نقتصر هنا على وصف الدالة الموجية لجسيم . ونظرا لأن الدالة الموجية المستخدمة في هذا الغرض مركبة وليست حقيقية ، يرجع إلى أن الدالة الموجية لجسيم formula_1 ليس لها المعنى عند وصف شدة المجال الكهربائي formula_2 لموجة ضوئية طبقا للميكانيكا التقليدية أو في الديناميكا الكهرومغناطيسية . تستخدم الدالة الموجية في ميكانيكا الكم لوصف الحالة الكمومية لنظام فيزيائي . ويمكن أن تتخذ الدالة الموجية formula_1 لجسيم كمومي صيغة موجة مستوية ( لجسيم حر ) ، على هيئة : حيث : وطبقا لشرودنجر تنتج الدوال الموجية كحلول لمعادلة شرودنجر ، أي أن الدالة الموجية يجب أن تكون حلا لمعادلة شرودنجر . وتوصف الخواص المختلفة لجسيم بواسطة عدة دوال موجية جزئية . وتبعا لصفات تحول الدالة الموجية طبقا لتحول لورينس يفرق الفيزيائي بين نظرية المجال الكمومي النسبي غير المتجة ونظرية المجال الكمومي الموتر . شرط التوحيد واحتمال تواجد جسيم . بينما يمكن تحديد مكان جسم ( مثل كرة ) في الميكانيكا التقليدية فإنه ليس من الممكن تحديد مكان جسيم formula_5 بدقة كاملة طبقا لعلاقة هايزنبرج مبدأ عدم التأكد عندما ننزل من المقاييس الكبيرة العينية ( الكرة ) إلى مقاييس الذرة والجسيمات تحت الذرية . وإطلاقا من تصور حتمية وجود الجسيم ، فلا بد أن يكون موجودا في أي وقت وفي أي مكان بين الصفر ومالا نهاية ، ولهذا فلا بد أن ينطبق شرط التوحيد",ماذا يعني أن يمكن وصف الجسيمات بجسيم أو بموجة في سياق الازدواجية الموجة جسيم ؟,يظهر هذا المفهوم عن عجز المفاهيم الكلاسيكية الجسيم أو الموجة على الوصف الكامل لسلوك الأجسام في المقياس الكمومي .,الازدواجية الموجة-جسيم تعني أنه يمكن وصف كل جسيم أو كمية كومومية إما بجسيم أو بموجة.,0.8,0.9,0.7
"[Chunk 1]
أزمة موردي الغاز الطبيعي في المملكة المتحدة 2021 ابتداء من أغسطس 2021 بدأت أسعار الغاز الطبيعي بالجملة الأوروبية المرتفعة في التأثير بشدة على المملكة المتحدة . بسبب مجموعة من الظروف غير المواتية والتي تضمنت ارتفاع الطلب على الغاز في آسيا ، وتناقص إمداداتها من روسيا إلى الأسواق الأوروبية وانخفاض المخزونات وسلسلة من الأعطال في مختلف المرافق الكهربائية ، واجهت المملكة المتحدة زيادات حادة في أسعار الغاز . أثرت الأزمة على المستهلكين وشركات المرافق والشركات التي تعتمد على استخدام ثاني أكسيد الكربون والأمونيا وقد تأثرت جميعها . تسببت الأزمة في توقف بعض الموردين المحليين الأصغر في المملكة المتحدة عن العمل ، مما أثر على ما يقرب من مليوني مستهلك اعتبارا من 14 أكتوبر 2021. الأسباب . كان السبب الرئيسي لارتفاع الأسعار هو ارتفاع أسعار الجملة للغاز الطبيعي في جميع أنحاء العالم . يغطي العرض المحلي حوالي 40 ٪ فقط من احتياجات المملكة المتحدة ، بينما يتم استيراد الباقي من الدول المجاورة مثل النرويج وهولندا ، وأبعد من ذلك في قطر والولايات المتحدة ، وتورد روسيا حوالي 5 ٪ من احتياجات المملكة المتحدة . في سوق المملكة المتحدة ارتفعت أسعار الغاز بنسبة 250 ٪ بين يناير وسبتمبر 2021 ، مع ارتفاع بنسبة 70 ٪ في شهر أغسطس وحده . كانت الزيادة في الأسعار بسبب الارتفاع العالمي في الطلب حيث خرج العالم من الركود الاقتصادي الناجم عن كوفيد 19 ، لا سيما بسبب الطلب القوي على الطاقة في آسيا . تزود روسيا عادة 40 ٪ -50 ٪ من استهلاك الاتحاد الأوروبي ، بينما تغطي واردات الجزائر والنرويج والغاز الطبيعي المسال معظم الباقي . زودت روسيا أوروبا بكميات أقل من المعتاد ، فقد زودت الغاز وفقا لعقود طويلة الأجل ، لكنها لم تقدم غازا إضافيا في السوق الفورية . ذكرت وحدة المعلومات الاقتصادية أن روسيا لديها حاليا قدرة محدودة على تصدير الغاز الإضافي بسبب المتطلبات المحلية المرتفعة مع اقتراب الإنتاج من ذروته ، فضلا عن المشكلات الفنية . كانت الظروف الجوية أيضا غير مواتية لبريطانيا : أدى الشتاء البارد 2020 / 21 في المملكة المتحدة إلى استخدام المزيد من الغاز الطبيعي للتدفئة المركزية أكثر من المعتاد مما أدى إلى استنفاد المخزونات ، والتي تفاقمت بسبب متطلبات الغاز الإضافية للكهرباء توليد الكهرباء خلال صيف 2021 بسبب سلسلة من انقطاعات الطاقة النووية ، والإغلاق في أعقاب حريق في الربط البيني عبر القنوات الذي يجلب الكهرباء من فرنسا ، وكذلك إغلاق منشأة التخزين الخشنة ، مما جعل من المستحيل على بريطانيا الحفاظ عليها لفترة طويلة . تضاعف هذا في المملكة المتحدة من خلال أحد أقل فصول الصيف عاصفة منذ عام 1961 ، مما تسبب في انخفاض توليد طاقة الرياح عن المعتاد . قامت العديد من شركات الغاز ببيع عقود تعريفة ثابتة السعر للمستهلكين لمدة محددة على سبيل المثال . لكنهم فشلوا في التحوط إلى الأمام بشكل كاف ضد ارتفاع أسعار الغاز بالجملة في المستقبل ، لذلك كانوا يواجهون خسائر كبيرة في عقود السعر الثابت هذه . بالإضافة إلى ذلك يسمح للقيود القانونية المفروضة على الحد الأقصى للتعريفة العادية لشركات الغاز بفرض رسوم على المستهلكين مما يعني أن هذا الارتفاع في الأسعار لا يمكن نقله بالكامل إلى هؤلاء العملاء . وكانت النتيجة أنه ابتداء من سبتمبر 2021 ، توقفت بعض شركات إمدادات الغاز الأصغر عن العمل بسبب الإفلاس . استجابة الحكومة . قال وزير الطاقة كواسي كوارتنج إنه « ليس هناك شك في إطفاء الأنوار ، أو عدم قدرة الناس على تدفئة منازلهم ، لن يكون هناك أسبوع عمل لمدة ثلاثة أيام ، أو عودة إلى السبعينيات ». كما

[Chunk 2]
أزمة سلسلة التوريد العالمية 2021 في عام 2021 تباطأت سلاسل التوريد والشحنات العالمية ، مما تسبب في حدوث نقص في جميع أنحاء العالم وأثر على أنماط المستهلكين . الأسباب . في أوائل عام 2020 أبطأ وباء كوفيد 19 في البداية سلسلة التوريد العالمية حيث علقت الشركات المصنعة العمل حتى يتم سن احتياطات السلامة . على الرغم من التوقعات الوردية من الشركات للعام المقبل ، استمرت التجارة العالمية بقدرة منخفضة ولم تتعاف تماما . أدت التحديات الجديدة في عام 2021 ، بما في ذلك متغير دلتا وانخفاض الوصول إلى لقاح كوفيد 19 في البلدان النامية إلى تفاقم تعافي الإنتاج العالمي حتى مع استئناف الاقتصادات الأكثر ثراء وتحصينا ، مثل الولايات المتحدة وأوروبا أنماطها الاستهلاك . فيتنام على سبيل المثال هي مزود رئيسي للملابس الأمريكية . عملت البلاد خلال العام الأول للوباء بإجراءات إغلاق صارمة ، لكن متغير دلتا أغلق المصنعين ، خاصة وأن العمال ظلوا غير محصنين إلى حد كبير . للحفاظ على الإنتاج طلبت الحكومة الفيتنامية من المناطق المعرضة لخطر أكبر أن يعيش عمالها بدلا من منازلهم إلى أماكن عملهم . بالإضافة إلى ذلك يأتي نصف عدد البحارة من البلدان النامية غير الملقحة بشكل كاف . الشحن . بحلول منتصف عام 2021 أصبحت الموانئ الأمريكية الرئيسية مغمورة بكميات تاريخية من البضائع الواردة . كان موظفو المحطة يفتقرون إلى النطاق الترددي لمعالجة الشحنات ، مما أدى إلى إطالة أوقات الانتظار . بدأت سفن الحاويات في التوقف خارج الموانئ لأيام أو أسابيع . انتشر هذا الارتفاع في الداخل حيث كافحت خدمات السكك الحديدية والشاحنات تحت الحمل المتزايد جنبا إلى جنب مع نقص العمالة . كانت صناعة النقل بالشاحنات الأمريكية تعاني بالفعل من نقص في عدد السائقين قبل انتشار الوباء ، مع معدل دوران مرتفع وتعويضات منخفضة . على الرغم من وجود حاويات شحن كافية للتعامل مع الاحتياجات العالمية ، نظرا للكمية المحتجزة أثناء النقل أو الجزء الخاطئ من سلسلة التوريد ، فقد دخلت الحاويات نقصا في المعروض . التأثيرات . استأجر كبار تجار التجزئة الأمريكيين سفن حاويات استعدادا مبكرا لموسم العطلات . يتم تشجيع شركات شحن الحاويات على تطوير وابتكار العمليات التي تعتمد على التكنولوجيا في الشحن لتحقيق التأثير الخارجي للشحن المجاني . في 17 أكتوبر 2021 توقع وزير النقل الأمريكي بيت بوتيجيج أن الأزمة ستمتد « بالتأكيد » حتى عام 2022.

[Chunk 3]
كانت أزمة البنوك الثانوية في 1973 -1975 بمثابة انهيار دراماتيكي في أسعار العقارات البريطانية التي تسببت في تهديد العشرات من بنوك الإقراض الصغيرة (« الثانوية ») بالإفلاس . الأزمة . كانت البنوك الثانوية ، مثل المؤسسات الكبرى ، تقرض بشكل كبير على أساس أسعار المساكن المرتفعة سابقا في أواخر الستينيات وأوائل السبعينيات ، وتقترض بشكل مفرط فيما يتعلق بالأصول المضمونة . أدى التراجع المفاجئ في أسعار المساكن والزيادات في أسعار الفائدة قبل أزمة النفط في تشرين الثاني ( نوفمبر ) 1973 إلى ترك المؤسسات الأصغر تحمل العديد من القروض المضمونة بممتلكات بقيمة أقل من القروض . أجرى بنك إنجلترا ، بقيادة جاسبر هولوم ، مفاوضات أسفرت عن عمليات إنقاذ لحوالي 30 من البنوك الأصغر وتدخل لمساعدة حوالي 30 بنكا آخر . بينما تركت جميع البنوك قادرة على الدفع للمودعين ، فقد بنك إنجلترا ما يقدر بنحو 100 مليون جنيه إسترليني . تفاقم الانكماش بسبب انهيار سوق الأسهم العالمية في الفترة 1973 -1974 ، والذي ضرب المملكة المتحدة بينما كانت بالفعل في خضم انهيار أسعار المساكن . التعافي . في 19 ديسمبر 1974 ، انتهى تجميد الإيجار من قبل حكومة إدوارد هيث الذي استمر منذ عام 1971 ، وأطلق بنك إنجلترا ، الذي فرض قيودا شديدة على توفير الائتمان للإسكان في عام 1971 ، المزيد من الأموال . بينما تعافت أسعار المساكن والإقراض في عام 1975 ، استمر التضخم في الارتفاع ، مما أدى إلى مشاكل اقتصادية وعمالية وسياسية أكبر لبريطانيا . تمت زيادة السلطات التنظيمية لبنك إنجلترا على المقرضين في قانون البنوك لعام 1979 لمحاولة منع تكرار الأزمة . الأسباب . تظل الأسباب مصدر نقاش . يلقي البعض باللوم على التنظيم المتساهل للمقرضين والضغوط التضخمية المدفوعة بالسياسات (« انفجار باربر » ، الذي سمي على اسم وزير الخزانة أنتوني باربر ) ، والذي فشل في تحقيق هدفه المتمثل في خفض معدل البطالة المرتفع . تم وضع تشديد مفاجئ للائتمان ( تم رفع أسعار الفائدة إلى 13 ٪ في أكتوبر 1973 ) من قبل بنك إنجلترا . ويلقي آخرون باللوم على إصلاح حكومة هيث لارتفاع أسعار الإيجار في عام 1971. الدراسة الوحيدة للأزمة التي أجراها ريد ( 1982 ) تلقي باللوم على كل هذه العوامل ولكن أيضا فقاعة أسعار المساكن التي شهدت زيادة بنسبة 50 ٪ في أسعار العقارات في لندن خلال عام 1971 وعدم اليقين المالي الناجم عن نهاية اتفاقية بريتون وودز والانتخابات غير الحاسمة في فبراير 1974. تميزت هذه الفترة أيضا بسلسلة من الأزمات ، بما في ذلك عدم اليقين السياسي لحكومة الصحة ، وموجات من إضرابات القطاع العام والصناعية ونقص النفط التي أدت إلى أسبوع عمل مدته ثلاثة أيام من قبل الحكومة . ومع ذلك ، تلقي ريد باللوم أيضا على ثقافة السوق الكاملة للمؤسسات المصرفية في لندن منذ أواخر الستينيات ، والتي تعتبرها تجعل المضاربة في السوق ( والانهيارات اللاحقة ) أمرا لا مفر منه .",ما هي أسباب أزمة موردي الغاز الطبيعي في المملكة المتحدة في عام 2021 ؟,بدأت أسعار الغاز الطبيعي بالجملة الأوروبية المرتفعة في التأثير بشدة على المملكة المتحدة .,"ارتفاع أسعار الجملة للغاز الطبيعي عالمياً، وتناقص إمدادات روسية، انخفاض المخزونات، سلسلة من الأعطال، ارتفاع الطلب في آسيا.",0.68,0.92,0.7
"[Chunk 1]
أحمد توفيق المدني هو أحمد توفيق بن محمد بن أحمد بن محمد المدني القبي الغرناطي الجزائري . عالم ، مؤرخ ، وزير جزائري . ولد بتونس يوم 24 جمادى الثانية 1317 ه / 1 نوفمبر 1899 م . توفي بالجزائر العاصمة يوم 12 محرم 1404 ه / 18 أكتوبر 1983 م . العائلة . جده هو أحمد بن محمد المدني مولدا ، القبي الغرناطي الشريف ، كان أمين الأمناء بالجزائر العاصمة . والده هو محمد بن أحمد ، ولد بالجزائر ، وتلقى علومه العربية بالجامع الكبير ، على يد عدد من كبار العلماء والمدرسين . الاحتلال الفرنسي للجزائر - اللجوء إلى تونس هاجر جده من مدينة الجزائر العاصمة مصطحبا عائلته بعد احتلالها من طرف الفرنسيين . فاستقر مؤقتا بمنطقة جرجرة ، إلى غاية سنة 1870 م حيث اندلعت الثورة بقيادة المقراني والشيخ الحداد ، فشارك فيها الجد والوالد إلى أن انتهت الثورة بسبب الطرق الوحشية التي استعملها المستعمرون الفرنسيون . وخلال إقامة العائلة بمنطقة القبائل تعارفت مع جده لأمه الصالح الشيخ عمر بويران ، الذي كان بدوره قاصدا مدينة تونس ، مهاجرا مع أخيه عبد الرحمن ، واشترك هو وأخوه في أعمال الثورة ، ثم انتقل الجميع بعد ذلك إلى تونس في قافلة واحدة . وانتهى بهم المطاف لاجئين بتونس . الدراسة . أدخل أحمد توفيق المدني أحد كتاتيب تونس العاصمة وهو لم يتجاوز الخامسة من العمر ، ثم انتقل سنة 1909 م إلى المدرسة الأهلية القرآنية ، ومنها إلى الجامع الأعظم للدراسة بجامعة الزيتونة سنة 1913 م . وكان شغوفا بالمطالعة مما ساهم في تكوينه تكوينا عصاميا خصوصا في التأريخ . النضال السياسي في تونس ، السجن ، النفي .

[Chunk 2]
أحمد شفيق آغا ( ولد في 1960 في السليمانية ، العراق ) سياسي وناشط حقوقي ودبلوماسي عراقي . كان المتحدث الرسمي للمعارضة العراقية في لندن . النشأة والتعليم . آغا من مواليد العام 1960 في منطقة السليمانية شمال العراق . درس المرحلة الإبتدائية والمتوسطة في مدارس السليمانية والثانوية في الكوت . حصل على بكالوريوس إدارة واقتصاد من جامعة بغداد في عام 1983. ثم حصل على ماجستير إدارة أعمال من الجامعة الأهلية في البحرين في عام 2007. المسيرة المهنية والنضالية . بدأ نشاطه كمعارض داخل بلده العراق إذ تم سجنه في مديرية الاستخبارات العسكرية بمنطقة السليمانية العام 1979. ثم سجن بعدها في مقر جهاز الأمن العام في العاصمة بغداد في العام 1983. عمل محاسبا في مبنى مجلس الوزراء بعد التخرج في بغداد لغاية العام 1985. التحق بالمعارضة في إقليم كردستان . هرب بعدها من العراق وحكم عليه 15 سنة سجن غيابيا . اتجه إلى إيران ومكث فيها عاما واحدا . بعدها ذهب إلى تركيا ومنها إلى سورية ثم النمسا فبريطانيا في العام 1987. تنقل بين إنجلترا والدول الخليجية وعمل في مجال تسويق العقارات التجارية والفندقية . في العام 1994 انتقل إلى البحرين . مارس العمل السياسي كمعارض للنظام العراقي السابق في حقبة التسعينيات في بريطانيا . كان أحد سبعة أشخاص اقتحموا السفارة العراقية في لندن العام 1988. عمل من العام 1994 في مجال حقوق الإنسان كناشط . كان المتحدث الرسمي للمعارضة العراقية في لندن . بعد سقوط نظام صدام حسين واحتلال العراق في العام 2003 رجع إلى موطنه . بعدها بعام التحق بالعمل في وزارة الخارجية . عين وزير مفوض في الخارجية العراقية ومرشح لمنصب سفير . تولى منصب سفير العراق لدى البحرين لفترة من الزمن . في عام 2006 ساهم في تكفل البحرين بعلاج خمسين طفلا عراقيا يعانون من مرض السرطان وصلوا إلى المنامة وبدأوا في علاجهم في مجمع السلمانية الطبي والمستشفى العسكري . الأطفال وصلوا إلى المنامة مع 45 مرافقا و 4 أطباء يتابعون حالاتهم مع الأطباء البحرينيين وإن 50 طفل ممن تتراوح أعمارهم بين 8 و 18 عاما يحتاجون لعمليات بعضها جراحية والبعض الآخر في التجميل وإن إصاباتهم متنوعة بين أمراض الجهاز العصبي والعظام والأمراض الجلدية والتأهيل وحالات الأنف والأذن والحنجرة وأمراض العيون إضافة الى أمراض القلب التي تستوجب أيضا إجراء جراحة . ثم أصبح الممثل الشخصي لرئيس إقليم كردستان في لبنان . الحياة الشخصية . متزوج ولديه ثلاثة أبناء .

[Chunk 3]
أحمد عرابي ( 31 مارس 1841 - 21 سبتمبر 1911 ) ، قائد عسكري وزعيم مصري . قائد الثورة العرابية ضد الخديوي توفيق ووصل إلى منصب ناظر الجهادية ( وزارة الدفاع حاليا ) ، وكان أميرالاي ( عميد حاليا ). حفظ القرآن في صغره . نسبه ونشأته . اسمه بالكامل أحمد محمد عرابي محمد وافي محمد غنيم عبد الله الحسيني ، ، والدته كان اسمها فاطمة بنت السيد سليمان ابن السيد زيد ، وتجتمع مع والده في الجد الثالث عشر المسمى إبراهيم مقلد والعارف بالله السيد صالح الذي جاء إلى مصر في منتصف القرن السابع الهجري . ولد أحمد عرابي في 31 مارس 1841 م في قرية هرية رزنة بمحافظة الشرقية ، وكان عرابي ثاني الأبناء . أما الابن الأكبر فهو محمد ، وشقيقاه الصغيران هما عبد السميع وعبد العزيز . تعلم القرآن الكريم ، ثم عهد به والده الذي كان عمدة القرية إلى صراف القرية الذي كان يدعى ميخائيل غطاس حيث دربه على العمليات الحسابية والكتابية ومكث يتمرن على يديه نحو خمس سنوات أحسن فيها معرفة القراءة والكتابة وبعض القواعد الحسابية . وفي سن الثامنة طلب من أبيه أن يلحقه بالجامع الأزهر فأجاب طلبه وأرسله إلى القاهرة فدخل الأزهر في نوفمبر 1849 م ، ومكث فيه أربع سنوات أكمل خلالها حفظ القرآن وأجزاء من الفقه والتفسير ، وقد توفي والده في 23 يوليو 1848 م إثر إصابته بوباء الكوليرا عن سن 63 عاما ، وكان عرابي آنذاك يبلغ من العمر 8 سنوات . وتولى أخوه محمد الإنفاق عليه وكان مصدر عيش الأسرة ريع 74 فدانا تركها والده . حياته العسكرية . حين أمر محمد سعيد باشا بإلحاق أبناء المشايخ والأعيان بالجيش ضمن جهوده للمساواة بين الشركس والمصريين ، التحق عرابي بالخدمة العسكرية في 6 ديسمبر 1854 م وبدأ كجندي بسيط ، ولحسن حظه عين ضابط صف بدرجة أمين بلوك « مساعد حاليا » ، واستفاد من نظام الترقي بالامتحانات فوصل إلى رتبة ملازم ثاني بعد أربع سنوات فقط في الخدمة ، ثم ارتقى عرابي سلم الرتب العسكرية بسرعة في عهد سعيد باشا حيث حصل خلال عام 1859 م على ترقيتين هما يوزباشي « نقيب حاليا » وصاغ « رائد حاليا ». وخلال عام 1860 م رقي إلى بكباشي « مقدم حاليا » ثم إلى قائمقام « عقيد حاليا » وهو لم يكمل العشرين عاما . كان سعيد باشا يثق بعرابي إلى درجة أنه كان يشركه معه في ترتيب المناورات الحربية ، ووصلت درجة التقارب بينه وبين سعيد باشا أن أهداه كتابا عن تاريخ نابليون بونابرت مكتوبا باللغة العربية . تغيرت الأوضاع بعد وفاة سعيد باشا وتولي خلفه الخديوي إسماعيل الحكم ، حيث عادت التفرقة بين المصريين والشراكسة في الجيش . وقع خلاف بين عرابي وأحد اللواءات الشراكسة يدعى اللواء خسرو باشا الذي سعى لإقالته بدعوى « شراسة الخلق وقوة الرأس » وقدم بسببها للمحاكمة العسكرية وحكم عليه المجلس بالسجن واحد وعشرين يوما ، ولكنه استأنف الحكم أمام المجلس العسكري الأعلى والذي قضى بإلغاء الحكم الابتدائي . وبسبب ذلك حدث خلاف بين وزير الحربية وقتئذ إسماعيل سليم باشا وبين رئيس المجلس العسكري الأعلى ؛ لأن الوزير كان يرغب في تأييد الحكم الابتدائي ، وذهب وزير الحربية إلى الخديوي إسماعيل ليفصل عرابي . وتم فصله فعلا وتركت هذه الحادثة في نفسه كراهية شديدة للضباط الشراكسة وسيطرتهم على الجيش . وحاول رفع مظلمة للخديوي إسماعيل ولكن لم يتم النظر فيها ، وحاول رفع الكثير من المظالم إليه مدة ثلاثة أعوام . وفي هذه الفترة التحق بوظيفة في دائرة الحلمية ، وخلال شغله هذه الوظيفة تزوج من كريمة مرضعة الأمير إلهامي باشا وهي أخت حرم الخديوي محمد توفيق فيما بعد من الرضاعة . ومن هنا كانت وساطة بعض المقربين من زوجته لاستصدار أمر من الخديوي إسماعيل بالعفو عنه وإعادته إلى الجيش برتبته العسكرية التي خرج عليها ، وحرم من مرتبته خلال مدة فصله فزادت كراهيته على أوضاع الجيش ونفوذ الضباط الشراكسة وتعنتهم مع الضباط المصريين ، بعد ذلك عين مأمورا للحملة العسكرية المصرية في الحبشة . انتهت هذه الحملة بهزيمة الجيش المصري ، وكان للهزيمة أثر كبير في نفسه لما رآه من استهتار للقيادة الشركسية . حادثة عثمان رفقي . أصدر ناظر الجهادية عثمان رفقي باشا عددا من القرارات التي اعتبرها الضباط المصريون تحيزا للشركس في الجيش على حساب المصريين :",من هو والد أحمد توفيق المدني ؟,"هو محمد بن أحمد ، ولد بالجزائر ، وتلقى علومه العربية بالجامع الكبير",محمد,0.73,0.92,0.72
"[Chunk 1]
البطارية أو الحاشدة أو المدخرة الكهربائية هي جهاز يتكون من خلية كهروكيميائية واحدة أو أكثر مع توصيلات خارجية لتشغيل الأجهزة الكهربائية مثل المصابيح الكهربائية والهواتف المحمولة والسيارات الكهربائية . عندما تقوم البطارية بتزويد الطاقة الكهربائية ، يكون طرفها الموجب هو الكاثود والطرف السالب هو الأنود . الطرف المحدد بالسالب هو مصدر الإلكترونات التي ستتدفق عبر دائرة كهربائية خارجية إلى الطرف الموجب . عندما يتم توصيل بطارية بحمل كهربائي خارجي ، فإن تفاعل الأكسدة والاختزال يحول المواد المتفاعلة عالية الطاقة إلى منتجات منخفضة الطاقة ، ويتم توصيل فرق الطاقة الحرة إلى الدائرة الخارجية كطاقة كهربائية . تاريخيا ، يشير مصطلح « البطارية » تحديدا إلى جهاز مكون من عدة خلايا ، ولكن تطور الاستخدام ليشمل أجهزة مكونة من خلية واحدة . تستخدم البطاريات الأولية ( التي تستخدم مرة واحدة أو « التي تستخدم لمرة واحدة ») مرة واحدة ويتم التخلص منها ، حيث يتم تغيير مواد القطب بشكل لا رجعة فيه أثناء التفريغ ؛ ومن الأمثلة الشائعة على ذلك البطارية القلوية المستخدمة في المصابيح الكهربائية وعدد كبير من الأجهزة الإلكترونية المحمولة . يمكن تفريغ البطاريات الثانوية ( القابلة لإعادة الشحن ) وإعادة شحنها عدة مرات باستخدام التيار الكهربائي المطبق ؛ يمكن استعادة التكوين الأصلي للأقطاب الكهربائية عن طريق التيار العكسي . تشمل الأمثلة بطاريات الرصاص الحمضية المستخدمة في المركبات وبطاريات الليثيوم أيون المستخدمة في الأجهزة الإلكترونية المحمولة مثل الحواسيب المحمولة والهواتف المحمولة . تأتي البطاريات بأشكال وأحجام عديدة ، من الخلايا المصغرة المستخدمة لتشغيل المعينات السمعية وساعات اليد إلى الخلايا الصغيرة الرقيقة المستخدمة في الهواتف الذكية ، إلى بطاريات الرصاص الحمضية الكبيرة أو بطاريات الليثيوم أيون في المركبات ، وفي أقصى الحالات ، توجد بطاريات ضخمة للبطاريات حجم الغرف التي توفر الطاقة الاحتياطية أو الطوارئ لمبادلات الهاتف ومراكز بيانات الحاسوب . تحتوي البطاريات على طاقة نوعية أقل بكثير ( طاقة لكل وحدة كتلة ) من أنواع الوقود الشائعة مثل البنزين . في السيارات ، يتم تعويض هذا إلى حد ما من خلال الكفاءة العالية للمحركات الكهربائية في تحويل الطاقة الكهربائية إلى عمل ميكانيكي ، مقارنة بمحركات الاحتراق . منذ ما يزيد على 2500 سنة مضت ، تمكن العالم الإغرىقى « طاليس » ( نحو 624 - نحو 546 ق . م ) من إنتاج ومضات كهربائية بسيطة عن طريق حك قطعة من القماش بالكهرمان ، وهو عبارة عن راتينج أصفر يتكون من عصارة الأشجار الميتة منذ فترات زمنية طويلة . لكن الأمر استغرق فترة طويلة من الوقت قبل أن يتمكن الإنسان من تسخير هذه القوة لإنتاج البطاريات الكهربائية ، وبالتالي إنتاج تيار ثابت من الكهرباء . إلا أن عالم الآثار فيلهلم كونج ( Wilhelm König ) والذي شغل منصب مشرف المتحف العراقي كان قد أشار في سنة 1940 إلى أن جرة فخارية محفوظة بالمتحف قد تكون أول بطارية معروفة في التاريخ فيما صار يعرف ببطارية بغداد التاريخ . يعود استخدام مصطلح « البطارية » لوصف مجموعة من الأجهزة الكهربائية إلى بنجامين فرانكلين ، الذي وصف في عام 1748 عدة جرار ليدن على غرار بطارية المدفع ( استعار بنجامين فرانكلين مصطلح « البطارية » من الجيش ، والذي يشير إلى للأسلحة تعمل معا ). أول بطارية كهربائية في التاريخ . قام الفيزيائي الإيطالي أليساندرو فولتا ببناء ووصف أول بطارية كهروكيميائية ، الكومة الفولتية ، في عام 1800. كانت هذه كومة من ألواح النحاس والزنك ، مفصولة بأقراص ورقية مبللة بمحلول ملحي ، والتي يمكن أن تنتج تيارا ثابتا لفترة طويلة من الزمن . لم يفهم فولتا أن الجهد كان بسبب تفاعلات كيميائية . كان يعتقد أن خلاياه كانت مصدرا لا ينضب للطاقة ، وأن آثار التآكل المرتبطة بها في الأقطاب الكهربائية كانت مجرد إزعاج ، وليست نتيجة حتمية لعملها ، كما أوضح مايكل فاراداي في عام 1834. نشر ألساندرو فولتا ( 1745 -1827 م ) التفاصيل الخاصة بأول بطارية كهربائية في التاريخ . وقد كانت البطارية الكهربائية التي اخترعها فولتا تنتج الكهرباء عن طريق التفاعل الكيميائي بين بعض المحاليل المعينة والأقطاب الكهربائية المعدنية ( الإلكترودات ). جدير بالذكر أن بعض العلماء الآخرين ، مثل جون فردريك دانييل ( 1790 - 1845 م ) قد طور تصمىم فولتا عن طريق استخدام مواد مختلفة في الأقطاب الكهربائية . كما أن البطاريات الكهربائية المستخدمة اليوم تتبع التصميم الأساسي نفسه ولكن مع استخدام مواد حديثة .

[Chunk 2]
الطاقة الكهربائية هي أحد أنواع الطاقة الموجودة في الطبيعة ، يمكن الحصول على الطاقة الكهربائية من الطبيعة عن طريق الصواعق والاحتكاك ولكن هذا صعب وغير مجد اقتصاديا . ولكن يمكن توليد الطاقة الكهربائية بعدة طرق أخرى منها الكيميائية مثل البطاريات أو عن طريق تحويل الطاقة الحركية إلى طاقة كهربائية وذلك بتحريك سلك موصل في مجال مغناطيسي كما في المولدات الكهربائية أو بتسخين مزدوج حراري كما في المزدوجة الحرارية . - في البطاريات تكون الكهرباء المتولدة ذات تيار مستمر . - في المولدات الكهربائية تكون الكهرباء المولدة في الغالب ذات تيار متناوب ويمكن أن تكون الكهرباء ذات تيار مستمر . الطاقة الكهربائية هي إحدى الصور المهمة للطاقات التي تستخدم في شتى المجالات والتي لا غنى عنها في حياتنا اليومية في الاستخدامات المنزلية كالإنارة والتدفئة وتشغيل الأجهزة الكهربائية المنزلية وكافة المجالات الأخرى مثل الصناعة والاتصالات والمجالات العلمية . حيث يتم تحويل الكل إلى ماء أو إلى طرق توليد الطاقة الكهربائية . يتم توليد الطاقة الكهربائية في محطات خاصة لتوليد الطاقة الكهربائية وهي على أنواع : طرق نمطية . الطاقة الكهربائية المولدة بالمحطات السابقة هي ذات تيار متردد في أغلب الأحوال ويتم استخدامها فورا نظرا لارتفاع تكلفة تخزين الطاقة الكهربائية بكميات كبيرة . محطات توليد الكهرباء .

[Chunk 3]
هي خلايا وقود الهيدروجين وهي التي تنتج الكهرباء بتفاعل كهربائي كيميائي باستخدام الهيدروجين والأوكسجين . فكرتها هي عكس فكرة تحليل الماء . عند تحليل الماء بالكهرباء ينفصل الهيدروجين عن الأكسجين بواسطة قطبي الكهرباء ، وأما خلية الوقود فهي تجعل الهيدروجين يتفاعل مع الأكسجين ما ينتج التيار الكهربائي . وهذه الخلية الكهروكيميائية تستخدم لإنتاج الطاقة الكهربائية بتزويد الخلية بغازي الأكسجين والهيدروحين على نحو مستمر ؛ أو تخزن الهيدروجين تحت ضغط في أنابيب وتستمد الأكسجين من الهواء . عند المصعد يتأكسد الهيدروجين إلى بروتونات ( التي تتجه داخل وسط الكهرل إلى المهبط ) وإلكترونات ( التي تتجه من خارج الخلية إلى المهبط ) حيث يلتقي الجميع مع الأكسجين الذي يختزل لتكوين الماء . توجد أنواع متعددة من خلايا الوقود والتي يمكن تصنيفها حسب نوع الكهارل الذي يحدد استخدامها النهائي . فعلى سبيل المثال تعد تلك التي تستخدم مكثورا موصلا للبروتونات من الأكثر استخداما في السيارة الكهربائية في حين أن التي تستخدم الخزف الموصل لأيون الأكسجين أفضل للاستخدام المنزلي للتزويد بالكهرباء والحرارة . وتعد خلايا الوقود من أكثر وسائل توليد الطاقة حفاظا على البيئة ، ولهذا تحظى باهتمام كبير نحو تطويرها وتسخيرها مستقبلا في تسيير السيارات وإمداد المنازل بالتيار الكهربائي . وهذه الأخيرة قد يصل وزنها إلى عدة أطنان . تركيبها . تتكون خلية الوقود من أقطاب تفصلها أغشية مناسبة نصف نفوذة أو تكون الأقطاب التي تكون في شكل ألواح مغمورة في سائل يسمح بتوصيل الأيونات . تتكون الخلية من ألواح معدنية / معدنية أو أسطوانات رقيقة جدا من الكربون مغطاة بمادة محفزة مثل البلاتين أو البلاديوم . توجد تلك الألواح بأعداد كبيرة في الخلية وتكون غاطسة في سائل كهرل حمضي أو قلوي ، كما تختبر لها أنواع كهرل أخرى مثل مصهور كربونات قلوي أو السيراميك أو غشاءات تفصل الألواح المعدنية عن بعضها البعض . ينتج التيار الكهربائي بواسطة تفاعل الأكسجين مع الهيدروجين ، كما تختبر تفاعل مواد عضوية مثل الميثان أو الميثانول مع الأكسجين . ويقوم الكهرل بتوصيل كلا عضوي التفاعل إلى ألواح الخلية لكي تتفاعل مع بعضها البعض إلى أسطح الأقطاب . بغرض الحصول على جهد كاف ، تحتوي خلية الوقود على عدد كبير من الأقطاب التي توصل على التوالي . عند توصيل أحمال بخلية الوقود تعمل العمليات الكيميائية والكهربائية على خفض الجهد ، لهذا تختبر مواد أخرى تقوم بوظيفة الكهرل تعمل في درجات حرارة عالية ، مثل مصهور كربونات قلوي MCFC. خلية الوقود في السيارة . لنأخذ مثالا عمليا يوضح لنا أهمية خلية الوقود التي تعمل بالهيدروجين . فعندما يصبح لديك سيارة تعمل بخلايا الوقود فأنت بالتأكيد تمتلك محطة توليد كهرباء متنقلة تستطيع توليد 25 كيلو واط من الكهرباء ، ودعنا نتخيل ما سيحدث في المستقبل القريب عندما تذهب إلى العمل بواسطة سيارتك المجهزة بالخلايا الهيدروجينية ، فبدلا من تركها بساحة الانتظار مهدرا للوقت والمكان بدون فائدة ، ما عليك إلا توصيلها بمخرج الغاز الطبيعي الموجودة بالمبنى ، وعند انتهاء الدوام تستقل سيارتك بعد شحنها وهي محملة بحوالي 25 كيلو واط من الكهرباء التي تصلح لتشغيل السيارة أو لإضاءة أو تدفئة أي مكان آخر ، وتشير الإحصائيات الحديثة أن السيارات تقف بأماكن الانتظار بدون حركة لأكثر من 96 % من إجمالي الوقت ، وبالتالي يمكن الاستفادة القصوى من هذا الوقت الضائع في شحن السيارات بالهيدروجين وتحقيق الأرباح أيضا .",ما هي البطاريات الأولية ؟,تستخدم البطاريات الأولية ( التي تستخدم مرة واحدة أو « التي تستخدم لمرة واحدة ») مرة واحدة ويتم التخلص منها,الأولى تستخدم مرة واحدة.,0.91,0.92,0.9
"[Chunk 1]
وانغ داهنغ ( في اللغة الصينية : ؛ مواليد 26 فبراير 1915 - 21 يوليو 2011 ) عالم فيزياء بصرية ومهندس ومخترع صيني يعتبر على نطاق واسع « أب الهندسة البصرية » في الصين . كان أكاديميا مؤسسا لكل من الأكاديمية الصينية للعلوم والأكاديمية الصينية للهندسة . إضافة ، كان مؤسس معهد تشانغتشون للبصريات والميكانيكا الدقيقة ، وجامعة تشانغتشون للعلوم والتكنولوجيا ، والجمعية البصرية الصينية . الحياة المبكرة والتعليم . ولد وانغ في 26 فبراير 1915 في طوكيو ، اليابان ، وكان موطن أجداده في سوتشو ، الصين . كان والده وانغ ينغوي ( في اللغة الصينية : ) عالم فلك درس في اليابان . تخرج وانغ من قسم الفيزياء في جامعة تسينغهوا عام 1936. في عام 1938 ، حصل على منحة بوكسر اندمنتي الدراسية للدراسة في إنجلترا . بعد حصوله على درجة الماجستير من كلية لندن الامبراطورية في عام 1940 ، بدأ دراسات الدكتوراه في جامعة شيفيلد في الفيزياء البصرية والتكنولوجيا . المسار المهني . المملكة المتحدة . بعد اندلاع الحرب العالمية الثانية في عام 1939 ، حظرت ألمانيا النازية ، وهي صانع رئيسي للزجاج البصري ، تصدير المنتج الاستراتيجي . عرضت الحكومة البريطانية الدعم للشركات المحلية لتطوير وتصنيع المنتج ، حيث قرر وانغ التخلي عن دراسته والانضمام إلى شركة جانس برثر ، وهي شركة بريطانية رائدة في تصنيع الزجاج . أدت أبحاثه في الشركة إلى تطوير أنواع جديدة من الزجاج البصري والأدوات الدقيقة . الصين . في عام 1948 ، عاد وانغ إلى الصين وأنشأ قسم الفيزياء التطبيقية في جامعة داليان السابقة ( وهي الآن جزء من جامعة داليان للتكنولوجيا ). في عام 1952 ، أسس وانغ معهد تشانغتشون للبصريات والميكانيكا الدقيقة ( المعروف في الأصل باسم معهد الأجهزة ) التابع للأكاديمية الصينية للعلوم في تشانغتشون . ويعتبر أيضا مؤسس جامعة تشانغتشون للعلوم والتكنولوجيا ، وهي فرع من فروع المعهد . عمل في المعهد من 1952 إلى 1983 ، وشغل عدة مرات منصب رئيس المعهد . في المعهد ، صنع عددا من الاختراعات وطور أول ميكروسكوب إلكتروني وليزر في الصين . تحت قيادته ، لعب معهد تشانغتشون دورا حاسما في تطوير الأسلحة الاستراتيجية ، وتطوير بصريات عالية الدقة لأنظمة توجيه الصواريخ . حيث مكنت من تحقيق انجازات كبيرة لبرنامج الصواريخ الباليستية الذي تطلقه الغواصات في الصين . تم انتخاب وانغ كعضو مؤسس للأكاديمية الصينية للعلوم في عام 1955. في عام 1992 ، دعا هو وخمسة علماء آخرين إلى إنشاء الأكاديمية الصينية للهندسة المستقلة عن الاكاديمية الصينية للعلوم . عندما قبلت الحكومة الصينية اقتراحهم وأنشأت الاكاديمية الصينية للهندسة في عام 1994 ، تم انتخاب وانغ مرة أخرى كأكاديمي مؤسس وعضو في هيئة الرئاسة . كان زميلا في جمعية مهندسي أجهزة التصوير البصري وترأس عددا من ندوات ومؤتمرات الجمعية . في مارس 1986 ، كتب وانج داهينج وثلاثة علماء بارزين آخرين - وانج جانشانج ويانج جياتشي وتشين فانجيون - رسالة إلى دنج شياو بينج يدعو فيها إلى تطوير التقنيات الإستراتيجية . قبل دينغ اقتراحهم ، الذي أدى إلى ولادة برنامج 863 المؤثر ، الذي سمي على اسم تاريخ رسالتهم . توفي وانغ في 21 يوليو 2011 في بكين ، عن عمر يناهز 96 عاما . دفن في مقبرة بابوشان الثورية . التكريم والتقدير . حصل وانغ على ميدالية استحقاق مشروع قنبلتان وقمر صناعي في عام 1999 لدوره في تطوير التكنولوجيا لإطلاق الاندماج النووي باستخدام الليزر . كما تم منحه الجائزة الخاصة لجائزة الدولة للتقدم العلمي والتكنولوجي وجائزة هو ليونغ هو لي للإنجاز في العلوم والتكنولوجيا . سمي الكويكب ، الذي اكتشفه برنامج الكويكب شميدت

[Chunk 2]
وانغ هونينج ( بالصينية : ؛ المولود في 6 أكتوبر 1955 ) هو منظر سياسي صيني وواحد من أهم قادة الحزب الشيوعى الصينى الحاكم في الصين ، وعضو حالي في اللجنة الدائمة للمكتب السياسي للحزب الشيوعي الصيني ( اعلى لجنة لصنع القرار في الصين ) ومن أهم أعضاء سكرتارية اللجنة المركزية للحزب الشيوعي الصيني . شغل منصب سكرتير سكرتارية اللجنة المركزية للحزب الشيوعي الصيني بين عامي 2007 و 2012 ، ورئيس المكتب المركزي لأبحاث السياسات منذ عام 2002. عين رئيسا للجنة المركزية لتوجيه بناء الحضارة الروحية في نوفمبر 2017. يعتقد بأن وانغ كان أحد المهندسين الرئيسيين وراء الإيديولوجيات السياسية الرسمية لثلاثة قادة دائمين للصين وهي سياسة « التمثيلات الثلاثة » الموضوعة من قبل الرئيس الصيني السابق جيانغ زيمين ، ومفهوم التنمية العلمية من قبل الرئيس الصيني السابق هو جين تاو ، والحلم الصيني وأفكار وشي جين بينغ من قبل الرئيس الصيني الحالي شي جين بينغ . النشأة . ولد وانج في شنغهاي ، ويرجع أصله إلى مقاطعة يي في مقاطعة شاندونغ . اسم وانغ ، « هونينج » ، يعني حرفيا « شنغهاي ونانجينغ ». أوصى وانغ بدخول جامعة شنغهاي للمعلمين في عام 1974 لدراسة اللغة الفرنسية . وقد التحق بقسم السياسة الدولية في جامعة فودان عام 1977 لمتابعة دراسته العليا ، أثناء إجراء بحث في أكاديمية شنغهاي للعلوم الاجتماعية . كان معلمه تشن كيرين ووانغ بانغزو . بعد التخرج ، بقي وانغ في جامعة فودان ، وبحلول عام 1985 تم تعيينه أستاذا للقانون في سن 30 ، ليصبح أصغر أستاذ قانون في تاريخ الجامعة . في عام 1988 ، كان وانج باحثا زائرا في الولايات المتحدة لمدة ستة أشهر ، وقضى الأشهر الثلاثة الأولى في جامعة أيوا ، وثلاثة أسابيع في جامعة كاليفورنيا ، بيركلي ، وزيارة العديد من الجامعات الأخرى . أدت هذه التجربة إلى كتابه عام 1991 "" أمريكا ضد أمريكا "". في عام 2021 ، تلقى الكتاب اهتماما متجددا في أعقاب اقتحام مبنى الكابيتول بالولايات المتحدة ، حيث ارتفعت اسعار بعض النسخ المستخدمة من الكتاب إلى 16600 يوان ( 2500 دولار ) على مواقع التحف . ابتداء من الثمانينيات ، كتب وانغ أعمدة ومقالات للعديد من المنشورات الحزبية وظهر مرة واحدة على غلاف المجلة الإخبارية "" بانيوتان "" (). اجتذب عمله انتباه القادة السياسيين في شنغهاي . في عام 1993 ، قاد وانغ فريق مناظرة طلاب فودان للمشاركة في مسابقة مناظرة كلية دولية باللغة الصينية عقدت في سنغافورة . فاز الفريق بالبطولة بين عامي 1988 و 1993 ، مما عزز سمعة وانغ بشكل كبير . الحياة السياسية . منذ عام 1995 ، تمت إحالة وانغ للعمل لدى السلطات المركزية للحزب بناء على توصية من كبار السياسيين في شنغهاي زنغ تشينغ هونغ وو بانغ قوه ، وكلاهما حافظ على علاقات وثيقة مع الأمين العام للحزب آنذاك جيانغ زيمين . ترأس وانغ في البداية فريق البحث السياسي في المكتب المركزي لبحوث السياسات ، وتمت ترقيته في أبريل 1998 إلى نائب مدير المكتب . بعدها تمت ترقيته إلى منصب مدير المكتب عام 2002. كان وانغ ينظر إليه على أنه أحد القوى العقلية الرئيسية لجيانغ تسه مين وشارك في صياغة أيديولوجية « التمثيلات الثلاثة » ، والتي تعتبر المساهمة النظرية الرئيسية لجيانغ في المعجم الأيديولوجي للحزب . في نوفمبر 2007 ، تم قبول وانغ في سكرتارية الحزب الشيوعي الصيني . بدأ يرافق الأمين العام هو جينتاو في رحلات خارجية ، ولعب دورا رائدا في صياغة إيديولوجية « النظرة العلمية للتنمية » لهو جينتاو . تم انتخابه في المكتب السياسي الثامن عشر للحزب الشيوعي الصيني في نوفمبر 2012 ، ليصبح أول مدير لمكتب أبحاث السياسات يشغل مقعدا في مجلس النخبة الحاكم .

[Chunk 3]
كان وانغ جينغوي ( من 4 مايو 1883 حتى 10 نوفمبر 1944 ) سياسيا صينيا ، ولد باسم وانغ زهاومينغ ، والمعروف باسمه المستعار جينغوي . كان في البداية عضوا في الجناح اليساري لحزب الكومينتانغ ، وقاد حكومة في ووهان المعارضة للحكومة اليمينية في نانجينغ ، لكنه أصبح فيما بعد مناهضا للشيوعية بشكل متزايد بعد أن انتهت جهوده للتعاون مع الحزب الشيوعي الصيني بالفشل السياسي . تغير توجهه السياسي بشدة نحو اليمين في وقت لاحق من حياته المهنية بعد أن تعاون مع اليابانيين . كان وانغ شريكا مقربا من سون يات - سين طوال العشرين عاما الأخيرة من حياة صن . بعد وفاة صن عام 1925 ، انخرط وانغ في صراع سياسي مع شيانغ كاي شيك للسيطرة على الكومينتانغ ، لكنه خسر . بقي وانغ داخل الكومينتانغ ، مع استمرار خلافاته مع تشيانغ حتى اندلاع الحرب الصينية اليابانية الثانية في عام 1937 ، واستمر ذلك حتى دعوة الإمبراطورية اليابانية لتشكيل حكومة تعاونية مدعومة من اليابان في نانكينغ . خدم وانغ كرئيس للدولة لهذه الحكومة اليابانية العميلة حتى وفاته ، قبل وقت قصير من نهاية الحرب العالمية الثانية . ما يزال إرثه مثيرا للجدل بين المؤرخين . على الرغم من أنه لا يزال ينظر إليه على أنه مساهم مهم في ثورة شينهاي ، لكن شكل تعاونه مع الإمبراطورية اليابانية موضوعا هاما للنقاش الأكاديمي ، وغالبا ما تعتبره الروايات النموذجية خائنا في حرب المقاومة . حياته المبكرة وتعليمه . ولد وانغ في سانشوي ، قوانغدونغ ، ولكن من أصل تشجيانغي ، وذهب إلى اليابان كطالب دولي برعاية حكومة أسرة تشينغ في عام 1903 ، وانضم إلى تونغمينغوي في عام 1905. عندما كان شابا ، كان يلوم وانغ أسرة تشينغ على تخلف الصين ، وضعفها في محاربة استغلال القوى الإمبريالية الغربية . أثناء وجوده في اليابان ، أصبح وانغ من المقربين من صن يات صن ، ثم أصبح لاحقا أحد أهم أعضاء حزب الكومينتانغ المبكر . كان من بين القوميين الصينيين في اليابان الذين تأثروا باللاسلطوية الروسية ، ونشر عددا من المقالات في المجلات التي حررها تشانغ رينجي وو تشيوي ومجموعة اللاسلطويين الصينيين في باريس . مهنته المبكرة . في السنوات التي سبقت ثورة شينهاي في عام 1911 ، كان وانغ نشطا في معارضة حكومة تشينغ . اكتسب وانغ مكانة بارزة خلال هذه الفترة كمتحدث عام ممتاز ومدافع قوي عن القومية الصينية . سجن بتهمة التآمر لاغتيال الوصي ، الأمير تشون ، واعترف بذنبه في المحاكمة . وبقي في السجن منذ عام 1910 حتى انتفاضة ووهان في العام التالي ، وأصبح بطلا قوميا عند إطلاق سراحه . أثناء وبعد ثورة شينهاي ، حدد وانغ حياته السياسية من خلال معارضته للإمبريالية الغربية . في أوائل العشرينات من القرن الماضي ، شغل العديد من المناصب في حكومة صن يات صن الثورية في قوانغتشو ، وكان العضو الوحيد في الدائرة المقربة من صن لمرافقته في رحلات خارج إقليم الكومينتانغ ( حزب الكومينتانغ ) في الأشهر التي سبقت وفاة صن مباشرة . يعتقد الكثيرون أنه صاغ وصية صن خلال الفترة القصيرة التي سبقت وفاته في شتاء عام 1925. واعتبره البعض أحد المنافسين الرئيسيين ليحلوا محل صن كزعيم لحزب الكومينتانغ ، لكنه فقد السيطرة في النهاية على الحزب والجيش أمام تشيانغ كاي شيك . من الواضح أن وانغ فقد السيطرة على حزب الكومينتانغ بحلول عام 1926 ، عندما نجح تشيانغ ، بعد حادثة السفينة الحربية تشونغشان ، في إرسال وانغ وعائلته لقضاء إجازة في أوروبا . كان من المهم بالنسبة لشيانغ أن يبتعد وانغ عن غوانغدونغ بينما كان تشيانغ يطرد الشيوعيين من حزب الكومينتانغ لأن وانغ كان",أين ولدت ونشأت وانغ ؟,1961 في مدينة تايبيه ونشأت في مقاطعة تشانجوا في تايوان .,شنغهاي,0.3,0.7,0.2
"[Chunk 1]
مؤسسة الإنتاج البرامجي المشترك لمجلس التعاون لدول الخليج العربية

[Chunk 2]
ترشحت عدة أفلام كوبية ضمن قائمة الترشيحات الأولية الخاصة بجائزة الأوسكار لأفضل فيلم بلغة أجنبية منذ سنة 1978. تمنح أكاديمية فنون وعلوم الصور المتحركة الأمريكية هذه الجائزة بشكل سنوي لأفضل فيلم طويل أنتج خارج الولايات المتحدة ولغة الحوار الرئيسية فيه ليست الإنجليزية . يتولى المعهد الكوبي للفن والصناعة السينماتوغرافية بشكل سنوي مهمة اختيار الفيلم المرشح للتنافس على هذه الجائزة . الترشيحات . كل سنة ومنذ سنة 1956 ، تدعو أكاديمية فنون وعلوم الصور المتحركة الأمريكية جميع بلدان العالم لتقديم ترشيح رسمي للتنافس على جائزة أفضل فيلم دولي طويل . تشرف لجنة جائزة الأوسكار لأفضل فيلم بلغة أجنبية على العملية وتستعرض جميع الأفلام المقدمة . بعد إتمام هذه العملية ، يجرى اقتراع سري لاختيار الأفلام الخمسة الذين سيشكلون القائمة النهائية المتنافسة على الجائزة . فيما يلي قائمة بالأفلام الكوبية التي رشحت للتنافس على هذه الجائزة ، وجميعها باللغة الإسبانية . أنتج Miguel Littin أول فيلم ترشحه كوبا للتنافس على هذه الجائزة ، وهو مخرج يساري تشيلي رشح له عملان سابقا ضمن هذه الفئة . العمل الأول رشح باسم المكسيك في 1975 / 76 ( هو Letters from Marusia ) ، والثاني باسم نيكاراغوا في 1982 / 83 ( هو السينو والكندور ). كما أخرج أيضا فيلما آخر ترشح باسم بلده تشيلي سنة 2009. إلى جانب الأفلام أعلاه ، رشح فيلم غواغواسي باسم جمهورية الدومينيكان ، وهو فيلم دراما كوبي دومينيكاني أنتج إبان الثورة الكوبية وصورت مشاهد الفيلم في جمهورية الدومينيكان ,

[Chunk 3]
المترجم فيلم روائي طويل من إخراج رنا كزكز وأنس خلف . تم إنتاج الفيلم بدعم من المنح التمويلية من مؤسسة الدوحة للأفلام ، وحاز على العديد من الجوائز بما في ذلك مهرجان كان السينمائي L'Atelier de la Cinefondation في عام 2017 ، وجائزة CNC في اجتماعات مهرجان إسطنبول السينمائي على الجسر في عام 2017 ، وTribeca منحة الخريجين في 2018. Logline. يعود سوري منفي يعيش في أستراليا بعد أن اعتقل نظام الأسد شقيقه عام 2011.",ما هي مؤسسة الدوحة للأفلام وما دورها في إنتاج الفيلم ؟,تم إنتاج الفيلم بدعم من المنح التمويلية من مؤسسة الدوحة للأفلام,مؤسسة الدوحة للأفلام تمويلي لمشروع الفيلم.,0.9,0.91,0.9
"[Chunk 1]
سانتي هي بلدة تقع بولاية كارولاينا الجنوبية في الولايات المتحدة . تبلغ مساحتها 5.49 ، وترتفع عن سطح البحر 42.062400000000004 ، بلغ عدد سكانها 961 نسمة في عام 2010 حسب إحصاء مكتب تعداد الولايات المتحدة وتصل الكثافة السكانية فيها . التركيبة السكانية . حدد مكتب تعداد الولايات المتحدة بيانات التركيبة السكانية لسانتي في تعداد الولايات المتحدة . في ما يلي ، التركيبة السكانية حسب تعدادي 2000 و 2010. تعداد عام 2000. بلغ عدد سكان سانتي 740 نسمة بحسب تعداد عام 2000 ، وبلغ عدد الأسر 310 أسرة وعدد العائلات 221 عائلة مقيمة في البلدة . في حين سجلت الكثافة السكانية . وبلغ عدد الوحدات السكنية 394 وحدة بمتوسط كثافة قدره . وتوزع التركيب العرقي للبلدة بنسبة 28.11 % من البيض و 70.68 % من الأمريكيين الأفارقة و 0.14 % من الأمريكيين ذوي الأصول الآسيوية و 0.54 % من الأعراق الأخرى و 0.54 % من عرقين مختلطين أو أكثر و 0.81 % من الهسبانيون أو اللاتينيون من أي عرق . بلغ عدد الأسر 310 أسرة كانت نسبة 32.9 % منها لديها أطفال تحت سن الثامنة عشر تعيش معهم ، وبلغت نسبة الأزواج القاطنين مع بعضهم البعض 41 % من أصل المجموع الكلي للأسر ، ونسبة 26.8 % من الأسر كان لديها معيلات من الإناث دون وجود شريك ، بينما كانت نسبة 3.5 % من الأسر لديها معيلون من الذكور دون وجود شريكة وكانت نسبة 28.7 % من غير العائلات . تألفت نسبة 26.5 % من أصل جميع الأسر من عدة أفراد يعيشون في نفس المنزل ونسبة 14.2 % كانت تتألف من شخص يعيش بمفرده يبلغ من العمر 65 عاما أو أكثر . وبلغ متوسط حجم الأسرة المعيشية 2.39 ، أما متوسط حجم العائلات فبلغ 2.85. بلغ العمر الوسطي للسكان 39.4 عاما . وكانت نسبة 25.3 % من القاطنين تحت سن الثامنة عشر ، وكانت نسبة 10.4 % بين الثامنة عشر والرابعة والعشرين عاما ، ونسبة 20.4 % كانت واقعة في الفئة العمرية ما بين الخامسة والعشرين والرابعة والأربعين عاما ، ونسبة 18.8 % كانت ما بين الخامسة والأربعين والرابعة والستين ، ونسبة 25.1 % كانت ضمن فئة الخامسة والستين عاما فما فوق . يوجد لكل 100 أنثى 73.7 ذكر ، ويوجد لكل 100 أنثى في الثامنة عشر من عمرها فما فوق 66.6 ذكر . بلغ متوسط دخل الأسرة في البلدة 22 , 292 دولارا ، أما متوسط دخل العائلة فبلغ 28 , 393 دولارا . وكان متوسط دخل الذكور 27 , 083 دولارا مقابل 16 , 650 دولارا للإناث . وسجل دخل الفرد الخاص بالبلدة 15 , 353 دولارا . وكانت نسبة 27.5 % من العائلات ونسبة 32.9 % من السكان تحت خط الفقر ، وكان من هؤلاء نسبة 46.1 % تحت سن الثامنة عشر ونسبة 17.8 % في الخامسة والستين من العمر وما فوق . تعداد عام 2010. بلغ عدد سكان سانتي 961 نسمة بحسب تعداد عام 2010 ، وبلغ عدد الأسر 425 أسرة وعدد العائلات 254 عائلة مقيمة في البلدة . في حين سجلت الكثافة السكانية . وبلغ عدد الوحدات السكنية 514 وحدة بمتوسط كثافة قدره . وتوزع التركيب العرقي للبلدة بنسبة 27.37 % من البيض و 65.87 % من الأمريكيين الأفارقة و 2.71 % من الأمريكيين ذوي الأصول الآسيوية و 1.98 % من الأعراق الأخرى و 2.08 % من عرقين مختلطين أو أكثر و 3.33 % من الهسبانيون أو اللاتينيون من أي عرق . بلغ عدد الأسر 425 أسرة كانت نسبة 26.4 % منها لديها أطفال تحت سن الثامنة عشر تعيش معهم ، وبلغت نسبة الأزواج القاطنين مع بعضهم البعض 30.1 % من أصل المجموع الكلي للأسر ، ونسبة 25.6 % من الأسر كان لديها معيلات من الإناث دون وجود شريك ، بينما

[Chunk 2]
ويتلي هي مدينة تقع بولاية كنتاكي في الولايات المتحدة . تبلغ مساحتها 6.00 ، وترتفع عن سطح البحر 412 ، بلغ عدد سكانها 1 , 170 نسمة في عام 2010 حسب إحصاء مكتب تعداد الولايات المتحدة وتصل الكثافة السكانية فيها . التركيبة السكانية . حدد مكتب تعداد الولايات المتحدة بيانات التركيبة السكانية لويتلي في تعداد الولايات المتحدة . في ما يلي ، التركيبة السكانية حسب تعدادي 2000 و 2010. تعداد عام 2000. بلغ عدد سكان ويتلي 1 , 111 نسمة بحسب تعداد عام 2000 ، وبلغ عدد الأسر 458 أسرة وعدد العائلات 297 عائلة مقيمة في المدينة . في حين سجلت الكثافة السكانية . وبلغ عدد الوحدات السكنية 516 وحدة بمتوسط كثافة قدره . وتوزع التركيب العرقي للمدينة بنسبة 98.92 % من البيض و 0.72 % من الأمريكيين الأصليين و 0.09 % من الأعراق الأخرى و 0.27 % من عرقين مختلطين أو أكثر و 0.54 % من الهسبانيون أو اللاتينيون من أي عرق . بلغ عدد الأسر 458 أسرة كانت نسبة 36.2 % منها لديها أطفال تحت سن الثامنة عشر تعيش معهم ، وبلغت نسبة الأزواج القاطنين مع بعضهم البعض 38.6 % من أصل المجموع الكلي للأسر ، ونسبة 20.7 % من الأسر كان لديها معيلات من الإناث دون وجود شريك ، بينما كانت نسبة 5.5 % من الأسر لديها معيلون من الذكور دون وجود شريكة وكانت نسبة 35.2 % من غير العائلات . تألفت نسبة 31.9 % من أصل جميع الأسر من عدة أفراد يعيشون في نفس المنزل ونسبة 12.2 % كانت تتألف من شخص يعيش بمفرده يبلغ من العمر 65 عاما أو أكثر . وبلغ متوسط حجم الأسرة المعيشية 2.31 ، أما متوسط حجم العائلات فبلغ 2.89. بلغ العمر الوسطي للسكان 34.7 عاما . وكانت نسبة 25.6 % من القاطنين تحت سن الثامنة عشر ، وكانت نسبة 8.9 % بين الثامنة عشر والرابعة والعشرين عاما ، ونسبة 26.1 % كانت واقعة في الفئة العمرية ما بين الخامسة والعشرين والرابعة والأربعين عاما ، ونسبة 22.8 % كانت ما بين الخامسة والأربعين والرابعة والستين ، ونسبة 12 % كانت ضمن فئة الخامسة والستين عاما فما فوق . يوجد لكل 100 أنثى 81.0 ذكر ، ويوجد لكل 100 أنثى في الثامنة عشر من عمرها فما فوق 79.0 ذكر . بلغ متوسط دخل الأسرة في المدينة 18 , 654 دولارا ، أما متوسط دخل العائلة فبلغ 18 , 702 دولارا . وكان متوسط دخل الذكور 29 , 306 دولارا مقابل 22 , 500 دولارا للإناث . وسجل دخل الفرد الخاص بالمدينة 11 , 659 دولارا . وكانت نسبة 28.9 % من العائلات ونسبة 38.8 % من السكان تحت خط الفقر ، وكان من هؤلاء نسبة 61 % تحت سن الثامنة عشر ونسبة 12.4 % في الخامسة والستين من العمر وما فوق . تعداد عام 2010. بلغ عدد سكان ويتلي 1 , 170 نسمة بحسب تعداد عام 2010 ، وبلغ عدد الأسر 460 أسرة وعدد العائلات 306 عائلة مقيمة في المدينة . في حين سجلت الكثافة السكانية . وبلغ عدد الوحدات السكنية 530 وحدة بمتوسط كثافة قدره . وتوزع التركيب العرقي للمدينة بنسبة 97.44 % من البيض و 0.17 % من الأمريكيين الأفارقة و 0.94 % من الأمريكيين الأصليين و 0.17 % من الأمريكيين ذوي الأصول الآسيوية و 0.26 % من الأعراق الأخرى و 1.03 % من عرقين مختلطين أو أكثر و 0.85 % من الهسبانيون أو اللاتينيون من أي عرق . بلغ عدد الأسر 460 أسرة كانت نسبة 36.1 % منها لديها أطفال تحت سن الثامنة عشر تعيش معهم ، وبلغت نسبة الأزواج القاطنين مع بعضهم البعض 36.1 % من أصل المجموع الكلي للأسر ، ونسبة 22.2 % من الأسر كان لديها معيلات من الإناث دون وجود شريك ، بينما كانت نسبة 8.3 %

[Chunk 3]
سيليرسبورغ هي بلدة تقع بولاية إنديانا في الولايات المتحدة . تبلغ مساحتها 19.35 ، وترتفع عن سطح البحر 148 ، بلغ عدد سكانها 6 , 128 نسمة في عام 2010 حسب إحصاء مكتب تعداد الولايات المتحدة وتصل الكثافة السكانية فيها . التركيبة السكانية . حدد مكتب تعداد الولايات المتحدة بيانات التركيبة السكانية لسيليرسبورغ في تعداد الولايات المتحدة . في ما يلي ، التركيبة السكانية حسب تعدادي 2000 و 2010. تعداد عام 2000. بلغ عدد سكان سيليرسبورغ 6 , 071 نسمة بحسب تعداد عام 2000 ، وبلغ عدد الأسر 2 , 407 أسرة وعدد العائلات 1 , 758 عائلة مقيمة في البلدة . في حين سجلت الكثافة السكانية . وبلغ عدد الوحدات السكنية 2 , 535 وحدة بمتوسط كثافة قدره . وتوزع التركيب العرقي للبلدة بنسبة 98.48 % من البيض و 0.25 % من الأمريكيين الأفارقة و 0.28 % من الأمريكيين الأصليين و 0.16 % من الأمريكيين ذوي الأصول الآسيوية و 0.02 % من سكان جزر المحيط الهادئ و 0.28 % من الأعراق الأخرى و 0.53 % من عرقين مختلطين أو أكثر و 1.04 % من الهسبانيون أو اللاتينيون من أي عرق . بلغ عدد الأسر 2 , 407 أسرة كانت نسبة 36 % منها لديها أطفال تحت سن الثامنة عشر تعيش معهم ، وبلغت نسبة الأزواج القاطنين مع بعضهم البعض 57 % من أصل المجموع الكلي للأسر ، ونسبة 11.8 % من الأسر كان لديها معيلات من الإناث دون وجود شريك ، بينما كانت نسبة 4.3 % من الأسر لديها معيلون من الذكور دون وجود شريكة وكانت نسبة 27 % من غير العائلات . تألفت نسبة 23.3 % من أصل جميع الأسر من عدة أفراد يعيشون في نفس المنزل ونسبة 7.2 % كانت تتألف من شخص يعيش بمفرده يبلغ من العمر 65 عاما أو أكثر . وبلغ متوسط حجم الأسرة المعيشية 2.50 ، أما متوسط حجم العائلات فبلغ 2.92. بلغ العمر الوسطي للسكان 36.7 عاما . وكانت نسبة 24.5 % من القاطنين تحت سن الثامنة عشر ، وكانت نسبة 8.4 % بين الثامنة عشر والرابعة والعشرين عاما ، ونسبة 30.8 % كانت واقعة في الفئة العمرية ما بين الخامسة والعشرين والرابعة والأربعين عاما ، ونسبة 23.4 % كانت ما بين الخامسة والأربعين والرابعة والستين ، ونسبة 11.9 % كانت ضمن فئة الخامسة والستين عاما فما فوق . يوجد لكل 100 أنثى 94.0 ذكر ، ويوجد لكل 100 أنثى في الثامنة عشر من عمرها فما فوق 91.0 ذكر . بلغ متوسط دخل الأسرة في البلدة 39 , 832 دولارا ، أما متوسط دخل العائلة فبلغ 46 , 512 دولارا . وكان متوسط دخل الذكور 30 , 977 دولارا مقابل 21 , 974 دولارا للإناث . وسجل دخل الفرد الخاص بالبلدة 18 , 648 دولارا . وكانت نسبة 4.1 % من العائلات ونسبة 5.3 % من السكان تحت خط الفقر ، وكان من هؤلاء نسبة 8.2 % تحت سن الثامنة عشر ونسبة 2.6 % في الخامسة والستين من العمر وما فوق . تعداد عام 2010. بلغ عدد سكان سيليرسبورغ 6 , 128 نسمة بحسب تعداد عام 2010 ، وبلغ عدد الأسر 2 , 443 أسرة وعدد العائلات 1 , 697 عائلة مقيمة في البلدة . في حين سجلت الكثافة السكانية . وبلغ عدد الوحدات السكنية 2 , 595 وحدة بمتوسط كثافة قدره . وتوزع التركيب العرقي للبلدة بنسبة 94.16 % من البيض و 0.80 % من الأمريكيين الأفارقة و 0.28 % من الأمريكيين الأصليين و 0.29 % من الأمريكيين ذوي الأصول الآسيوية و 0.02 % من سكان جزر المحيط الهادئ و 2.87 % من الأعراق الأخرى و 1.58 % من عرقين مختلطين أو أكثر و 5.47 % من الهسبانيون أو اللاتينيون من أي عرق . بلغ عدد الأسر 2 , 443 أسرة كانت نسبة 33.7 % منها لديها أطفال تحت سن الثامنة عشر تعيش معهم ، وبلغت نسبة الأزواج القاطنين مع بعضهم البعض",ما هي نسبة الأسر التي لديها أطفال تحت سن الثامنة عشر في بلدة سانتي ؟,32.90%,26.40%,0.3,0.9,0.2
"[Chunk 1]
فلسفة ما بعد الحداثة هي حركة فلسفية نشأت في النصف الثاني من القرن العشرين ، بوصفها رد فعل على الافتراضات المزعوم وجودها في الأفكار الفلسفية الحداثية المتعلقة بالثقافة أو الهوية أو التاريخ أو اللغة ، والتي تشكلت خلال عصر التنوير في القرن الثامن عشر . طور مفكرو ما بعد الحداثة ، مفاهيم مثل الإرجاء والتكرار والأثر والواقع الفائق ، لتحطيم السرديات الكبرى وأحادية الوجود واليقين المعرفي . تتساءل فلسفة ما بعد الحداثة حول أهمية علاقات القوة ، والشخصنة أو إضفاء الطابع الشخصي ، والخطاب داخل بنية الحقيقة والرؤى الشمولية . ينطلق العديد من مفكري ما بعد الحداثة من إنكار وجود واقع موضوعي ومن إنكار وجود قيم أخلاقية موضوعية . عرف جان فرانسوا ليوتار ما بعد الحداثة الفلسفية في كتابه ( الوضع ما بعد الحداثي ) ، فكتب » أعرف ما بعد الحداثة بشكل مبسط للغاية على أنها التشكك في السرديات الكبرى « إذ أن ما يعنيه بالسردية الكبرى هو شيء أشبه بقصة موحدة ومكتملة وشمولية ويقينية من الناحية المعرفية ، وذلك فيما يخص كل شيء . يرفض مفكرو ما بعد الحداثة السرديات الكبرى بسبب رفضهم لمفهوم الحقيقة الذي تفترضه تلك السرديات بشكل مسبق . يحاجج فلاسفة ما بعد الحداثة بشكل عام في أن الحقيقة تكون مشروطة دائما بالسياق التاريخي والاجتماعي عوضا عن كونها مطلقة وشاملة ، ودائما ما تكون الحقيقة جزئية وموضع نقاش وجدل عوضا عن كونها مكتملة ويقينية . تتشكك فلسفة ما بعد الحداثة غالبا وبشكل خاص في سمة التقابلات الثنائية البسيطة للمذهب البنيوي ، مؤكدة على مشكلة تمييز الفيلسوف بوضوح المعرفة عن الجهل ، والتقدم الاجتماعي عن الرجعية ، والهيمنة عن الخضوع ، والخير عن الشر ، والحضور عن الغياب . ولكن يجب أن تتشكك فلسفة ما بعد الحداثة لنفس الأسباب غالبا بشأن السمات الطيفية المعقدة للأشياء ، مؤكدة على تمييز الفيلسوف بشفافية مرة أخرى للمفاهيم ، فيجب أن يفهم التصور في السياق المقابل له ، مثل الوجود والعدم ، السوى وغير السوي ، الكلام والكتابة وما شابه ذلك . وترتبط فلسفة ما بعد الحداثة أيضا بعلاقات قوية مع الأدب الأساسي للنظرية النقدية . الدعاوي الأساسية . يشكل الكثير من دعاوي ما بعد الحداثة رفضا متعمدا لقيم معينة من عصر التنوير في القرن الثامن عشر . ويعتقد مثل هذا المفكر ما بعد الحداثي ، أنه لا وجود لما يسمى بالواقع الموضوعي الطبيعي ، وأن العقل والمنطق ما هما إلا أبنية تصورية غير صالحة عالميا أو بشكل شامل . ويعد إنكار وجود طبيعة بشرية والتشكك ( المعتدل في بعض الأحيان ) حول المزاعم التي ترى قدرة العلم والتكنولوجيا على إحداث تغير للمجتمع نحو الأحسن ، من الملامح الأخرى المميزة لممارسات ما بعد الحداثة . ويعتقد مفكرو ما بعد الحداثة أيضا في عدم وجود قيم أخلاقية موضوعية . فهم يتقبلون تصورات متعددة حول الأخلاقية ، حتى لو كان هو أو هي على خلاف مع ذلك بشكل شخصي . وتركز كتابات ما بعد الحداثة على تفكيك الدور الذي تلعبه القوة والأيديولوجيا في تشكيل الخطاب والاعتقاد . وتشارك فلسفة ما بعد الحداثة التشابهات الأنطولوجية مع المذهب الشكي الكلاسيكي ومع مذهب الاعتقاد النسبوي . تصرح موسوعة روتليدج للفلسفة بأن الافتراض القائل بعدم وجود قاسم مشترك في الطبيعة أو الحقيقة ، والذي يضمن إمكانية حياد الفكر أو موضوعيته ، هو افتراض رئيسي لما بعد الحداثة . ويصف المجلس القومي للبحوث الافتراض القائل بأن بحث العلم الاجتماعي لا يمكن أن ينتج عنه معرفة موضوعية أو جديرة بالثقة ، هو نموذج لما يعتقده مفكر ما بعد الحداثة . ويصرح جان فرانسوا ليوتار في كتابه الأساسي ( الوضع ما بعد الحداثي 1979 ) بأنه ينبغي على افتراضاته ألا تعطي قيمة تنبؤية فيما يتعلق بالواقع ، بل تعطي قيمة إستراتيجية فيما يتعلق بالأسئلة المطروحة . ويمتد تصريح ليوتار في عام 1984 عن تعريفه لما بعد الحداثة بوصفها تشكك في السرديات الكبرى ، إلى التشكك في العلم . ويصرح جاك دريدا والذي يعتبر بشكل عام واحدا من مفكري ما بعد الحداثة ، بأن كل مرجع وكل الواقع ذو بنية مؤثرة متميزة . ويعد بول فيرآبند واحدا من أشهر فلاسفة العلم في القرن العشرين ، ويصنف غالبا كمفكر ما بعد حداثي ؛ ويرى فيرآبند أن العلم الحديث ليس أكثر تبريرا من السحر ، وكذلك استنكر طغيان المفاهيم المجردة مثل الحقيقة والواقع والموضوعية ، والتي تضيق من نظر الناس وأساليب العيش في العالم . ويدافع فيرآبند أيضا عن التنجيم ، متبنيا الطب البديل ومتعاطفا مع النزعة الإبداعية أو الخلاقة . ويصرح المدافعون عن اتجاه ما بعد الحداثة بمبالغة الكثير من أوصاف ما بعد الحداثة في كراهيتها للعلم ؛ فأنكر على سبيل المثال فيرآبند أن يكون ضد العلم ، وتقبل تفوق بعض النظريات العلمية على الأخرى ( حتى وإن كان العلم نفسه لا يتفوق على أنماط البحث الأخرى ) ، وتلقى علاجات طبية تقليدية خلال صراعه ضد مرض السرطان . قضايا تعريفية . يحاجج الفيلسوف جون ديلي بزعم مثير للجدل يرى أن إلصاق صفة ما بعد الحداثة بمفكرين من أمثال دريدا وآخرون ، هو أمر سابق لأوانه . وبقدر ما يتبع ما بعد الحداثيين المزعومين ، الاتجاه المثالي الحديث تماما ، فإن الأمر أكثر من كونه حداثة متطرفة عن أي شيء آخر . وينبغي لذلك على ما بعد الحداثة التي ترقى لمستوى اسمها ، أن لا تقتصر على الانشغال بالأشياء ما قبل الحداثية ، ولا التقييد الحديث للأفكار ، ولكن يتعين عليها أن تتفاهم مع طريقة الإشارات المتجسدة في المذاهب السيميائية لمثل هؤلاء المفكرين أمثال الفيلسوف البرتغالي جون بونسوت والفيلسوف الأمريكي تشارلز ساندرز بيرس . التاريخ . الأصول .

[Chunk 2]
علم النفس ما بعد الحداثة هو نهج لعلم النفس يتساءل عما إذا كانت النسخة النهائية أو الفردية للحقيقة ممكنة بالفعل في مجالها . كما أنه يتحدى النظرة الحداثية لعلم النفس كعلم للفرد ، لصالح رؤية البشر كمنتج ثقافي / مجتمعي ، تهيمن عليه اللغة بدلا من الذات الداخلية . الصفات . يعتمد علم النفس ما بعد الحداثة على استخدام مجموعة من المنهجيات المختلفة بدلا من نهج فردي ، لاحتضان الواقع المعقد وتجنب التبسيط المفرط . تتحدى ما بعد الحداثة نهجا تحليليا منهجيا لفهم النفس البشرية ، كما هو معيب بطبيعته بسبب استحالة اتخاذ موقف "" موضوعي "" منفصل ؛ ويفضل بدلا من ذلك موقفا قابلا للتحويل قد يحافظ على إمكانية التمسك المفاهيمي للذات التي هي نفسها غير مركزية . قد يؤكد البعض أن مشروع علم النفس ما بعد الحداثة ذاته هو متناقض مع الذات ، في أعقاب تفكيك الذات الموحدة - تلاشي أو انحسار الموضوع الذي يفترض علم النفس تقليديا أن يبحث فيه . المنطق الرباعي والعابر للحداثة . تم ربط علم نفس ما بعد الحداثة أيضا ب Tetrad of Marshall McLuhan : "" المنطق الرباعي "" يفترض أنه يسمح لنا بقبول المعرفة دون معرفة في سياق التغيير . يشير بول فيتز إلى تطور إضافي ، وهو علم النفس "" العابر للحداثة "" ، على أنه "" عقلية جديدة تتجاوز الحداثة وتحولها .. أن تكون ""- تطمح إلى علاج المشاكل العقلية من خلال التدخل المتكامل في عقل الإنسان وجسمه مجتمعين .

[Chunk 3]
علم نفس ما بعد الحداثة هو نهج لعلم النفس يتساءل عما إذا كانت النسخة النهائية أو الفريدة من الحقيقة ممكنة فعلا في مجالها . وهو إلى ذلك يتحدى النظرة الحداثية لعلم النفس باعتباره علم الفرد ، لمصلحة رؤية البشر كمنتج ثقافي / مجتمعي ، تهيمن عليه اللغة بدلا من الذات الداخلية . خصائص . يعتمد علم نفس ما بعد الحداثة ( فلسفة ) على استخدام مجموعة من المنهجيات المختلفة بدلا من اتباع نهج فريد ، لاحتضان تعقيد الواقع وتجنب التبسيط المفرط . وتتحدى مرحلة ما بعد الحداثة نهجا منهجيا وتحليليا لفهم النفس البشرية ، وهو نهج يعيبه بطبيعته استحالة اتخاذ موقف « موضوعي » منفصل ؛ ويؤيد بدلا من ذلك موقفا قابلا للتحويل قد يحافظ على إمكانية السيطرة المفاهيمية على الذات التي يتم فسخها بنفسها . قد يؤكد البعض أن مشروع علم نفس ما بعد الحداثة نفسه متناقض ، في أعقاب تفكيك الذات الموحدة - تلاشي الموضوع الذي من المفترض تقليديا أن يحقق فيه علم النفس . رباعي وعبر الحداثة . كما تم ربط علم نفس ما بعد الحداثة برباعي مارشال ماكلوهان : من المفترض أن يسمح لنا "" المنطق الرباعي "" بقبول المعرفة دون معرفة في سياق التغيير . يشير إلى تطور آخر ، وهو علم النفس "" ما وراء الحداثة "" ، باعتباره "" عقلية جديدة تتجاوز الحداثة وتحولها .. ( حيث ) سيكون علم النفس خادمة للفلسفة والإلهيات ، حيث كان من المفترض منذ البداية أن يكون ""- يطمح إلى علاج المشاكل العقلية من خلال التدخل المتكامل في العقل البشري والجسم معا .",ما هو الافتراض الرئيسي لما بعد الحداثة بشأن عدم وجود قاسم مشترك في الطبيعة أو الحقيقة ؟,الذي يضمن إمكانية حياد الفكر أو موضوعيته,افتراض رئيسي لما بعد الحداثة هو عدم وجود قاسم مشترك في الطبيعة أو الحقيقة.,0.12,0.92,0.24
"[Chunk 1]
الألفبائية الصوتية الدولية أو ( بالإنجليزية : ، بالفرنسية : ) نظام كتابة شامل لجميع الوحدات الصوتية الموجودة في أي لغة ، من ابتكار الجمعية الصوتية الدولية ، وذلك كتمثيل موحد للأصوات في اللغات المتكلم بها . يستعمل الألفباء الصوتية الدولية كل من اللغويين ، اختصاصيي معالجة النطق ، متعلمي اللغات الأجانب وطلابها ، المغنين ، الممثلين ، مؤلفي المعاجم والمترجمين . بين الفينة والأخرى ، تقوم الجمعية الصوتية الدولية بإضافة رموز جديدة أوإزالتها أو تعديلها . وهكذا فإنه في سنة 2008 ، تواجدت في الأبجدية 107 حروف مختلفة ، وأربع علامات أوزان . كتابة . تكتب الأبجدية الصوتية بالاعتماد على الأبجدية اللاتينية بإضافة حروف عديدة ، بعضها من الأبجدية اليونانية ، وبعضها الآخر تحويرات لحروف عادية تتبع للأبجديتين السابقتين ، بينما البقية حروف مبتكرة لا تشبه حروف أي أبجدية أخرى . تأسيس . أسستها الجمعية الصوتية الدولية ، وهي مجموعة من علماء الصوتيات ، معظمهم من بريطانيا وفرنسا ) في باريس في 1896. وتبع ذلك سلسلة من المؤتمرات أضيف على أثرها المزيد من الرموز كلما اكتشفت أصوات جديدة في لغات العالم وكان أهم تلك الاجتماعات مؤتمر كيل بألمانيا عام 1989 حيث صدرت قائمة الرموز المتداولة حاليا إلا أن رموزا أخرى ما زالت تضاف من حين لاخر وكان أحدث تغيير على القائمة عام 2005 م . نطق . صممت الأبجدية الصوتية العالمية لتمثيل منازل الكلام المميزة في اللغات المتكلم بها : التقطيعات الصوتية ، طبقات الصوت ، وتقسيم الكلمات إلى مقاطع . أما تمثيل خواص النطق الأخرى مثل صر الأسنان ، اللثغ ، والأصوات الصادرة عن صدع الحنك ، فيكون بواسطة نظام رموز موسع يدعى « الأبجدية الصوتية العالمية الموسعة ». لمعظم الرموز نطق يقوم على أساس نظرية الصوتيات العامة أي أن كل رمز في هذه الأبجدية يوصف من حيث الجهر والهمس وموقع النطق ( المخرج ) وطريقة النطق ( انظر الجدول ادناه ) وليس بالضرورة أن تلفظ هذه الرموز بقيمها المعروفة في اللغات الأوروبية إلا فيما ندر : مثلا ، e تنطق مثل be : t كلمة ( بيت ) بالنطق المشرقي أو bed بالإنجليزية ، وليس مثل be « بي » بالإنجليزية أو le « لو » بالفرنسية . كما ينطق رمز ال ( j ) كحرف الياء في العربية أو ال j في الألمانية وبعض اللغات الجرمانية ، وليس كنطقه في اللغة الإنجليزية أو اللغة الفرنسية حيث يتطق مثل حرف الجيم ( d و على التوالي ) أو نطقه الإسباني بحيث ينطق خاءا ( x ). مصوتات . kp ts

[Chunk 2]
الألفبائية ( أو الألفباء أو الأبجدية ) مجموعة نموذجية من الحروف ( وحدات كتابية أو رموز أساسية مكتوبة ) تمثل مقاطع لفظية ( أصواتا أساسية معينة ) للغة منطوقة في نظامها الكتابي . وهي تخالف أنظمة الكتابة الأخرى التي من قبيل : الأنظمة المقطعية ( كل رمز فيها يمثل مقطعا لفظيا ) ، وأنظمة الرسوم اللفظية ( كل رمز يمثل كلمة أو مورفيما أو وحدة دلالية ). أول نظام كتابة صوتي متكامل هو النظام الكنعاني الأولي - الذي عرف لاحقا بالألفبائية الفينيقية - ، ويعد أول ألفبائية ، وهو أصل معظم الألفبائيات الحديثة التي منها العربية واليونانية واللاتينية والكريلية والعبرية وربما البرهامية . لكن بيتر تي دانيلز يميز بين الأبوغيدا ( أو الألفبائية المقطعية ) من حيث كونها وحدات كتابية تمثل حروفا أساسية صامتة تغيرها علامات التشكيل لتكون حروف لين ( كما في الديوناكري وغيره من أنظمة كتابة جنوب آسيا ) ، والأبجدية التي تكون أغلب حروفها - أو كلها - صوامت ( كما في الفينيقية والعبرية والعربية ) ، والألفبائية من حيث كونها وحدات كتابية تمثل حروف اللين والصوامت معا . وعلى هذا المعنى المحدود تكون أول ألفبائية « حقيقية » هي الألفبائية اليونانية ، التي قامت على أساس الألفبائية الفينيقية المبكرة . تستعمل حاليا عشرات الألفبائيات ، لكن أشهرها الألفبائية اللاتينية المشتقة من اليونانية ، وقد اتخذت في لغات أخرى بعد تعديلها بإضافة علامات تشكيل . ومعظم الألفبائيات حروفها خطية ( كتابة خطية ) ، لكن لهذا استثناءات ، منها ألفبائية بريل . وأطول ألفبائية : النظام الخميري المستعمل في كمبوديا ، فهو من 74 حرفا . عادة ما يكون لحروف الألفبائيات ترتيب نموذجي . وهذا يجعلها نافعة في الترتيب ، أي في إتاحة ترتيب الكلمات ترتيبا أبجديا ، ونافعة أيضا أن تكون بديلة « لترقيم » عناصر مرتبة بالفعل ، كما في « القوائم المرقمة » ومواضع الأرقام . التأثيل . انتقلت كلمة alphabet الإنجليزية إلى الإنجليزية الوسطى من كلمة alphabetum اللاتينية المتأخرة ، التي يرجع أصلها إلى اليونانية ( alphabētos ). والكلمة اليونانية متألفة من اسمي أول حرفين : ألفا ( alpha ) ، و بيتا ( beta ). واسما الحرفين اليونانيين مأخوذان من أول حرفين في الألفبائية الفينيقية : ألف ( aleph ، وتعني أيضا : ثور ) ، وبيت ( bet ، وتعني أيضا : بيت ). أحيانا ما يستعمل مصطلح « إيبيسية » ( ABCs ) بدل مصطلح ألفبائية ، كما في عبارة الأغنية الإنجليزية : "" Now I know my ABCs "" ، وهي عبارة ربما استعملت مجازيا أيضا للتعبير عن معرفة الأساسيات ، كما يقال في العربية : فلان لا يعرف ألفباء كذا . تاريخها . ألفبائيات شمال إفريقيا والشرق الأوسط القديمة . بدأ تاريخ الألفبائية في مصر القديمة . تألف نظام كتابة المصريين من نحو 24 هيروغليفا ( تدعى أحاديات الحروف ) لتمثيل المقاطع اللفظية التي تبدأ في لغتهم بصامت واحد ، مع صوت لين ( أو دون صوت اللين ) يقدمه المتحدث الأصلي . وكانت هذه الصور الرمزية تستعمل أدلة لنطق الرسوم اللفظية ، وتستعمل في كتابة التصريفات النحوية ، ولاحقا في تسجيل الكلمات الدخيلة والأسماء الأجنبية .

[Chunk 3]
F \ إف \ هو سادس الحروف اللاتينية . تشترك جذوره مع الحرف ي اللاتيني ويأخذ الحرف شكلين ؛ الكبير F والصغير f. وهو صوت شفهي سني . وكوحدة صوتية أساسية تستعمل في بناء الكلمة ؛ يأتي ترتيبه الحرف السادس في ألفبائية اللاتينية والحرف الرابع من الحروف الساكنة . ويرمز له بالأبجدية الصوتية الدولية بالرمز f ، وبأبجدية مناهج تقييم الكلام الصوتية الموسعة بالرمز f ، ويماثلة في الأبجدية السلافية حرف الحرف 22 من حروف لغة روسيا ودول السلاف ؛ حسب صياغة وترتيب المبجلان كيريل وميفودي الشقيقان اللذان أبدعا حروف الأبجدية السلافية . ويماثلة في اللغة الصينية ، وفي اللغة السنسكريتية يماثلة حرف ، ويماثلة في الأبجدية العربية حرف الفاء الحرف العشرون من حروف أبجدية اللغة العربية حسب الترتيب الذي اعتمد حوالي العام 708 م . طريقة نطق الحرف F ( فونيم ). لنطق الحرف ( F ) نحتاج لجميع أعضاء جهاز النطق ؛ بالإضافة الي أعضاء أخرى اساسية مثل الدماغ لتشكل منظومة متكاملة لإنتاج صوت الحرف ؛ خصوصا الشفه السفلاء والاسنان العلوية الامامية . وينتج صوت الحرف ( F ) بتقريب رؤوس أسنان ثنايا الفك العلوي ( أطراف الثنايا العليا ) من الشفة السفلية ودفع الهواء بينهما . وهو حرف احتكاكي غير صفيري ؛ شفوي طبقي شبه صامت . الاستعمال اللغوي . في الإنجليزية . أف [f ] تحتوي بعض القواميس والمعاجم الإنجليزية على 29556 كلمة تبدأ بالحرف F. في الإسبانية . [ efe ] في الفرنسية . [f ] في الألمانية . إف [f ] يحتوي الحرف F على معدل تكرار بلغ 1.66 ٪ في النصوص باللغة الألمانية . وهو بذلك الحرف الثامن عشر الأكثر شيوعا في النصوص الألمانية . في الإيطالية . [ f ] الترميز الحرف . الحاسوب الراديو ترميز لغة مورس العالمي للحرف F في شفرة مورس الحرف F يكافئ codice_1",من يستخدم الألفبائية الصوتية الدولية ؟,"كل من اللغويين ، اختصاصيي معالجة النطق ، متعلمي اللغات الأجانب وطلابها ، المغنين ، الممثلين ، مؤلفي المعاجم والمترجمين","لغويين، اختصاصيي معالجة النطق، متعلمي اللغات الأجانب وطلابها، المغنين، الممثلين، مؤلفي المعاجم والمترجمين.",0.92,0.92,0.91
"[Chunk 1]
فلسفة ما بعد الحداثة هي حركة فلسفية نشأت في النصف الثاني من القرن العشرين ، بوصفها رد فعل على الافتراضات المزعوم وجودها في الأفكار الفلسفية الحداثية المتعلقة بالثقافة أو الهوية أو التاريخ أو اللغة ، والتي تشكلت خلال عصر التنوير في القرن الثامن عشر . طور مفكرو ما بعد الحداثة ، مفاهيم مثل الإرجاء والتكرار والأثر والواقع الفائق ، لتحطيم السرديات الكبرى وأحادية الوجود واليقين المعرفي . تتساءل فلسفة ما بعد الحداثة حول أهمية علاقات القوة ، والشخصنة أو إضفاء الطابع الشخصي ، والخطاب داخل بنية الحقيقة والرؤى الشمولية . ينطلق العديد من مفكري ما بعد الحداثة من إنكار وجود واقع موضوعي ومن إنكار وجود قيم أخلاقية موضوعية . عرف جان فرانسوا ليوتار ما بعد الحداثة الفلسفية في كتابه ( الوضع ما بعد الحداثي ) ، فكتب » أعرف ما بعد الحداثة بشكل مبسط للغاية على أنها التشكك في السرديات الكبرى « إذ أن ما يعنيه بالسردية الكبرى هو شيء أشبه بقصة موحدة ومكتملة وشمولية ويقينية من الناحية المعرفية ، وذلك فيما يخص كل شيء . يرفض مفكرو ما بعد الحداثة السرديات الكبرى بسبب رفضهم لمفهوم الحقيقة الذي تفترضه تلك السرديات بشكل مسبق . يحاجج فلاسفة ما بعد الحداثة بشكل عام في أن الحقيقة تكون مشروطة دائما بالسياق التاريخي والاجتماعي عوضا عن كونها مطلقة وشاملة ، ودائما ما تكون الحقيقة جزئية وموضع نقاش وجدل عوضا عن كونها مكتملة ويقينية . تتشكك فلسفة ما بعد الحداثة غالبا وبشكل خاص في سمة التقابلات الثنائية البسيطة للمذهب البنيوي ، مؤكدة على مشكلة تمييز الفيلسوف بوضوح المعرفة عن الجهل ، والتقدم الاجتماعي عن الرجعية ، والهيمنة عن الخضوع ، والخير عن الشر ، والحضور عن الغياب . ولكن يجب أن تتشكك فلسفة ما بعد الحداثة لنفس الأسباب غالبا بشأن السمات الطيفية المعقدة للأشياء ، مؤكدة على تمييز الفيلسوف بشفافية مرة أخرى للمفاهيم ، فيجب أن يفهم التصور في السياق المقابل له ، مثل الوجود والعدم ، السوى وغير السوي ، الكلام والكتابة وما شابه ذلك . وترتبط فلسفة ما بعد الحداثة أيضا بعلاقات قوية مع الأدب الأساسي للنظرية النقدية . الدعاوي الأساسية . يشكل الكثير من دعاوي ما بعد الحداثة رفضا متعمدا لقيم معينة من عصر التنوير في القرن الثامن عشر . ويعتقد مثل هذا المفكر ما بعد الحداثي ، أنه لا وجود لما يسمى بالواقع الموضوعي الطبيعي ، وأن العقل والمنطق ما هما إلا أبنية تصورية غير صالحة عالميا أو بشكل شامل . ويعد إنكار وجود طبيعة بشرية والتشكك ( المعتدل في بعض الأحيان ) حول المزاعم التي ترى قدرة العلم والتكنولوجيا على إحداث تغير للمجتمع نحو الأحسن ، من الملامح الأخرى المميزة لممارسات ما بعد الحداثة . ويعتقد مفكرو ما بعد الحداثة أيضا في عدم وجود قيم أخلاقية موضوعية . فهم يتقبلون تصورات متعددة حول الأخلاقية ، حتى لو كان هو أو هي على خلاف مع ذلك بشكل شخصي . وتركز كتابات ما بعد الحداثة على تفكيك الدور الذي تلعبه القوة والأيديولوجيا في تشكيل الخطاب والاعتقاد . وتشارك فلسفة ما بعد الحداثة التشابهات الأنطولوجية مع المذهب الشكي الكلاسيكي ومع مذهب الاعتقاد النسبوي . تصرح موسوعة روتليدج للفلسفة بأن الافتراض القائل بعدم وجود قاسم مشترك في الطبيعة أو الحقيقة ، والذي يضمن إمكانية حياد الفكر أو موضوعيته ، هو افتراض رئيسي لما بعد الحداثة . ويصف المجلس القومي للبحوث الافتراض القائل بأن بحث العلم الاجتماعي لا يمكن أن ينتج عنه معرفة موضوعية أو جديرة بالثقة ، هو نموذج لما يعتقده مفكر ما بعد الحداثة . ويصرح جان فرانسوا ليوتار في كتابه الأساسي ( الوضع ما بعد الحداثي 1979 ) بأنه ينبغي على افتراضاته ألا تعطي قيمة تنبؤية فيما يتعلق بالواقع ، بل تعطي قيمة إستراتيجية فيما يتعلق بالأسئلة المطروحة . ويمتد تصريح ليوتار في عام 1984 عن تعريفه لما بعد الحداثة بوصفها تشكك في السرديات الكبرى ، إلى التشكك في العلم . ويصرح جاك دريدا والذي يعتبر بشكل عام واحدا من مفكري ما بعد الحداثة ، بأن كل مرجع وكل الواقع ذو بنية مؤثرة متميزة . ويعد بول فيرآبند واحدا من أشهر فلاسفة العلم في القرن العشرين ، ويصنف غالبا كمفكر ما بعد حداثي ؛ ويرى فيرآبند أن العلم الحديث ليس أكثر تبريرا من السحر ، وكذلك استنكر طغيان المفاهيم المجردة مثل الحقيقة والواقع والموضوعية ، والتي تضيق من نظر الناس وأساليب العيش في العالم . ويدافع فيرآبند أيضا عن التنجيم ، متبنيا الطب البديل ومتعاطفا مع النزعة الإبداعية أو الخلاقة . ويصرح المدافعون عن اتجاه ما بعد الحداثة بمبالغة الكثير من أوصاف ما بعد الحداثة في كراهيتها للعلم ؛ فأنكر على سبيل المثال فيرآبند أن يكون ضد العلم ، وتقبل تفوق بعض النظريات العلمية على الأخرى ( حتى وإن كان العلم نفسه لا يتفوق على أنماط البحث الأخرى ) ، وتلقى علاجات طبية تقليدية خلال صراعه ضد مرض السرطان . قضايا تعريفية . يحاجج الفيلسوف جون ديلي بزعم مثير للجدل يرى أن إلصاق صفة ما بعد الحداثة بمفكرين من أمثال دريدا وآخرون ، هو أمر سابق لأوانه . وبقدر ما يتبع ما بعد الحداثيين المزعومين ، الاتجاه المثالي الحديث تماما ، فإن الأمر أكثر من كونه حداثة متطرفة عن أي شيء آخر . وينبغي لذلك على ما بعد الحداثة التي ترقى لمستوى اسمها ، أن لا تقتصر على الانشغال بالأشياء ما قبل الحداثية ، ولا التقييد الحديث للأفكار ، ولكن يتعين عليها أن تتفاهم مع طريقة الإشارات المتجسدة في المذاهب السيميائية لمثل هؤلاء المفكرين أمثال الفيلسوف البرتغالي جون بونسوت والفيلسوف الأمريكي تشارلز ساندرز بيرس . التاريخ . الأصول .

[Chunk 2]
ما بعد الحداثة هي حركة فكرية واسعة نشأت في النصف الثاني من القرن العشرين كرد فعل على ادعاءات المعرفة القديمة المنتهية والمرتبطة بحداثة عصر النهضة ولإنهاء الافتراضات المزعوم وجودها في الأفكار الفلسفية الحداثية المتعلقة بالافكار والثقافة والهوية والتاريخ وتحطيم السرديات الكبرى وأحادية الوجود واليقين المعرفي وتبحث في أهمية علاقات القوة ، والشخصنة أو إضفاء الطابع الشخصي ، والخطاب داخل بنية الحقيقة والرؤى الشمولية وينطلق العديد من مفكري ما بعد الحداثة من إنكار وجود واقع موضوعي ومن إنكار وجود قيم أخلاقية موضوعية والتشكك في السرديات الكبري والبحث عن خيارات جديدة وتشمل الأهداف المشتركة لنقد ما بعد الحداثة الأفكار العالمية للواقع الموضوعي والأخلاق والحقيقة والطبيعة البشرية والعقل والعلم واللغة والتقدم الاجتماعي . وفقا لذلك ، يتميز الفكر ما بعد الحداثي على نطاق واسع بالميل إلى الوعي الذاتي ، والإحالة الذاتية ، والنسبية المعرفية والأخلاقية ، والتعددية ، وعدم الاحترام . وانتقادات ما بعد الحداثة متنوعة فكريا وتشمل الحجج القائلة بأن ما بعد الحداثة تروج للظلامية ، ولا معنى لها ، وأنها لا تضيف شيئا إلى المعرفة التحليلية أو التجريبية . ما بعد الحداثة تعني حرفيا ' بعد الحداثة '. في حين أن « الحديث » في حد ذاته يشير إلى شيء ما « متصل بالحاضر » ، فإن حركات الحداثة وما بعد الحداثة تفهم على أنها مشاريع ثقافية أو على شكل مجموعة من وجهات النظر . وهي تستخدم في النظرية النقدية لتشير إلى نقطة انطلاق أعمال الأدب والدراما والعمارة والسينما والصحافة والتصميم ، وكذلك في مجال التسويق والأعمال التجارية ، وفي تفسير التاريخ والقانون والثقافة والدين في وقت متأخر من أواخر القرن العشرين وبداية القرن الواحد والعشرين . في واحد من الأعمال الأصيلة في هذا الموضوع ، وصف الفيلسوف والناقد الأدبي « فريدريك جيمسون » ما بعد الحداثة بأنها « المنطق الثقافي المهيمن للرأسمالية المتأخرة » ، التي هي ، الممارسات الثقافية المترابطة ترابطا عضويا مع العنصر الاقتصادي والتاريخي لما بعد الحداثة ("" الرأسمالية المتأخرة "" ، وهي الفترة التي تسمى أحيانا الرأسمالية المالية ، أو ما بعد الثورة الصناعية ، أو الرأسمالية الاستهلاكية ، أو العولمة ، وغيرها ). في هذا الفهم إذن ، يمكن أن ننظر إلى "" هيمنة "" فترة ما بعد الحداثة على أنها بدأت في وقت مبكر من الحرب الباردة ( أو ، لإعادة الصياغة ، بعد نهاية الحرب العالمية الثانية ) واستمرت حتى الوقت الحاضر . يمكن فهم ما بعد الحداثة أيضا على أنها رد فعل على الحداثة . في أعقاب الدمار الذي لحق بالفاشية ، والحرب العالمية الثانية ، والمحرقة ، أصبح العديد من المثقفين والفنانين في أوروبا لا يثقون في الحداثة السياسية والاقتصادية والمشروع الجمالي برمته . في حين أن الحداثة كانت ترتبط في كثير من الأحيان بالهوية والوحدة والسلطة واليقين ، وما إلى ذلك ، فإن ما بعد الحداثة كثيرا ما يرتبط بالفروق ، والانفصال ، والنصية ، والتشكك ، الخ . يلاحظ حول نظرية ما بعد الحداثة التزامها بموقف متشكك ، حيث يزعم جان فرنسوا ليوتار أحد الفلاسفة الذين حاولوا تفسيرها ، أن النصوص السردية تشهد أزمة في عصرنا ، إذ أصبحت مشرعة للتفسير ومتراجعة ، ويشر بالنصوص السردية إلى نصوص المفاهيم الفلسفية الكبرى مثل الماركسية والكانطية ، والهيغلية ، يرى ليوتار أن المعتقدات قد فقدت مصداقيتها ، وعرف ما بعد الحداثة إيجازا بوصفها : تشكيكا موجها نحو كافة الادعاءات الكبرى في الحياة . --[ 1 ] كريستوفر باتلر . ما بعد الحداثة مقدمة قصيرة جدا . دار هنداوي للنشر . الطبعة الأولى عام 2015. تاريخ المصطلح . استخدم المصطلح لأول مرة في حوالي سبعينيات القرن التاسع عشر في مختلف المجالات . على سبيل المثال ، أعلن « جون واتكنز تشابمان » « نسقا من اللوحات ما بعد الحداثي » تجاوزا الانطباعية الفرنسية . ثم استخدمها « جي . إم . ثومبسون » في مقالته لعام 1914 في مجلة هيبرت ( و هي دورية فلسفية فصلية ) ، وقد استخدمها لوصف التغييرات في المواقف والمعتقدات في نقد الدين : « إن علة وجود مرحلة ما بعد الحداثة هي للهروب من ضعف أفق الحداثة ، بأن نكون مجدين في نقدها عن طريق توسيع نطاقها لتشمل الدين فضلا عن اللاهوت ، وإلى الشعور الكاثوليكي ، وكذلك التقاليد الكاثوليكية ». في عام 1917 استخدم رودولف بانويتز هذه العبارة لوصف الثقافة التي تنحى منحى فلسفيا . جاءت فكرة "" ما بعد "" الحداثة إلى بانويتز من تحليل نيتشه للحداثة وغاياتها من الانحلال والعدمية . التغلب على الإنسان الحديث سيكون مرحلة ما بعد الإنسان . ولكن ، خلافا لنيتشه ، أشمل بانويتز أيضا العناصر القومية والأسطورية . كانت تستخدم في وقت لاحق في عام 1926 من قبل « بي . آي . بيل » في كتابه « ما بعد الحداثة وغيرها من دوائر العمل ». في عامي 1925 و 1921 ، كانت تستخدم لوصف الأشكال الجديدة من الفنون والموسيقى . في عام 1942 ، قام إتش . آر . هايس باستخدامها لشكل أدبي جديد ، ولكنها استخدمت بوصفها نظرية حركة تاريخية عامة لأول مرة في عام 1939 من قبل المؤرخ أرنولد جي توينبي : « فعهدنا ما بعد الحداثة تم تدشينه من قبل الحرب العامة لأعوام 1914 -1918 ».

[Chunk 3]
علم نفس ما بعد الحداثة هو نهج لعلم النفس يتساءل عما إذا كانت النسخة النهائية أو الفريدة من الحقيقة ممكنة فعلا في مجالها . وهو إلى ذلك يتحدى النظرة الحداثية لعلم النفس باعتباره علم الفرد ، لمصلحة رؤية البشر كمنتج ثقافي / مجتمعي ، تهيمن عليه اللغة بدلا من الذات الداخلية . خصائص . يعتمد علم نفس ما بعد الحداثة ( فلسفة ) على استخدام مجموعة من المنهجيات المختلفة بدلا من اتباع نهج فريد ، لاحتضان تعقيد الواقع وتجنب التبسيط المفرط . وتتحدى مرحلة ما بعد الحداثة نهجا منهجيا وتحليليا لفهم النفس البشرية ، وهو نهج يعيبه بطبيعته استحالة اتخاذ موقف « موضوعي » منفصل ؛ ويؤيد بدلا من ذلك موقفا قابلا للتحويل قد يحافظ على إمكانية السيطرة المفاهيمية على الذات التي يتم فسخها بنفسها . قد يؤكد البعض أن مشروع علم نفس ما بعد الحداثة نفسه متناقض ، في أعقاب تفكيك الذات الموحدة - تلاشي الموضوع الذي من المفترض تقليديا أن يحقق فيه علم النفس . رباعي وعبر الحداثة . كما تم ربط علم نفس ما بعد الحداثة برباعي مارشال ماكلوهان : من المفترض أن يسمح لنا "" المنطق الرباعي "" بقبول المعرفة دون معرفة في سياق التغيير . يشير إلى تطور آخر ، وهو علم النفس "" ما وراء الحداثة "" ، باعتباره "" عقلية جديدة تتجاوز الحداثة وتحولها .. ( حيث ) سيكون علم النفس خادمة للفلسفة والإلهيات ، حيث كان من المفترض منذ البداية أن يكون ""- يطمح إلى علاج المشاكل العقلية من خلال التدخل المتكامل في العقل البشري والجسم معا .",ما هي النظريات المعارضة لمفهوم ما بعد الحداثة,"لوعي الذاتي ، والإحالة الذاتية ، والنسبية المعرفية والأخلاقية ، والتعددية ، وعدم الاحترام . وانتقادات ما بعد الحداثة متنوعة فكريا وتشمل الحجج القائلة",ممارسات ما قبل الحداثة أو ما يتعارض معها بشكل مباشر,0.5,0.9,0.4
"[Chunk 1]
الخروب أو الخرنوب تذكر المصادر العالمية أن التسمية ذات أصل عربي وهي شجرة دائمة الخضرة تنتمي إلى الأسرة ( تحت الفصيلة ) من الفصيلة البقولية تعيش بشكل طبيعي في المنطقة المتوسطية بما يشمل المشرق العربي والمغرب العربي ومن الدول العربية الموجودة بها غابات الخروب ليبيا بالقرب من مدينة البيضاء . كما تزرع بكثرة في قبرص وجزيرة كريت واليونان وفي البوسنة . يستخرج منها شراب حلو المذاق يسمى « الرب » يضاف أحيانا إلى العصيدة . في اليونان يصنعون منه مأكولات كثيرة وخبزا ومكرونة ودقيق ، كلها خالية من الغلوتين الذي له حساسية بين بعض الناس ؛ ويصدرونه في جميع أنحاء العالم من أوروبا حتى كوريا الجنوبية . كما يصنعون منه دبس الخروب حلو المذاق . بذور الخروب متساوية بشكل كبير مع بعضها في الحجم والوزن مما جعلها الوسيلة الأولى في الوزن قبل انتشار الموازين الحديثة ، وهي تساوي 0.2 غرام للحبة أي قيراط . وصف شجرة الخروب . شجرة الخروب شجرة ممتدة الظلال دائمة الخضرة يصل ارتفاعها إلى ما بين 15 و 17 متر . في عمر 18 سنة يبلغ سمك الساق وسطيا 85 سم . الأوراق ريشية تتكون من عنق طويل يحمل من 6 -10 وريقات متقابلة ، الورقة بيضية الشكل . الحافة مستوية مستديرة عند القمة ، الأوراق جلدية خضراء داكنة يبلغ طولها ( 2.5 -6.25 سم ). الأزهار صغيرة حمراء ، تتكون من زهرة واحدة مع 6 أسدية ذكرية ، والزهور الذكرية ذات رائحة كريهة توجد في نورات ذات حامل أسطواني قصير . تخرج النورات من البراعم الجانبية على طول الأفرع . الأزهار مذكرة ومؤنثة وخنثي توجد على أشجار منفصلة ، تزهر الشجرة لأول مرة بعد حوالي 6 سنوات ، وتمتد فترة الإزهار من سبتمبر إلى نوفمبر . القرون بنية خفيفة أو أحمر داكن إلى بنية مستطيلة الشكل أو منبسطة إما مستقيمة أو منحنية قليلا أو ملتفة قليلا ، ذات حافة سميكة ، يبلغ طول القرن من ( 10 -30 سم ) ويبلغ عرضة ( 1 -2.5 سم ) القرن أملس لامع صلب عندما يجف يحتوى على نسبة عالية من الألياف ، اللب طري شبه شفاف عطري منتفخ يتم اكتمال نمو القرن خلال 11 شهرا من التأبير ، يحتوي القرن على عدد من البذور يبلغ 10 -13 بذرة . البذور ذات لون بني غامق أو باهت لامعة ذات غلاف صلب غير نفوذ للماء ، البذور سائبة قبل اكتمال القرن وتصبح ذات خشخشة بعد جفاف القرن ، يحتوى القرن غير الناضج على نسبة مرتفعة من التانينات تعطي له المذاق القابض ، وعند جفاف القرن يصبح المذاق حلو ولائك . وتحتوى قرون الخروب الجافة على نكهة عطرية وترجع إلى محتويات القرن من حمض الايزوبيوتريك حيث تبلغ نسبته حوالي 1.3 %. وهي ثنائية الجنس وثنائية المسكن ، وثمار شجرة الخروب عبارة عن قرون عريضة تتباين أطوالها في الشجرة الواحدة وقد يصل طولها إلى 30 سنتمترا . وتتميز شجرة الخروب بقدرتها على تحمل الجفاف والبرد والرياح القوية وهي متواضعة في احتياجاتها للنمو والإثمار حيث تعيش في الأراضي الصخرية الوعرة وفي التربة الرملية الفقيرة سواء أكانت حمضية أم قليلة القلوية على أن تكون تربتها جيدة التصريف ، وتكتفي شجرة الخروب بمعدل ( 30 ) سنتمترا من الأمطار السنوية وهذه من الأسباب التي جعلتها متكيفة للعيش في مناطق حوض البحر الأبيض المتوسطومعظم بلدان الشرق الأوسط ، وتعيش شجرة الخروب من ( 200 -300 ) سنة وتزهر عادة ابتداء من منتصف شهر آب ولغاية تشرين الثاني كما تزهر في مواسم أخرى إذا ما توافرت لها ظروف بيئية مناسبة . تاريخ شجرة الخروب .

[Chunk 2]
البطنج الجرماني أو السطاقس الجرماني أو القارة أو الورطورة أحد الأنواع النباتية في الفصيلة الشفوية تزهر من يونيو / حزيران إلى سبتمبر / أيلول .

[Chunk 3]
هانامي هي العادة المتبعة في اليابان والتي تتمثل في تأمل منظر الزهور وهي متفتحة ، وغالبا ما يقصد اليابانيون في حديثهم عن الزهور ، تلك المتعلقة بشجرة الكرز ( ساكورا ). تبدأ أشجار الكرز في الإزهار مع نهاية شهر مارس وتدوم تلك المرحلة حتى بداية شهر أبريل ، ومع حلول هذا الشهر تكون أشجار الساكورا قد أزهرت في كامل أنحاء البلاد . تتجلى مظاهر الهانامي عندما يستغل اليابانيون هذه الفرصة ، للاحتفاء تحت ظلال هذه الأشجار أثناء النهار في أيام العطلات أو في الليل . التاريخ . يرجع تاريخ هذه العادة إلى عدة قرون . تم الاحتفاء بها لأول مرة أثناء فترة نارا ( 710 -784 ) ، عندما كانت الثقافة الصينية في عهد أسرة تانغ تهيمن على اليابان . تم إدخال هذه العادة الصينية الأصل إلى البلاد على غرار العديد من التقاليد الأخرى . كان الناس في تلك الفترة يتأملون أزهار شجرة الخوخ ، ثم حلت أزهار شجرة الكرز محلها أثناء فترة هييآن . منذ ذلك العهد أصبح لفظ زهرة مرادفا لزهرة الكرز في الشعر الياباني ( تانكا وهايكو ). كان الاحتفاء بالساكورا يتم للإعلان عن بداية موسم زراعة الأرز . اعتقد الناس بوجود أرواح تسكن الأشجار ، فكانوا يضعون القرابين تحتها ، ثم يقومون باحتساء الساكي . قام الإمبراطور ساغا أثناء فترة هييآن باعتماد هذه العادة في بلاطه ( كيوتو ) وجعل منها عيدا لتأمل الزهور ، يتم ارتداء ملابس خاصة بالمناسبة ، ثم الجلوس تحت أغصان الأشجار المزهرة واحتساء الساكي . كان يتم كتابة الأشعار التي تتغنى برقة هذه الأزهار ، تصورها الأبيات الشعرية على أنها صورة أخرى للحياة ، مشرقة وجميلة ، إلا أنها عابرة وزائلة . كانت هذه الطقوس البدايات الأولى للاحتفاء بالهانامي . ظلت هذه العادة مقصورة على رجال البلاط فقط ، ثم انتشرت بين أوساط طبقة المحاربين ( الساموراي وغيرهم ) ، ثم ومنذ فترة إيدو ، بين كافة طبقات الشعب . كان الناس يقومون باحتساء الساكي ويتناولون طعامهم في جو من السرور والغبطة . لا تزال هذه العادة مستمرة إلى يومنا هذا . يخرج اليابانيون في نزهة مع عائلاتهم وأصدقائهم ، يجلسون تحت الأشجار ويستمتعون بمنظر الزهور . تعتبر لحظة تفتق أولى الأزهار ( = كايكا ) من الأوقات المحببة ، ويترقب هواة التصوير هذه اللحظات بشغف كبير . تعرض نشرة الطقس في التلفزيون مراحل عملية الإزهار ( = مانكاي ) ، وتبدأ جنوبا في جزيرة أوكيناوا لتنتهي بعد حوالي شهر واحد في جزيرة هوكايدو في الشمال . في يومنا هذا . واصل الشعب الياباني إلى يومنا هذا على تقليد الهانامي ، الآلاف من الأشخاص تملأ الحدائق لعقد حفل الهانامي تحت الأشجار المزهرة ، ويستمرون حتى وقت متأخر من الليل ، في معظم اليابان تأتي أيام ازدهار اشجار الكرز ( احتفال الهانامي ) في الوقت نفسه من بداية الدراسة والعمل بعد عطلة , يحتفل اليابنيون بالهانامي مع الأصدقاء ، والعائلة ، وزملاء العمل . و تعلن توقعات ازدهار أشجار الكرز ( sakurazensen ، حرفيا "" مقدمة ازدهار الكرز "") كل سنة من قبل وكالة الأرصاد الجوية اليابانية ، وتتابع الصحف والتلفاز حركة الزدهار ( sakurazensen ) وهي تتحرك ببطء من الجنوب إلى الشمال .",ما هي فترة الإزهار لشجرة الخروب ؟,"تزهر الشجرة لأول مرة بعد حوالي 6 سنوات ، وتمتد فترة الإزهار من سبتمبر إلى نوفمبر .",تزهر شجرة الخروب عادة ابتداءً من منتصف شهر آب ولغاية تشرين الثاني.,0.33,0.91,0.3
"[Chunk 1]
الاتحاد الجمركي هو المجال الرئيسي للعلاقات بين إمارة أندورا والاتحاد الأوروبي . تقع أندورا على حدود دولتين عضوين في الاتحاد الأوروبي : فرنسا وإسبانيا . الاتحاد الجمركي . تنشئ « الاتفاقية بين الجماعة الاقتصادية الأوروبية وإمارة أندورا » ( الموقعة في 28 يونيو 1990 ، ودخلت حيز التنفيذ في 1 يوليو 1991 ) اتحادا جمركيا يتمتع بوضع الدولة الأكثر تفضيلا بين الإمارة والاتحاد الأوروبي . تعامل أندورا كدولة من دول الاتحاد الأوروبي فيما يتعلق بالتجارة في السلع المصنعة ، ولكن ليس الأمر كذلك بالنسبة للمنتجات الزراعية . هناك فحوصات جمركية كاملة على الجانب الأوروبي من الحدود ، حيث أن أندورا لديها ضريبة قيمة مضافة منخفضة وضرائب غير مباشرة أخرى ، مثل تلك المفروضة على الكحول والتبغ والبنزين ، والتي قد يستفيد منها الزوار . اليورو . لدى أندورا اتفاقية نقدية مع الاتحاد الأوروبي تسمح لها باستخدام اليورو كعملتها الرسمية ، والسماح لها بإصدار عملات يورو معدنية في وقت مبكر من 1 يوليو 2013. خططت الدولة لإصدار عملاتها المعدنية الأولى في 1 يناير 2014. ومع ذلك ، تأخرت موافقة الاتحاد الأوروبي حتى ديسمبر 2013 ، ودخلت العملات المعدنية الأندورية الأولى في التداول في يناير 2015. اتفاقيات أخرى . تم التوقيع على اتفاقيتين أخريين في 2003 / 4. الأولى هي اتفاقية تعاون يغطي البيئة والاتصالات والمعلومات والثقافة والنقل والتعاون الإقليمي وعبر الحدود والقضايا الاجتماعية . هناك أيضا اتفاقية ضرائب على المدخرات تم توقيعها بعد ضغوط من الاتحاد الأوروبي على المراكز المالية الخارجية لتتوافق مع معايير الاتحاد الأوروبي . أبرمت اتفاقية عام 2003 بين فرنسا وإسبانيا وأندورا بشأن تنقل مواطني الدول وإقامتهم في أندورا . تنص على أن الدول الثلاث ستنسق متطلبات التأشيرة الخاصة بها ( في الواقع أن أندورا تتبع متطلبات تأشيرة شنغن ) وأن أندورا تقبل الدخول فقط لأولئك الذين لديهم حق دخول إسبانيا أو فرنسا . ضوابط الحدود . ظلت أندورا خارج اتفاقية شنغن وتحتفظ بضوابط حدودية مع الاتحاد الأوروبي . ومع ذلك ، نظرا لأنه يتعين على المسافرين إلى أندورا المرور عبر منطقة شنغن ، ولا تتطلب أندورا أي تأشيرات أو تصدرها ، فإن متطلبات الدخول هي نفسها في منطقة شنغن . يحتاج زوار أندورا الذين يحتاجون إلى تأشيرة لدخول منطقة شنغن إلى تأشيرة شنغن متعددة الدخول ، لأنه لمغادرة أندورا يجب عليهم دخول منطقة شنغن مرة ثانية . لا يوجد سوى نقطتين رسميتين لعبور الحدود البرية : لا سيو دي أورغل في إسبانيا وباس دو لا كاسا على الحدود مع فرنسا . بالإضافة إلى ذلك ، يسمح للطائرات المروحية بالذهاب إلى المطارات التي تخضع لمراقبة الحدود في بلدان أخرى ، ولكن ليس إلى أماكن أخرى خارج أندورا . عادة ما تذهب الرحلات الجوية إلى مطارات برشلونة أو تولوز . مستقبل العلاقات . في نوفمبر 2012 ، بعد أن دعا مجلس الاتحاد الأوروبي إلى تقييم علاقات الاتحاد الأوروبي مع هذه الدول الصغيرة ، والتي وصفها بأنها « مجزأة » ، نشرت المفوضية الأوروبية تقريرا يحدد الخيارات لمزيد من اندماجهم في الاتحاد الأوروبي . على عكس ليختنشتاين ، العضو في المنطقة الاقتصادية الأوروبية عبر رابطة التجارة الحرة الأوروبية ( EFTA ) واتفاقية شنغن ، تستند العلاقات مع هذه الدول الثلاث إلى مجموعة من الاتفاقيات التي تغطي قضايا محددة . فحص التقرير أربعة بدائل للوضع الحالي : 1 ) نهج قطاعي مع اتفاقيات منفصلة مع كل دولة تغطي منطقة سياسة كاملة . 2 ) اتفاقية شراكة إطارية شاملة ومتعددة الأطراف ( FAA ) مع الدول الثلاث . 3 ) عضوية المنطقة الاقتصادية الأوروبية . 4 ) عضوية الاتحاد الأوروبي . جادلت المفوضية بأن النهج القطاعي لم يعالج القضايا الرئيسية وكان لا يزال معقدا بلا داع ، بينما تم

[Chunk 2]
تقع الحدود بين أندورا وإسبانيا في جبال البرانس بين شمال إسبانيا وجنوب أندورا . تبلغ طول الحدود . وهي حدود خارجية للاتحاد الأوروبي ، لأن أندورا ليست جزءا من الاتحاد الأوروبي . ترسيم . الحدود الإسبانية الأندورية تمتد لمسافة 64 كم بين جنوب أندورا وشمال إسبانيا ( من قبل إقليم كاتالونيا المتمتع بالحكم الذاتي ) في جبال البرانس . نظرا لوقوع كل من إسبانيا وأندورا في نفس مستجمع المياه ، فإن السفر أسهل ( الطرق أفضل ) بين الدولتين من السفر بين أندورا وفرنسا . اللغات الأكثر استخداما في أندورا هي أيضا الكاتالونية والإسبانية . تبدأ الحدود من الغرب عند النقطة الثلاثية بين أندورا وفرنسا وإسبانيا (). ثم تتبع اتجاها جنوبيا شرقيا بشكل عام ، ثم تتحول لاحقا شمال شرق إلى النقطة الثلاثية الشرقية لأندورا وإسبانيا وفرنسا (). يمر الخط الفاصل بين البلدين عبر مناطق جبلية عالية ، غالبا ما يزيد عن 2000 م ، ويمر بالقرب من أعلى نقطة في أندورا ، قمة كم بيدروسا . كما أنه يحد وادي مادريو بيرافيتا كلارور ، وهو موقع التراث العالمي الوحيد لليونسكو في أندورا . في مايو 2015 ، تبنت المفوضية الأوروبية برنامج تعاون لتحسين حماية البيئة على الحدود بين إسبانيا وأندورا وأندورا وفرنسا . ضوابط الحدود . قناة الاتصال الرئيسية بين البلدين هي عبر جران فاليرا بين لا سو دي أورغل وأبرشية سانت جوليا دي لوريا . تقع النقطة الحدودية الوحيدة بين أندورا وإسبانيا على طول هذا الطريق . لا يوجد نقطة عبور للسكك الحديدية . بالإضافة إلى ذلك ، يسمح لطائرات الهليكوبتر بالذهاب إلى المطارات الخاضعة لمراقبة الحدود في بلدان أخرى ، ولكن ليس إلى أي مكان آخر خارج أندورا . عادة ما تذهب الرحلات الجوية إلى مطارات برشلونة أو تولوز . تنظم اتفاقية موقعة في عام 2003 بين فرنسا وإسبانيا وأندورا حركة وإقامة مواطني الدول الثالثة في أندورا . وتنص على أن الدول الثلاث ستنسق متطلبات التأشيرة الخاصة بها ، على الرغم من أن أندورا اليوم تتبع متطلبات تأشيرة اتفاقية شنغن ، وأن أندورا لن تسمح إلا لأولئك الذين لديهم حق الدخول إلى إسبانيا أو فرنسا . التهريب . بسبب الضرائب المنخفضة على التبغ في أندورا ، هناك تهريب كبير للسجائر بين البلدين ؛ يتم ذلك عبر نقطة الحدود في لا فارغا دي مولاس ولكن أيضا في كثير من الأحيان عبر الممرات الجبلية . الحرس المدني مسؤول عن المراقبة على الحدود واعتقال المهربين على الجانب الإسباني .

[Chunk 3]
بلغ متوسط العمر المتوقع في أندورا 79.8 سنة للرجال و 85.2 سنة للنساء في عام 2010. تم نشر مقياس جديد لرأس المال البشري المتوقع محسوبا ل 195 دولة من عام 1990 إلى عام 2016 ومحدد لكل مجموعة ولادة على أنه السنوات المتوقعة التي تعيش من سن 20 إلى 64 عاما وتعديلها للتحصيل التعليمي أو جودة التعلم أو التعليم والحالة الصحية الوظيفية , تم نشره بواسطة "" ذا لانسيت "" في سبتمبر 2018. كان لدى أندورا المرتبة الثامنة عشرة من حيث أعلى مستوى لرأس المال البشري المتوقع مع 24 سنة متوقعة في مجالات الصحة والتعليم والتعلم والتي تتراوح أعمارها بين 20 و 64 عاما . أصبحت أندورا عضوا في منظمة الصحة العالمية في 14 يناير 1997. الرعاىة الصحية . تم إنشاء نظام الرعاية الصحية الأندوري في 24 سبتمبر 1918 استجابة لوباء الإنفلونزا الإسبانية . قبل ذلك , كانت كل بلدية مسؤولة عن التعاقد مع الأطباء وعن اللوائح المتعلقة بقضايا الرعاية الصحية على النحو الذي يختارونه . بموجب قانون إدارة الرعاية الصحية الصادر في 9 مايو 1931 , منحت المجالس الصحية للأبرشية وضعا قانونيا . في "" مؤشر الجودة والوصول للرعاية الصحية في لانسيت "", والذي صنف 195 دولة لأنظمة الرعاية الصحية بين 1990 -2015 , سجلت الدولة 95 / 100 , وهي الأفضل في العالم . يتم توفير الرعاية الصحية في أندورا لجميع الأشخاص العاملين وعائلاتهم من خلال نظام الضمان الاجتماعي الذي تديره الحكومة , "" Caixa Andorrana de Seguretat Social "", والذي يتم تمويله من قبل أرباب العمل ومساهمات الموظفين فيما يتعلق بالرواتب . يتم تغطية تكلفة الرعاية الصحية بمعدلات 75 % لمصاريف العيادات الخارجية مثل الأدوية وزيارات المستشفى , و 90 % للإستشفاء , و 100 % لحوادث العمل . قد يتم تغطية باقي التكاليف من خلال التأمين الصحي الخاص . يحتاج المقيمون والسياح الآخرون إلى تأمين صحي خاص كامل . يقع المستشفى الرئيسي , Nostra Senyora de Meritxell Hospital , في إسكالديس أنجوردني . هناك أيضا 12 مركزا للرعاية الصحية الأولية تديرها Servei Andorrà d'Atenció Sanitària , خدمة الرعاية الصحية الأندورية , في مواقع مختلفة حول الإمارة . للعلاج المتخصص يمكن إرسال المرضى إلى برشلونة أو تولوز .",متي تم توقيع الاتفاقية بين الجماعة الاقتصادية الأوروبية وإمارة أندورا ؟,28 يونيو 1990,28 يونيو 1990,0.91,0.9,0.91
"[Chunk 1]
بلاير أنونز باتل غراوندز موبايل وتعرف أيضا ببجي موبايل هي لعبة فيديو مجانية من نوع باتل رويال خاصة للهواتف الذكية طورتها تينسنت ونشروها تينسنت ، كرافتون غيم يونيون وببجي ستوديو ، صدرت في 19 مارس 2018 وتشتغل على أجهزة أندرويد وآي أو إس . فكرة اللعبة هي قتال ما يصل إلى 100 لاعب في جزيرة ومحاولة البقاء على قيد الحياة ، الشخص الأخير الذي ينجو هو الفائز بالمباراة . وقد تعدت اللعبة 500 مليون عملية تنزيل على جوجل بلاي ، وجمعت مليار تنزيل على جوجل بلاي و أبل أب ستور مجتمعين اعتبارا من مارس 2021 وحققت أكثر من 2.6 مليار دولار في عام 2020 ، مما يجعلها اللعبة الأعلى ربحا ل 2021 ووصلت إجمالي إيراداتها إلى 6.2 مليار دولار اعتبارا من أغسطس 2021. أسلوب اللعب . تتميز ببجي موبايل بأسلوب لعب مشابه جدا للعبة الأولى والأصلية ببجي ، حيث ينزل اللاعبون بالمظلات في جزيرة نائية حيث يتقاتل ما لا يزيد عن مائة مشارك كحد أقصى ليظلوا آخر الناجين . قبل كل مباراة ، يتم اختيار طريقة اللعب ، والتي يمكن أن تكون فردية أو جماعية ( بحد أقصى أربعة ). الإطلاق . بدأ الاختبار التجريبي للعبة في 15 و 16 مارس 2018 لنظامي أندرويد و آي أو إس على التوالي . بعد ردود الفعل الإيجابية ، أعلنت تينسنت وشركة ببجي عن إطلاق اللعبة من خلال جوجل بلاي وأبل أب ستور في 19 مارس 2018. ببجي موبايل لايت . "" ببجي موبايل لايت "" هو إصدار خفيف الوزن يعمل بنظام أندرويد من ببجي موبايل المصمم للأجهزة منخفضة التكلفة ذات طاقة معالجة أقل وسعة ذاكرة الوصول العشوائي ، وقد أطلقت لأول مرة في 24 يناير 2019 في تايلاند . يشتغل هذا الإصدار على الجهاز الذي يحتوي على ذاكرة وصول عشوائي ( RAM ) لا تقل عن 1 جيجابايت . صدر الإصدار البسيط في مناطق معينة فقط بما في ذلك دول أمريكا اللاتينية وآسيا وأفريقيا للاعبين الذين يمتلكون هواتف ذكية منخفضة المواصفات لتجربة اللعبة . إنه غير متوفر للولايات المتحدة والمملكة المتحدة وأستراليا . يتميز الإصدار اللعبة بخريطة أصغر حجما 2 × 2 مع ما يصل إلى 60 لاعبا في المباراة بدلا من 100 لاعب في الإصدار الأصلي .

[Chunk 2]
شركة تويتر هي شركة وسائل تواصل اجتماعي أمريكية مقرها في سان فرانسيسكو ، كاليفورنيا . تمتلك الشركة وتشغل خدمة التواصل الاجتماعي تويتر وسابقا تطبيق فاين للفيديوهات القصيرة وخدمة بيريسكوب للبث المباشر . أسس كل من جاك دورسي ، ونوح غلاس ، وبيز ستون ، وإيفان ويليامز منصة تويتر في مارس 2006 وتم إطلاقها في يوليو . ، قام أكثر من 100 مليون مستخدم بتغريد 340 مليون تغريدة يوميا ، وتعاملت الخدمة مع متوسط 1.6 مليار استعلام بحث يوميا . تم طرح الشركة للاكتتاب العام في نوفمبر 2013. ، كان لدى تويتر أكثر من 330 مليون مستخدم نشط شهريا . في 25 أبريل 2022 ، وافقت تويتر على صفقة استحواذ بقيمة 44 مليار دولار من قبل إيلون ماسك ، الرئيس التنفيذي لشركتي سبيس إكس وتسلا ، وهي واحدة من أكبر الصفقات لتحويل شركة إلى شركة خاصة . في 8 يوليو ، تراجع ماسك الصفقة ، مما نتج عنه انخفاض أسهم تويتر ، مما أدى إلى رفع كبار مسؤولي الشركة لدعوى قضائية ضد ماسك في محكمة ديلاوير في 12 يوليو . في 4 أكتوبر ، أعلن ماسك عن نيته شراء الشركة كما وافق ، مقابل 44 مليار دولار ، أو 54.20 دولار للسهم . اكتملت الاتفاقية في 27 أكتوبر . بعد استحواذ ماسك ، تعرض تويتر لانتقادات بسبب زيادة خطاب الكراهية ، بالإضافة إلى إعطاء الأولوية للمحتوى اليميني . اتسم استحواذه على الشركة بتغييرات واسعة النطاق في السياسة ، وإنهاء خدمات جماعي واستقالات ( تسريح العمال ) ، وتحول دراماتيكي في ثقافة عمل الشركة . بعد تولي ماسك زمام الأمور ، تم دمج تويتر مع "" X Holdings "" ، وبالتالي لم تعد تويتر شركة مستقلة ، وإنما جزءا من شركة X Corp. الخدمات . تويتر . تويتر عبارة عن خدمة شبكة اجتماعية يقوم المستخدمون من خلالها بإرسال نصوص وصور ومقاطع فيديو عامة أو خاصة والرد عليها وتعرف باسم "" التغريدات "". الخدمات السابقة . فاين . في 5 أكتوبر 2012 ، استحوذت شركة تويتر على شركة مقاطع فيديو تسمى فاين والتي تم إطلاقها في يناير 2013. أصدرت الشركة فاين كتطبيق مستقل يسمح للمستخدمين بإنشاء ومشاركة مقاطع فيديو متكررة مدتها ست ثوان في 24 يناير 2013. تظهر مقاطع فيديو فيان التي تمت مشاركتها على توتير مباشرة في خلاصات تويتر الخاصة بالمستخدمين . في 27 أكتوبر 2016 ، أعلن تويتر أنه سيعطل جميع التحميلات ، ولكن سيستمر العمل في العرض والتنزيل . في 20 يناير 2017 ، أطلق تويتر أرشيفا على الإنترنت لجميع مقاطع فيديو فيان التي تم نشرها سابقا . تم إيقاف الأرشيف رسميا في أبريل 2019. بيريسكوب . في 13 مارس 2015 ، أعلنت شركة تويتر عن استحواذها على بيريسكوب ، وهو تطبيق يسمح بالبث المباشر للفيديو . تم إطلاق بيريسكوب في 26 مارس 2015. نظرا لانخفاض الاستخدام ، وإعادة تنظيم المنتج ، وتكاليف الصيانة المرتفعة ، فقد تم إيقاف الخدمة في 31 مارس 2021. ومع ذلك ، لا يزال من الممكن مشاهدة مقاطع بيريسكوب السابقة عبر تويتر ويتم الآن دمج معظم ميزاتها الأساسية في التطبيق . كراشليتكس وفابريك . استحوذت شركة تويتر على كراشليتكس في 28 يناير 2013 ، وهي أداة للإبلاغ عن الأعطال للمطورين ، مقابل أكثر من 100 مليون دولار ، وهي أكبر عملية استحواذ لها في ذلك الوقت . التزم تويتر بمواصلة دعم الخدمة وتوسيعها . في أكتوبر 2014 ، أعلنت الشركة أيضا عن فابريك ، وهي مجموعة من أدوات مطوري الأجهزة المحمولة المبنية حول كراشليتكس . جمعت خدمة فابريك بين كراشليتكس ، وآنسرسز ( تحليلات تطبيقات الهاتف المحمول ) ، وبيتا ( توزيع تطبيقات الهاتف المحمول ) ، وديجيتز ( هوية تطبيقات الهاتف المحمول وخدمات المصادقة ) ، وموبب ، وتويتر كيت ( تسجيل

[Chunk 3]
لينوس غابرييل سيباستيان ( بالإنجليزية : Linus Gabriel Sebastian ) ( مواليد 20 أغسطس 1986 ) هو صانع محتوى على موقع يوتيوب تغطي قناته الرئيسية موضوعات عن التكنولوجيا ، لدى قنواته قاعدة مشتركين تزيد عن 26 مليون مشترك . من 2007 إلى 2013 ، كان بشكل منتظم يقدم مقاطع فيديو تغطي متاجر البيع بالتجزئة الكندية للكمبيوتر ( NCIX ) . وهو أيضا مؤسس والرئيس التنفيذي لمجموعة Linus Media Group. في 1 يوليو 2023 ، سيتنحى سيباستيان عن منصب الرئيس التنفيذي لشركة LMG ، وينتقل إلى منصب الرئيس التنفيذي لقسم ( Vision Officer ) بنفس الشركة . حياته الشخصية . ولد لينوس سيباستيان في 20 أغسطس 1986 ، ونشأ في مابل ريدج ، كولومبيا البريطانية . وعندما كان طفلا شخص بأنه مصاب باضطراب فرط الحركة ونقص الانتباه . نشأ في مزرعة مع أشقائه وتزوج من « إيفون هو » منذ 20 مايو 2011. في عام 2014 ، صنفت شركة Tubefilter قناته "" LinusTechTips "" ضمن "" أفضل 1 ٪ من قنوات الإعلانات المفضلة لدى غوغل "" على موقع يوتيوب لفئة التكنولوجيا . في عام 2015 ، صنفت سيباستيان في المرتبة الرابعة في قائمة "" أفضل 30 مراجعا في مجال التكنولوجيا "".",كم عدد المستخدمين النشطين شهريا لتينسنت فيديو على الجوال في مارس 2019 ؟,لدى الموقع 900 مليون مستخدم نشط شهريا للجوال,لا أعرف,0.4,0.11,0.12
"[Chunk 1]
بياصة الشوام هي رواية من تأليف الكاتب والروائي المصري أحمد الفخراني صدرت للمرة الأولى عام 2019 عن دار العين للطباعة والنشر والتوزيع . عن الرواية . رواية بياصة الشام هي رواية ذات طابع إنساني يمتزج بنوع من الفلسفة الصوفية فيما وراء الأسطورة المفعمة الخيال فهي تنتمي إلى أدب الواقعية السحرية . تدور أحداث الرواية كما يشير الاسم في منطقة بياصة الشوام الواقعة بحي العطارين في مدينة الإسكندرية . وبطل الرواية مثال يدعى سعيد تصاب أمه بالجنون فتضرم النار في نفسها وتموت منتحرة ، وهو ما يشعر سعيد بالذنب تجاه أمه التي نهرها قبل موتها ويضع على كاهله عبء نفسي يدفعه إلى الانحدار للقاع والانجراف في علاقة غرامية مع ثريا عاهرة الحي التي اختفى زوجها في ظروف غامضة ويصنع لها سعيد تمثالا . مقتطفات من الرواية . لقد ضللت وما اهتديت واهتديت وضللت ، لكن شيئا واحدا أثق به : أنتم معشر المثقفين خونة كبار ، تعيدون صياغة كل شيء كي تمرروا عذاباتكم وقلقكم الشخصي ، لكن نحن أقنعة لزهوكم وضعفكم ونرجسيتكم المكبوتة ، كيف لفقير جاهل مثلي أن يقول أشياء كبيرة إلا على لسان بليغ ، واللسان البليغ ليس لساني ، فأنا لم أعرف من الكلم إلا ابتذاله ، ومن الحكمة إلا التحايل للبقاء حيا ، لكن أنت كراو تتصرف كرب ، تجري البيان على لساني وتزلزل به روحي فتنفيها ، أنت أجهل من دابة ، لذا يغلق عليكم دائما ملكوت السماء وقلوب البسطاء . لن تعبر قلبي أبدا إلا لو دخل الجمل من سم الخياط . كما أنك تأفل وأنا لا أحب الآفلين . توغلت بعيدا جدا في الصحرا ، هل ضل الفؤاد وما رأى ؟ أي مسافة أقطعها الآن؟ ! هل هي الخطوة الفاصلة بين العقل والجنون ؟ هل أتبع إلهي الحق ، أم جعلت إلهي هواي ؟ أكلني الجوع ، فأمسكت حجرا على بطني ، تمنيت لو ربطته على قلبي الذي يغريني بالعودة ، لكن إلى أين ؟ إلى جحيم البامبو ؟ وقلت لو أنجاني منها فسأربط حجرا على قلبي طيلة عمري فلا يسعني إلا الله ، وعلى عقلي فلا أتفكر إلا فيه ، وعلى سمعي فلا أسمع إلا صوته ، وعلى بصري فلا أبصر إلا وجوده ، فالله في كل مكان ، والفتنة لم تهجرني ، بل عبرت معي إلى الصحراء ، لكني عدت فاستغفرته وواصلت المسير . عن الكاتب . مؤلف رواية بياصة الشوام هو أحمد الفخراني المولود بمدينة الإسكندرية عام 1981 ، والذي تخرج من كلية الصيدلة ثم انتقل ليقيم بمحافظة القاهرة لكي يعمل في مجال الصحافة ويكتب في عدد من الصحف والمجلات المصرية الإلكترونية والمطبوعة من بينها صحيفة أخبار الأدب ، وصحيفة الشروق ، وصحيفة البديل ، وصحيفة المصري اليوم وصحيفة دوت مصر . كتب أحمد الفخراني أيضا عددا من الروايات مثل رواية « ماندورلا » ، ورواية « سيرة سيد الباشا » ، ورواية « عائلة جادو » ، وله أيضا مجموعة قصصية بعنوان « مملكة من عصير التفاح » ، كما كتب مجموعة نصوص شعرية بالعامية جمعها في ديوان بعنوان « في كل قلب حكاية ». وفي عام 2016 حصل أحمد الفخراني على جائزة ساويرس للمركز الثاني في فرع الجائزة المخصص لشباب الأدباء عن روايته « ماندورلا ». الجوائز والتكريمات . نال الكاتب أحمد الفخراني عن روايته بياصة الشوام في عام 2021 جائزة مؤسسة ساويرس للثقافة للمركز الأول في الرواية في فرع الجائزة المخصص لشباب الأدباء .

[Chunk 2]
أحمد العبيدلي صحفي وفنان بحريني . النشأة والتعليم . تلقى تعليما متعدد الفلسفات التربوية : فمن التعليم الأميركي في أثناء دراسته في الجامعة الأميركية في بيروت في بواكير دراسته الجامعية الأولى إلى التعليم التقليدي الإسلامي حين انتمى للمعهد العالي للدراسات الإسلامية التابع لجامعة المقاصد في بيروت فدرس الفقه وأصول الدين وعلوم الحديث الشريف كما درس أسس الديانة المسيحية على يد رجال دين مسيحيين . حصل على دبلوم في البورتريه من مدرسة هيثرلي للفنون الجميلة . درس الفنون الجميلة لنيل درجة البكالوريوس في جامعة هيرتفوردشاير . تلقى تعليما حسب النظام الإنجليزي إبان دراسته لتحضير رسالة الدكتوراه في جامعة كامبريدج . المسيرة المهنية . عمل محاضر في جامعة البحرين وتنوعت اهتماماته بين التاريخ وممارسة الفن والعمل في مجال الحاسوب المتعدد اللغات . كتب في عدد من الصحف العربية في بريطانيا ولبنان والبحرين وكان من الكتاب المؤسسين للمجلة الثقافية المصباح التي برزت في بيروت . عمل باحثا في مدارس عمانية وفي جامعة المقاصد في بيروت وجامعة درم وجامعة كامبريدج في بريطانيا وجامعة البحرين . أسس أثناء دراسته في جامعة كيمبردج وإقامته اللاحقة بها كزميل مساعد مشروعا عرف باسم المؤتمر والمعرض العالمي للحاسوب المتعدد اللغات . أسس مجموعتين فنيتين أثناء وجوده في بريطانيا : فرم ذ إدج ومجموعة جروب 4 آرت وهي تضم مجموعة من الفنانين العرب المقيمين في المهجر . اكتشف أثناء عمله في جامعة المقاصد نسخة كاملة لديوان شعري بقلم الخطاط العربي ياقوت المستعصمي . ينتمي أسلوبه لفترة ما بعد الحداثة من حيث رؤية الفن في أي إبداع كان تجريديا ( كما في أعماله التي تستخدم خامة المنتشرات المائية ) أو واقعيا حديثا كما في أعماله بالزيت أو الجرافيك . المؤلفات . نشر عددا من الكتب باللغتين العربية والإنجليزية تأليفا ومشاركة وترجمة : من بينها : الإمام عزان بن قيس ( 1868 - 1871 ) ومقالات في العلوم وهي مجموعة لمحمد عبد السلام ( المسلم الوحيد الفائز بجائزة نوبل للفيزياء ) وكتاب « البحث عن دلمون » لجفري ببي .

[Chunk 3]
الانتصار في الرد على المعتزلة القدرية الأشرار كتاب من كتب العقيدة للمؤلف يحيى بن الخير العمراني . أصل هذا الكتاب رسالة دكتوراة من الجامعة الإسلامية بإشراف الدكتور عبد المحسن العباد . ورد اسم الكتاب في المخطوط هكذا : ( الانتصار في الرد على المعتزلة القدرية الأشرار ) وقد كتب فوق كلمة المعتزلة ( صح ) مما يدل على إضافتها في حال مقابلة أو نحوها . وذكره الجعدي باسم : ( الانتصار في الرد على القدرية الأشرار ). وذكره السبكي باسم : ( الانتصار في الرد على القدرية ) ذكر العمراني في مقدمة كتابه : أنه ألفه ردا على القاضي جعفر بن أحمد بن عبد السلام الزيدي الذي كان قاضيا لصنعاء ، وأظهر فيها الاعتزال فكتب العمراني رسالة فيها معتقد أهل الحديث نصيحة للمسلمين وتحذيرا من الوقوع في الضلال فرد عليه المعتزلي في كتاب سماه ( الدامغ للباطل من مذهب الحنابل ) فرد عليه العمراني بهذا الكتاب المطول وأضاف إليه الرد على أصناف المبتدعة المخالفين لعقيدة أهل الحديث . يدخل كتاب الانتصار في الرد على المعتزلة القدرية الأشرار ليحيى بن أبي الخير العمراني , في بؤرة اهتمام الباحثين والمتخصصين المهتمين بعلوم العقائد ؛ إذ يندرج كتاب الانتصار في الرد على المعتزلة القدرية الأشرار ليحيى بن أبي الخير العمراني ضمن مؤلفات فروع علوم العقيدة والتخصصات وثيقة الصلة من حديث وعلوم فقهية وسيرة وغيرها من التخصصات الشرعية . فقد تضمن ردا وإفحاما للأشعرية الذين يزعمون أنهم ينتصرون لعقيدة أهل السنة ويردون على المعتزلة وهم يقولون في الواقع بقول المعتزلة في مسائل عديدة . مصادر الكتاب . اعتمد المصنف في كتابه على القرآن الكريم وعلى صحيح البخاري والترمذي وكتاب الشريعة للآجري وكتاب شرح اعتقاد أهل السنة للالكائي ، وقد ذكر ذلك في مقدمة الكتاب وهذا ظاهر من تخريج الآثار ، ونقل عن إحياء علوم الدين للغزالي عدة نقول منها روايات عن الأئمة في التحذير من الكلام وذم المتكلمين وكذلك روايات في فضل العقل ، ونقل عن غريب الحديث لأبي عبيد عدة نقول . موضوع الكتاب . الانتصار لعقيدة السلف وإثباتها بإظهار أدلتها والرد على المخالفين المبتدعة وقد شغل إثبات القدر النصف الأول , من الكتاب ، حيث ذكر أدلة إثباته من القرآن والسنة وأقوال الصحابة ورد على المعتزلي القدري فيما اعترض به على الآيات والنصوص الشرعية بالوجوه العديدة المفيدة مما جعل الكتاب في استيعابه للنصوص الشرعية في القدر واستيعاب أوجه الرد على اعتراضات وشبه القدرية فريدا في بابه .",ما هي الكتابات الأخري للمؤلف أحمد الفخراني ؟,"كتب أحمد الفخراني أيضا عددا من الروايات مثل رواية « ماندورلا » ، ورواية « سيرة سيد الباشا » ، ورواية « عائلة جادو » ، وله أيضا مجموعة قصصية بعنوان « مملكة من عصير التفاح » ، كما كتب مجموعة نصوص شعرية بالعامية جمعها في ديوان بعنوان « في كل قلب حكاية ».","روايات ""ماندورلا""، ""سيرة سيد الباشا""، ""عائلة جادو""، مجموعة قصصية ""مملكة من عصير التفاح""",0.9,0.9,0.9
"[Chunk 1]
سان جورجيو دي غريسي كما تعرف باسم كنيسة القديس جورج اليوناني هي كنيسة في حي سيستيري في كاستيلو ، البندقية ، شمال إيطاليا كانت مركز مدرسة اليونانيين وهي أخوية في البندقية . حول هذه الفترة كانت هناك كنيسة مماثلة في نابولي تسمى كنيسة القديس بطرس وبولس اليونانية . على الرغم من الروابط الوثيقة بين البندقية والعالم البيزنطي ( كانت البندقية جزءا من الإمبراطورية البيزنطية ) ، لم يسمح بالطقوس الأرثوذكسية اليونانية في البندقية . في عام 1498 ، اكتسب المجتمع اليوناني في البندقية الحق في تأسيس مدرسة سان نيكولو دي غريسي ، وهي أخوية ساعدت أعضاء هذا المجتمع . في عام 1539 ، بعد مفاوضات مطولة ، سمحت البابوية ببناء كنيسة سان جورجيو ، بتمويل من الضريبة التي كانت مفروضة على جميع السفن من العالم الأرثوذكسي . بدأ البناء من قبل سانتي لومباردو ، ومن عام 1548 ، بواسطة جيانانتونيو شيونا . تم بناء برج الجرس عام 1592. يحتوي الجزء الداخلي على نصب تذكاري لغابرييل سيفيروس ( 1619 ). رسم جيوفاني كيبريوس قبة الكنيسة بالجص . الفنانون الآخرون الذين أكملوا أعمال الكنيسة هم ماركوس باتاس وتوماس باتاس وفينيديكتوس إمبوريو ومايكل داماسكينوس وإيمانويل تزاني بونياليس الذي كان يعمل كاهنا ورجل دين من جزيرة كريت الفنانون اليونانيون المشهورون الآخرون المرتبطون بالكنيسة هم : كونستانتينوس تزانيس ، فيلوثيوس سكوفوس ، يوانيس موسكوس ، ليوس موسكوس وإيمانويل تزانفورناريس . من بين الكنوز الموجودة في هذه الكنيسة ثلاث أيقونات أحضرتها آنا نوتاراس ، ابنة لوكاس نوتاراس ، آخر ميغا دوكس من الإمبراطورية البيزنطية ، إلى إيطاليا قبل عام 1453 ، وأعطتها لاحقا إلى هذه الكنيسة كأمانة من أجلها عندما يمكن بناء كنيسة تتبع الإيمان الأرثوذكسي اليوناني . تتكون هذه الأيقونات من : واحدة للمسيح في مجده محاطة برموز الإنجيليين الأربعة وشخصيات الرسل الاثني عشر والثانية من المسيح بانتوكراتور ، والثالثة صورة للعذراء هودجيتريا . بالقرب من الكنيسة تقع مدرسة فلانجينيان ، وهي مدرسة المعلمين اليونانية ، والتي تضم اليوم المعهد الهيليني للدراسات البيزنطية وما بعد البيزنطية في البندقية . تم إنشاء المتحف من قبل صوفيا أنطونيادس . مايكل داماسكينوس . بين 1560 -1583 أكمل مايكل داماسكينوس أعمال الكنيسة . يقع خمسة وعشرون من أعماله الرئيسية في البندقية . عشرون من لوحاته هي جزء من كنيسة القديس جورج اليوناني . ثمانية عشر من أيقوناته هي جزء من أيقونة الكنيسة . يصور أحدهم رئيس الملائكة ميخائيل . تسعة من اللوحات تعرض دوديكورتو والمقصود بها تلك الأعياد الكبرى في الكنيسة الأرثوذكسية الشرقية . اثنان من أعماله وراء الحاجز الأيقوني داخل الحرم المقدس . أربعة من أعماله هي جزء من المعهد اليوناني في البندقية . يرتبط المتحف ومرفق البحث بهذه الكتيسة ، بينما تقع إحدى لوحاته وهي زفاف في قانا في متحف كورير في البندقية . إيمانويل تزانيس . واحدة من أهم العصور في تاريخ سان جورجيو دي غريسي هي الفترة التي كان فيها الرسام المشهور عالميا إيمانويل تزانيس كاهنا في المؤسسة . ارتبط بالكنيسة من عام 1655 إلى 1690. تم الانتهاء من بعض أهم أعماله أثناء وجوده في البندقية . كان أحد هذه الأعمال هو سيدة لامبوفيتيسا الذي اكتمل في عام 1684 ، وكان معه الرسام الشهير لأخيه كونستانتينوس تزانيس والشاعر مارينوس تزانيس . كانوا ينتمون أيضا إلى الكنيسة . خلال هذه الحقبة ، شارك الرسامون اليونانيون يوانيس موسكوس وليوس موسكوس وفيلوثيوس سكوفوس أيضا في الكنيسة . ترتبط أربعة من أعمال إيمانويل بسان جورجيو دي جريتشي . أكمل إيمانويل أيقونة أليبيوس للحاجز الأيقوني . رسم إبراهيم وملكي صادق لألواح أبواب الأبواب الملكية . أكمل صلب الكنيسة . أخيرا ، رسم أيضا يسوع ، ومريم العذراء ، ويوحنا المعمدان على منصة مقدسة

[Chunk 2]
بطريركية الاقباط الارثوذكس بالقدس أو الكرسي المقدس لمطرانية القدس ، وكل فلسطين ، وسائر الشرق الأدنى ) ، هي مطرانية تتبعالكنيسة القبطية الأرثوذكسية ، وتنتمي الي الكنائس الأرثوذكسية المشرقية . يرأسها مطران القدس القبطي الأرثوذكسي ، حيث يشغل هذا المنصب منذ عام 2016 رئيس أساقفة القدس أنطونيوس . ترعي المطرانية المسيحيين الأرثوذكس الذين يعيشون في الشرق الأدنى ، مع الكنائس والأديرة في فلسطين والكويت والاردن ولبنان وسوريا والعراق ، وينحدر معظم أتباعها من أصول مصرية قبطية ومن المهاجرين الأقباط وأحفادهم . يقع مقر الأبرشية في دير القديس أنطونيوس ، في الحي المسيحي في البلدة القديمة في القدس ، بجانب كنيسة القيامة . تاريخ . نمت الرعية القبطية في بلاد الشام في القرون الوسطى باستقر الكثير من التجار المصريين الأقباط هناك ، ومع بداية القرن الثالث عشر ، أصبحت الكنيسة القبطية تمتلك مذبحا مجاورا للقبر المقدس ، ودير السلطان في القدس ، وعدد قليل من الكنائس في القدس وغزة ودمشق . وعلى الرغم من انتماء المسيحيين الأقباط إلى الكنيسة القبطية الأرثوذكسية وكرسي الإسكندرية ، كانوا آنذاك يتبعون في الشام حقوقيا الكنائس الانطاكية في القدس ، وكانوا بالتالي يخدمون رعويا من قبل كنيسة السريان الأرثوذكس . ومع ذلك ، تطور عبر السنين تقليد لأسقف دمياط القبطي بزيارة القدس سنويا خلال عيد القيامة والاحتفال بالعيد مع الأقباط الذين يعيشون هناك . وقد ساعد ذلك في الحفاظ على العلاقة بين هؤلاء المغتربين الأقباط في القدس والكنيسة القبطية في مصر . بعد رحيل رئيس أساقفة القدس للسريان الأرثوذكس ، أغناطيوس سادو ، بدأت فترة طويلة من خلو الكرسي السرياني في القدس ، وبالتالي ، لم يكن هناك أسقف محلي مشرقي أرثوذكسي لرعاية المصلين . واستمر هذا المنصب شاغرا لغالبية القرن الثالث عشر ، من حوالي 1210 إلى 1290 تقريبا . في بداية عهد البابا كيرلس الثالث "" ابن لقلق "" ، بطريرك الإسكندرية للاقباط الخامس والسبعين ، أجريت إصلاحات شاملة في ترتيب الإكليروس للكنيسة القبطية الأرثوذكسية من أجل ترسيخ سلطة لبابا الاقباط ، وتضمنت هذه الإصلاحات نقل الكرسي البطريركي إلى كنيسة رئيس الملائكة ميخائيل في جزيرة الروضة ، وإصبح هو المسؤول عن جميع الأديرة ، فتقلصت سيطرة أساقفة الأبرشيات . ولما وجد الكرسي السرياني في القدس شاغرا ، رأى فرصة لتوسيع نطاق سلطته وقرر تعيين أسقف قبطي على الكرسي . وفي عام 1236 كرس المطران باسيل الأول ليكون مطران القدس ورئيس أساقفة الشرق الأدنى . ولأن كرسي القدس كان تحت سلطة كرسي أنطاكية ، فقد اعتبر الكثيرون داخل الكنيسة القبطية أن هذه الرسامة تمثل خروجا عن التقاليد وتجاوزا للسلطة القضائية ، كما اعترض كثير من قادة الكنيسة القبطية خشية أن يتسبب ذلك في انقسام بين الكنائس الشقيقة في أنطاكية والإسكندرية . وقد غضب البطريرك الأنطاكي أغناطيوس الثالث داود لهذا التعيين واندلعت أزمة دبلوماسية بين الكنيستين القبطية والسريانية ، كانت من الازمات النادرة جدا بين الكنيستين ، حيث ظلت العلاقات بينهما جيدة عبر القرون . كرامة واقدمية . تتمتع بطريركية الاقباط الارثوذكس بالقدس بمكانة خاصة من حيث الأقدمية والكرامة . تقع هذه المطرانية خارج مصر جغرافيا ولا تعتبر ضمن اختصاص كرسي الإسكندرية ، ولكنها جزء لا يتجزأ من الكنيسة القبطية الأرثوذكسية . لهذا السبب ، ينظر إلى مطرانها على أنه في المرتبة الثانية بعد بابا الإقباط ، وله الأقدمية على جميع الاساقفة الآخرين . كما ينعكس التقدير الممنوح لرئيس هذا الكرسي في طقس تكريسه ، فبينما تقضي تقاليد الكنيسة القبطية الأرثوذكسية بضرورة تكريس أسقف الأبرشية بدرجة أسقف ثم ترقيته إلى مطران بعد مضي فترة من الزمن ، يستثنى أسقف القدس وكل فلسطين والشرق الأدنى ، الذي يكرس بدرجة مطران دون الحاجة إلى أن يكون

[Chunk 3]
القديس خرالمبوس كان كاهن مسيحي مبكر ولد في مغنيسيا على نهر المندريس في آسيا الصغرى . اسمه يترجم إلى "" مشع بالفرح "" في اليونانية . عاش في عهد سيبتيموس سيفيروس ( 193 -211 ) ، عندما كان لوسيان حاكم ماغنيسيا . يعتقد أنه كان يبلغ من العمر 113 عاما عند وفاته عام 202. حياته وشاهادته . كان خرالمبوس أسقف مغنيسيا ونشر الإنجيل في تلك المنطقة لسنوات عديدة . عندما وصلت أخبار تبشيره إلى السلطات الرومانية ، الوالي لوسيان والقائد العسكري لوسيوس ، تم القبض على خرالمبوس ومحاكمته ، حيث اعترف بإيمانه بالمسيح ورفض تقديم الأضاحي للأوثان . على الرغم من تقدمه في السن ، تعرض للتعذيب الشديد . قام معذبوه بتمزيق جسده بخطافات حديدية وسلخ جلده عن جسده . يذكر أنه قال لمعذبيه : « أشكركم يا إخوتي على سلخ الجسد القديم وتجديد روحي للحياة الجديدة والأبدية ». وفقا لسيرة القديس ، اعتنق جنديان باسم « بورفيروس » و « بابتوس » المسيحية إثر مشاهدتهم تحمل القديس خرالمبوس لعذاباته ، وقطع رأسيهما بالسيف نتيجة لذلك . كما استهدت ثلاث نساء شهدن على آلام خارالمبوس واعتنقن المسيحية . ومن الأساطير المتداولة أن القائد لوسيوس أخذ أدوات التعذيب بغضب وبدأ يعذب خرالمبوس بنفسه ، وإذ بساعديه يقطعان كما لو بالسيف . كما أن الحاكم لوسيان بصق في وجه القديس ، فاستدار رأس لوسيان على الفور إلى الوراء . يروى أن كلا من لوسيان ولوسيوس صليا طلبا من للرحمة ، فشفاهما القديس وأصبحا مسيحيين . تقول الأسطورة إن خرالمبوس كان قد تعرض للمزيد من التعذسي بعد أن أحضر إلى الإمبراطور سبتيموس سيفيروس بنفسه . بعد أن حكم عليه بالموت واقتيد إلى مكان الإعدام ، صلى خرالمبوس طالبا من الله تحصين مرقده من المجاعة والمرض . بعد صلاته هذه ، أسلم روحه لله قبل أن يمس سيف الجلاد رقبته . وفقا للتقليد ، تأثرت غالينا ابنة سيفيروس بشدة بوفاته ، حتى أنها اعتنقت المسيحية ودفنت خرالمبوس بنفسها . تقديسه . جمجمة القديس خرالمبوس محفوظة في دير القديس اسطفان في ميتيورا في اليونان . تنسب العديد من المعجزات تقليديا إلى ذخائره الموجودة في أماكن عدة في اليونان وخارجها . أعطت هذه المعجزات القديس خرالمبوس ، والذي يعتبر أكبر الشهداء عمرا ، معزة خاصة لدى الشعب اليوناني . في بعض الجزر اليونانية ، يحتفل بيوم القديس بالتضحية بالثيران . « هذا المهرجان هو أهم نشاط شعبي في قرية آيا باراسكيفي ، ويجمع ما بين أحداث عدة تتعلق بطقوس التضحية بالثور . أحيت [ مجموعة زراعية ] هذه العادة القديمة عام 1774 تقديسا للقديس خرالمبوس ، حامي المجموعة الزراعية التي تنظم المهرجان ». يحتفل بعيد القديس خرالمبوس بالعادة بتاريخ 10 فبراير ( الموافق ل 23 فبراير بحسب التقويم اليولياني ) ، باستثناء عندما يصادف هذا التاريخ يوم سبت الأرواح الذي يسبق الصوم الأربعيني أو يوم الاثنين النظيف ( اليوم الأول من الصوم الكبير ) ، وفي هذه الحالة يتم الاحتفال بالعيد في 9 فبراير . كما أن القديس خرالمبوس يقدس في كوميتان في ولاية تشياباس ، المكسيك ( ويسمى بالإسبانية سان كارالامبيو ). الايقونية . في سير القديسين والأيكونغرافيا بحسب التقليد اليوناني ، يعتبر خرالمبوس كاهنا ، بينما تعتبره المصادر الروسية أسقفا .",ما الكنائس التي تحتفل بعيد القديس جاورجيوس كراعي لها ؟,بلغاريا وإثيوبيا واليونان وجورجيا والبرتغال ورومانيا وسوريا ولبنان وكاتالونيا وألكوي وأراغون وريو دي جانيرو,لا أعرف,0.1,0.13,0.1
"[Chunk 1]
سيشل رسميا جمهورية سيشل هي دولة جزيرية في أفريقيا تتواجد في المحيط الهندي مكونة من عدة جزر ، عاصمتها مدينة فيكتوريا . الجغرافيا . سميت بهذا الاسم نسبة إلى شخص فرنسي كان مسؤولا عن جباية الضرائب . يتألف أرخبيل « سيشل » من نحو 115 جزيرة في المحيط الهندي تبعد نحو 1600 كيلو متر عن ساحل إفريقيا الشرقي ، إلى الشمال الشرقي من مدغشقر ، وتتوسط جزرها الرئيسية بقية الجزر وهي ماهيه وبراسلين ولا ديغو وهي عبارة عن جزر جرانيت صخرية . أما بقية الجزر فهي مرجانية يغوص معظمها تحت سطح الماء مكونة بعض القمم المنخفضة ، وهي ليست بركانية بطبيعتها كغيرها من الجزر البركانية . ومن الدول المجاورة لها جزيرة مدغشقر كما نجد أقرب البلدان على البر الإفريقي إليها الصومال إلى الشمال الغربي . تاريخ . لم تشهد « سيشل » آثارا لحياة بشرية واضحة إلا في القرن السابع عشر حيث وصل البرتغاليون إلى الجزر فلم يجدوا فيها حياة تذكر سوى نقطة يتخذ منها القراصنة ملاذا وقاعدة لانطلاق سفنهم في المحيط الهندي ، بعد أن امتد ذلك لأكثر من مائتي عام . وفي سنة 1756 م زعمت فرنسا بحقها في ضم الجزيرة وذلك بعد أن أرسل حاكم موريشيوس الفرنسي « ماهي دو لا بوردوناس » سفينة لاستطلاع الجزر فنزل قائد السفينة في أكبر الجزر ليطلق عليها اسم حاكمه ويظل الاسم إلى الآن . وصلت أول شحنة من الفرنسيين وبعض مواطني مستعمراتهم إلى تلك الجزر سنة 1770 م ، وذلك لزراعة قصب السكر والبن والشاي وبعض النباتات المدارية الأخرى ، وتنازلت فرنسا عن الجزيرة لصالح بريطانيا بعد الحرب التي وقعت بين البلدين أيام نابليون بونابرت وذلك في سنة 1814 م . ومن سنة 1814 إلى 1903 م كانت الجزيرة تدار كجزء من موريشيوس لتصبح سيشل مستعمرة قائمة بذاتها إلى أن نالت استقلالها في يونيو من سنة 1976 م . التقسيم الإداري .

[Chunk 2]
تشيكوسلوفاكيا ( بالتشيكية والسلوفاكية : Československo ، وتلفظ "" تشيسكوسلوفينسكو "") كانت دولة تقع في القارة الأوروبية تأسست في أكتوبر 1918 حينما أعلنت استقلالها عن الإمبراطورية النمساوية المجرية وظلت قائمة حتى تفككها السلمي في 1 يناير 1993 لتنقسم إلى دولتين هما جمهورية التشيك وجمهورية سلوفاكيا . التاريخ . أعلن عن قيام جمهورية تشيكوسلوفاكيا رسميا يوم 28 أكتوبر 1918 نتيجة اتحاد خمسة مناطق مستقلة عن الإمبراطورية النمساوية المجرية وهذه المناطق هي : بوهيميا ومورافيا وأجزاء من سيليزيا ( كلها في التشيك حاليا ) وسلوفاكيا وروثينيا الكارباتية ( في أوكرانيا حاليا ) وكان أول رؤسائها توماس ماساريك وتلاه إدوارد بينيش . احتلتها ألمانيا النازية عام 1939 وقسمتها إلى منطقتين : محمية بوهيميا ومورافيا برئاسة إميل هاخا والجمهورية السلوفاكية برئاسة يوزيف تيسو كما جعلت سيليزيا تحت إدارة بولندا ، وروثينيا الكارباتية تحت إدارة المجر إلا أن تشيكوسلوفاكيا وبعد تحررها من الاحتلال النازي استرجعت جميع أراضيها باستثناء روثينيا الكارباتية التي ضمها الاتحاد السوفييتي إلى أراضيه وهي إحدى مقاطعات أوكرانيا في الوقت الحاضر . بعد أن تمكن الجيش السوفييتي من تحريرها من الألمان عام 1945 إبان الحرب العالمية الثانية ( 1939 - 1945 ) ، أصبحت تدريجيا تكون إحدى دول الكتلة الشيوعية في أوروبا التي كان الاتحاد السوفييتي يترأسها . على إثر انهيار الاتحاد السوفييتي عام 1991 وظهور خلافات عدة بين الدولتين ، تم الاتفاق على حل الاتحاد بين جمهورية التشيك وجمهورية سلوفاكيا عام 1992 فانتهت تشيكوسلوفاكيا فعليا من الوجود ، وأعلن قيام كل من جمهورية التشيك و جمهورية سلوفاكيا في العام التالي . شهدت تشيكوسلوفاكيا عام 1968 ما يسمى بربيع براغ بعد أن أعلن رئيس الوزراء في ذلك الوقت ألكسندر دوبتشيك تحفظه على سياسات الاتحاد السوفييتي مما حدى بالجيش الأحمر إلى دخول براغ وقمع المظاهرات وإسقاط دوبتشيك . اللغة . اللغة الرسمية السائدة في تشيكوسلوفاكيا هي التشيكية ، وهي لغة سلافية غربية إحدى اللغات الهندوأوروبية . تشبه إلى حد كبير السلوفاكية ثم البولندية ، والصوربية لإقليم لوساتيا في ألمانيا ، والأوكرانية والروسينية والروسية لإقليم زاكارباتيا في أوكرانيا ، منذ انضمام التشيك إلى الاتحاد الأوروبي عام 2004 أصبحت اللغة التشيكية إحدى اللغات الرسمية للاتحاد الأوروبي ويشار إلى علم اللغة التشيكية بعلم اللغة البوهيمية نسبة إلى منطقة بوهيميا في التشيك . السكان .

[Chunk 3]
جمهورية أفريقيا الوسطى هي بلد غير ساحلي في وسط أفريقيا ، تحدها تشاد في الشمال والسودان في الشمال الشرقي ، وجنوب السودان في الشرق ، وجمهورية الكونغو الديمقراطية وجمهورية الكونغو في الجنوب والكاميرون في الغرب . وهي تغطي مساحة حوالي 620 , 000 كيلومتر مربع ( 240 , 000 ميل مربع ) ، ويقدر عدد سكانها ب حوالي 4.4 مليون اعتبارا من عام 2008. وعاصمتها هي بانغي . أطلقت فرنسا على مستعمرتها التي اقتطعتها في هذه المنطقة بأوبانغي - شاري ، حيث تقع معظم هذه الأراضي في أحواض نهري أوبانغي وشاري . وفي الفترة من سنة 1910 حتى عام 1960 كانت تشكل جزءا من أفريقيا الاستوائية الفرنسية . أصبح الإقليم يتمتع بحكم شبه ذاتي في ظل الجمهورية الفرنسية في عام 1958 ومن ثم دولة مستقلة في 13 آب عام 1960 ، فاتخذت اسمها الحالي . وكانت تحكم جمهورية أفريقيا الوسطى لأكثر من ثلاثة عقود بعد الاستقلال بحكام غير منتخبين تولوا السلطة بالقوة . عقدت انتخابات ديمقراطية متعددة الأحزاب لأول مرة في سيارة في عام 1993 ، مع المعونة من الموارد التي تقدمها الجهات المانحة في البلاد ومساعدة من الأمم المتحدة . جلبت الانتخابات أنجي فيليكس باتاسيه إلى السلطة ، لكنه خسر الدعم الشعبي خلال فترة رئاسته وأطيح في عام 2003 من قبل الجنرال فرانسوا بوزيزيه ، الذي ذهب إلى الفوز في انتخابات ديمقراطية في مايو 2005. عدم القدرة بوزيزيه لدفع العاملين في القطاع العام أدت إلى إضرابات في عام 2007 ، والتي أدت به إلى تعيين حكومة جديدة في 22 كانون الثاني 2008 ، برئاسة فوستين أرشانج تواديرا . في فبراير 2010 ، وقع فرانسوا بوزيزيه مرسوما رئاسيا الذي حدد 25 أبريل 2010 موعدا للانتخابات الرئاسية . تم تأجيل هذا ، ولكن جرت انتخابات في يناير 2011 ، التي فاز فيها بوزيزيه وحزبه . على الرغم من حفاظه على قليل من الاستقرار ، كان يعاني حكم بوزيزيه من الفساد والمحسوبية والسلطوية ، الأمر الذي أدى إلى تمرد علني ضد حكومته . وقاد التمرد تحالف من فصائل المعارضة المسلحة المعروفة باسم تحالف سيليكا خلال الحرب الأهلية في جمهورية أفريقيا الوسطى ( 2004 -2007 ) ونزاع 2012 -2013. هذا أدى في النهاية إلى الإطاحة به يوم 24 مارس 2013. نتيجة للانقلاب والفوضى الناتجة عن ذلك ، والحكم في جمهورية أفريقيا الوسطى قد اختفى وقال رئيس الوزراء نيكولا Tiangaye البلاد هو « الفوضى ، وغير التابعة للدولة .» استقال كل من الرئيس ورئيس الوزراء في يناير كانون الثاني عام 2014 ، لتحل محلها زعيم المؤقتة . تغطي معظم أراضي البلاد السافانا السودانية الغينية وتشمل أيضا منطقة الساحل والسودان في الشمال ومنطقة الغابات الاستوائية في الجنوب . ثلثي البلاد يقع داخل أحواض نهر أوبانغي الذي يتدفق جنوبا إلى الكونغو ، في حين أن الثلث المتبقي يكمن في حوض شاري ، الذي يتدفق شمالا إلى بحيرة تشاد . على الرغم من الاحتياطيات المعدنية الهامة وغيرها من الموارد ، مثل احتياطيات اليورانيوم في « باكوما » والنفط الخام في فاكاغا والذهب وألماس والخشب والطاقة المائية ، وكذلك الأراضي الصالحة للزراعة ، فجمهورية أفريقيا الوسطى هي واحدة من أفقر البلدان في العالم وبين أفقر عشرة بلدان في أفريقيا . مؤشر التنمية البشرية لجمهورية أفريقيا الوسطى 0.343 ، الأمر الذي يضع البلاد في 179 من تلك البلدان 187 مع البيانات . تمر البلاد الآن بحرب شعواء بدأت في أواخر 2012 م . التاريخ . التاريخ المبكر . أثبتت أبحاث الآثار وجود الإنسان على أرض أفريقيا الوسطى منذ العصر الحجري القديم ، وفيما يخص سكانها الحاليين فأقدمهم هم شعوب « الجبايا » و « الماندجية » الذين استوطنوا أرض أفريقيا الوسطى على أساس مجتمع عشائري لامركزي ، ومع بداية القرن 19 هاجرت شعوب « الباندا » قادمة من الشمال الشرقي واستقرت أيضا في أفريقيا الوسطى . أما في الجهة الجنوبية الشرقية فقد أسست قبائل أزاندي خلال القرنين 18 و 19 مجتمعا أكثر طبقية تتمركز على قمته الطبقة الحاكمة . فيما يخص الشمال الشرقي فقد سقطت بعض من مناطقه في الفترة الممتدة بين سنتي 1893 و 1900 تحت حكم الأمير السوداني رابح بن الزبير بن فضل الله . هذا ، ويعتبر مؤرخ إفريقيا السيد روبرت كورنفان () هذه المنطقة من أفريقيا ، أفريقيا الوسطى ، منطقة لا تاريخية أي وراء التاريخ مشيرا بهذا إلى صعوبة التأريخ لها ، ويستفاد من هذه الإشارة صعوبة تحديد التاريخ القديم للجمهورية كما يصعب ترسيم معالم الانفتاح على العالم بدقة .",ما هي جمهورية سيشل ؟,هي دولة جزيرية في أفريقيا تتواجد في المحيط الهندي,جمهورية سيشل دولة جزيرة في المحيط الهندي.,0.91,0.92,0.92
"[Chunk 1]
رحلة الإنتقام مسلسل إماراتي وهو مغامرات تاريخية تمثيل روحي الصفدي ، زهير النوباني ، أحمد الجسمي ، محمد الجناحي ، حبيب غلوم ، مرعي الحليان ، محمد العامري ، إخراج جابر ناصر آل رحمة تاريخ العرض 26 اكتوبر 2003 ( الإمارات العربية المتحدة ) عدد الحلقات 16 ومدة كل حلقة 45 دقيقة . ملخص المسلسل . تدور الأحداث في إطار الصراع الأزلي الدائم بين الخير والشر ، ليصبح الخير دائما في خطر وانعدام سلام .

[Chunk 2]
حرب السحر هو مسلسل أنمي ياباني تلفزيوني مقتبس من سلسلة ألعاب فيديو . أنتج من قبل استوديو غايناكس ، وإخراج أيانو أوهنوكي ، عرض الأنمي في 8 أبريل عام 2014 واستمر عرضه حتى 30 سبتمبر عام 2014 ، وتكون 26 حلقة . القصة . تدور أحداث القصة عن مسابقة بين فتيات ساحرات اجتمعت من 47 محافظة في اليابان . الشخصيات . ناروكو أوبا مؤدية الصوت : ميهو أراكاوا تاكيسوزومي مؤدي الصوت : كويتشي ياماديرا رين كوباري مؤدية الصوت : ريه موراكاوا موسوكي مؤدية الصوت : ساتومي أراي يوري إينواشي مؤدية الصوت : ريوكو شينتاني شيشيكو مؤدية الصوت : ريوتا تاكيوتشي ماتسوري سينغين مؤدية الصوت : يوشينو نانجو "" تورو ""' مؤدية الصوت : ميتسوؤو إيواتا سوزوكا كاميكي مؤدية الصوت : ميكاكو كوماتسو إيبيزو مؤدية الصوت : شيغيرو تشيبا ميبوكي كونوي مؤدية الصوت : كوتوري كويواي أواغي - سان مؤدية الصوت : أريسا نيشيغوتشي رينكا أرياكي مؤدية الصوت : يوكا تيرازاكي إيسورا مؤدي الصوت : كابي ياماغوتشي أماني ساكاكي مؤدية الصوت : هارونا إيكيزاوا

[Chunk 3]
مسلسل مصري يتكون من 40 دقيقة ورا كل باب حكاية 5 حلقات ، قصة المسلسل . مسلسل ورا كل باب حكاية يتكون من عدة حكاية كل منها يختلف عن الآخر ، وتتكون كل حكاية من مسلسل ورا كل باب حكاية 5 حلقات ، حيث تم عرض الموسم الأول من مسلسل ورا كل باب حكاية بطولة أحمد زاهر في موسم رمضان الماضي وحقق نجاحا كبيرا وسط الجمهور العربي",كم عدد حلقات المسلسل ؟,17 حلقة,16 حلقة,0.92,0.92,0.9
"[Chunk 1]
العوامل التنبئية الاجتماعية للاكتئاب هي مجموعة الجوانب في بيئة الفرد الاجتماعية ذات الصلة بتطوير الفرد لاضطراب الاكتئاب الشديد . تشمل عوامل الخطر هذه أحداث الحياة الاجتماعية السلبية ، والنزاعات ومستويات الدعم الاجتماعي المنخفضة ، إذ لوحظ وجود ارتباط بين كل من هذه العوامل واحتمالية معاناة الفرد من الاضطراب الاكتئابي ، أو مدة هذا الاكتئاب أو شدة أعراضه . أحداث الحياة الاجتماعية السلبية . تلعب أحداث الحياة الاجتماعية السلبية دورا هاما في زيادة خطر الإصابة بالاكتئاب وغالبا ما يتوجه الأطباء السريريون نحو التحقق من وقوع أي حدث كبير في حياة المريض قبل وقوع أعراض الاكتئاب . تشير التوقعات إلى إمكانية اعتبار هذه العلاقة سببية إلى حد كبير ، إذ ترجع الأدلة الأهم على العلاقة السببية إلى النتائج التي تفيد بوجود ارتباط قوي بين الأحداث السلبية الخارجة عن سيطرة المرء واحتمال إصابته بالاكتئاب ، إذ من غير المحتمل تطور أعراض الاكتئاب بشكل منفصل تماما عن أحداث الحياة السلبية . ساهمت الدراسات على التوائم بتوفير دعم إضافي لهذه النتائج ، إذ سمحت هذه الدراسات للباحثين بالتحكم في العوامل التنشئية الداخلية التي يحتمل ارتباطاها ببدء تطور الاضطراب . مع ذلك ، يمتلك الأفراد ذو الميل الأكبر نحو الإصابة بالاكتئاب قابلية أكبر لاختبار أحداث الحياة الاجتماعية السلبية نظرا إلى وضعهم أنفسهم في علاقات أكثر ميلا نحو اختبار هذه الاحداث السلبية . تأتي أدلة الارتباط بين أحداث الحياة الاجتماعية السلبية والإصابة بالاكتئاب بشكل رئيسي من دراسات الحالة والدراسات التي تقارن تكرارية هذه الأحداث لدى الأفراد المصابين بالاكتئاب بالمعدلات المرصودة لدى الأشخاص الممثلون لمجموعة أكبر من السكان . غالبا ما يمكن رصد أحداث الحياة السلبية عبر الشخص المكتئب بعد تبليغه عنها ، إذ تسبق أحداث الحياة الكبيرة السلبية ما يصل إلى 80 % من حالات اضطراب الاكتئاب الشديد ، وتميل الأعراض إلى التطور خلال شهر واحد من اختبار هذا الحدث عند وجود تشخيص سابق باضطراب الاكتئاب الشديد . توجد علاقة أيضا بين معدل التكرار المرتفع لهذه الأحداث السلبية والعينات التمثيلية لمجموعة السكان غير المصابة بالاكتئاب ، إذ غالبا ما تشير الدراسات إلى زيادة احتمالية اختبار هذه التجارب السلبية بمرتين لدى الأفراد المكتئبين . علاوة على ذلك ، يمتلك الأفراد المصابون بالاكتئاب فرصة أكبر لاختبار أحداث الحياة السلبية السابقة لظهور الأعراض مقارنة بغيرهم من المصابين بالمشاكل النفسية الأخرى مثل الفصام واضطراب ثنائي القطب . على الرغم من تبليغ الأفراد عن وقوع حدث حياتي اجتماعي سلبي بشكل سابق لتطور الاكتئاب ، لا يحصل معظم الاشخاص ممن اختبروا هذه الأحداث على تشخيص اضطراب الاكتئاب الشديد . يعتبر هذا الأمر نابعا بشكل جزئي من اعتبار سلوكيات الحزن طبيعية وصحية في غالبية الأوقات إذ لا ترقى إلى وضع تشخيص دال على وجود مشكلة مرضية . مع ذلك ، من المقترح وجود دور هام لكل من تاريخ الفرد مع اضطراب الاكتئاب الشديد ، ومستويات الدعم الاجتماعي ، والجندر ، والجنس واختلافات الشخصية في توسط قابلية الفرد للإصابة باضطراب الاكتئاب المرضي .

[Chunk 2]
علم التعرض هو دراسة الاتصال بين البشر ( والكائنات الحية الأخرى ) مع العوامل الضارة داخل بيئتهم - سواء كانت عوامل كيميائية أو فيزيائية أو بيولوجية أو سلوكية أو ضغوطات عقلية – لأجل تحديد أسبابها والوقاية من الآثار الصحية الضارة التي تنتج عنها . يمكن أن يشمل التعرض داخل المنزل أو مكان العمل أو في الهواء الطلق أو أي بيئة أخرى قد تواجه الفرد . التعرض : هو المصطلح الشامل للعديد من الأنواع المختلفة ، بدءا من التعرض للأشعة فوق البنفسجية وللمواد الكيميائية في الطعام الذي نأكله ولساعات العمل الطويلة والتي تعد العامل المهني الأكثر عزوا إلى عبء المرض . تنشأ الحاجة إلى هذا المجال من النطاق الواسع للتعرض الذي أدى إلى نتائج صحية سلبية على البشر والكائنات الحية الأخرى ، والتركيز بشكل أساسي على العلاقة بين التعرض الخارجي والتعرض الداخلي وكميته . بواسطة الدمج المحكم لمجالات علم الأوبئة وعلم السموم والكيمياء الحيوية والعلوم البيئية وتقييم المخاطر ، جرى تحقيق الفهم الشامل للتعرض لحماية صحة الإنسان والنظام الإيكولوجي على المستويات الفردية والمجتمعية والعالمية . مع أن تاريخ علم التعرض كان له بداية بطيئة في البداية ، فقد تسارعت التطورات بشكل كبير في العقود الثلاثة الماضية ، بما في ذلك بدايات تشكيل ( الإكسبوسوم ). ومع ذلك ، لا يزال هناك الكثير من المجهول والبحوث في هذا المجال تتوسع فقط لتغطية الكمية المتزايدة من التعرضات المحددة . أهميته . تمتد أهمية البحث العلمي للتعرض من مجموعة واسعة من النتائج الصحية الضارة التي تثقل كاهل السكان . تتوقع منظمة الصحة العالمية أن ما يقارب 24 ٪ إلى 40 ٪ من عبء المرض العالمي هو نتيجة لعوامل بيئية ، ويكون العبء الصحي الرئيسي في البلدان المتقدمة حيث يتسبب الدخان الداخلي الناتج عن وقود الطهي في وفاة 3.8 مليون شخص كل عام . تشمل الأمراض والوفيات الأخرى الناتجة عن التعرض أيضا السرطانات ( على سبيل المثال ، سرطان الجلد الناتج عن التعرض للأشعة فوق البنفسجية ) ، والتوحد ( المرتبط بمستويات عالية من تلوث الهواء ) ، ومرض باركنسون ( مرتبط بالتعرض لأكسيد النيتريك ) ، وتلف الخلايا الذي يسبب مرض السكري وأمراض القلب والأوعية الدموية وأمراض الرئة . كان هناك العديد من الاختراقات التي حسنت وحمت صحة الأفراد منذ بدء البحث . مثال على ذلك هو العلاقة بين التعرض للأشعة فوق البنفسجية والتطور لجميع الأشكال الرئيسية الثلاثة لسرطان الجلد ، مما أدى في النهاية إلى تطوير الوقاية مثل الوعي بواقي الشمس . وربط التعرض لعدوى ما قبل الولادة ( على سبيل المثال ، الأنفلونزا والحصبة الألمانية ) بزيادة مخاطر الإصابة بالتوحد والفصام . أدى تطوير الملابس والمواد التي تحمي العاملين في مجال الرعاية الصحية من التعرض للعدوى ، ورجال الإطفاء من التعرض للحرارة ، إلى زيادة الحماية داخل هذه المهن . ومع ذلك ، لا يهدف علم التعرض إلى الفهم والحماية فقط ، فهناك العديد من الحالات الموثقة التي يضر فيها التعرض للنشاط البشري بالبيئة . في عام 2003 ، اكتشف أن تلف الكبد في الأسماك في بوجيه ساوند ( ولاية في واشنطن ) كان مرتبطا بتلوث المياه بالهيدروكربونات العطرية متعددة الحلقات الموجودة في الفحم والبنزين . بشكل رئيسي ، كان هناك أيضا اكتشاف استنفاد طبقة الأوزون نتيجة لمركبات الكربون الكلورو فلورية والهالونات الموجودة في الثلاجات ومكيفات الهواء وهالون الطائرات وعلب الهباء الجوي . وارتبط إنتاج غازات الدفيئة من مصادر مثل النقل والزراعة ارتباطا وثيقا بالاحترار العالمي ، مما تسبب لاحقا في ارتفاع مستويات سطح البحر وإلحاق الضرر بالبيئات التي تعيش فيها العديد من الأنواع . تاريخ . أجرى أبقراط واحدة من أقدم الروايات عن أبحاث التعرض في عام 400 قبل

[Chunk 3]
يمكن أن تكون تأثيرات تغير المناخ على الصحة العقلية والنفسية سلبية إلى حد ما ، خاصة لدى السكان الأكثر عرضة للإصابة والمصابين مسبقا بأمراض عقلية خطيرة . هناك ثلاثة مسارات واسعة يمكن من خلالها أن تحدث هذه التأثيرات : مباشر وغير مباشر وعن طريق الوعي . يشمل المسار المباشر الظروف المتعلقة بالإجهاد التي يسببها التعرض لظواهر الطقس المتطرفة ، مثل الاضطراب النفسي اللاحق للإصابة ( PTSD ). ربطت الدراسات العلمية نتائج الصحة النفسية بالعديد من حالات التعرض المتعلقة بالمناخ مثل : الحرارة والرطوبة وهطول الأمطار والجفاف وحرائق الغابات والفيضانات . يمكن أن يكون المسار غير المباشر من خلال تعطيل الأنشطة الاقتصادية والاجتماعية ، كما هو الحال عندما تكون مساحة الأرض الزراعية أقل قدرة على إنتاج الغذاء . يمكن أن يكون المسار الثالث مجرد إدراك لتهديد تغير المناخ ، حتى من قبل الأفراد الذين لم يتأثروا به بطريقة أخرى . جرى قياس نتائج الصحة النفسية في العديد من الدراسات من خلال مؤشرات مثل : دخول المستشفيات للأمراض النفسية والوفيات وإيذاء النفس ومعدلات الانتحار . السكان والمراحل العمرية الأكثر عرضة للإصابة هي : الأشخاص المصابون مسبقا بأمراض عقلية والشعوب الأصلية والأطفال والمراهقين . تشمل الاستجابات العاطفية لتهديد تغير المناخ القلق البيئي ، والحزن البيئي ، والغضب البيئي . في حين أن هذه المشاعر مزعجة ، إلا فإنها غالبا ليست ضارة ، ويمكن أن تكون ردود فعل عقلانية لتدهور العالم الطبيعي ، مما يحفز على العمل التكيفي . من الصعب تقييم الآثار الدقيقة لتغير المناخ على الصحة العقلية ؛ تشكل الزيادات في درجات الحرارة الشديدة مخاطر على الصحة العقلية والتي يمكن أن تظهر في زيادة حالات الدخول إلى المستشفيات المتعلقة بالصحة العقلية والانتحار . المسارات . تعرف الصحة النفسية بأنها حالة من الصحة الجيدة إذ يمكن للفرد التعرف على قدراته ، والتعامل مع ضغوط الحياة اليومية ، والعمل المنتج ، والقدرة على المساهمة في مجتمعه . هناك ثلاثة مسارات سببية رئيسية يؤثر من خلالها تغير المناخ على الصحة العقلية : مباشر وغير مباشر وعن طريق الوعي ( أو "" النفسي الاجتماعي ""). في بعض الحالات ، قد يتأثر الناس بأكثر من مسار واحد في وقت واحد . تستخدم الدراسات المختلفة تسميات مختلفة لتحديد المسارات السببية الثلاثة . على سبيل المثال ، يعين البعض مسار "" الوعي "" باستخدام مصطلح "" التأثير غير المباشر "" ، بينما يصنفون "" التأثيرات غير المباشرة "" عبر الاضطراب المالي والاجتماعي تحت عنوان "" التأثير النفسي الاجتماعي "". تأثيرات المسار المباشر . يشمل المسار المباشر الظروف المتعلقة بالإجهاد الناجمة عن التعرض لظواهر جوية متطرفة ، مثل : موجات الحرارة والجفاف والفيضانات وحرائق الغابات . يمكن أن تؤدي هذه الظروف إلى أحداث متعلقة بالإصابات ، مثل الخلع من الكوارث الطبيعية الناجمة عن تغير المناخ ، مثل الفيضانات أو الحرائق ، أو فقدان الأصدقاء والعائلة ، أو غيرها من الأحداث المؤلمة . يمكن أن يؤدي التعرض لمثل هذه الأحداث إلى زيادة أمراض الصحة العقلية مثل : اضطراب نفسي لاحق للإصابة واضطراب التوتر الحاد والاكتئاب واضطراب القلق العام . غالبا ما تحدث هذه التأثيرات في وقت واحد ، وكذلك بشكل فردي . يوجد قدر كبير من المؤلفات المتعلقة بالارتباط بين الكوارث والصحة العقلية ( دون الربط صراحة بين الزيادة في التكرار والشدة بتغير المناخ ). الإجهاد قصير المدى هو الأكثر شيوعا ، والذي يمكن للناس غالبا التعافي منه سريعا . لكن في بعض الأحيان تظهر حالات مزمنة ، خاصة بين أولئك الذين تعرضوا لأحداث متعددة ، مثل : الاضطراب اللاحق للإصابة أو الاضطراب الجسدي أو القلق طويل الأمد . يمكن للاستجابة السريعة من قبل السلطات لاستعادة الشعور بالنظام والأمن أن تقلل بشكل كبير من خطر حدوث أي تأثير نفسي طويل",ما هي عوامل الخطر التي تجعل الأشخاص ؟,"تطور أعراض السكتة النزفية يستغرق أياما وأسابيع . يحدث الاحتشاء غالبا في الشرايين ، وتكون منطقة المهطل ، التي تشير إلى النخاع الشوكي الصدري هنا ، معرضة بشدة للأحداث الإقفارية",أحداث الحياة الاجتماعية السلبية ومستويات الدعم الاجتماعي المنخفضة.,0.32,0.92,0.23
"[Chunk 1]
الغانج ( بالهندية : ، وتنطق "" غانغا "" ، بالبنغالية :، وتنطق "" غونغا "" ، بالإنجليزية : The Ganges ) هو أحد أكبر أنهار شبه القارة الهندية . يجري باتجاه الشرق مخترقا السهل الغانغي في شمال الهند وينتهي في بنغلاديش . يبلغ طوله 2510 كيلومترا ( 1560 ميلا ) وينبع من جبال الهيمالايا الغربية في ولاية أوتاراخند الهندية وينتهي بدلتا مليئة بالغابات قرب مصبه في خليج البنغال . تبلغ مساحة حوض النهر حوالي 907.000 كم . وينظر الهندوس إلى نهر الغانغ باعتباره نهرا مقدسا ويعبدون إلها يمثله هو الإله غانغا . وقد تمتع نهر الغانغ بأهمية تاريخية مرجعها وقوع العديد من عواصم الهند الإقليمية أو الإمبراطورية على ضفافه ( مثل باتاليبوترا وقنوج وكاره والله أباد ومرشد أباد وكلكتا ). ويبلغ متوسط عمق النهر 52 قدما ( 16 مترا ) وأقصى عمق له 100 قدم ( 30 مترا ). وقد أعلنت الهند نهر الغانغ نهرها القومي . من حيث الطول هو الخامس عشر في آسيا وال 39 في العالم . ينبع من جبال الهملايا ومصبه الأخير في خليج البنغال . وينحدر من الهملايا إلى ريشكش ثم إلى سهول هاردوار - التي يقدسها الهندوس . ومنذ زمن لا تعيه الذاكرة يعتبر الهندوس الغانج النهر الأكثر قداسه . وأهميته الدينية أكبر من أهمية أي نهر آخر في العالم . وتوجد على ضفافه أماكن كثيره يحج إليها الهندوس , من أهمها هاردوار والله آباد وفار اناسي . ويعتبر الغانج مقدسا لسببين ، الأول اسطوري والثاني الخواص الطبيعية لمياهه . ويمكن حفظ مياهه لفترة طويله . وهي لا تفسد لوجود معادن معينه فيها . وتقول إحدى الاساطير أن الغانج يجري في الجنة وقد نقل إلى الأرض بمجاريث لتطهير رماد ( 60 ) ألف عام من بناء الملك ساجار , ومنذ ذلك الوقت بدأ الناس في عبادته . ويذهب إلى ضفاف الغانج ملايين الحجاج سنويا لغسل خطاياهم في مياهه . ويتدفق البراهمة والمنبوذون والملوك و المتسولون .. بإيجاز يتدفق الناس من كل طائفة ومذهب من الهند الهندوسية للغطس في امنا الغانج من أجل التطهر الروحي . ويتمنى الهندوس المؤمنون الموت على ضفافه وذر رماد جثثهم داخل تياراته . ويشرب الناس مياهه عندما تحين ساعة موتهم . لقد تم شق الكثير من القنوات للحصول على المياه من هذا النهر . وهو يستخدم أيضا لري الأرض . ودلتا الغانج مشهورة جدا . مجرى النهر .

[Chunk 2]
نهر اليانغتسي ( بالصينية : Listen.) يعرف في الصين باسم نهر تشانغ جيانغ ، يعتبر أطول أنهار الصين وآسيا وثالث أطول أنهار العالم بعد نهر النيل في قارة أفريقيا ونهر الأمازون في قارة أمريكا الجنوبية ، حيث يبلغ طوله حوالي 6300 كيلومتر ( 3915 ميل ). ينطلق النهر من جبال تنغولا في التبت ( على ارتفاع 6600 م ) ثم يخترق مجراه الأعلى الجبال الشاهقة والأودية السحيقة قبل أن يصب في بحر الصين مما يتيح له طاقة مائية وافرة . نهر اليانغتسي شريان رئيسي للمواصلات النهرية وهو صالح للملاحة على مسافة 950 كيلو مترا بدءا من مدينة هاتكيو الواقعة في أواسط الصين ، يربط بين شرق وغرب البلاد ، ويسمى « المجرى المائي الذهبي ». يتفرع عنه حوالي 700 من الروافد أهمها ما تأتيه من الشمال وهي يالونغ ، كيان لينغ ، هان ، أما أهم رافد يأتيه من الجنوب فهو رافد ( هو ). تتواجد أخصب الأراضي في البلاد على مناطق مجرى نهر اليانغتسي الأوسط والأسفل .

[Chunk 3]
نهر السنغال هو نهر يجري في أقصى غرب قارة أفريقيا , وهو يحتل مرتبة مميزة في قائمة أطول الأنهار الأفريقية وأشهرها وكان يعرف قديما عند المؤرخين العرب والمسلمين بنهر صنهاجة . يمتد حوض النهر الذي ينبع من هضبة ( فوته جالو ) في غينيا عبر 4 دول أفريقية ، وهي بالترتيب غينيا ، مالي ، السنغال , وموريتانيا , ثم يصب في نهاية رحلته بالقرب من مدينة سانت لويس في المحيط الأطلسي , قاطعا خلالها مسافة تقدر بحوالي 1790 كيلومتر , وهي مقدار الطول الإجمالي للنهر ، بينما تبلغ مساحة حوضه حوالي 340 ألف كيلومتر مربع . تعد موريتانيا والسنغال الدولتين الأكثر اعتمادا على مياه النهر ، حيث أتاح لهما إمكانية زراعة محصولين في السنة ، هذا فضلا على المراعي الطبيعية التي نمت على ضفاف النهر الموجودة في كلتا الدولتين التي ساعدت على ازدهار حرفة الرعي في هذه المناطق . يشكل النهر حدودا طبيعية بين الدولتين ، ومع ذلك لا يعد حاجزا بينهما بل مثل لهما وعلى مر التاريخ نقطة التقاء في كثير من نواحي الحياة ، فالسكان القاطنون على ضفتي النهر في كلا البلدين ينتمون لأجناس عربية وزنجية تتلاقى بشكل كثيف ، بل وأحيانا تشكل نفس العائلات التي انشطرت إلى نصفين أحدهما موريتاني والآخر سنغالي ، هذا بالإضافة لتشابه أنماط وأساليب الإنتاج بين الجماعات القاطنة ضفاف النهر ، فنجدهم يزرعون نفس المحاصيل ، ويمارسون نفس الحرف والأنشطة الاقتصادية ، ويعد النهر الوحيد الذي يجري في الأراضي الموريتانية . يتميز مجرى النهر بالانحدار التدريجي في المنطقة الساحلية المستوية ، فنجده يجري في مجرى مائي قليل العمق ، عندما يقترب من الساحل ، كما يغذيه رافدان أساسيان هما نهر بافينج ونهر باخوي , حيث يلتقيان به عند منطقة بافلوبي في مالي , ويواصل النهر خط سيره بعد التقاءه بهما باتجاه الشمال الغربي إلى أن يصل إلى منطقة المصب . تقع على دلتا النهر محمية طبيعية لأكثر من مليون نوع من الطيور النادرة ، يطلق عليها ( محمية حوض دياولنغ الوطنية للطيور ), التي دخلت ضمن قائمة اليونسكو , كأبرز الأماكن الأثرية والسياحية في العالم ، كما وضعته اليونسكو أيضا عام 2000 على قائمة الأنهار المعرضة للخطر نتيجة للزيادة غير الطبيعية للنباتات المائية التي تنمو فيه ، وتطفو على سطحه ، وتعرضه للتلوث وتشوه منظره . لاستثمار طاقاته أنشئت ( منظمة استثمار نهر السنغال ) ، التي تضم موريتانيا ومالي والسنغال ، وقد تم تشييد سدين كبيرين لاستغلال مياه النهر هما سدا دياما وماننتالي .",من أين ينبع نهر الغانج ؟,من جبال الهيمالايا الغربية في ولاية أوتاراخند الهندية وينتهي بدلتا مليئة بالغابات,من جبال الهيمالايا في ولاية أوتاراخند الهندية.,0.9,0.91,0.91
"[Chunk 1]
تعمل الغرفة الاقتصادية الفيدرالية النمساوية ( بالألمانية : "" Wirtschaftskammer Österreich "" أو WKO ) كمنظمة أم فيدرالية لغرف الولايات التسعة و 110 اتحادات تجارية للصناعات المختلفة داخل نظام الاقتصاد النمساوي . تمتلك معظم الغرف والجمعيات الحكومية مكاتب محلية لتقديم الخدمات على مقربة من الأعضاء . العضوية الإجبارية بموجب القانون الفيدرالي النمساوي تتم تلقائيا مع الحصول على ترخيص تشغيل الشركة , وبالتالي تشمل جميع الشركات النمساوية العاملة . تشمل العضوية الناتجة عن 517.477 شركة نشطة وفقا لعام 2017 قطاعات متنوعة مثل التجارة والحرف ، والتجارة ، والصناعة ، والنقل ، والسياحة , وصناعات الخدمات , والتمويل والتأمين , ولكن ليس الزراعة , حيث يخدم هذا القطاع غرفته الخاصة . المهام والأنشطة الرئيسية . تمثيل مصالح العضوية على جميع مستويات الحكومة . بموجب القانون , فإن الحكومات ملزمة بالتشاور مع الغرف بشأن المشاريع التشريعية واللوائح الهامة . يوجد نص في العديد من القوانين لإشراك الغرف في اتخاذ القرار والإجراءات الإدارية . المعلومات والخدمات الاستشارية للأعضاء : تشمل القضايا النموذجية الضرائب وقانون العمل والتدريب المهني والتشريعات الخاصة بالصناعة والإعلان على مستوى الصناعة وأبحاث السوق . المفاوضة الجماعية مع النقابات . تدخل الجمعيات التجارية في مفاوضات مع نقاباتها القطاعية على مستوى الدولة . يتم تنظيم الترويج الاقتصادي والتنمية بالإضافة إلى التدريب والاستشارات بشكل أساسي من قبل قسم متخصص في كل منطقة ( WIFI , Wirtschaftsfoerderungsinstitut ). دعم الأعمال . يتم دعم الشركات النمساوية المهتمة بالأعمال التجارية الدولية ( التجارة والاستثمار ) والابتكار من قبل قسم متخصص ( AUSSENWIRTSCHAFT AUSTRIA ) مع أكثر من 100 مكتب ميداني حول العالم ( مكاتب ADVANTAGE AUSTRIA ) بالإضافة إلى شبكة من الخبراء المتخصصين داخل غرف الدولة . تعمل مكاتب ADVANTAGE AUSTRIA كممثلي الأعمال الرسميين للنمسا في الخارج ويتم إخطارها كأقسام تجارية لسفارات وقنصليات النمسا في الخارج . يوفر القانون العام ( Wirtschaftskammergesetz ) أساسا قانونيا للغرف الاقتصادية الفيدرالية النمساوية , ويوفر الإطار القانوني لجميع الغرف وتعاونها وعضويتها الإلزامية وقواعد تحديد رسوم العضوية . على الرغم من أن الغرف الاقتصادية الفيدرالية منشأة بموجب القانون العام , إلا أنها مدفوعة بالأعمال التجارية حصريا . يقوم رواد الأعمال كل 5 سنوات بانتخاب ضباط وممثلين للجمعيات التجارية والغرفة ( يبلغ عددهم الإجمالي أكثر من 10 , 000 ضابط ) من رتبهم الخاصة . في هذه الانتخابات , تقدم الاتحادات الحرة لأصحاب المشاريع مرشحيها للتنافس على قيادة الغرف والجمعيات التجارية الفردية . بعض هذه الجمعيات الريادية تابعة لأحزاب سياسية والبعض الآخر منصات مستقلة . منذ عام 2018 , يشغل الدكتور هارالد ماهر منصب الرئيس الحالي للغرفة الاقتصادية الفيدرالية النمساوية . تتمتع الغرفة الاقتصادية الفيدرالية النمساوية بالاكتفاء الذاتي من الناحية المالية حيث تغطي مساهمات الأعضاء حوالي 85 % من النفقات و 15 % أخرى من الإيرادات من المبيعات القابلة للتسويق . هذا العامل , جنبا إلى جنب مع الإدارة التنظيمية من خلال الحكم الذاتي الديمقراطي , يجعلها مستقلة عن السلطات العامة . ADVANTAGE AUSTRIA. في النمسا , يشكل تعزيز التجارة الخارجية , بموجب القانون , جزءا رئيسيا من أنشطة الغرفة الاقتصادية الفيدرالية النمساوية . تنعكس الأهمية الهائلة للأعمال التجارية الدولية والوصول إلى الابتكار الدولي في النمسا في النطاق الاستثنائي للخدمات التي تقدمها ( AUSSENWIRTSCHAFT AUSTRIA ) مع شبكة دولية تضم أكثر من 100 مكتب ADVANTAGE AUSTRIA في جميع أنحاء العالم , وفي معظم الحالات أقسام من النمسا السفارات والقنصليات في الدول المعنية . تقدم AUSSENWIRTSCHAFT AUSTRIA للشركات النمساوية مجموعة واسعة من الخدمات التكميلية المتعلقة بتعزيز التجارة الدولية ( الصادرات والواردات ), والاستثمار خارج النمسا ودعم الشركات النمساوية في الخارج بما في ذلك الخبرة التجارية والاستشارات الفردية , والتوفيق مع شركاء الأعمال المحتملين والمستشارين الموثوق بهم , والوصول لشبكات الابتكار الدولية . يمكن للمكاتب تقديم لمحات عامة

[Chunk 2]
مشكلة العمل هو مصطلح اقتصادي استخدم على نطاق واسع في مطلع القرن العشرين مع تطبيقات وأمثلة مختلفة ، وهو ما نتج عنه تعريفه بعدة طرق ، مثل « مشكلة تحسين ظروف عمل الطبقات المأجورة ». تشمل مشكلة العمالة الصعوبات التي يواجهها أصحاب العمل وأرباب العمل الذين بدأوا في خفض الأجور لأسباب مختلفة بما في ذلك تقدم التكنولوجيا وأضرارها على بعض المهن ، والرغبة في خفض التكاليف أو البقاء في العمل . ردت الطبقات المأجورة بالإضرابات ، من خلال تشكيل النقابات وارتكاب أعمال عنف صريح . لقد كانت هذه المشكلة مشكلة وطنية امتدت إلى جميع الصناعات تقريبا وساعدت في المساهمة في ظروف الأعمال الحديثة التي لا تزال موجودة حتى اليوم . تشمل الأسباب المحتملة الفشل في تفسير العوامل الخارجية السلبية للتكاثر في مواجهة الموارد الطبيعية المحدودة مما يؤدي في النهاية إلى زيادة المعروض من العمالة وانخفاض مستويات المعيشة للعمال المأجورين ، وتبديد شخصية العامل من قبل الآلات وظروف العمل السيئة . الإطار الزمني . الجدل الشعبي حول مشكلة العمل هو الوقت الذي يشمله هذا المشكل . يصفه البعض بأنه يعود إلى ستينيات القرن التاسع عشر ، وهو الوقت الذي بدأت فيه العديد من النقابات . ومع ذلك ، لم تكن هناك مشكلة في ذاك الوقت في تشكيل هذه النقابات . كان الإضراب الأول نتيجة للمشكلة بين أصحاب الأجور والمسؤولين النقابيين ، وليس بين أصحاب العمل والنقابات أو أرباب العمل والعاملين بأجر ، وهو الصراع الرئيسي في ذلك الوقت . بما أن المشكلة كانت داخل النقابات وليس بين النقابات وأرباب العمل ، فإن مشكلة العمل لم تصبح مشكلة بعد . يعزو الكثيرون أيضا نهاية المشكلة إلى نهاية العشرينيات . هذا له بعض المزايا ولكنه مفتوح أيضا للتفسير . بدأت الإصلاحات في التمرير لتصحيح العديد من المشكلات . لكن استمرت الإصلاحات في الظهور في الثلاثينيات والأربعينيات والخمسينيات من القرن الماضي . سيطرت حركة الحقوق المدنية على هذا مجال تخصصها في الولايات المتحدة ، الأمر الذي أدى إلى مزيد من التشريعات . يعزو الكثيرون نهاية مشكلة العمل إلى أواخر عشرينيات القرن الماضي لأن هذه الفترة شهدت انخفاض كبير في الإضرابات والعنف وزيادة في التشريعات التي تم تمريرها بهدف تصحيح قضايا العمل . الأسباب . في مطلع القرن الواحد والعشرين ، بدأت الآلات في اتخاذ مكانة أقوى في الاقتصاد . مما أدى إلى انخفاض التكاليف . حاول أصحاب العمل دائما تعظيم الأرباح ، كما رأوا أنه من المناسب خفض الأجور لسببين رئيسيين : كانت الآلات تجعل عملية الإنتاج أرخص مما يعني أن الأجور تستهلك نسبة أكبر من التكاليف ، وعندما كانت الأوقات صعبة بشكل خاص ، كان من المنطقي خفض الأجور للبقاء في العمل . هذا التبديد من الطابع الشخصي لعملية الإنتاج يعني أن الناس أصبحوا في الأساس قابلين للاستهلاك . لم يتم القضاء على المأجورين بشكل كامل ولكن كان هناك خسارة كبيرة في الوظائف . أدى ذلك إلى انخفاض الأجور على المدى الطويل لأن التكاليف الثابتة انخفضت ( مع زيادة التكنولوجيا ) لذلك رأى أصحاب العمل أنه من المناسب خفض نفقات الأجور لهذه القوة العاملة المستهلكة جزئيا الآن . على الرغم من أن المشكلة امتدت إلى العديد من الصناعات . إلا أنها لم تكن كلها معنية بنفس المشكلات . على سبيل المثال ، كانت صناعة الصلب مهتمة بشكل أساسي بالتخلص التدريجي من العمال بسبب التقدم التكنولوجي بينما كانت الصناعات الأخرى مثل المنسوجات تعاني من مشاكل عمالة الأطفال وظروف العمل . أدت تنوع المشاكل والمخاوف إلى إصدار تشريعات تغطي مجالات مختلفة وأدت إلى مزيد من الإصلاح . أحداث بارزة . اندلعت أعمال الشغب في

[Chunk 3]
مكتب التحقيقات الفيدرالي أو مكتب التحقيق الاتحادي أو أف . بي . آي ، هو وكالة حكومية تابعة لوزارة العدل الأمريكية وتعمل كوكالة استخبارات داخلية وقوة لتطبيق القانون في الدولة . للأف بي آي سلطة قضائية على أكثر من 200 جريمة فيدرالية . وقد تأسست الوكالة عام 1908 تحت اسم مكتب التحقيقات وتم تغييره إلى الاسم الحالي عام 1935. يوجد مقر مكتب التحقيق الاتحادي في مبني جي ادغار هوفر في واشنطن ، ل ( أف بي آي ) 56 مكتب تحقيق مركزي منتشرة في المدن البارزة في الولايات المتحدة ، وأكثر من 350 مكتب تحقيق محلي في المدن والمناطق الأقل أهمية ، بالإضافة إلى 60 مكتب تحقيق دولي في القنصليات والسفارات الأمريكية حول العالم . المهمة والأولويات والميزانية . الرؤية والمسؤوليات . بشكل عام يقوم ال ( أف . بي . آي ) على حماية الولايات المتحدة والدفاع عنها ، إنفاذ القوانين الاتحادية وتحقيق العدالة الجنائية على كافة الأراضي الأمريكية . وبشكل أخص فال ( أف . بي . آي ) له أولويات مكلف بها : الدخل . بلغت الميزانية الإجمالية لمكتب المباحث الفيدرالية ، في السنة المالية 2019 ، حوالي 9.6 مليار دولار . في طلب التفويض والميزانية المقدم للكونجرس الأمريكي للسنة المالية 2021 ، طلب مكتب التحقيقات الفيدرالي مبلغ 9 , 800 , 724 , 000 دولار من الكونجرس . خصص من هذا المبلغ ، 9 , 748 , 829 , 000 دولار للرواتب والمصاريف ، و 51 , 895 , 000 دولار للأعمال المتعلقة بالتشييد . شهد برنامج الرواتب والمصاريف في ذلك العام زيادة قدرها 199 , 673 , 00 دولار عن السنة الفائتة . تاريخ .",ما هو الدور الذي تلعبه الغرف الاقتصادية الفيدرالية في مفاوضات العمل مع النقابات ؟,تدخل الجمعيات التجارية في مفاوضات مع نقاباتها القطاعية على مستوى الدولة .,ت intervene في المفاوضات الجماعية مع نقاباتها القطاعية على مستوى الدولة.,0.92,0.9,0.92
"[Chunk 1]
ضحايا حرب غزة ( 2008 -2009 ) هم مجمل الضحايا الدين قتلوا أثناء العملية العسكرية التي شنها الجيش الإسرائيلي على قطاع غزة في فلسطين بما يعرف بالحرب على غزة . تقديرات المنظمات غير الحكومية لحقوق الإنسان والمقاتلين المشاركين للقتلى في الحرب على غزة من يوم 27 ديسمبر 2008 إلى 18 يناير 2009 : خسائر أخرى . أفادت منظمة الصحة العالمية عن مقتل 16 عاملا في مجال الصحة وإصابة 22 من العاملين الصحيين خلال الهجوم . ردا على ذلك ، ذكرت وزارة الدفاع الإسرائيلية أن تسعة من القتلى من أفراد الطاقم الطبي الستة عشر هم من نشطاء حماس ، في إشارة إلى المنشورات على مواقع الإنترنت التابعة لحماس . وأفادت الأونروا بمقتل خمسة من موظفيها وإصابة أحد عشر موظفا . أفاد برنامج الغذاء العالمي عن مقتل أحد المقاولين وإصابة اثنين آخرين . قتل مسلحو حماس أحد حراس الحدود المصريين وأصابوا آخر في 28 ديسمبر / كانون الأول وأصابت شظايا غارة جوية إسرائيلية بالقرب من معبر رفح الحدودي حارسي الحدود وطفلين مصريين . قتلت امرأة أوكرانية متزوجة من فلسطيني وابنتهما في قصف دبابة إسرائيلية في 8 كانون الثاني / يناير . وأصيبت الابنة الأخرى للزوجين . في عام 2009 ، أفادت دائرة الأمم المتحدة للإجراءات المتعلقة بالألغام بمقتل 12 شخصا وإصابة 27 آخرين في قطاع غزة بسبب الذخائر غير المنفجرة منذ وقف إطلاق النار . أرقام متنازع عليها . تعزى الصعوبات في التحقق من إحصاء دقيق للضحايا الفلسطينيين إلى عدد من العوامل . أفادت الأنباء أن مقاتلي حماس تلقوا أوامر بعدم ارتداء الزي العسكري أثناء القتال . كتب الصحفي العربي الإسرائيلي خالد أبو طعمة في صحيفة جيروزاليم بوست أن هذه الممارسة أدت إلى زيادة عدد الضحايا المدنيين وتقليل عدد الإصابات العسكرية لحركة حماس ، حيث وصل الضحايا الفلسطينيون إلى المستشفيات بدون أسلحة أو أي علامة أخرى تكشف أنهم مقاتلون بالفعل . وواجهت صعوبات أخرى بسبب التعاريف المختلفة لمن يجب اعتباره مقاتلا ، وعدم وصول وسائل الإعلام المستقلة أو العاملين في مجال حقوق الإنسان إلى منطقة النزاع بسبب الحصار الإسرائيلي الصارم للحدود قبل وأثناء وبعد النزاع . واستنادا إلى البيانات التي جمعها مندوبو منظمة العفو الدولية في غزة وإلى الحالات التي وثقتها المنظمات غير الحكومية المحلية ، خلصت منظمة العفو الدولية إلى أن الرقم الإجمالي لحوالي 1400 حالة وفاة دقيقة وأنه بالإضافة إلى حوالي 300 طفل ، و 115 امرأة و 85 رجلا فوق سن الخمسين ، كان 200 رجل تقل أعمارهم عن 50 عاما من المدنيين العزل الذين لم يشاركوا في الأعمال العدائية . وصرح مسؤولون إسرائيليون بأن وزارة الصحة الفلسطينية قامت بتضخيم عدد القتلى المدنيين بشكل كبير وقللت من عدد ضحايا حماس . صرح جون هولمز ، منسق الأمم المتحدة للإغاثة في حالات الطوارئ ، أن أرقام رئيس الوزراء لم يطعن فيها بشكل جدي . ومع ذلك ، كان تقريره مؤرخا في 27 يناير 2009 ، قبل وقت طويل من إصدار جيش الدفاع الإسرائيلي تقييماتهم النهائية التي تحدت بالفعل بشكل جدي أرقام رئيس الوزراء . في مقابلة نشرت في صحيفة الحياة العربية التي تتخذ من لندن مقرا لها ( 1 نوفمبر / تشرين الثاني 2010 ) ، صرح وزير داخلية حماس ، فتحي حماد ، بأن حوالي 700 من القتلى في غزة كانوا من مقاتلي حماس أو مسلحين من الجماعات المتحالفة مثل الجهاد الإسلامي . وكان ما بين 200 و 300 منهم من حماس ، وعدد مماثل من جماعات مسلحة أخرى ، إلى جانب حوالي 150 من قوات الأمن . تختلف هذه الأرقام بشكل كبير عن تلك التي

[Chunk 2]
فيما يلي قائمة بهجمات الصواريخ وقذائف الهاون على إسرائيل في عام 2009 من قبل حماس وجماعات فلسطينية مسلحة أخرى من قطاع غزة . على مدار عام 2009 ، تم إطلاق 569 صاروخا و 289 قذيفة هاون ( ما مجموعه 858 ) من قطاع غزة على إسرائيل ، مقارنة ب 2048 صاروخا في عام 2008. تم إطلاق 406 منها خلال حرب غزة التي انتهت في 18 يناير ، و 160 أطلقت خلال الفترة المتبقية من العام . سبتمبر . ذكرت صحيفة القدس بوست للشرطة : إطلاق مخربين قذيفتي فسفور على إسرائيل ، ويتوقع جيش الدفاع الإسرائيلي أن تنتهي موجة صواريخ من القطاع ، بما في ذلك 10 صواريخ يوم أمس ، بعد سوكوت ؛ قصف سلاح الجو الإسرائيلي نفقا جنوب غزة ، مما أسفر عن مقتل شخص . تصاعدت الهجمات من قطاع غزة يوم الأربعاء بإطلاق 10 صواريخ وقذائف هاون على إسرائيل - بما في ذلك صاروخان يحتويان على الفوسفور - حيث توقع مسؤولو دفاع هدوء أعمال العنف بعد سوكوت ""."" أحد الصواريخ عيار 122 ملم . كاتيوشا - ضرب شمال عسقلان .

[Chunk 3]
هناك العديد من الآثار الإنسانية والطبية والاقتصادية والصناعية لحرب غزة 2008 -2009 التي بدأت بالغارات الجوية الإسرائيلية في 27 ديسمبر 2008 وانتهت في 18 يناير بوقف إطلاق النار الذي نفذته إسرائيل من جانب واحد ، وفي وقت لاحق في نفس اليوم . من قبل حماس والفصائل الفلسطينية الأخرى . جاء وقف إطلاق النار بعد 22 يوما من القصف البري والبحري والجوي الذي خلف أكثر من 1300 شهيد فلسطيني وأكثر من 5000 جريح ، ومقتل 13 إسرائيليا . وحذر برنامج الأمم المتحدة الإنمائي من أنه ستكون هناك عواقب طويلة المدى للهجمات على غزة بسبب تضرر سبل عيش وأصول عشرات الآلاف من المدنيين في غزة . أزمة غزة الإنسانية . يذكر مكتب الأمم المتحدة لتنسيق الشؤون الإنسانية أن الأزمة الإنسانية في قطاع غزة كبيرة ولا ينبغي التقليل من شأنها . صرحت الأمم المتحدة في عام 2009 أن الوضع في قطاع غزة كان "" أزمة كرامة إنسانية "" تنطوي على "" تدمير هائل لسبل العيش وتدهور كبير في البنية التحتية والخدمات الأساسية "". وانتشر الخوف والذعر على نطاق واسع ، حيث أصبح 80 في المائة من السكان غير قادرين على إعالة أنفسهم ويعتمدون على المساعدات الإنسانية . وقالت منظمة الصليب الأحمر الدولية إن الوضع "" لا يطاق "" و "" أزمة إنسانية كاملة "". في 3 كانون الثاني ( يناير ) ، قبل العملية البرية للجيش الإسرائيلي ، صرحت وزيرة الخارجية الإسرائيلية تسيبي ليفني أن إسرائيل حرصت على حماية السكان المدنيين في غزة ، وأنها أبقت الوضع الإنساني "" تماما كما ينبغي "" ، الحفاظ على موقف إسرائيل السابق . وانتقد رئيس الجامعة العربية عمرو موسى ليفني على البيان وانتقد مجلس الأمن لعدم استجابة أسرع للأزمة . وفي تقارير لاحقة ، ذكرت الأمم المتحدة أن "" وقف إطلاق النار الفوري هو وحده القادر على معالجة الأزمة الإنسانية والحماية الواسعة النطاق التي يواجهها سكان غزة "". مأوى . الحماية والنزوح . ووصفت الأمم المتحدة الوضع بأنه "" أزمة حماية خطيرة "". أفادت الأمم المتحدة أن جميع السكان المدنيين في قطاع غزة لا يزالون معرضين للخطر ، حيث لا يوجد ملاذ آمن أو ملاجئ من القنابل والحدود المغلقة ، مما يجعلها واحدة من النزاعات النادرة حيث لا مكان للمدنيين للفرار . يسود شعور "" الذعر والخوف والضيق "" في جميع أنحاء القطاع . نفذ المدنيون حظر تجول مفروضا ذاتيا نظرا لعدم وجود أنظمة إنذار عامة أو ملاجئ فعالة . يقوم الناس بإخلاء منازلهم والبقاء في الشوارع لساعات طويلة معرضين لمزيد من الخطر ، أو البقاء مع أقاربهم . يواجه المدنيون انعدام الأمن أثناء إعادة تخزين المواد الغذائية الأساسية والمياه وغاز الطهي . الأطفال تشكل 56 % من السكان ، ليس لديهم منافذ ويظلون "" معرضين للخطر "" للقتال من حولهم . ويقدر الهلال الأحمر الفلسطيني أن آلاف المنازل تضررت وأصبح "" من الصعب بشكل متزايد "" على سكانها البقاء فيها بسبب برودة الطقس . أعدت الأونروا مدارسها لتكون بمثابة ملاجئ مؤقتة للنازحين . كما أفاد كل من تحالف إنقاذ الطفولة ومركز الميزان ، قبل العملية البرية للجيش الإسرائيلي في 3 يناير ، تم تهجير أكثر من 13000 شخص ( 2000 عائلة ) في القطاع . غالبية هذه العائلات تبحث عن مأوى مع أقاربها بينما يقيم البعض الآخر في ملاجئ الطوارئ المؤقتة التي توفرها الأونروا . وحتى اليوم الثالث عشر من يوم العملية العسكرية الإسرائيلية كان يقيم في هذه الملاجئ 21200 نازح فلسطيني . وبحلول الأسبوع الثالث من الهجمات ، ارتفع هذا العدد بمقدار 14300 لاجئ ، ليبلغ 35520 فلسطينيا "" يقيمون في ملاجئ الأونروا "". في نفس الفترة ، قدر مركز الميزان أيضا أن "" ما مجموعه "" 80 ، 000 -90 ، 000 فلسطيني قد نزحوا ، بما في",كم عدد الإسرائيليين الذين قتلوا خلال حرب غزة 2008 -2009 ؟,13 إسرائيليا,13 إسرائيليًا,0.9,0.9,0.92
"[Chunk 1]
في نظرية الأعداد ، يتحدث عن أعداد أولية في متتالية حسابية حينما تكون ثلاث حدود متتابعة على الأقل من متتالية حسابية أولية . على سبيل المثال ، الأعداد 3 ، 7 ، 11 تمثل ثلاث حدود متتابعة من المتتالية الحسابية formula_1 حيث formula_2..

[Chunk 2]
العملية الحسابية هي عملية معتمدة لتحويل واحد أو أكثر من المدخلات إلى واحد أو أكثر من النتائج ، مع تغيير متغير . على سبيل المثال ، ضرب العدد 7 بالعدد 8 عملية بسيطة حسابيا . بينما تقدير السعر العادل للأدوات المالية باستخدام نموذج بلاك شولز هو عملية معقدة حسابيا . تشمل العمليات الحسابية كذلك التقديرات الإحصائية لنتائج الانتخابات ، وذلك باستخدام استطلاعات الرأي . استخدم الحساب منذ القدم ، وقد استخدم الإغريق والرومان العداد للعمليات الحسابية ، وكان يتكون من قضبان حديدية ، مثبت بها حصوات مثقوبة . والحساب في الحياة اليومية نستخدمه دائما وهو مهم جدا لاستخدامه في الهندسة وحساب وحل المعادلات وحساب الأرباح والمعدلات وتوزيع الميراث وغيرها الكثير من الأمور المهمة التي تدخل في الحساب ، لذلك فلا يستطيع أحد التخلي عنه وعدم استخدامه سواء في الحياة العامة أو الخاصة . الخاصية التجميعية . وهي الخاصية التي إن غيرت فيها مكان العدد لا يغير نتيجة العملية ، فمثلا ( 2 x ( 5 x 4 تساوي ( 5 x ( 2 x 4. وتنطبق هذه الخاصية على الجمع كذلك ، مثل ( 4 +5 )+2 تساوي ( 4 +2 )+5. الخاصية التبديلية . هي الخاصية التي إن بادلت بين طرفي العملية لا يغير من ناتج العملية ، فتكرار العدد 8 سبع مرات هو نفسه تكرار العدد 7 ثماني مرات ، وهذه الخاصية تنطبق على عمليتي الجمع والضرب ، وليس على الطرح أو القسمة ، مثل : 1 +2 = 2 +1 = 3 ، 3 x 5 = 5 x 3 = 15. مربع العدد ومكعب العدد . المربع الكامل هو العدد الذي إن قسمته على عدد معين مرتين كان الناتج 1 ، ما عدا العددين 1 و 0 ، فلو قسمت العدد 4 على العدد 2 فالناتج يساوي 2 ، وفي المرة الثانية يكون الناتج 1 ، إذن فالعدد 4 هو مربع العدد 2 ، ويسمى العدد 2 الجذر التربيعي للعدد 4 ، أما المكعب الكامل فهو العدد الذي إن قسمته على عدد معين ثلاث مرات كان الناتج 1 ، ما عدا العددين 1 و 0 ، مثل العدد 8 إن قسمته على العدد 2 ثلاث مرات سيكون الناتج على التوالي 4 و 2 و 1 ، إذن فالعدد 8 هو مكعب العدد 2 ، والعدد 2 هو الجذر التكعيبي للعدد 8. ملاحظة : 1 = 1 x 1 ، وكذلك : 1 = 1 \ 1. 0 = 0 x 0. حساب المعدل .

[Chunk 3]
العدد الطبيعي في الرياضيات ، هو كل عدد صحيح موجب ، مثل 1 ، 2 ، 3.. 12 ، 563. ويضيف بعض العلماء الصفر إلى هذه المجموعة من الأعداد . يرمز لمجموعة الأعداد الطبيعية بالحرف اللاتيني N. و هي مجموعة أعداد غير منتهية . يمثل الواحد 1 أصغر الأعداد الطبيعية التي لا تتضمن الصفر ، بينما يمثل الصفر 0 أصغر الأعداد في مجموعة الأعداد الطبيعية التي تتضمن الصفر ، ويتم إنشاؤها بواسطة علاقة الترجع : "" كل عدد طبيعي له موال وهو أيضا عدد صحيح طبيعي ، 1 عدد صحيح طبيعي ."" أي : « 1 عدد طبيعي ، وإذا كان formula_1 عددا طبيعيا ، فإن formula_2 عدد طبيعي أيضا ». وكل مجموعة مرتبة تخضع لأكسيومات بيانو تسمى مجموعة أعداد طبيعية . ويرمز إلى هذه المجموعة ب N أو يرمز إليها ب * N إذا حذف منها الصفر . بعض الرياضيين لا يعتبرون الصفر عددا صحيحا طبيعيا . الأعداد الطبيعية تكتب من دون فاصلة /./ ومن دون كسر 1 / 3 ملاحظة : لم يعتبر العديد من علماء الرياضيات الإغريق الواحد عددا . فبالنسبة إليهم ، اثنان هو أصغر عدد . تاريخ . الجذور القديمة . في البدايات مثلت الأرقام الطبيعية عن طريق وضع علامة للشيء المعدود . منها تطور لمقارنة الأشياء المعدودة بأخرى لمعرفة الزيادة والنقصان أو المساواة - عن طريق حذف شيء وشطب علامته أو إضافة آخر مع علامة له وهكذا .",ما هو مثال على متتالية حسابية تحتوي على أعداد أولية ؟,"الأعداد 3 ، 7 ، 11 تمثل ثلاث حدود متتابعة من المتتالية الحسابية formula_1 حيث formula_2..","3، 7، 11",0.91,0.91,0.91
"[Chunk 1]
بير - أولا ليونغ هو لاعب كرة قدم ومدرب كرة قدم سويدي في مركز الدفاع ، ولد في 7 نوفمبر 1967 في السويد . لعب مع نادي هلسينغبورغ .

[Chunk 2]
برين لاينغن لاعب كرة قدم إنجليزي محترف سابق ، لعب في خط الدفاع ، ولد في الثاني من تشرين الثاني 1973. بدأ برين مسيرته الكروية مع نادي شيفيلد وينزداي ، وظهر لمرة واحدة في الحادي عشر من شهر كانون الثاني عام 1994 ، وبيع إلى نادي بوري في عام 1998. لعب بعد ذلك خارج الدوري في أندية غينزبورو ترينتي ، ويركسوب تاون ، ويتبي تاون . برين هو اللاعب الأصغر للمدافع الإنجليزي أندي لاينغن ، و ديفيد لاينغن المدافع السابق لنادي إيبسوتش تاون ، ولديه أخوان جون توأم .

[Chunk 3]
بير - إيجل فلو هو لاعب كرة قدم نرويجي في مركز الدفاع ، ولد في 18 يناير 1989 في في النرويج . شارك مع ومنتخب النرويج تحت 16 سنة لكرة القدم ومنتخب النرويج تحت 17 سنة لكرة القدم ومنتخب النرويج تحت 18 سنة لكرة القدم ومنتخب النرويج تحت 19 سنة لكرة القدم ومنتخب النرويج تحت 21 سنة لكرة القدم ومنتخب النرويج لكرة القدم . أما مع النوادي ، فقد لعب مع نادي سوغندال لكرة القدم ونادي مولده .",ما هو النادي الذي لعب معه بير - أولا ليونغ ؟,نادي هلسينغبورغ .,نادي هلسينغبورغ,0.92,0.91,0.92
"[Chunk 1]
اتفاقية الحد من تصنيع وتنظيم توزيع المخدرات ، هي معاهدة لمكافحة المخدرات صدرت في جنيف في 13 يوليو عام 1931 م . وقد دخلت حيز النفاذ في 9 يوليو من عام 1933 م . نظرة عامة . وقد تم إنشاء مجموعتين من المخدرات ، تتألف المجموعة الأولى مما يلي : المورفين وأملاحه ، بما في ذلك أملاح الاستر مثل ثنائي أسيتات المورفين ( الهيروين ) والمستحضرات المصنوعة مباشرة من الأفيون الخام أو الطبي وتحتوي على أكثر من 20 % من المورفين ؛ الكوكايين وأملاحه ، بما في ذلك المستحضرات المصنوعة مباشرة من ورقة الكوكا وتحتوي على أكثر من 0.1 في المائة من الكوكايين ، وجميع استرات الأكيجونين وأملاحها . ثنائى هيدروهيدروكسى كودينون ( مادة مسجلة باسم اليوكودال عبارة عن ملح ) ، ثنائي هيدروكودايين ( مادة مسجلة باسم الديكوديد عبارة عن ملح ) ، ثنائي هيدرو هيدروكودينون ( مادة مسجلة باسم ديلوديد عبارة عن ملح ) ، استيل ثنائى هيدروكودنيون أو أستيل ديمثيلوثنائي ايدروثيبايين ( مادة مسجلة باسم الأسيديكون عبارة عن ملح ) ، ثنائي هيدرومورفين ( مادة مسجلة باسم بارامورفان عبارة عن ملح ) ، واسترات وأملاح أي من هذه المواد واستراتها ، - ن - أوكسيد المورفين ( الاسم التجاري المسجل باسم جينومورفين ) ، ومشتقات - ن - أوكسيد المورفين ، والمشتقات المورفينية النيتروجينية الخماسية التكافؤ الأخرى . الأكيجونين ومركب ثيبايين وأملاحهم ، والبينزيل مورفين وأيثرات آخرى من المورفين وأملاحهم . باستثناء المستحضر ميثيل مورفين ( كودايين ) والمسكن إيثيل مورفين وأملاحهم . تتألف المجموعة الثانية مما يلي : كانت المجموعة الأولى تخضع لأنظمة أشد صرامة من المجموعة الثانية . فعلى سبيل المثال ، عند تقدير كمية الأدوية المطلوبة للاحتياجات الطبية والعلمية ، كان الهامش لتقلبات الطلب المسموح به لعقاقير الفئة الثانية أكبر منه لعقاقير الفئة الأولى . وفي بعض التقارير أيضا فإنه يكفي بيان موجز للمسائل المتعلقة بعقاقير الفئة الثانية . وكان إنشاء هذه المجموعات الأولية سببا في تطوير نظام جدولة المخدرات القائم اليوم . ولكل من « الاتفاقية الوحيدة للمخدرات » لعام 1961 م و « اتفاقية المؤثرات العقلية » لعام 1971 م جداول زمنية للمواد الخاضعة للرقابة . وتتألف « اتفاقية الأمم المتحدة ضد الاتجار غير المشروع في المخدرات والمؤثرات العقلية » لعام 1988 م من جدولين من السلائف والمواد الكيميائية الخاضعة للرقابة . وقد اتسع نطاق اتفاقية عام 1931 م اتساعا كبيرا من خلال « بروتوكول إخضاع المخدرات للمراقبة الدولية خارج نطاق اتفاقية 13 يوليو 1931 م للحد من تصنيع وتنظيم توزيع المخدرات ». وقد حلت الاتفاقية محل « الاتفاقية الوحيدة للمخدرات » لعام 1961 م . التاريخ . تم عقد المؤتمر في سويسرا بجنيف في 27 مايو 1931 م أو حوالي ذلك .

[Chunk 2]
اتفاقية الأفيون الدولية ، الموقعة في لاهاي في 23 يناير عام 1912 أثناء المؤتمر الدولي الأول للأفيون ، والتي كانت أول معاهدة دولية لمكافحة المخدرات . لم تنجح الولايات المتحدة في محاولات لإدراج الحشيش في اتفاقية عام 1912. تم تسجيلها في سلسلة معاهدات عصبة الأمم في 23 يناير 1922. عقدت الولايات المتحدة مؤتمرا مكون من 13 دولة للجنة الأفيون الدولية عام 1909 في شنغهاي ، الصين ، للرد على الانتقادات المتزايدة لتجارة الأفيون . وقعت معاهدة لكل من ألمانيا والولايات المتحدة والصين وفرنسا والمملكة المتحدة وإيطاليا واليابان وبلاد فارس والبرتغال وروسيا وتايلاند . نصت الاتفاقية على ما يلي : « تبذل الدول المتعاقدة كل جهدها للسيطرة على كل من يصنعون ، يستوردون ، يبيعون ، يوزعون ، يصدرون المورفين والكوكايين والأملاح الخاصة بهم ، وكذلك المباني التي يمارس فيها هؤلاء الأشخاص مثل هذه الصناعة أو التجارة ». نفذت الانتفاقية في عام 1915 من قبل الولايات المتحدة وهولندا والصين وهندوراس والنرويج . دخلت حيز التنفيذ على الصعيد العالمي في عام 1919 ، عندما دمجت في معاهدة فرساي . كان الهدف الاساسي للاتفاقية هو فرض قيود على الصادرات بدلا من فرض حظر أو تجريم استخدام وزراعة الأفيون والكوكايين والقنب . وهذا يفسر انسحاب الولايات المتحدة والصين ، اللتين كانت تتجهان نحو مناهج الحظر ، وكذلك بدء المفاوضات التي أدت إلى اتفاقية الأفيون الدولية سنة 1925 في جنيف . تم التوقيع على اتفاقية دولية منقحة لاتفاقية الأفيون الدولية المتعلقة بالمخدرات الخطرة في جنيف في 19 فبراير 1925 ، والتي دخلت حيز التنفيذ في 25 سبتمبر 1938 ، وتم تسجيلها في سلسلة معاهدات عصبة الأمم في نفس اليوم . وقد أدخلت نظام مراقبة إحصائية يشرف عليه مجلس الأفيون المركزي الدائم ، وهو هيئة تابعة لعصبة الأمم . أوصت مصر بدعم من الصين والولايات ، بإضافة حظر على الحشيش إلى الاتفاقية ، واقترحت لجنة فرعية النص التالي : لا يجوز استخدام القنب الهندي والمستحضرات المشتقة منه إلا للأغراض العلاجية والعلمية . ومع ذلك ، فإن الراتينج الخام ( نبات مخدر ) ، الذي يتم استخراجه من قمم الإناث من كانابيس ساتيفا ، إلى جانب المستحضرات المختلفة ( الحشيش ، والشيرا ، والمرجوانا ، والديمبا ، وما إلى ذلك ) التي تشكل أساسها ، ولا تستخدم في الوقت الحالي للإغراض الطبية ، بل فقط عرضة للاستخدام لأغراض ضارة ، بنفس حال المخدرات الأخرى ، لا يجوز إنتاجها أو بيعها أو المتاجرة بها وما إلى ذلك ، تحت أي ظرف من الظروف . اعترضت الهند ودول أخرى على ذلك ، نقلا عن العادات الاجتماية والدينية وانتشار نباتات القنب البرية التي من شأنها أن تجعل من الصعب تنفيذه . وبناء على ذلك ، لم يدخل هذا الحكم في المعاهدة النهائية . تم التوصل إلى حل وسط يحظر تصدير القنب إلى البلدان التي حضرت استخدامه ، ويطلب من الدول المستوردة إصدار شهادات بالموافقة على الاستيراد وتصريح بأن الشحنة كانت مطلوبة « حصريا للأغراض الطبية أو العلمية ». كما طلب من الأطراف « ممارسة رقابة فعالة ذات طبيعة تمنع الاتجار الدولي غير المشروع بالقنب الهندي وخاصة الراتنج ». لا تزال هذه القيود تترك مجالا كبيرا للبلدان للسماح بإنتاج الحشيش والتجارة الداخلية واستخدامه للأغراض الترفيهية . تم استبدال الاتفاقية بحلول عام 1961 إلى ( الاتفاقية الوحيدة للخدرات )

[Chunk 3]
كانت الآثار طويلة الأمد للقنب موضوع نقاش مستمر . نظرا لأن القنب غير قانوني في معظم البلدان ، فإن الأبحاث السريرية تمثل تحديا وهناك أدلة محدودة يمكن من خلالها استخلاص النتائج . أصدرت الأكاديميات الوطنية الأمريكية للعلوم والهندسة والطب في عام 2017 تقريرا يلخص الكثير من المؤلفات المنشورة حول الآثار الصحية للقنب ، إلى فئات تعتبر قاطعة ، وكبيرة ، ومعتدلة ، ومحدودة ، ولا تحتوي على أدلة أو كافية لدعم الارتباط مع نتيجة معينة . الاعتماد ( الإدمان ). القنب هو أكثر المخدرات غير المشروعة استخداما في العالم الغربي . في الولايات المتحدة ، 10 -20 % ممن يبدأون في استخدام القنب يوميا يصبحون معتمدين لاحقا . يمكن أن يؤدي استخدام القنب إلى الإدمان ، والذي يعرف على أنه : عندما لا يستطيع الشخص التوقف عن تعاطي المخدر على الرغم من أنه يتعارض مع العديد من جوانب حياته . جرى تعريف اضطراب استخدام القنب في المراجعة الخامسة للدليل التشخيصي والإحصائي للاضطرابات العقلية ( DSM-5 ) كحالة تتطلب العلاج . قالت مراجعة عام 2012 لاستخدام القنب والاعتماد عليه في الولايات المتحدة من قبل دانوفيتش وآخرون إن 42 % من الأشخاص فوق سن 12 عاما قد استخدموا القنب مرة واحدة على الأقل في حياتهم ، و 11.5 % قد تعاطوا خلال العام الماضي ، و 1.8 % قد حققوا معايير التشخيص لتعاطي القنب أو الاعتماد عليه خلال العام الماضي . ومن بين الأفراد الذين تعاطوا القنب في أي وقت مضى ، فإن الاعتماد المشروط ( نسبة الذين يواصلون تطوير الاعتماد ) هو 9 %. على الرغم من عدم وجود دواء معروف بفعاليته في مكافحة الاعتماد ، إلا أن مجموعات العلاج النفسي مثل العلاج السلوكي المعرفي والعلاج التحفيزي المعزز قد حققت بعض النجاح . يتطور إدمان القنب في 9 % من المتعاطين ، وهو أقل بكثير من إدمان الهيروين ، والكوكايين ، والكحول ، ومزيلات القلق الموصوفة ، ولكنه أعلى قليلا من إدمان السيلوسيبين ، أو المسكالين ، أو إل إس دي . يميل الاعتماد على القنب إلى أن يكون أقل حدة من الاعتماد على الكوكايين والأفيون والكحول . ناقش استعراض أكاديمي لعام 2018 ، نشر بالشراكة مع شركة Canopy Growth ، قيود الدراسات الحالية لاستخدام القنب العلاجي وغير العلاجي ، وذكر كذلك أن طبيعة تكوين الاعتماد بين مستهلكي الماريجوانا المنتظمين قد انخفضت منذ عام 2002. نشرت جامعة كامبريدج دراسة في عام 2015 أظهرت حقيقة مفاجئة أن استخدام القنب قد انخفض في إنجلترا وويلز . على الرغم من وجود انخفاض ، أبلغ عنه في الاستخدام ، إلا أن الحاجة إلى علاج الإدمان كانت تزداد . نظرت الدراسة بمزيد من العمق في كيفية تأثير فاعلية القنب على اعتماد شخص ما على المخدر . اختبروا ثلاثة مستويات مختلفة من الفاعلية ووجدوا أن القنب الأكثر فاعلية لديه أكبر قدر من الاعتماد . يعتقد الباحثون أن هذا بسبب النشوة التي شعر بها المشاركون بعد الاستخدام . لم تمنح الخيوط القوية الأقل المستخدمين نفس المستوى العالي ، ما جعلهم لا يرغبون أو يعتمدون بدورهم على تلك الخصلة بنفس القدر . الذاكرة والذكاء . ثبت أن التسمم الحاد بالقنب يؤثر سلبا على الانتباه ، والقدرة على أداء المهام الحركية ، والذاكرة قصيرة المدى . أظهرت الدراسات التي أجريت على متعاطي القنب ( الحشيش ) المزمن ، على الرغم من عدم الاتساق ، تأثير طويل الأمد على مدى الانتباه ووظيفة الذاكرة والقدرات المعرفية لمستخدمي الجرعة المعتدلة على المدى الطويل . بمجرد التوقف عن استخدام القنب لعدة أشهر ، تختفي هذه الآثار ، ما لم يبدأ المستخدم في تناوله خلال فترة المراهقة . من المتوقع أن هذا يرجع إلى التأثيرات السمية العصبية للقنب التي تتداخل مع نمو الدماغ الحرج . الاستخدام",ما هو دورها في إدارة مكافحة المخدرات ؟,عملت كمديرة لإدارة مكافحة المخدرات,تقوم الاتفاقية بتنظيم وإدارة مراقبة المواد الخاضعة للرقابة وتحديد أنظمة التصدير والتصدير.,0.8,0.91,0.7
"[Chunk 1]
سيحدث كسوف كلي للشمس يوم الجمعة 30 أبريل 2060. يحدث كسوف الشمس عندما يمر القمر بين الأرض والشمس ، وبالتالي يحجب صورة الشمس كليا أو جزئيا عن مشاهد على الأرض . يحدث الكسوف الكلي للشمس عندما يكون القطر الظاهري للقمر أكبر من قطر الشمس ، مما يحجب كل ضوء الشمس المباشر ، ويحول النهار إلى ظلام . تحدث الكلية في مسار ضيق عبر سطح الأرض ، مع كسوف جزئي للشمس مرئي فوق المنطقة المحيطة بعرض آلاف الكيلومترات . الخسوفات ذات الصلة . كسوف الشمس 2059 -2061. هذا الكسوف هو جزء من سلسلة كسوف الشمس 2059 -2061. يتكرر الكسوف في كل 177 يوما تقريبا و 4 ساعات ي العقد المتناوبة من مدار القمر . ساروس 139. جزء من مسلسل ساروس 139 يتكرر كل 18 سنة و 11 يوم و 8 ساعات ويحتوي على 71 حدثا . هذا التاريخ هو أطول كسوف للشمس تم حسابه بين 4000 BC و 6000 بعد الميلاد . تقع خسوفات سلسلة ساروس أثناء عقدة القمر الصاعدة ( وهو مصطلح يتعلق باتفاقيات خط الاستواء والتسمية القطبية ). سلسلة ميتونيك . تتكرر السلسلة ميتونيك كل 19 عاما ( 6939.69 يوما ) ، وتستمر حوالي 5 دورات . يحدث الكسوف في نفس تاريخ التقويم تقريبا . بالإضافة إلى ذلك ، تتكرر سلسلة أكتون الفرعية 1 / 5 من ذلك أو كل 3.8 سنوات ( 1387.94 يوما ). تحدث جميع الكسوفات في هذا الجدول عند العقدة الصاعدة للقمر .

[Chunk 2]
سيحدث كسوف جزئي للشمس في 21 أبريل 2069. يحدث كسوف الشمس عندما يمر القمر بين الأرض والشمس ، وبالتالي يحجب صورة الشمس كليا أو جزئيا عن مشاهد على الأرض . يحدث كسوف جزئي للشمس في المناطق القطبية من الأرض عندما يغيب مركز ظل القمر عن الأرض . الخسوفات ذات الصلة . كسوف الشمس 2069 -2072. هذا الكسوف هو جزء من سلسلة فصلية يتكرر فيها كسوف الشمس كل 177 يوما تقريبا و 4 ساعات ( فصل ) في العقد المتناوبة من مدار القمر . ساروس -120. هذا الكسوف جزء من دورة ساروس 120 ، يتكرر كل 18 سنة ، 11 يوما ، يحتوي على 71 حدثا . بدأت السلسلة مع كسوف جزئي للشمس في 27 مايو 933 م ، ووصلت إلى كسوف حلقي في 11 أغسطس ، 1059. حدث هجين لمدة 3 تواريخ : 8 مايو 1510 حتى 29 مايو 1546 والكسوف الكلي من 8 يونيو 1564 حتى 30 مارس 2033. تنتهي السلسلة عند العضو 71 ككسوف جزئي في 7 يوليو 2195. الأطول كانت المدة الإجمالية دقيقتين و 50 ثانية في 9 مارس 1997. كل الكسوف في هذه السلسلة يحدث عند العقدة الهابطة للقمر .

[Chunk 3]
سيحدث كسوف حلقي للشمس يوم السبت 27 يناير 2074. يحدث كسوف الشمس عندما يمر القمر بين الأرض والشمس ، وبالتالي يحجب صورة الشمس كليا أو جزئيا عن مشاهد على الأرض . يحدث الكسوف الحلقي للشمس عندما يكون القطر الظاهر للقمر أصغر من قطر الشمس ، مما يحجب معظم ضوء الشمس ويتسبب في ظهور الشمس كحلقة . يظهر الخسوف الحلقي على شكل كسوف جزئي فوق منطقة من الأرض يبلغ عرضها آلاف الكيلومترات . الخسوفات ذات الصلة . كسوف الشمس 2073 -2076. هذا الكسوف هو جزء من سلسلة كسوف الشمس 2073 -2076. يتكرر الكسوف في كل 177 يوما تقريبا و 4 ساعات في العقد المتناوبة من مدار القمر . سلسلة ميتونيك . تتكرر السلسلة ميتونيك كل 19 عاما ( 6939.69 يوما ) ، وتستمر حوالي 5 دورات . يحدث الكسوف في نفس تاريخ التقويم تقريبا . بالإضافة إلى ذلك ، تتكرر سلسلة أكتون الفرعية 1 / 5 من ذلك أو كل 3.8 سنوات ( 1387.94 يوما ). تحدث جميع الكسوفات في هذا الجدول عند العقدة الصاعدة للقمر . سلسلة اينكس . هذا الكسوف هو جزء من دورة اينكس طويلة الأمد ، يتكرر عند العقد المتناوبة ، كل 358 شهرا سينوديا ( 10571.95 يوما ، أو 29 عاما ناقص 20 يوما ). مظهرها وخط طولها غير منتظمين بسبب عدم التزامن مع الشهر غير الطبيعي ( فترة الحضيض ). ومع ذلك ، فإن مجموعات 3 دورات اينكس ( 87 سنة ناقص شهرين ) تقترب ( 1 ، 151.02 شهرا غير طبيعي ) ، لذا فإن الكسوف متشابه في هذه المجموعات . سلسلة تريتوس . هذا الكسوف هو جزء من دورة تريتوس ، يتكرر عند العقد المتناوبة كل 135 شهرا متزامنا ( 3986.63 يوما ، أو 11 عاما ناقص شهر واحد ). مظهرها وخط طولها غير منتظمين بسبب نقص التزامن مع الشهر غير الطبيعي ( فترة الحضيض ) ، لكن التجمعات المكونة من 3 دورات تريتوس ( 33 عاما ناقص 3 أشهر ) تقترب ( 434.044 شهرا غير طبيعي ) ، لذا فإن الكسوف متشابه في هذه التجمعات .",ما هي السلسة التي يعتبر هذا الكسوف جزء منها ؟,2044 -2047,ساروس 139,0.3,0.5,0.13
"[Chunk 1]
فرانكلين ديلانو روزفلت ( أو روزافالت حسب نطقه الخاص ) ، ( 30 يناير 1882 - 12 أبريل 1945 ) ، المعروف أيضا باختصار « إف دي آر » ، هو رجل دولة وزعيم سياسي أمريكي شغل منصب الرئيس الثاني والثلاثين للولايات المتحدة من عام 1933 حتى وفاته في عام 1945. روزفلت هو سياسي ديمقراطي ، وفاز في أربعة انتخابات رئاسية متتالية وبرز كشخصية مركزية في الأحداث العالمية خلال منتصف القرن العشرين . قاد حكومة الولايات المتحدة خلال الكساد الكبير والحرب العالمية الثانية . اعتبر قائدا مهيمنا على الحزب ، وقام ببناء تحالف الصفقة الجديدة ، وأعاد تنظيم السياسة الأمريكية في نظام الحزب الخامس ، وأعاد تحديد الليبرالية الأمريكية خلال الثلث الأوسط من القرن العشرين . وغالبا ما يصنفه الباحثون كأحد أعظم ثلاثة رؤساء أمريكيين ، إلى جانب جورج واشنطن وأبراهام لينكون . ولد روزفلت في عام 1882 لعائلة هولندية بارزة من مقاطعة دوتشيس في نيويورك . ودخل نخبة المؤسسات التعليمية في البلاد مثل مدرسة جروتون ، وكلية هارفارد ، وكلية كولومبيا للقانون . في سن 23 في عام 1905 ، تزوج إليانور روزفلت ، وأنجب الزوجان ستة أطفال . دخل روزفلت السياسة في عام 1910 ، وعمل في مجلس الشيوخ في ولاية نيويورك ، ثم مساعد وزير البحرية تحت قيادة وودرو ويلسون . في عام 1920 ، كان روزفلت مرشحا ليرافق جيمس كوكس في انتخابات عام 1920 ، ولكنهما خسرا أمام الجمهوريين وارن جي . هاردينغ ونائبه كالفين كوليدج . أصيب روزفلت بشلل الأطفال في عام 1921 ، فأقعده المرض وهدد مستقبله السياسي ، لكنه حاول أن يتعافى من المرض وأسس مركزا لعلاج المصابين بشلل الأطفال في وارم سبرينجز في جورجيا . عاد روزفلت إلى الحياة السياسية يعد وضع اسم آل سميث في ترشيح المؤتمر الوطني الديمقراطي عام 1924 ، وترشح روزفلت لمنصب حاكم نيويورك بناء على طلب سميث ، ونجح في انتخابات الولاية عام 1928. شغل روزفلت هذا المنصب من عام 1929 إلى 1933 وعمل كحاكم إصلاحي ، وطالب بتطبيق برامج لمكافحة الكساد الذي ضرب الولايات المتحدة وقتها . وفي انتخابات الرئاسة عام 1932 ، حقق روزفلت نصرا ساحقا على الرئيس الجمهوري هربرت هوفر . تولى روزفلت منصبه بينما كانت البلاد ترزح تحت أسوأ أزمة اقتصادية في تاريخها . وبعد انتصاره على شلل الأطفال ، اعتمد روزفلت على تفاؤله ونشاطه لرفع الروح الوطنية . وخلال أول مائة يوم في منصبه ، أقر روزفلت مجموعة تشريعات اتحادية لم تشهدها البلاد والتي وضعت أساس الصفقة الجديدة – وهي مجموعة من البرامج الاقتصادية لإغاثة الشعب ( وظائف حكومية للعاطلين عن العمل ) ، والانتعاش ( النمو الاقتصادي ) ، والإصلاح ( من خلال تنظيم وول ستريت والبنوك والنقل ). وقد أنشأ العديد من البرامج لدعم العاطلين عن العمل والمزارعين ، وشجع نمو نقابات العمال ، ونظم الأعمال التجارية والتمويل العالي . دعم روزفلت إلغاء منع الكحول في عام 1933 ما أضاف إلى شعبيته ، وساعده هذا على تحقيق نصر ساحق على ألف لاندون في انتخابات عام 1936. تحسن الاقتصاد بسرعة في سنوات حكمه ، إلا أنه أصيب بالركود في عام 1937 -1938. وقد منعه الائتلاف المحافظ من الحزبين ، والذي تشكل في عام 1937 ، من جمع أصوات المحكمة العليا ، وأغلق الطريق على جميع مقترحاته الليبرالية الكبرى ( باستثناء الحد الأدنى للأجور ). عندما بدأت الحرب وانتهت البطالة ، ألغى المحافظون في الكونغرس برنامجي الإغاثة الرئيسيين ، وهما إدارة تقدم الأعمال وسلك الخدمة المدنية . إلا أنهم أبقوا على معظم القوانين التي تنظم الأعمال التجارية . وشملت برامجه الرئيسية التي بقيت : لجنة الأوراق المالية والبورصات ، قانون فاغنر ، المؤسسة الاتحادية للتأمين على الودائع والضمان الاجتماعي . كانت الحرب العالمية الثانية تلوح في الأفق عام 1938 مع غزو اليابان للصين وعدوان ألمانيا النازية ، قدم روزفلت دعما دبلوماسيا وماليا قويا للصين والمملكة المتحدة ، في حين ظل محايدا رسميا . وكان هدفه جعل أمريكا « ترسانة أسلحة الديمقراطية » ، وأن توفر الذخيرة للحلفاء . كما منح القروض لبريطانيا والصين في مارس 1941 بموافقة من الكونغرس . بعد الهجوم الياباني المفاجئ على بيرل هاربور في 7 ديسمبر 1941 ، والذي وصفه بأنه « يوم سيبقى مظلما » ، سعى روزفلت لينال موافقة الكونغرس لإعلان الحرب على اليابان ، وتم له هذا في اليوم التالي ، قبل أن يعلن الحرب على ألمانيا بعد أيام قليلة . اجتهد روزفلت في عمله مع رئيس الوزراء البريطاني ونستون تشرشل والزعيم السوفيتي جوزيف ستالين والقائد العام الصيني تشانغ كاي شيك في قيادة الحلفاء ضد ألمانيا النازية وإيطاليا الفاشية والإمبراطورية اليابانية في الحرب العالمية الثانية ، وساعده كبير أعوانه هاري هوبكنز ولقي دعما قويا من الشعب . وأشرف على تعبئة الاقتصاد الأمريكي لدعم جهود الحرب ، كما أمر بنقل مائة ألف مدني أمريكي من أصل ياباني إلى المعتقلات . كما قام روزفلت ، بوصفه قائدا عسكريا ، بتنفيذ إستراتيجية حرب على جبهتين والتي انتهت بهزيمة قوى المحور وتطوير أول قنبلة ذرية في العالم . كما ظهر أثره واضحا أيضا على إنشاء الأمم المتحدة ونظام بريتون وودز . واصل روزفلت انتصاراته الساحقة في الانتخابات عام 1940 على وينديل ويلكي ، وعام 1944 على توماس ادموند ديوي ، إلا أن صحته تدهورت بشكل خطير خلال سنوات الحرب ، وتوفي بعد 11 أسبوعا على ولايته الرابعة . بدايته . ولد روزفلت في الثلاثين من يناير عام 1882 ، في هايد بارك في نيويورك . وتلقى أول دروسه على يد مدرسين خصوصيين ، ثم التحق بجامعة هارفارد ( Harvard University ) ، وتخرج فيها عام 1904. وعقب تخرجه التحق بكلية الحقوق بجامعة كولومبيا ( 1904 -1907 ) ، ولكنه لم يتخرج فيها ، إذ فشل في اجتياز الامتحان . ينحدر فرانكلين ديلانو روزفلت من أصل هولندي فرنسي . انتخب جده الأكبر ، نيكولاس روزفلت ، عمدة لمدينة نيويورك ( 1698 -1701 ). أما والده ، جيمس روزفلت ( 1828 -1900 ) ، فكان يعمل محاميا وخبيرا ماليا ، ومات إثر إصابته بمرض قلبي ، عندما كان فرانكلين في أولى سنوات دراسته بجامعة هارفارد . أما والدته سارة « سالي » ( 1854 – 1941 ) ، فقد ماتت عن عمر يناهز 87 عاما ، أثناء الفترة الثالثة لتولي ابنها الرئاسة . وورث عنها روزفلت ثروة تقدر بنحو 920 ألف دولار . وكان لفرانكلين أخ واحد من والده ، اسمه جيمس روزفلت الصغير ، وكان يعمل سكرتيرا أولا في سفارة أمريكا في فيينا ، ثم بعد ذلك في لندن . تزوج روزفلت من إليانور في عام 1905. وكسيدة أولى ، عملت إليانور روزفلت على مساندة الدفاع عن حقوق السود ، إلى حد أنها استقالت من منظمة بنات الثورة الأمريكية ( Daughters of the American Revolution ) احتجاجا على رفضهم السماح للمغنية السوداء ماريان أندرسون ( Marian Anderson ) الغناء في إحدى الحفلات . وبعد وفاة زوجها ، عينها الرئيس ترومان عضوا في أول وفد أمريكي يشارك في اجتماعات الأمم المتحدة ( 1946 -1952 ) ، ثم عملت بعد ذلك رئيسة للجنة حقوق الإنسان بالأمم المتحدة . إلى أن ماتت في السابع من نوفمبر عام 1962. ورزق روزفلت ابنة واحدة ، هي آنا اليانور روزفلت ( 1906 -1975 ) ( Anna Eleanor Roosevelt ) ، وكانت تعمل صحفية وموظفة علاقات عامة . وله أربعة أبناء هم : جيمس روزفلت ( 1907 -1991 ) ، الذي كان رجل أعمال ، ثم انتخب عضوا في مجلس النواب بالكونغرس ، إلى جانب عمله كاتبا . واليوت روزفلت ( 1910 -1990 ) ، وكان رجل أعمال كذلك ، ثم انتخب عمدة ، وكان أيضا يعمل بالكتابة والتأليف . وفرانكلين د . روزفلت « الصغير » ( 1914 -1988 ) ، وكان رجل أعمال ومزارع ، ثم انتخب عضوا في الكونغرس . وأخيرا جون اسبنوول روزفلت ( 1916 - 1981 ) ، الذي كان تاجرا وسمسارا بالبورصة . تعليمه ومسيرته الأولى . زار روزفلت أوروبا عدة مرات ، فبدأ رحلته الأولى عندما كان في الثانية من عمره ، ثم اصطحبه والداه كل سنة إلى أوروبا منذ السابعة من عمره ، واستمر بالترحال كل سنة حتى بلغ 15 من عمره . ساعدته تلك الرحلات في تعلم اللغتين الألمانية والفرنسية . تلقى روزفلت تعليمه في المدرسة حتى سن 14 ، باستثناء مرة واحدة عندما كان في التاسعة من عمره ، ودرس في إحدى المدارس العامة في ألمانيا . التحق روزفلت لاحقا بمدرسة غروتون ، وهي مدرسة أسقفية داخلية في غروتون في ولاية ماساتشوستس ، وسجل في الصف الثالث . كان مدير المدرسة ، إنديكوت بيبوي ، يعظ الطلاب ويذكرهم بواجب المسيحيين المتمثل بمساعدة الأقل حظا ، وحث تلاميذه على دخول مجال الخدمات المدنية . كان لبيبوي أثر طويل وقوي على حياة روزفلت ، فهو من زوج روزفلت بزوجته ، وزاره أيضا عندما أصبح رئيسا للولايات المتحدة .

[Chunk 2]
في مساء يوم 8 ديسمبر 1980 ، أطلق الرصاص على الموسيقي الإنجليزي جون لينون ، عضو فرقة البيتلز سابقا ، وأصيب بجروح قاتلة في ممر داكوتا ، مقر إقامته في مدينة نيويورك . كان قاتله مارك ديفيد تشابمان ، أحد محبي فرقة البيتلز الأمريكي الذي سافر من هاواي . قال تشابمان إنه كان غاضبا من أسلوب حياة لينون وتصريحاته العلنية ، خاصة ملاحظته التي حظيت بتغطية إعلامية كبيرة حول كون فرقة البيتلز « أكثر شعبية من يسوع » وكلمات أغانيه اللاحقة « الله ، غاد » و « تخيل ، إماجين ». قال تشابمان أيضا إن شخصية هولدن كولفيلد الخيالية من رواية "" الحارس في حقل الشوفان "" للكاتب جيروم ديفيد سالينجر قد ألهمته . خطط تشابمان للقتل لعدة أشهر وانتظر لينون في داكوتا صباح يوم 8 ديسمبر . خلال المساء التقى لينون ، الذي وقع نسخته من ألبوم "" خيال مضاعف "". غادر لينون مع زوجته ، يوكو أونو ، لحضور جلسة تسجيل في ريكورد بلانت . في وقت لاحق من تلك الليلة ، عاد لينون وأونو إلى داكوتا . أثناء سيرهم نحو مدخل المبنى ، أطلق تشابمان خمس رصاصات مجوفة من مسدس دوار عيار 0.38 ، أربعة منها أصابت لينون في ظهره . ظل تشابمان في مكان الحادث يقرأ "" الحارس في حقل الشوفان "" حتى ألقي القبض عليه . نقل لينون إلى مستشفى روزفلت في سيارة شرطة وأعلنوا وفاته فور وصوله . كان عمره 40 سنة . خيم الحزن على جميع أنحاء العالم على نحو غير مسبوق . تجمعت الحشود في مستشفى روزفلت وأمام داكوتا . وضع الناس في المباني المجاورة شموعا مضاءة في نوافذهم ، وانتحر ثلاثة من محبي البيتلز الأقل . أحرقت جثة لينون في مقبرة فيرنكليف في هارتسديل ، نيويورك . سلم الرماد لأونو ، التي طلبت 10 دقائق من الصمت حول العالم بدلا من إقامة جنازة . اعترف تشابمان بأنه مذنب بقتل لينون وحكم عليه بالسجن لمدة 20 عاما إلى مدى الحياة في سجن شمال ولاية نيويورك . حرم من الإفراج المشروط 11 مرة منذ أن أصبح مؤهلا في عام 2000. الأحداث التي سبقت الاغتيال . 8 ديسمبر 1980. ذهبت مصورة البورتريه آني ليبوفيتز إلى شقة الزوجين لينون من أجل جلسة تصوير لمجلة "" رولينغ ستون "". وعدتهما ليبوفيتز بأن صورتهما معا ستوضع على الغلاف الأمامي للمجلة . التقطت ليبوفيتز عدة صور لجون لينون وحده وكان من المقرر أن تكون واحدة من تلك الصور على الغلاف . قالت ليبوفيتز : « لا أحد يريد ( أونو ) على الغلاف ». أصر لينون على أن يكون هو وزوجته على الغلاف ، وبعد التقاط الصور ، غادرت ليبوفيتز شقتهما في الساعة 3 : 30 مساء . بعد جلسة التصوير ، كانت مقابلته الأخيرة مع دي جي ديف شولين في سان فرانسيسكو ، من أجل عرض موسيقي بث على شبكة راديو آر كي أو . في نحو الساعة 5 مساء ، غادر لينون وأونو شقتهما لمزج أغنية « المشي على الجليد الرقيق » ( أغنية لأونو ظهر فيها لينون على الغيتار الرئيسي ) في استديو ريكورد بلانت ، بعد تأخرهما بسبب تأخر سيارة ليموزين . مارك ديفيد تشابمان . مارك ديفيد تشابمان هو حارس أمن سابق يبلغ من العمر 25 عاما من هونولولو ، هاواي ، من محبي فرقة البيتلز . ادعى لاحقا أنه كان غاضبا من ملاحظة لينون سيئة السمعة والتي حظيت بدعاية كبيرة في عام 1966 التي قال فيها أن الفرقة « أكثر شعبية من يسوع » ، وأكدها لينون من خلال كلمات الأغاني لاحقا . قال تشابمان إنه قرر أن لينون كان « مصطنعا » وجاء قراره من ازدواجية لينون فكلمات أغنيته الإيثارية « تخيل أنه لا يوجد ممتلكات » لا تتوافق مع أسلوب حياته الفخم

[Chunk 3]
أبراهام « كيد تويست » ريليس ( 10 مايو 1906 -12 نوفمبر 1941 ) كان رجل عصابة يهودي من نيويورك كان قاتلا لصالح شركة القتل المحدودة . تحول ريليس لاحقا إلى شاهد حكومي وأرسل العديد من أعضاء شركة القتل المحدودة إلى عقوبة الإعدام بالكرسي الكهربائي . ربما يكون سبب وفاة ريليس من السقوط من خلال نافذة أثناء احتجازه لدى الشرطة بمثابة ضربة من قبل المافيا الأمريكية ، حيث كان من المقرر أن يشهد ضد رئيس الجريمة في عائلة غامبينو ورئيسه المستقبلي ألبرت أناستازيا . السنوات المبكرة . أبراهام ريليس هو ابن مهاجرين يهود نمساويين ، في منطقة براونزفيل في بروكلين ، نيويورك . والده سام ، عمل في حرفة الملابس حتى وقت ما خلال فترة الكساد الكبير . كان اسمه العبري الرسمي الكامل ألكانة بن شمعون . التحق ريليس بالمدرسة حتى الصف الثامن بعدها ترك المدرسة وبدأ التسكع وسرعان ما تعاون مع اثنين من أصدقاءه ، مارتن « بوجسي » غولدشتاين وهاري « بيتسبرغ فيل » شتراوس . تم اعتقاله الأول عام 1921 لسرقته ما قيمته 2 دولار من العلكة وحبس لمدة أربعة أشهر . أصبح ريليس بارعا جدا في استخدام معول الثلج وعند تنفيذ جرائم القتل كان يمرر المعول من أذن ضحيته إلى الدماغ مباشرة لدرجة أن العديد من ضحايا القتل كان يعتقد أنهم ماتوا بسبب نزيف في المخ . مخبر حكومي . في عام 1940 ، تورط ريليس في عدد من عمليات القتل . أدرك ريليس أنه سيواجه الإعدام في حالة إدانته ، وأصبح شاهدا حكوميا . ورط ريليس رئيسه ليبكي بوشالتر في مقتل جوزيف روزن صاحب محل حلويات في بروكلين . أدين بوشالتر في النهاية وأعدم بسبب هذه الجريمة . أشارت معلومات ريليس أيضا إلى تورط لويس كابوني ، ومندي فايس ، وهاري مايوني ، وهاري شتراوس ، وفرانك أبانداندو ، وإيرفينغ نيتسبيرغ ، وحتى صديق طفولته بوجسي غولدشتاين . أدين جميعهم وأعدموا في نهاية المطاف باستثناء نيتزبرغ . كان الهدف التالي لريليس هو ألبرت أناستازيا ، الذي كان رئيسا مشاركا للعمليات في شركة القتل المحدودة . ورط ريليس أناستازيا في مقتل بيت بانتو ، عامل الشحن والتفريغ في النقابة . ومع ذلك ، على عكس الأعضاء الآخرين في شركة القتل المحدودة . كانت أناستازيا عضوا رفيع المستوى في كوزا نوسترا . تم تحديد المحاكمة ، التي تستند فقط إلى شهادة ريليس ، في 12 نوفمبر 1941. حتى ذلك الحين ، كان ريليس تحت حراسة مستمرة من قبل محققي الشرطة في فندق هاف مون في كوني آيلاند . موته . في الصباح الباكر من يوم 12 نوفمبر 1941 ، مع حراسة الشرطة للباب ، سقط ريليس حتى وفاته من نافذة في الغرفة 623 في فندق هاف مون . يبدو أنه ربما كان يحاول أن ينزل نفسه إلى نافذة الطابق الخامس تحتها باستخدام ملاءتين مربوطين معا ثم بسلك طوله أربعة أقدام تم توصيله بصمام في غرفته . ومع ذلك ، تم فك عقدة الأسلاك في الصمام ، وسقط في الطابق الثاني ، وأطلقت عليه الصحف لقب « الكناري الذي يمكنه الغناء ، لكنه لا يستطيع الطيران ». في اليوم التالي ، تم تخفيض رتب خمسة من ضباط الشرطة كانوا يحرسونه . كانت هناك تكهنات واسعة النطاق بأنه قد تم إلقاؤه أو دفعه خارج النافذة وتم ترتيب الغرفة لتبدو وكأنه يحاول الهرب . لم يظهر ريليس أي ميل للهروب من الحجز الوقائي وأظهر بالفعل خوفا من أن يكون بعيدا عن مرمى سمع الشرطة . في يوم وفاته ، كان من المقرر أن يشهد ضد أناستازيا ، عضو رفيع المستوى في كوزا نوسترا ، واستندت المحاكمة فقط إلى شهادة ريليس . وبحسب ما ورد جمع فرانك كوستيلو 100000 دولار",ما هو سبب وفاة والد روزفلت ؟,"مات إثر إصابته بمرض قلبي ، عندما كان فرانكلين في أولى سنوات دراسته بجامعة هارفارد","وفقاً للنص، والد روزفلت (ألاوه روزفلت) توفي بسبب مرض في مستشفى في نيويورك عندما كان ابنه فرانكلين روزفلت (أكبر سناً من روزفلت الشهير) في سن الرابعة. لم يتم ذكر السبب الدقيق لوفاته، فقط أن والده توفي نتيجة لإصابة بالغة أو مرض ما.",0.4,0.8,0.2
"[Chunk 1]
السحيفة هو جنس من حلزون البحر متوسطة الحجم ، من الرخويات بطنيات القدم البحرية في فصيلة المريقيات ، وفصيلة رجونيات ، وهي القواقع المرجانية أو أصداف المرجان .

[Chunk 2]
قطيفة شائكة ، نوع نبات من جنس القطيفة ، موطنها الأمريكتان الاستوائية ، ولكنه موجود في معظم القارات بوصفه نوع مدخل وأحيانا يكون من الحشائش ضارة . يمكن أن يكون حشيشا خطيرا في حقول زراعة الأرز في آسيا .

[Chunk 3]
الراعفة هي مدينة تقع على بعد 20 كم عن مدينة أم القيوين ، الإمارات العربية المتحدة ، ومشهورة بشاطئها الذي تقام فيه الأنشطة الترفيهية والتخييم .",ما هي المطيافية ؟,مطيافية الكتلة والطرق الفيزيائية والكيميائية الأخرى لتحديد التركيب الكيميائي والصيغة الكيميائية للمركبات العضوية وفهم تفاعلاتها,لا أعرف,0.1,0.1,0.1
"[Chunk 1]
29 مايو أو 29 أيار أو 29 مايس أو 29 نوار أو يوم 29 \ 5 ( اليوم التاسع والعشرون من الشهر الخامس ) هو اليوم التاسع والأربعون بعد المئة ( 149 ) من السنوات البسيطة ، أو اليوم الخمسون بعد المئة ( 150 ) من السنوات الكبيسة وفقا للتقويم الميلادي الغربي ( الغريغوري ). يبقى بعده 216 يوما لانتهاء السنة .

[Chunk 2]
كريس جيلبو ، ولد في الرابع من أبريل 1978 ، وهو كاتب ورائد أعمال ومدون ومتحدث أمريكي . في البداية ، حظيت مدونته - فن عدم المطابقة - الخاصة بريادة الأعمال والسفر بالاهتمام ، والتي أدت إلى نشر كتاب يحمل نفس الأسم في عام 2010. بعد ذلك ، نشر ستة كتب إضافية من بينها شركة ناشئة بمئة دولار ( 2012 ) ، والزحام الجانبي ( 2017 ) ، ومؤخرا The Money Tree ( 2020 ) روايته الأولى . ينظم أيضا مؤتمر القمة السنوي للسيطرة العالمية في بورتلاند أوريغون ، ويقدم البودكاست اليومية مدرسة الزحام الجانبي . النشأة والحياة العلمية . ولد جيلبو في الرابع من شهر أبريل لعام 1978. عندما كان في السادسة من عمره ، انتقل مع والدته إلى الفلبين ، أقام فيها لمدة عامين . وفي مرحلة المراهقة ، ترك جيلبو التعليم الثانوي ، لكنه بدأ في حضور دروس الكلية في عامه السادس عشر . حصل على اعتمادات من مدارس متعددة ، وتخرج في نهاية المطاف بدرجة البكالوريوس من جامعة أثينا الحكومية في عامين ونصف . بعدها في عامه العشرون بدأ بالدراسة العليا ، وعمل في تجارة الجملة الصغيرة لتمويل دراسته . من عام 2002 إلى عام 2006 ، تطوع مع المؤسسة الخيرية الطبية سفن الرحمة ، في غرب أفريقيا . بعد عودته إلى الولايات المتحدة ، واصل دراسته العليا وحصل على درجة الماجستير في الآداب في الدراسات الدولية من جامعة واشنطن عام 2008. الحياة المهنية . في عام 2008 ، أسس جيلبو مدونة فن عدم المطابقة ، التي تناقش عددا من الموضوعات بما في ذلك ريادة الأعمال والعمل الحر والسفر . في يونيو 2008 ، أصدر كتابا إلكترونيا مجانيا عن طريق مدونته تحت عنوان - دليل موجز للسيطرة على العالم - ، والذي حمل لأكثر من 100 , 000 مرة في نهاية الأمر . وفي عام 2008 أيضا ، بدأ جيلبو باستخدام مدونته لتوثيق هدفه الخاص بالسفر إلى جميع دول العالم البالغ عددها 193 دولة بحلول عيد ميلاده الخامس والثلاثين في أبريل 2013. جرى تمويل الرحلات بشكل أساسي عن طريق دخل عمله الحر ، وأميال الطيران المتراكمة ، وبرامج مكافآت السفر الأخرى . زار آخر بلد على قائمته ، النرويج ، في عيد ميلاده الخامس والثلاثين . خلال رحلاته ، ساهم جيلبو أيضا في مشاريع أخرى . في عام 2010 ، أسس Travel Hacking Cartel ، وهي خدمة اشتراك تزود المسافرين المحتملين بمعلومات عن برامج السفر الدائم وصفقات السفر الأخرى . في سبتمبر العام ذاته ، نشر كتابه الأول ، فن عدم المطابقة ، عن طريق « Penguin ». للترويج للكتاب ، ذهب في جولة لمدة أربعة أشهر - تعرف بأسم « رحلة الكتاب غير التقليدية »- إلى كل ولاية أمريكية وإقليم كندي . % 20 من عائدات الكتاب منحت إلى المؤسسة الخيرية : واتر . في عام 2011 ، نظم قمة السيطرة العالمية الإفتتاحية « WDS » ، وهو مؤتمر سنوي مقره في بورتلاند أوريغون ، يستهدف الأفراد ذوي المسارات المهنية غير التقليدية . حضر « قمة السيطرة العالمية » أكثر من 10 , 000 مشارك خلال فترة تنفيذه ، تضمن متحدثين بارزين من بينهم برينيه براون ، وسكوت هاريسون ، وغريتشين روبين وغيرهم . وفي الحدث الثاني من « قمة السيطرة العالمية » عام 2012 ، أعطى جيلبو لجميع الحاضرين فاتورة بقيمة 100 دولار لاستخدامها في المشاريع الريادية أو التبرعات الخيرية . في مايو العام ذاته ، أصدر أيضا كتابه الثاني شركة ناشئة بمئة دولار ، عبر « Crown Busines ». احتل المركز السادس للتصنيف الخاص بمجلة نيويورك تايمز ضمن قائمة أفضل المبيعات . في عام 2013 ، بدأ جيلبو مؤسسة المنح الدراسية للحياة الواقعية ، عبر مؤتمر السيطرة العالمية . يمكن للمتقدمين المقبولين الحصول على ما يصل إلى 12 , 000 دولار كمنحة مالية لمتابعة مشاريعهم . في سبتمبر 2014 ، أصدر جيلبو

[Chunk 3]
7 نوفمبر أو 7 تشرين الثاني أو يوم 7 \ 11 ( اليوم السابع من الشهر الحادي عشر ) هو اليوم الحادي عشر بعد الثلاثمائة ( 311 ) من السنة ، أو الثاني عشر بعد الثلاثمائة ( 312 ) في السنوات الكبيسة ، وفقا للتقويم الميلادي الغربي ( الغريغوري ). يبقى بعده 54 يوما على انتهاء السنة .",ما هو تاريخ اليوم 28 / 10 ؟,اليوم الثامن والعشرين من الشهر العاشر ) هو اليوم الأول بعد الثلاثمائة ( 301 ) من السنة,لا أعرف,0.6,0.1,0.14
"[Chunk 1]
جهاد شاكر الغنام ( ولد في عام 1961 في مدينة رفح واغتيل في التاسع من أيار / مايو 2023 في مدينة رفح ) كان قياديا بارزا في صفوف حركة الجهاد الإسلامي في فلسطين كما شغل منصب أمين سر حركة سرايا القدس الذراع العسكري للجهاد إلى حين اغتياله في عملية مشتركة بين الجيش الإسرائيلي وجهاز الشاباك . الحياة المبكرة . ولد جهاد شاكر الغنام عام 1961 لأسرة لجأت من مدينة أسدود إبان النكبة وسكنت مدينة رفح جنوبي قطاع غزة . المسيرة المهنية . البداية . بدأ اسم جهاد يبرز في صفوف فصائل المقاومة الفلسطينية حينما شارك في معارك الثورة الفلسطينية في بيروت وغيرها ، وانضم لحركة الجهاد الإسلامي في أواخر الثمانينيات حيث التقى فتحي الشقاقي . شارك جهاد في تدريب مقاتلي الحركة في بيروت والسودان ولعب دورا محوريا في هذا الإطار . سرايا القدس . بدأ اسم جهاد يبرز أكثر فأكثر مع مرور السنوات ، وتزامنا مع انتفاضة الأقصى عام 2000 ، شارك الغنام في تدريب مقاتلي حركة سرايا القدس داخل قطاع غزة حيث دربهم وآخرين على إطلاق قذائف الهاون وصد الاجتياحات واستهداف الآليات الإسرائيلية وأشرف برفقة قادة آخرين على بعض العمليات العسكرية داخل الأراضي المحتلة . تعرض في عام 2001 لإصابة خطيرة فقد على إثرها قدميه وجزءا من يديه ، كما تعرض منزله للقصف عدة مرات – في إطار محاولات الاغتيال – خلال المعارك والجولات القتالية بين الاحتلال الإسرائيلي وفصائل المقاومة في غزة . رافق جهاد قائد لواء المنطقة الجنوبية خالد منصور حتى مقتله في غارة جوية في السادس من آب / أغسطس 2022. تولى الغنام قيادة المنطقة الجنوبية في سرايا القدس وكلف بأمانة سر المجلس العسكري لسرايا القدس . اتهمته سلطات الاحتلال بتقلد مناصب رفيعة في الجناح العسكري لحركة الجهاد الإسلامي ، واعتبرته مسؤولا عن التنسيق ونقل الأموال والأسلحة بينها وبين حركة المقاومة الإسلامية حماس . الاغتيال . المحاولات المتعددة . نجا جهاد غنام من أكثر من خمس محاولات اغتيال فاشلة ، لعل أبرزها محاولة الاغتيال الإسرائيلية له عام 2014 حين قتلت والدته وأشقاؤه بمن فيهم القيادي البارز في السرايا زياد الغنام وأبناء عمومته . الغارات الجوية على رفح . أغارت الطائرات الإسرائيلية فجر التاسع من أيار / مايو 2023 عبر 40 طائرة حربية على عدة مناطق في قطاع غزة بما في ذلك مناطق محددة في مدينة رفح ، حيث استهدفت الشقة السكنية التي كان يقيم فيها ما نجم عنه مقتله هو وزوجته فورا . تمكنت إسرائيل خلال هذه العملية التي أسمتها « عملية السهم الواقي » من اغتياله هو وقادة آخرين للسرايا في مناطق أخرى من القطاع ولعل أبرزهم خليل البهتيني عضو المجلس العسكري للسرايا وقائد المنطقة الشمالية ، والقائد طارق عز الدين أحد قادة العمل العسكري للحركة في الضفة الغربية . ردود الفعل . نعت سرايا القدس جهاد في بيان مطول مما جاء فيه : « إننا إذ ننعى شهدائنا القادة وزوجاتهم وعددا من أبنائهم لنؤكد على أن دماء الشهداء ستزيد من عزمنا ولن نغادر مواقعنا ». حملت الغرفة المشتركة لفصائل المقاومة تل أبيب المسئولية عن اغتيال القادة الثلاثة ، معلنة بدورها بدء عملية هجومية سمتها عملية ثأر الأحرار حيث ردت على الاغتيالات الإسرائيلية الممنهجة بإرسال مئات القذائف والصواريخ صوب المدن والبلدات الإسرائيلية القريبة من القطاع كما استهدفت في بعض الرشقات الصاروخية مدينة تل أبيب ومنطقة تل أبيب .

[Chunk 2]
تنظيم القاعدة أو القاعدة أو قاعدة الجهاد هو تنظيم جهادي متعدد الجنسيات ، تأسس خلال الجهاد الأفغاني في الفترة بين أغسطس 1988 وأواخر 1989 / أوائل 1990 ، وقد سميت بهذا الأسم لأنها بدأت كقاعدة بيانات بأسماء المجاهدين في أفغانستان وجنسياتهم والتدريبات التي تلقونها ، يدعو التنظيم إلى الجهاد الدولي . يرتكز حاليا وبكثافة في اليمن وأفغانستان وسوريا والصومال . هاجمت القاعدة أهدافا عسكرية ومدنية في مختلف الدول خاصة التي تستهدف مصالح الولايات المتحدة الأمريكية ، أبرزها هجمات 11 سبتمبر 2001 ، تبع هذه الهجمات قيام الحكومة الأمريكية بشن حرب على الإرهاب . تشمل أهداف القاعدة إنهاء النفوذ الأجنبي في البلدان الإسلامية ، وإعادة الخلافة الإسلامية ، وتطبيق الشريعة الإسلامية . وتعتقد القاعدة أن هناك تحالفا مسيحيا - يهوديا يتآمر لتدمير الإسلام . تشمل التقنيات التي تستخدمها القاعدة العمليات الإنتحارية والتفجيرات المتزامنة في أهداف مختلفة ، والتي يقوم بها أحد أعضاء التنظيم الذين تعهدوا بالولاء لأسامة بن لادن أو بعض الأفراد الذين خضعوا للتدريب في أحد المخيمات في أفغانستان أو السودان . وصفت فلسفة القاعدة الإدارية بأنها « مركزية في القرار ولامركزية في التنفيذ ». وبعد الحادي عشر من سبتمبر والحرب على الإرهاب ، أصبحت قيادة تنظيم القاعدة معزولة جغرافيا ، مما أدى إلى ظهور قيادات إقليمية للمجموعات المختلفة ، تعمل تحت اسم القاعدة . تصنف القاعدة "" كمنظمة إرهابية "" من قبل كل من مجلس الأمن والأمانة العامة لحلف شمال الأطلسي والمفوضية الأوروبية للاتحاد الأوروبي ووزارة الخارجية الأمريكية وأستراليا والهند وكندا وإسرائيل واليابان وكوريا الجنوبية وهولندا والمملكة المتحدة وروسيا والسويد وتركيا وسويسرا والسعودية والبحرين والمغرب وباكستان وتونس ولبنان والأردن ومصر ونيجيريا والإمارات . أصل الكلمة . وضح أسامة بن لادن أصل الكلمة في مقابلة مسجلة على شريط فيديو مع صحفي قناة الجزيرة تيسير علوني في أكتوبر 2001 : غير أن الصحفي « بيتر بيرجن » قال أنه حصل على وثيقتين من سراييفو في مكتب المؤسسة الخيرية الدولية ، تشيران إلى أن المنظمة التي تأسست في أغسطس 1988 ، لم يسميها المجاهدون بهذا الاسم ، وأن هاتين الوثيقتين تحتويان على محاضر الاجتماعات التي عقدت لتأسيس مجموعة عسكرية جديدة ، وتحت اسم « القاعدة ». اتفق بن لادن مع المشاركين في تلك الاجتماعات في 20 أغسطس 1988 ، على أن « القاعدة » ستكون الجماعة الرسمية التي تجمع الفصائل الإسلامية التي هدفها رفع كلمة الله والانتصار لدينه . وكانت هناك قائمة شروط للعضوية مثل السمع والطاعة وحسن الخلق والتعهد بطاعة القادة . ووفقا لرايت ، فاسم « تنظيم القاعدة » لم يستخدم في التصريحات العلنية مثل فتوى 1998 لقتل الأمريكيين وحلفائهم ، ذلك لأن « وجودها كان لا يزال سريا ». وذكر رايت أن القاعدة تشكلت في 11 أغسطس 1988 ، في اجتماع مع عدد من كبار قادة الجهاد الإسلامي المصري مثل سيد إمام الشريف وأيمن الظواهري وعبد الله عزام مع أسامة بن لادن ، حيث اتفق على توظيف أموال بن لادن مع خبرة منظمة الجهاد الإسلامي ، ومواصلة الجهاد في مكان آخر بعد أن انسحب السوفييت من أفغانستان . وفي أبريل 2002 ، أصبح اسم المجموعة « قاعدة الجهاد ». ووفقا لضياء رشوان ، أن هذا كان «.. نتيجة لعملية الدمج بين فرع الجهاد في مصر بقيادة أيمن الظواهري مع بن لادن والجماعات التي تحت سيطرته ، بعد عودته إلى أفغانستان في منتصف التسعينات .»

[Chunk 3]
نفذ تنظيم القاعدة عدة هجمات في أوروبا وخطط لعمليات أخرى بدول عديدة ، حيث إنضوى أعضاء التنظيم بأنشطة مسلحة صنفت كأعمال إرهابية . حيث أن تنظيم القاعدة مسؤول عن هجمات في أوروبا الغربية وروسيا ، بما في ذلك تفجيرات مدريد عام 2004 ، تفجيرات مترو الأنفاق في موسكو عام 2010 ، تفجيرات مطار دوموديدوفو الدولي 2011 ، وهجمات يناير 2015 في فرانسا . أوروبا الشرقية . جنوب القوقاز . شارك مسلحون موالين لتنظيم القاعدة وهم من جماعة إمارة القوقاز الإسلامية في حرب الشيشانية الثانية وفي النزاعات المسلحة مثل انفصال شمال القوقاز عام 2009 ، وأفادت تقارير أن الشرطة الروسية ومن خلال مداهمة أمنية قتلت عنصرا مسلحا في جمهورية داغستان ، وحسب البيان رسمي من جهاز الأمن الفيدرالي الروسي """" هو منسق تنظيم القاعدة في داغستان ""."" وكان جزائري الجنسية يعرف باسم "" دكتور محمد "" ، يعتقد أنه عضو في "" جماعة ولاية داغستان "". شمال أوروبا . السويد . في 11 ديسمبر 2010 ، قام شخصا مرتبط بتنظيم القاعدة بتفجير سيارة مفخخة وحزام ناسف في ستوكهولم ، أدى ذلك إلى مقتل المنفذ وإصابة اثنين آخرين . وأفاد الإطفائيون أن السيارة كانت تحتوي على أسطوانة غاز ، مما أدى لانفجارات متعددة . كشف لاحقا عن المنفذ حيث يدعى "" تيمور عبد الوهاب العبدلي "" أصله عراقي من مواليد بغداد حصل على الجنسية السويدية عام 1992. وقبل تنفيذه للهجمات ، أرسل بريدا إلكترونيا كتهديد إلى يذكر فيها تورط السويد في الحرب بأفغانستان و سماحها بنشر رسومات السويدي لارش فيلكس المسيئة للرسول محمد . المملكة المتحدة . في عام 2003 أرسل توني بلير عربات مدرعة ومئات الجنود إلى مطار لندن هيثرو لأن أجهزة الأمن البريطانية ادعت أن هناك هجوما مخططا لتنظيم قاعدة . وصرح المكتب الخامس ( MI 5 ) أنهم تلقوا معلومات استخبارية مفصلة في فبراير 2003 عن مخطط لاختطاف طائرات أثناء تحليقها من أوروبا الشرقية وتوجيهها نحو مطار لندن هيثرو ، أن هذه العملية كثأر ومعاقبة المملكة المتحدة بسبب دعمها حرب العراق 2003. وحسب ما ورد كان العناصر المتهمين الذين وقفوا وراء على صلة بتنظيم القاعدة . وهذا المخطط لتفجير مواد سائلة ، تم حملها على متن طائرات مسافرة من المملكة المتحدة إلى الولايات المتحدة وكندا ولم تنفذ العملية . واتهم أيضا وزير الأمن الداخلي الأمريكي ( DHS ) تنظيم القاعدة بالتخطيط للعملية . في سبتمبرعام 2009 ، تم إدانة ( تانفير حسين ، أسد سروار وأحمد عبد الله علي ) بالتآمر لتفجير قنابل مخفية في شكل علب مشروبات غازية على متن طائرة تغادر من لندن متوجهة إلى أمريكا الشمالية . وزعم مسؤولون أمنيون بريطانيون وأمريكيون إن الخطة "" على عكس العديد من المؤامرات الإرهابية الأوروبية التي نشأت في الآونة الأخيرة مرتبطة مباشرة بالقاعدة ويوجهها متشددون إسلاميون كبار في باكستان "" . جنوب أوروبا . حرب البوسنة . أثناء حرب البوسنة والهرسك 1992 ، يعتقد أن تنظيم القاعدة شارك عن طريق تنظيم متطوعين كمجاهدين بوسنيين . يعتقد أن قادة القاعدة بمن فيهم أسامة بن لادن وأيمن الظواهري قد زاروا معسكرات في البوسنة خلال الحرب . وتوافد المتطوعون من جميع أنحاء العالم إلى هناك للقتال ، بما في ذلك متطوعين من دول عديدة مثل فرنسا وإندونيسيا والعراق وماليزيا والمغرب وروسيا والسعودية وإسبانيا وتايلاند والمملكة المتحدة والولايات المتحدة واليمن . إيطاليا . في مايو 2009 ، اعتقلت الشرطة الإيطالية كارابنييري شخصين من فرنسا للاشتباه في ارتكابهما مخالفات تتعلق بالهجرة ، لاحقا اشتبه في كونهما شخصيات مهمة في تنظيم القاعدة . يعتقد أنهم خططوا لمهاجمة مطار باريس شارل ديغول بفرنسا . وذكرت الشرطة الإيطالية أنهما "" رجلين قياديين في اتصالات القاعدة في أوروبا "".",أي مناطق أخرى ينشط فيها تنظيم سرايا قاسيون ؟,في مدينة دمشق,لا أعرف,0.3,0.1,0.11
"[Chunk 1]
جاك سيلكوك ( بالإنجليزية : Jack Silcock ) ( 15 يناير 1898 - 28 يونيو 1966 ) كان لاعب كرة قدم إنجليزي ، لعب في مركز الظهير الأيسر ، وقضى معظم حياته المهنية في نادي مانشستر يونايتد الإنجليزي . توفي في عام 1966 ، عن عمر يناهز 68 عاما . مسيرته الإحترافية . لعب مع "" أسبل جونيورز "" و "" أثيرتون "" عندما كان شابا ، ثم في عام 1916 ، وقع مع مانشستر يونايتد كمتدرب ، وفي عام 1919 بدأ مسيرته الاحترافية معهم . حيث لعب 423 مباراة ، وسجل هدفين بقميص النادي ، قبل إنتقاله عام 1934 لنادي "" أولدهام أثليتيك "" ، حيث أنهى مسيرته كلاعب هناك . مسيرته الدولية فاز جاك سيلكوك مع منتخب بلاده إنجلترا بثلاث مباريات دولية بين عامي 1921 و 1923.

[Chunk 2]
جون ألكسندر موات John Alexander Mowat ( 1 أبريل 1908 - 12 مارس 1995 ) حكم اسكتلندي دولي لكرة القدم عمل ضمن FIFA . عمله . أصبح حكما في الثلاثينيات من عمره بعد أن تولى مسؤولية المباريات أثناء خدمته مع سلاح الجو الملكي البريطاني ( RAFVR ) خلال الحرب العالمية الثانية ؛ حصل على وسام MBE عن خدمته العسكرية في عيد ميلاد عام 1946 . بعد أن أصبح مسؤولا من الدرجة الأولى ، تضمنت تعييناته سبع نهائيات لبطولات كأس اسكتلندا في الاعوام ( 1950 ، 1951 ، 1952 ، 1953 ، 1957 ، 1958 ، 1959 ) وخمسة بطولات في كأس الدوري الاسكتلندي ( 1951 ، 1952 ، 1954 ، 1956 و 1957 ). كانت مباراته الأخيرة في سن ال 52 هي نهائي كأس أوروبا 1960 الذي أقيم في غلاسكو . تم الإشادة به بسبب طريقة تعامله مع المباراة ، حيث فاز ريال مدريد على أينتراخت فرانكفورت بنتيجة 7 -3 ( أعلى نتيجة في تاريخ المسابقة ، شاهدها أكبر عدد من الجماهير وقتها ). كما تولى مسؤولية مباراة واحدة في كأس العالم 1958 ( فوز 2 -1 للسويد المضيف على المجر في مرحلة المجموعات بالبطولة ) ، والعديد من المباريات في بطولة البيت البريطاني . شغل جاك موات لاحقا منصب رئيس لجنة التحكيم بالاتحاد الاسكتلندي لكرة القدم لفترة طويلة ، حيث أشرف على المسؤولين فيها . يتم تقديم "" جائزة جاك موات "" كل عام للحكم الذي يتم اختياره لنهائي كأس اسكتلندا .

[Chunk 3]
في 15 مايو 1929 في ملعب ميتروبوليتانو في مدريد ، هزمت إنجلترا 4–3 في مباراة كرة قدم دولية ودية . ونتيجة لذلك ، أصبحت إسبانيا أول فريق من القارة الأوروبية يهزم إنجلترا ، وفعلت ذلك في أول لقاء بين البلدين . كانت هذه هيبة المباراة بالنسبة للإسبان ، وكانت الأولى على الإطلاق التي يتم بثها علنا عبر الراديو . وأدار المباراة الحكم البلجيكي جون لانغينوس الذي يعتقد أنه أفضل حكم في العالم في ذلك الوقت . كانت الدول الرئيسية قد عممت هذه الرياضة ، وكان ينظر إلى إنجلترا على نطاق واسع على أنها أعظم فريق في العالم في أوائل القرن العشرين . أسفرت مبارياتهم الأولى ضد الفرق الأوروبية القارية عن انتصارات بفوارق كبيرة ، ولكن بعد الحرب العالمية الأولى تراجع أداء الفريق ، ويرجع ذلك جزئيا إلى عزلة إنجلترا وفشلها في التطور ، فضلا عن زيادة المهارات والابتكار في جميع أنحاء أوروبا . على الرغم من أن إنجلترا كانت المرشحة وفي حالة جيدة لخوض المباراة ، إلا أن مستوى كرة القدم الإسبانية كان يتحسن بشكل كبير بسبب تأثير المدربين الإنجليز المغتربين مثل مدرب أتلتيكو مدريد الإنجليزي فريد بينتلاند ، الذي كان في ذلك الوقت يساعد المنتخب الإسباني ، وكذلك الاحتراف الأخير لهذه الرياضة ، والذي تضمن إنشاء الدوري الإسباني . على الرغم من اللعب في حرارة الطقس الشديدة ، تقدمت إنجلترا 2–0 في أول 20 دقيقة من خلال هدفي جو كارتر وجو برادفورد بعد أخطاء الحارس ريكاردو زامورا ، الدعامة الأساسية لإسبانيا منذ أول مباراة دولية لها في عام 1920. عادت إسبانيا إلى المباراة وتعادلت في النتيجة ، وسجل هدفان من غاسبار روبيو وخايمي لازكانو ، مما جعلها 2–2 قبل فترة قصيرة من نهاية الشوط الأول . استعادت إنجلترا زمام المبادرة في الشوط الثاني بفضل ركلة جزاء لجو كارتر . سجل غاسبار روبيو هدف التعادل لإسبانيا قبل 10 دقائق من نهاية المباراة ، ثم سجل سيفيريانو جويبورو هدف الفوز في المباراة . أدى كلا الهدفين إلى غزو الملعب من قبل المشجعين الإسبان . أعطت الصحافة البريطانية تغطية قليلة للنتيجة ، في حين أن وسائل الإعلام الإسبانية كانت متحمسة لأداء إسبانيا وتشكك في جودة اللاعبين الإنجليز . كانت المباراة هي المرة الأخيرة التي مثل فيها لاعب كرة قدم من خارج الدوري إنجلترا ، لم يتم استدعاء إدغار كايل لاعب دولويتش هاملت للعب مع منتخب بلاده مرة أخرى ، إلى جانب ستة لاعبين آخرين . لم يحضر أي من الفريقين افتتاح كأس العالم للسنوات التالية ، لكن الفريقين تنافسا في نهاية المطاف في مباراة العودة بناء على طلب إنجلترا ؛ المباراة التي أقيمت على ملعب أرسنال في ديسمبر 1931 ، فاز بها أصحاب الأرض 7–1. خلفية . في أوائل القرن العشرين ، نظرت إنجلترا إلى المباريات ضد فرق من قارة أوروبا على أنه عمل سخي ، وأنشأ اتحاد كرة القدم فريقا ثانيا بغرض لعب المباريات . كانت إسبانيا أحد الأعضاء السبعة المؤسسين للاتحاد الدولي لكرة القدم في عام 1904 ، وهي هيئة حاكمة عالمية للرياضة تهدف إلى النهوض بكرة القدم وتنظيمها بشكل جماعي ، وعلى الرغم من أنهم رفضوا في البداية الانضمام ، انضمت إنجلترا في العام التالي ، مما سمح لأربعة اتحادات كرة قدم فردية بالبقاء منفصلة . على الرغم من أن منتخب إنجلترا للهواة قد لعب بالفعل في القارة ، غادرت إنجلترا الجزر البريطانية لتلعب مباريات دولية لأول مرة في صيف عام 1908 ، وهزمت النمسا 6–1 في أول مباراة لها . لتوضيح مدى تقدم إنجلترا على بقية العالم في هذه المرحلة ، تبع ذلك فوز 11–1 على نفس",هل لعب جاك سيلكوك مباريات دولية ؟,مسيرته الدولية فاز جاك سيلكوك مع منتخب بلاده إنجلترا بثلاث مباريات دولية,"نعم، لعب جاك سيلكوك مباريات دولية.",0.92,0.91,0.91
"[Chunk 1]
مضيق بيرينغ مضيق يفصل بين قارة آسيا وقارة أمريكا الشمالية ، تحديدا بين « رأس ديجنيف » في روسيا ، ورأس أمير ويلز في ألاسكا ، وهو يقع بين المحيط الهادئ والمحيط المتجمد الشمالي ، ويصل ما بين بحر بيرنغ جنوبا والمحيط المتجمد الشمالي شمالا ، ويفصل شبه جزيرة تشوكشي في الشرق الأقصى الروسي عن شبه جزيرة سيوارد في ولاية ألاسكا الأمريكية . اكتشف هذا المضيق للمرة الأولى البحار الروسي سيمون ديزهنيوف ( 05–1673 ) سنة 1648 ، وأبحر فيه من بعد الدنماركي فيتوس بيرنغ ( 1681 -1741 ) - وهو مستكشف دنماركي كان يعمل في خدمة الإمبراطورية الروسية - وذلك سنة 1728 وسمي باسمه ، ثم أبحر فيه مرة أخرى القبطان الإنجليزي جيمس كوك ( 28 -1779 ) وفرديريك ويليام بيشي . تقع الحدود البحرية الحالية بين روسيا والولايات المتحدة عند خط الطول 168 58' 37 "" غربا جنوبي الدائرة القطبية الشمالية قليلا عند خط عرض 65 40' شمالا . يبلغ عرض أضيق مقطع في المضيق اثنين وتسعين كم ، ثم يأخذ في الاتساع شمالا وجنوبا ، ويصل عمقه إلى حوالي مئة وتسعين ( 190 ) قدما . وتكثر فيه الجزر المعترضة مثل جزر ديوميد التي تتكون من "" ديوميد الكبيرة "" أو "" راثمانوف "" التابعة لاتحاد الجمهوريات الروسية و "" ديوميد الصغيرة "" التابعة للولايات المتحدة . وتبلغ مساحة كل جزيرة من اثنين إلى خمسة كم 2. وإلى الجنوب منهما تقع جزيرة كبيرة هي "" سانت لورنس "" شمال بحر بيرنج التابعة للولايات المتحدة . يصل معدل درجة الحرارة في المضيق إلى حوالي 25 فهرنهايت ( 6.4 درجة مئوية ) ، وتتجمد مياهه في الشتاء . تساعد التيارات والرياح على دفع الكتل المتجمدة نحوالشمال . عندما اشترت الولايات المتحدة ولاية ألاسكا من الإمبراطورية الروسية في العام 1867 أضحى مضيق بيرنج منطقة نزاع حول حقوق صيد الأحياء البحرية النادرة فضلا عن كونه ممرا استراتيجيا مما يزيد من حدة النزاع بين الدولتين . يعيش على جانبي المضيق السكان الأصليون من القبائل القديمة كالإسكيمو والشوكشي ، والكورياك ، وتعمل هذه القبائل في صيد البحر والاتجار بجلود الحيوانات النادرة التي تكثر في تلكم المناطق . كان مضيق بيرينغ موضوع النظرية العلمية القائلة بأن بني البشر هاجروا من آسيا إلى أمريكا الشمالية عبر جسر بري يعرف باسم « بيرينجيا » عندما كشفت مستويات سطح المحيط المنخفضة - ربما نتيجة الأنهار الجليدية التي كانت تحبس كميات هائلة من المياه - عن مساحة واسعة من أرضية البحر في كل من المضيق الحالي والبحر الضحل شماله وجنوبه . كانت هذه النظرة لكيفية دخول هنود باليو إلى أمريكا هي السائدة لعدة عقود وما زالت الأكثر قبولا . سجل كذلك العديد من حالات العبور الناجحة دونما استخدام قوارب منذ أوائل القرن العشرين على الأقل . الجغرافيا والعلوم . يبلغ عرض مضيق بيرينغ حوالي اثنين وثمانين كيلومترا ( ما يعادل واحدا وخمسين ميلا ) عند أضيق مقطع فيه ما بين « كيب [ رأس ] دجنيف » ، في « شبه جزيرة تشوكشي » من روسيا أقصى نقطة شرقي القارة الآسيوية ( 169 39' غرب غرينتش ) ، و « كيب برينس أوف ويلز » [ رأس أمير ويلز ] في ألاسكا في الولايات المتحدة أقصى نقطة غربي قارة أمريكا الشمالية ( 168 05' غرب غرينتش ). ويصل عرضه هنا ثلاثة وخمسين ميلا ( ما يعادل خمسة وثمانين كم ) ، وأعمق نقطة فيه لا يتجاوز عمقها تسعين م ( ما يعادل ثلاثمئة قدم ). ويحده « بحر تشوكشي » ( جزء من المحيط المتجمد الشمالي ) من الشمال ، و « بحر بيرنغ » من الجنوب . الرحلات الاستكشافية . منذ العام 1562 على الأقل اعتقد الجغرافيون الأوروبيون أن ثمة « مضيق أنيان » بين آسيا وأمريكا الشمالية . في العام 1648 ربما يكون « سيميون دزهنيوف » قد مر عبر المضيق ، لكن تقريره لم يصل إلى أوروبا . ثم دخله الملاح الروسي الدنماركي المولد فيتوس بيرينغ في العام 1728 ، وفي العام 1732 عبره « ميخائيل غفوزديف » لأول مرة من آسيا إلى أمريكا . وأبحر فيه في العام 1778 جيمس كوك خلال رحلته الثالثة . كانت السفن الأمريكية تبحث عن الحيتان مقوسة الرأس في المضيق بحلول العام 1847. في مارس / آذار من العام 1913 عبر الكابتن الألماني « ماكس جوتشالك » من الرأس الشرقي لسيبيريا إلى « شيشماريف » في ألاسكا على مزلقة الكلاب عبر جزيرتي « ليتل » و « ديوميد الكبيرة ». لقد كان أول مسافر حديث موثق يعبر من روسيا إلى أمريكا الشمالية بدون استخدام قارب .

[Chunk 2]
ألاسكا أو ألسكة هي إحدى ولايات إقليم المحيط الهادي والذي يضم بالإضافة لألاسكا أربع ولايات هي ولاية واشنطن ، وولاية أوريجون ، وولاية كاليفورنيا ، وهاواي . وتعد ألاسكا أكبر ولاية في الولايات المتحدة الأمريكية وتوازي مساحتها خمس بقية الولايات ، وأكثر من ضعف مساحة تكساس بقليل . حيث تبلغ مساحتها 1 , 518 , 776 كيلومتر مربع لكن حجمها الكبير يقابله تعداد سكاني ضئيل نسبيا مقارنة بالولايات الأخرى ففي تعداد السكان لعام 1990 كانت ألاسكا في المرتبة 49 من حيث عدد السكان في الولايات الأمريكية ، وفقط ولاية وايومنغ كانت أقل منها سكانا ، في إحصاء عام 1980 كان عدد السكان 400 , 481 وفي إحصاء عام 2000 بلغ عدد سكان الولاية 626 , 932 نسمة . تتميز ألاسكا أنها ولاية منفصلة عن بقية أراضي الولايات المتحدة ، فهي تقع شمال غرب كندا ، ويفصلها عن ولاية واشنطن 500 ميل ( 800 كيلومتر ) من الأراضي الكندية . اشترتها الولايات المتحدة من روسيا القيصرية سنة ( 1284 ه -1867 م ) بسبعة ملايين ومائتي ألف دولار وتم اعتمادها رسميا كولاية في 3 يناير 1959 حيث كان ترتيبها 49 في عدد الولايات آنذاك ، لذلك غالبا ما يسمي الألاسكيون باقي الولايات بال 48 السفلى . يعتقد أن كلمة ألاسكا نحتت من كلمة إلياسكا Alyeska ، بمعنى الأرض الأكبر أو الأرض الأم في لغة شعب الألويت الإسكيمو . تحدها المقاطعتان الكنديتان يوكون وكولومبيا البريطانية من الشرق ، خليج ألاسكا والمحيط الهادي من الجنوب ، بحر بيرنغ ، مضيق بيرنغ ، وبحر تشوكشي من الغرب ، المحيط المتجمد الشمالي وبحر بيوفورت من الشمال . جونو هي عاصمة ألاسكا ، وآنكوريج هي أكبر مدينة فيها من حيث تعداد السكان . مدن سيتكا ، جونو ، وأنكوريج بالترتيب هي أكبر مدن الولايات المتحدة الأمريكية من حيث المساحة . أقصى نقطة في غرب ألاسكا تبعد عن الحدود الروسية 51 ميل ( 82 كيلومتر ) فقط . أما جزيرة دايوميد الصغرى التابعة لألاسكا وتقع في بحر بيرنغ فهي فقط تبعد ميلين ونصف ( 4 كيلومتر ) عن جزيرة دايوميد الكبرى والتي تتبع روسيا إداريا . وبذلك تكون هاتان النقطتان أقرب ملتقى بين أمريكا الشمالية وآسيا . الجغرافيا . تملك ألاسكا خطا ساحليا أطول من الخطوط الساحلية لكل الولايات الأمريكية الأخرى مجتمعة . وهي الولاية الأمريكية الوحيدة غير المتصلة بباقي الولايات المتحدة في قارة أمريكا الشمالية لأن حوالي 500 كم من كولومبيا البريطانية ( كندا ) تفصل ولاية ألاسكا عن ولاية واشنطن . لذلك فإن ألاسكا هي ولاية تابعة للولايات المتحدة مع أنها غير متصلة بها ( أي أنها إقليم أوتوكلاف ). فهي من الناحية التقنية جزء من القارة الاميركية ، ولكنها ليست مدرجة في الاستخدام الجغرافي العام في أغلب الأحيان . إذن فألاسكا ليست جزءا من « الولايات المتحدة المتصلة » ، والتي غالبا ما يطلق عليها الولايات « التاسعة وأربعون الأدنى ». مدينة جانيو هي عاصمة الولاية ، وتقع على البر الرئيسي لقارة أمريكا الشمالية ، لكنها ليست متصلة بريا بباقى شبكة الطرق الرئيسية في أمريكا الشمالية . الولاية محدودة من الشرق بإقليم يوكون وكولومبيا البريطانية ( و اللتان هما منطقتان في كندا ) ، ومحدودة من الجنوب بخليج ألاسكا والمحيط الهاديء ، ومن الغرب ببحر بيرنغ ومضيق بيرنغ وبحر شاكشي ، ومن الشمال بالمحيط المتجمد الشمالي . مياه آلاسكا الإقليمية على اتصال مع المياه الإقليمية الروسية عن طريق مضيق بيرينغ ، حيث المسافة بين الجزر الروسية والجزر الألاسكية صغيرة . ولأن الولاية تمتد في نصف الكرة الأرضية الشرقي ، فهي تمثل حرفيا الناحية الأقصى شرقا والأقصى غربا للولايات المتحدة ، كما أنها أيضا الناحية الأقصى شمالا . ألاسكا هي أكبر الولايات المتحدة من حيث مساحة الأرض ، فمساحتها حوالي ، فهي أكبر بكثير من ولاية تكساس ، والتي هي ثاني أكبر ولاية أمريكية . وقد حدد الجيولوجيون ألاسكا كجزء من منطقة رانجيليا وهي منطقة كبيرة تتكون من العديد من الولايات والمقاطعات الكندية في شمال غرب المحيط الهادئ ، وهي خاضعة لشكل نشط من البناء القاري . ألاسكا أكبر حجما من كل دول العالم ذات السيادة ما عدا ثمانية عشرة دولة . لو أخذنا المياه الإقليمية في الحسبان ، فإن ألاسكا أكبر من مجموع مساحة أكبر ثلاثة ولايات تليها في الحجم : ولاية تكساس ، وولاية كاليفورنيا ، وولاية مونتانا . كما أنها أكبر من مجموع مساحة أصغر اثنين وعشرين ولاية أمريكية . أحد المخططات لوصف الولاية جغرافيا هو وصف المناطق فيها : تهيمن محمية ألاسكا البحرية الوطنية للحياة الفطرية على الركن الشمالى الشرقي من ولاية ألاسكا ، والتي تغطي أكثر من 70 ألف كم مربع . و يغطي احتياطي البترول الوطني جزءا كبيرا من شمال غرب ألاسكا ، الذي هو نحو 90 ألف كم مربع . يعتبر القطب الشمالي أنأى بريات ألاسكا . فيبتعد موقع الاحتياطي الوطني للنفط في ألاسكا 190 كم عن أي مدينة أو قرية ، ولذلك فهو النقطة الجغرافية الأخلى من السكان الدائمين على البر الرئيسى للولايات المتحدة . جزر الفئران هي جزر في غرب المنطقة الألوشية على مسافة أكثر من 320 كم من المستوطنتين الصغيرتين « أتو » و « أداك » ، ولذلك فمنطقة جزر الفئران ربما تكون أكثر الأماكن وحدة في الولايات المتحدة أيضا . وقد فجرت الولايات المتحدة قنبلة نووية تحت الأرض هنا في عام 1971 ، على جزيرة أميتشكا .

[Chunk 3]
مضيق باس ، مضيق يصل بين بحر تاسمانيا شرقا ، والمحيط الهندي غربا ، ويفصل بين جزيرة تاسمانيا جنوبا وأستراليا شمالا . أطلق على المضيق اسم باس نسبة إلى البحار البريطاني جورج باس الذي مر عبر المضيق سنة 1798 ، مبرهنا على انفصال تاسمانيا عن أستراليا . يقدر طول المضيق ب 290 كم وعرضه بمعدل 225 كم",ما هو اسم المضيق الذي يفصل ولاية ألاسكا عن روسيا ؟,مضيق بيرينغ,مضيق بيرينغ,0.92,0.92,0.9
"[Chunk 1]
المرجئة هم فرقة كلامية تنتسب إلى الإسلام ، خالفوا رأي الخوارج وكذلك أهل السنة في مرتكب الكبيرة وغيرها من الأمور العقدية ، وقالوا بأن كل من آمن بوحدانية الله لا يمكن الحكم عليه بالكفر ، لأن الحكم عليه موكول إلى الله وحده يوم القيامة ، مهما كانت الذنوب التي اقترفها . وهم يستندون في اعتقادهم إلى قوله تعالى ( وآخرون مرجون لأمر الله إما يعذبهم وإما يتوب عليهم والله عليم حكيم ) الآية 106 سورة التوبة والعقيدة الأساسية عندهم عدم تكفير أي إنسان ، أيا كان ، ما دام قد اعتنق الإسلام ونطق بالشهادتين ، مهما ارتكب من المعاصي ، تاركين الفصل في أمره إلى الله تعالى وحده ، لذلك كانوا يقولون : لا تضر مع الإيمان معصية ، كما لا ينفع مع الكفر طاعة . كما عرفوا بالتزلف والتقرب من السلاطين والدفاع عنهم فيقول يحيى بن معين عن يونس بن بكير : . وقد نشأ هذا المذهب في أعقاب الخلاف السياسي الذي نشب بعد مقتل عثمان بن عفان وعلي بن أبي طالب ، وعنه نشأ الاختلاف في مرتكب الكبيرة . فالخوارج يقولون بكفره والمرجئة يقولون برد أمره إلى الله تعالى إذا كان مؤمنا ، وعلى هذا لا يمكن الحكم على أحد من المسلمين بالكفر مهما عظم ذنبه ، لأن الذنب مهما عظم لا يمكن أن يذهب بالإيمان ، والأمر يرجأ إلى يوم القيامة وإلى الله مرجعه . ويذهب الخوارج ، خلافا للمرجئة ، إلى أن مرتكب الكبيرة مخلد في النار . في حين وقف أكثر الفقهاء من أهل السنة والمحدثين موقفا وسطا ، فرأوا أن قول المرجئة بعفو الله عن المعاصي قد يطمع الفساق ، فقرروا أن مرتكب الذنب يعذب بمقدار ما أذنب ولا يخلد في النار ، وقد يعفو الله عنه . ويعرف هؤلاء بمرجئة السنة ومنهم حماد بن أبي سليمان وأبي يوسف ومحمد بن الحسن الشيباني وعبد المجيد بن أبي رواد وآخرون . المعنى لغويا واصطلاحيا . يقول الشهرستانى : الإرجاء على معنيين : أحدهما بمعنى التأخير كما في قوله تعالى : قالوا أرجه وأخاه أي أمهله وأخره والثاني : إعطاء الرجاء وقد أطلق عليهم لأنهم كانوا يؤخرون العمل عن النية والعقد . وأما بالمعنى الثاني فظاهر ، فإنهم كانوا يقولون : لا تضر مع الإيمان معصية كما لا تنفع مع الكفر طاعة ، وقيل : الإرجاء تأخير حكم صاحب الكبيرة إلى يوم القيامة ، فلا يقضى عليه بحكم ما في الدنيا من كونه من أهل الجنة أو من أهل النار سميت بهذه التسمية لأن المؤسسين لها يرجئون أي يؤخرون العمل على النية في الرتبة والاعتقاد ، فالارجاء هو التأجيل والتأخير . وقد تكون هذه التسمية راجعة لأنهم يعتقدون أنه لا تضر مع الإيمان معصية ، كما لا تنفع مع الكفر طاعة . وقالوا : أن الله قد أرجأ تعذيبهم عن المعاصي أي أخره عنهم ، كذلك يذكرون أن الإيمان قول بلا عمل ، لأنهم يقدمون القول ويؤخرون العمل . وقد أطلق على الجبرية مرجئة وعدت جناحا من أجنحتها ، لأن الجبريين يؤخرون ( يرجئون ) أمر الله ويرتكبون الكبائر ، مرجئين الحكم فيها إلى يوم القيامة . وقد علل أبو سعيد نشوان الحميري في كتابه « الحور العين » هذه التسمية فقال : وسميت المرجئة مرجئة لأنهم يرجئون أمر أهل الكبائر من أهل محمد إلى الله تعالى ، ولا يقطعون على العفو عنهم ولا على تعذيبهم ، ويحتجون بقوله تعالى : ( وآخرون مرجون لأمر الله إما يعذبهم وإما يتوب عليهم ). ويقولون : اخلاف الوعد ( وعد الله للمؤمنين بدخلوهم الجنة ) كذب ، واخلاف الوعيد ( المقصود توعد الله للعاصين بدخولهم جهنم ) عفو وتفضل وكرم . ولو تهدد رجل عبدا من عبيده قد أساء إليه ، وعصى وخالف أمره ، وتوعده بالجلد أو القتل أو الصلب ، أو غير ذلك من العذاب ثم عفا عنه وأخلف وعيده ، ما كان يسمى كاذبا . ولهذا فإن المرجئة تجوز ( ولا تقطع برأي في هذا ) أن يخلف الله وعيده في القرآن ، ولا يعذب أحدا من أهل الكبائر من المسلمين . ويجوز أن يعذبهم بقدر ذنوبهم ، وأرجوا أو أرجأوا الأمر في ذلك إلى الله تعالى ، فسموا : المرجئة . وهناك تعليلا آخر لنشأة هذه الجماعة ولسبب تسميتها بهذا اللقب فقد ذكر النوبختي في كتابه « فرق الشيعة » نشأة المرجئة على الوجه التالي : « لما قتل علي عليه السلام ، التفت الفرق التي كانت معه والفرقة التي كانت مع طلحة والزبير وعائشة ، فصارا فرقة واحدة مع معاوية بن أبي سفيان إلا القليل منهم من شيعته ومن قال بإمامته بعد النبي صلى الله عليه وسلم وآله وهم السواد الأعظم ، وأهل الحشو وأتباع الملوك وأعوان كل من غلب ، أعني الذين التقوا مع معاوية فسموا جميعا المرجئة لأنهم تولوا المختلفين جميعا ، وزعموا أن أهل القبلة كلهم مؤمنون بإقرارهم الظاهر بالإيمان ، ورجوا لهم جميعا المغفرة ». وقد ذهب إلى ذلك المعنى أيضا « الناشئ الأكبر » حيث قرر أن المرجئة نشأت خلال فترة الصراع السياسي على الحكم ، إذ أن المسلمين آنذاك كان يكفر الواحد منهم الآخر ، ويستحل دمه ، ففضلت هذه الجماعة أن تعتزل هذه المعارك الحربية والفكرية وأن ترجئ انحيازها لفريق أو حكمها على أحد بالكفر . ويقول صاحب كتاب « مسائل في الإمامة » أن المرجئة جماعة وقفوا في أهل الصلاة ، لما رأوا اختلافهم وتباينهم في مذاهبهم وسفكهم دمائهم ، واكفار بعضهم بعضا وأرجأوا أمرهم في الثواب والعقاب إلى الله عز وجل ، وطمعوا في معرفته والدخول إلى جنته والمجاورة لأنبيائه ، وزعموا أن أهل الصلاة كلهم على اكفارهم بعضهم بعضا ، وسفك دمائهم واختلافهم في مذاهبهم مؤمنون ، مستكملون لحقيقة الإيمان على إيمان جبريل وميكائيل والملائكة المقربين والأنبياء المرسلين وهؤلاء هم المرجئة . وتأولوا في مذهبهم هذا قول الله عز وجل : « إن الله لا يغفر أن يشرك به ، ويغفر ما دون ذلك لمن يشاء » وقوله : « فمن يعمل مثقال ذرة خيرا يره ، ومن يعمل مثقال ذرة شرا يره ». وقالوا : فأهل الصلاة مؤمنون بالله ورسوله وكتبه والبعث والحساب والثواب والعقاب ، وقد قال الله عز وجل : « وما كان الله ليضيع إيمانكم ». إلى جانب العامل الديني في نشأة المرجئة نستطيع أيضا أن نضع معه ، جنبا إلى جنب ، العامل السياسي . خاصة وأن الدين كان في تلك الفرة مرتبطا بالسياسة ارتباطا وثيقا لأن السلطة الدينية كانت هي بعينها السلطة السياسية . وعلى ذلك فإن المرجئة قد نشأت أيضا باعتبارها حزبا سياسيا ثالثا مستقلا قام مع الحزبين الآخرين : حزب الشيعة وحزب الخوارج . ذلك أن شيعة علي بن أبي طالب ترى أنه كان على حق وأنه فعل خيرا بقتاله الخارجين عليه وعلى رأسهم معاوية بن أبي سفيان . بينما الخوارج تكفر علي بن أبي طالب وعثمان بن عفان وكل من قال بالتحكيم ، ونادت بأن دم عثمان في رقبة علي بن أبي طالب ، الذي كفر حينما اعتقد أن الإمامة بالنص وأنها لا تخرج من آل البيت . هنا نهضت المرجئة حيث قالت : لا نستطيع أن نبت في هذه القضية برأي قاطع ، فكل حزب له مبرراته الكافية وأدلته المقنعة ، ويصعب على العقل أن يقطع برأي في هذه المسألة ، ولهذا ينبغي أن يرجأ الحكم فيها إلى الله . والمرجئة تتفق مع على وأصحابه ، لكنها أيضا تتفق مع معاوية وأصحابه ، فهي ترى أن أحد الفريقين لابد أن يكون على حق وصواب لكنها لا تستطيع أن تحدد من هو هذا الفريق المحق ومن هو المبطل . ولقد عبر عبد القاهر البغدادي عن هذه المعاني السابقة لكلمة مرجئة حينما ذهب إلى أن هذه الفرقة ثلاثة أصناف : أول من قال بالإرجاء . يذكر العلماء أن الحسن بن محمد بن الحنفية هو أول من ذكر الإرجاء في المدينة بخصوص علي وعثمان وطلحة والزبير ، حينما خاض الناس فيهم وهو ساكت ثم قال : قد سمعت مقالتكم ولم أر شيئا أمثل من أن يرجأ علي وعثمان وطلحة والزبير ، فلا يتولوا ولا يتبرأ منهم . ولكنه ندم بعد ذلك على هذا الكلام وتمنى أنه مات قبل أن يقوله ، فصار كلامه بعد ذلك طريقا لنشأة القول بالإرجاء ، وقد بلغ أباه محمد بن الحنيفة كلام الحسن فضربه بعصا فشجه ، وقال : لا تتولى أباك عليا ؟ ولم يلتفت الذين تبنوا القول بالإرجاء إلى ندم الحسن بعد ذلك ، فإن كتابه عن الإرجاء انتشر بين الناس وصادف هوى في نفوس كثيرة فاعتنقوه . وقد عد الشهرستاني جماعة من علماء السلف قيل أنهم من المرجئة كمصطلح يقابل مصطلح الخوارج ، فقال من هؤلاء : الحسن بن محمد بن علي بن أبي طالب ، وذكر أنه أول من قال بالإرجاء ، ولكنه لم يجزم بذلك فيما يبدو من تعبيره ، حيث ذكر ذلك بصيغة التمريض « قيل » ، وذكروا أيضا طلق بن حبيب العنزي وعمر بن مرة ومحارب بن زياد ومقاتل بن سليمان وذر ، وعمرو بن ذر ، وحماد بن أبى سليمان وأبو حنيفة وأبو يوسف ومحمد بن الحسن وقديد بن جعفر ، ثم استدرك على هذا القول وقال : .

[Chunk 2]
الخوارج اسم أطلقه مخالفو فرقة قديمة محسوبة على الإسلام كانوا يسمون أنفسهم ب « أهل الإيمان » ، وهي أول فرقة ظهرت في الإسلام علي يد ذو الخويصرة التميمي ، واشتهرت بالخروج بالسيف علي عثمان بن عفان وقتله ، وخروجهم بالسيف على علي بن أبي طالب بعد معركة صفين سنة 37 ه ؛ لرفضهم التحكيم بعد أن عرضوه عليهم وقتل علي بن أبي طالب عبر ضرب عنقه وهو يصلي علي يد عبد الرحمن بن ملجم المذحجي ثأرا لقتلى جيش الخوارج في معركة النهروان . وقد عرف الخوارج على مدى تاريخهم بالمغالاة في الدين وبالتكفير والتطرف ، كما عرفوا بالصدق الشديد كونهم يعتبرون الكذب من الكبائر المكفرة ولذلك كان يثق علماء الحديث برواة الخوارج فيقول أبو داوود : ، وقد عرفوا أيضا بكثرة الصلاة والصيام وقراءة القرآن فيقول النبي : ، وأهم عقائدهم : تكفير أصحاب الكبائر ، ويقولون بخلودهم في النار ، وكفروا عثمان وعلي وطلحة والزبير وعائشة ، ويقولون بالخروج بالسيف على الحكام الظالمين والفاسقين وهذا الرأي يتفق مع بعض علماء أهل السنة الذين يرون جواز الخروج بالسيف علي الحاكم الظالم الجائر كابن حجر العسقلاني احتجاجا بالقراء الذين خرجوا علي الحجاج بن يوسف الثقفي وأهل المدينة في الحرة ، وهم فرق شتى . ويلقب الخوارج بالحرورية والنواصب والمارقة والبغاة والمكفرة والشكاكية والشراة والمحكمة ، والسبب الذي من أجله سموا خوارج لأنهم خرجوا على أئمة الحق والعدل ، وسموا شراة لأنهم قالوا شرينا أنفسنا في طاعة الله ، أي بعناها بالجنة ، وسموا المكفرة لتكفيرهم أصحاب الكبائر كالسارقين والزناة وشاربي الخمر والقول بخلودهم في النار كالكفار ، وسموا البغاة لأنهم يبغون علي المسلمين ويقتلونهم بغير الحق ، وسموا مارقة وذلك للحديث النبوي الذي أنبأ بأنه سيوجد مارقة من الدين كما يمرق السهم من الرمية ، إلا أنهم لا يرضون بهذا اللقب لأنهم يعتبرون أنفسهم على الهدى والحق وأما غيرهم فإنهم أهل كفر ، وسموا المحكمة لإنكارهم الحكمين ( عمرو بن العاص وأبو موسى الأشعري ) وقالوا لا حكم إلا لله . ولقد توالت الأحداث بعد ذلك بين علي والذين خرجوا عليه بالسيف ، ومحاولته إقناعهم بالحجة والرد علي شبهاتهم عبر مناظرة بن عباس لجيشهم فعاد أكثرهم وتابوا إلا قلة ، ثم قيام الحرب وهزيمتهم وهروبهم إلى سجستان وحضرموت ، وبعثهم من جديد وتكوين فرق كانت لها صولات وجولات من حين لآخر لقتال الحكام والأئمة المسلمين الشرعيين . ومنهج التعامل معهم كما قال الإمام الشافعي وقال الشافعي كذلك وقال علي بن أبي طالب ، وعامل علي بن أبي طالب الخوارج قبل الحرب وبعدها معاملة المسلمين فما إن انتهت المعركة حتى أصدر أمره في جنده ألا يتبعوا مدبرا أو يذففوا على جريح أو يمثلوا بقتيل . ولا يعد كل من يخرج علي الحاكم بالسيف من الخوارج فهناك أهل حق وهم من خرجوا بالسيف علي الحكام الظالمين والذين يتركون العمل بالسنة النبوية والحدود ويحلون شرب الخمر والزنا كما قال ابن حجر العسقلاني : وقال كذلك القرطبي : وهناك البغاة وهم من يخرجون بالسيف من أجل الملك فقط فقال بن حجر العسقلاني وقد ظهرت فرق أخري بسبب الخوارج مثل فرقة المرجئة التي نشأت للرد عليهم فأخرجت العمل من الإيمان ليكون أهل القبلة جميعا مؤمنين مهما كانت أعمالهم . التعريف بالخوارج . قال الشهرستاني في الملل والنحل : « كل من خرج على الإمام الحق الذي اتفقت الجماعة عليه يسمى خارجيا ، سواء كان الخروج في أيام الصحابة على الأئمة الراشدين أو كان بعدهم على التابعين لهم بإحسان والأئمة في كل زمان ». وزاد ابن حزم في الفصل في الملل والأهواء والنحل بأن اسم الخارجي يلحق كل من أشبه الخارجين على الإمام علي أو شاركهم في آرائهم في أي زمن . وهو يتفق مع تعريف الشهرستاني . وعرفهم الدكتور علي عبد الفتاح المغربي في كتابه ( الفرق الكلامية الإسلامية ) بأنهم هم الذين خرجوا على علي بن أبي طالب وهم حزب سياسي ديني ، قام في وجه السلطة القائمة من أجل الدين كما فهموه ، وهم لا يعدون أنفسهم خارجين عن الدين بل خارجين من أجل الدين ، ومن أجل إقامة شرع الله ، متمسكين بمبدأ الأمر بالمعروف والنهي عن المنكر ، ولقد تشبثوا بهذا المبدأ وتطبيقه ، حتى أصبح علامة من علاماتهم ، وراموا إلى إقامة دولة إسلامية تقوم على الدين وأحكامه . أسماء الخوارج . أطلق الخوارج على أنفسهم أهل الإيمان ، أو جماعة المؤمنين ، بينما أطلق عليهم مخالفوهم اسم « الخوارج » لخروجهم على الخليفة علي بن أبي طالب ، وثوراتهم المتعددة . ولما شاع هذا الاسم عليهم وكان يستخدم بصفته وصفا سلبيا ، قبلوا به ولكنهم فسروه على أنه : خروج على أئمة الجور والفسق وأن خروجهم إنما هو جهاد في سبيل الله . وللخوارج أسماء كثيرة ، بعضها يقبلونه وبعضها يرفضونه ، ومن تلك الأسماء :

[Chunk 3]
المندائية أو الديانة الصابئية أو ديانة الصابئة المندائيين ، هي أحد الأديان الإبراهيمية ، يؤمن أتباعها بأن يحيى بن زكريا هو صاحب رسالتهم ، ويؤكدون بأنهم أول وأقدم الديانات والشرائع التوحيدية . وأتباعها من الصابئة يتبعون أنبياء الله آدم وشيث وإدريس ونوح وسام بن نوح ويحيى بن زكريا ، وقد كانوا منتشرين في بلاد الرافدين وفلسطين ، ولا يزال السواد الأعظم من أتباعها في العراق ، كما أنهم متواجدون في الأحواز بإيران ، إلا إن عددا كبيرا منهم هاجر بسبب الحروب وسوء الأوضاع الأمنية في العراق . تدعو الديانة الصابئية للإيمان بالله ووحدانيته المطلقة ، وله من الأسماء والصفات عندهم مطلقة ، ومن جملة أسمائه الحسنى عندهم ( الحي العظيم ، الحي الأزلي ، المزكي ، المهيمن ، الرحيم ، الغفور ) ، تقول المندائية أن الله الحي العظيم انبعث من ذاته وبأمره وكلمته تكونت جميع المخلوقات والملائكة التي تمجده وتسبحه في عالمها النوراني ، كذلك بأمره تم خلق آدم وحواء من الصلصال عارفين بتعاليم الدين الصابئي وقد أمر الله آدم بتعليم هذا الدين لذريته لينشروه من بعده . يؤمن الصابئة بأن شريعتهم الصابئة الموحدة تتميز بعنصري العمومية والشمول ، فيما يختص ويتعلق بأحكامها الشرعية المتنوعة ، والتي يرون أنها عالجت جميع جوانب وجود الإنسان على أرض الزوال ( تيبل ) ، ودخلت مفاهيمها في كل تفاصيل حياة الإنسان ، ورسمت لهذا الإنسان نهجه ومنهجيته فيها ، وعندهم أن الإنسان الصابئي المؤمن التقي يدرك تماما ، أن ( القوة الغيبية ) هي التي تحدد سلوكه وتصرفاته ، ويطلق على أتباع الصابئية في اللهجة العراقية « الصبة ». وكلمة الصابئة إنما مشتقة من الجذر ( صبا ) والذي يعني باللغة المندائية اصطبغ ، غط أو غطس في الماء وهي من أهم شعائرهم الدينية وبذلك يكون معنى الصابئة أي المصطبغين بنور الحق والتوحيد والإيمان . معنى وسبب التسمية . كلمة الصابئة ترجع إلى جذر الفعل العربي ( صبأ ) المهموز ، وتعني خرج وغير حالته ، والصبأ أي الذي خرج من دين الضلالة واتحد بدين الحق ، فمن الممكن جدا أن هذه الكلمة كانت تعبر عن فترة من التاريخ عندما كان الناس يتركون ( يصبأون ) ديانتهم الوثنية ، ويدخلون الدين المندائي . وبما أن المندائيين ولغتهم ليسوا عربا فقد أخذ العرب هذه التسمية لتكون صفة مميزة لهم وخاصة قبل الإسلام ، أضف إلى ذلك ان هذه التسمية قديمة ولها أصولها في اللغة العربية . كما أن النبي محمد وأتباعه دعوا بالصابئة ، عندما جهروا بدعوتهم لأول مرة في مكة ودعوا إلى الإله الواحد الأحد ، فدعاهم مشركي مكة بالصابئة .. وكلمة صابئة إنما جاءت من جذر الكلمة الآرامي المندائي ( صبا ) أي بمعنى ( تعمد ، اصطبغ ، غط ، غطس ) وهي تطابق أهم شعيرة دينية لديهم وهو طقس ( المصبتا – الصباغة – التعميد ) فلذلك نرى أن كلمة صابئي تعني ( المصطبغ أو المتعمد ).. أما كلمة مندائي فهي آتية من جذر الكلمة الآرامي المندائي ( مندا ) بمعنى المعرفة أو العلم ، وبالتالي تعني المندائي ( العارف أو العالم بوجود الخالق الأوحد . البسملة الصابئية المندائية الناصورائية . تكتب باللغة المندائية « ابشوميهون اد هيي ربي » وتعني بسم الحي العظيم أو تعني بسم الله الحي الأزلي . تبدأ بوث : آيات كتب الصابئة بهذه البسملة « بسم الحي العظيم »",ما هي العقيدة الأساسية عند المرجئة فيما يتعلق بالكفر والإيمان ؟,"وقالوا بأن كل من آمن بوحدانية الله لا يمكن الحكم عليه بالكفر ، لأن الحكم عليه موكول إلى الله وحده يوم القيامة","وفقًا للمعلومات المقدمة، فإن عقيدة المرجئة في ما يتعلق بالكفر والإيمان تتمثل في النقاط التالية:

1. الرأي العام على أن أهل القبلة جميعاً مؤمنين مهما كانت أعمالهم.

2. عدم اعتبار كل من يخرج على الحكام بالسيف خارجياً، بل يعتبرونه من أهل الحق الذين يقاتلون للدفاع عن الدين والشرعية.

3. الرأي الخاص بأن المرجئة نشأت لرد الخوارج ورفض آرائهم، وليس لأن أهل القبلة جميعاً مؤمنين بالضرورة.

4. عدم اعتبار كل من يخرج على الحكام بالسيف خارجاً، بل يعتبرونه من أهل الحق الذين يقاتلون للدفاع عن الدين والشرعية.

5. الرأي الخاص بأن المرجئة نشأت لرد الخوارج ورفض آرائهم، وليس لأن أهل القبلة جميعاً مؤمنين بالضرورة.

من المهم ملاحظة أن هذه النقاط تتعلق بفهم المرجئة للمرجعية الدينية والعقيدة الإسلامية بشكل عام، وليس فقط بخصوص الكفر والإيمان. لم يتم ذكر عقيدة خاصة محددة للمرجئة فيما يتعلق بالكفر والإيمان في النص المقدم.",0.6,0.92,0.5
"[Chunk 1]
العراق الدولة التي تشمل حاليا جزئيا أراضي حضارة بلاد ما بين النهرين القديمة ، نشأت هذه الحضارة بين نهري دجلة والفرات ، تصب هذه الأنهار في الخليج العربي عبر دولة العراق . تأسست المملكة العراقية الهاشمية ك أول كيان عراقي والمعروفة أيضا باسم عراق الانتداب في مرحلتها الأولى ، بموجب الاتفاقية البريطانية العراقية 1922. تقع العراق في بلاد ما بين النهرين السفلى ( المقابلة لبابل التاريخية ) ولكنها تشمل أيضا جزءا من أعالي بلاد ما بين النهرين وبادية الشام والصحراء العربية . كان الآشوريين غالبية سكان العراق منذ العصور الساسانية . حكمت العراق الإمبراطوريات المحلية : السومرية ، الأكادية ، والبابلية ، والآشورية ، وأيضا الإمبراطوريات الأجنبية ؛ وفي العصر الوسيط ، غزته الأمبراطوريات الأخمينية ، السلوقية ، وكذلك إمبراطوريات البارثيين والساسانيين خلال العصر الحديدي والعصور الكلاسيكية القديمة ، وفتحه المسلمون في عصر الخلفاء الراشدين في القرن السابع بعد أن أزاحوا الدولة الساسانية ، وأصبح العراق مركزا للدولة الإسلامية في خلافة علي بن أبي طالب ، ثم كان العصر الذهبي للعراق خلال عهد الخلافة العباسية في العصور الوسطى ، وبعد سلسلة من الغزوات والفتوحات أصبح العراق تحت حكم البويهيين والسلاجقة الأتراك ثم سقط بيد المغول عام 1258 م ، ثم أصبح العراق ضمن سيطرة الدولة العثمانية في القرن السادس عشر ، ولكن بشكل متقطع كان تحت السيطرة الإيرانية الصفوية والمملوكية . وانتهى حكم الدولة العثمانية مع الحرب العالمية الأولى ، وأحتلت الإمبراطورية البريطانية العراق وأصبحت تحت ادارتها المباشرة وقيام المملكة العراقية في 1921 ثم نيله استقلاله رسميا عام 1932 م ، وانتهى العهد الملكي بقيام الجمهورية العراقية في أعقاب حركة 14 تموز 1958. وقد توالى حكم الجمهورية عدة رؤساء كان آخرهم صدام حسين للفترة 1979 -2003 ، وفي هذه الفترة وقعت الحرب العراقية الإيرانية وحرب الخليج الثانية ، وقد خلع صدام حسين في أعقاب الغزو الذي قادته الولايات المتحدة للبلاد عام 2003 ، وفي أعقاب الغزو حصل تدهور سياسي للوضع وأضطرابات طائفية في الفترة 2006 -2007 ، حيث كان العراق على شفا حرب أهلية . وفي عام 2011 غادرت القوات الأمريكية البلاد . ما قبل التاريخ . كان شمال العراق فيما بين عام 65000 قبل الميلاد و 35000 قبل الميلاد موطنا لإنسان نياندرتال ، والبقايا الأثرية اكتشفت في كهف شاندر ، ونفس المنطقة تضم عدد من مقابر ما قبل العصر الحجري الحديث ، التي يعود تاريخها إلى حوالي عام 11 , 000 قبل الميلاد . منذ ما يقرب من 10000 عام قبل الميلاد ، فإن العراق ( مع آسيا الصغرى وبلاد الشام ) كان مركز للثقافة الإنسانية في العصر الحجري الحديث للإنسان القوقازي المعروفة باسم ( عهد ما قبل الفخار لفترة العصر الحجري الحديث A ) حيث ظهرت الزراعة وتربية الماشية لأول مرة في العالم ، وامتاز العصر الحجري الحديث التالي ( ما قبل الفخار لفترة العصر الحجري الحديث B ) بالبيوت المستطيلة . وفي وقت ما قبل الفخار لفترة العصر الحجري الحديث ، استخدم الناس أوعية مصنوعة من الحجر ، والجبس ، والجير المحروق ( بياض Vaisselle ). المكتشفات من الأدوات المصنوعة من السبج في منطقة الأناضول تعد أدلة على علاقات تجارية مبكرة . وتوجد مواقع مهمة أخرى للتقدم البشري مثل موقع جرمو ( حوالي عام 7100 قبل الميلاد ) ، وثقافة حلف ، وفترة عبيد ( بين 6500 قبل الميلاد و 3800 قبل الميلاد ) ، إن هذه الفترات تظهر مستويات متزايدة من التقدم في الزراعة وصناعة الأدوات والهندسة المعمارية . بلاد ما بين النهرين القديمة . بلاد ما بين النهرين هو من المواقع التي شهدت تطورات ثورة العصر الحجري الحديث من حوالي 10 , 000 قبل الميلاد . حيث تم التعرف على المنطقة على أنها تحتوي أو « مستوحاة بعض من أهم التطورات في تاريخ البشرية بما في ذلك اختراع العجلة ، وزراعة محاصيل الحبوب الأولى وتطوير النص الكتابي ، الرياضيات ، علم الفلك والزراعة .» سومر ، اكد وبدايات آشور . كانت حضارة سومر والمنطقة التاريخية في جنوب العراق . فمن أقرب الحضارة المعروفة في العالم ، مما يجعل العراق واحدة من مهود الحضارة . امتدت الحضارة السومرية أكثر من 3000 سنة وبدأت مع أول مستوطنة من أريدو في فترة عبيد ( منتصف الألفية السادسة قبل الميلاد ) خلال فترة أوروك ( الألفية الرابعة قبل الميلاد ) وفترات السلالات المبكرة ( 3 الف قبل الميلاد ) حتى ظهور أشور وبابل في أواخر وأوائل الألف الثاني والثالث على التوالي .

[Chunk 2]
آشور هي المدينة - الدولة التي أصبحت عاصمة المملكة الآشورية القديمة ، اسمها القديم ( بال تل ) وشكلت مع نينوى و أربيل المنطقة النواة للممالك الآشورية المتعاقبة . كانت تقع على بعد 60 ميل جنوب مدينة الموصل حاليا بشمال العراق على ضفاف نهر الدجلة . وكانت مدينة آشور العاصمة للمملكة الآشورية في شمال وادي الرافدين ( العراق ) سنة 2500 ق . م . إلا أن الملك آشور ناصربال الثاني ( 883 -859 ق . م .) قام بنقل العاصمة شمالا إلى مدينة كالح العراقية ( نمرود حاليا ). وسقطت المدينة عام 612 ق . م تحت هجمات البابليين و الميديين . ودمرت مدنها الكبيرة .

[Chunk 3]
العراق رسميا جمهورية العراق دولة عربية ، وتعد جمهورية برلمانية اتحادية وفقا لدستور العراق ، وتتكون من ثمانية عشر محافظة رسميا ، وتسعة عشر محافظة بحكم الأمر الواقع ( المحافظة التاسعة عشر هي محافظة حلبجة ) ، عاصمته بغداد . تقع في غرب آسيا مطلة على الخليج العربي . يحده من الجنوب الكويت والمملكة العربية السعودية ، ومن الشمال تركيا ، ومن الغرب سوريا والأردن ، ومن الشرق إيران ، وهو عضو مؤسس في جامعة الدول العربية ومنظمة المؤتمر الإسلامي ومنظمة أوبك . معظم أراضي الدولة حاليا تقع في منطقة بلاد الرافدين ، وحوت المنطقة على أولى المراكز الحضارية في العالم التي كانت تقع بين نهري دجلة والفرات وهي حضارة سومر ، وامتدت حدود هذه الحضارة التي شغلتها بلاد الرافدين إلى سوريا وبلاد فارس وإلى منطقة جنوب شرق الأناضول في تركيا حاليا ، كما وجدت آثار سومرية في دولة الكويت الحالية والبحرين والأحواز بإيران . كان لبلاد الرافدين انفتاح واتصال بالحضارات القديمة في مصر والهند . وتعاقب على حكم العراق دول وحضارات كثيرة من أهمها السومرية ، والبابلية الحديثة ، والآشورية ، والميدية ، والسلوقية ، والإمبراطورية البارثية ، والإمبراطورية الرومانية ، والساسانيون ، والمناذرة ، والخلافة الراشدة ، والدولة الأموية ، والدولة العباسية ، والمغول ، والدولة الصفوية ، والدولة الأفشارية ، والدولة العثمانية ، ثم الانتداب البريطاني ، ومن ثم المملكة العراقية ، ثم الجمهورية الأولى ، ثم الجمهورية تحت حكم حزب البعث ، ثم سلطة الأورها ( إعادة إعمار العراق ) ، فسلطة الائتلاف المؤقتة ، فالحكومة العراقية المؤقتة ، ثم الحكومة العراقية الانتقالية ، ثم الجمهورية البرلمانية الاتحادية في العراق . قدر عدد سكان الجمهورية العراقية سنة 2020 بزهاء 40 مليونا و 150 ألف نسمة ، موزعون بواقع ( 50.50 %) للرجال و ( 49.5 %) للنساء . وتصل نسبة العرب من 75 % إلى 80 % من الشعب العراقي ، والكرد إلى 15 % من الشعب ، أما ال ( 5 %-10 %) الباقية فمن الآشوريين / السريان / الكدان ، والتركمان وأقليات أخرى وهي الصابئة المندائيون ، والأرمن ، والشركس ، والإيرانيين ، والشبك ، واليزيديين ، والكاولية ، ودين غالبية سكان العراق الإسلام وتصل نسبتهم إلى 95 % من السكان وهناك جدل حول نسبة الشيعة والسنة في البلاد ، وكلتا الطائفتين تدعي إنها تشكل الأغلبية العددية ، دون وجود تعداد عام للسكان وبإشراف دولي وتؤكد الهيئات الدولية أن ثقلهما متقارب ومتوازن . وتصل الأقليات الدينية إلى 5 % من السكان ، غالبيتهم من المسيحيين الكلدان وتوجد أديان أخرى كالمندائية ، واليزيدية ، واليهودية ، واليارسانية ، والبهائية . أما الإثنيات في العراق فهي العربية ، والكردية ، والتركمانية ، والآشوريين / السريان / الكلدان ، والكرد الفيليين ، واليزيديون ، وشبك ، ويارسانية ، واليهودية ، وشركس العراق ، وأرمن العراق ، والكاولية ( غجر العراق ) ، والبهائية ، وإثنيات دينية أخرى . العراق بلد متنوع التضاريس ؛ فمن الجبال والوديان والغابات في شمال العراق وبخاصة في إقليم كردستان ، إلى التلال في سلسلة تلال حمرين ، ومن السهل الرسوبي الخصب فيما بين نهري دجلة والفرات إلى الصحاري القاحلة كالصحراء العربية وبادية الشام ، وكذلك يحتوي العراق على الهضبة الغربية الصحراوية في الغرب ، وعلى نهرين مهمين هما دجلة والفرات واللذين على ضفافهما نشأت أولى الحضارات ، وتوجد الأهوار الطبيعية في جنوب العراق والتي تعد البيئة الطبيعية لحيوانات لا توجد في أي مكان آخر من العالم ، ومن أشهرها هور الحويزة وهور الحمار . وتوجد عدة بحيرات صناعية في العراق كبحيرة الثرثار والرزازة وغيرها ، وفيه البحيرات الطبيعية كبحيرة ساوة في صحراء بادية السماوة في محافظة المثنى . ولد في العراق النبي إبراهيم ، وهو أرض الكثير من الأنبياء كيونس وحزقيل ودانيال وعزير وناحوم وحنينة ( حنين بالعربية ) وآدم ونوح وهود ، وصالح ، وذو الكفل ، وسليمان ، وأيوب ( وذلك كله بوجود مراقد فعلية في العراق ، أو حسب الروايات الإسلامية والمسيحية واليهودية ) ، ولكثير من أئمة المسلمين سنة وشيعة كالإمام علي ، والإمام الحسين ، وأخيه العباس ، والإمامين الكاظمين ، والإمامين العسكريين ، والإمام المهدي ، والإمام عبد القادر الجيلاني ، والإمام الأعظم أبو حنيفة النعمان ، وكثير من مراقد ومقامات أولاد الأئمة عند الشيعة . والصحابة مثل سلمان الفارسي ، والتابعين . وجغرافيا ، يعتبر الخليج العربي المنفذ البحري الوحيد للعراق على العالم ، حيث يبلغ طول الساحل البحري للعراق حوالي 58 كيلومترا ، ويعد ميناء أم قصر في البصرة من أهم الموانئ العراقية المطلة على الخليج . ويمر نهرا دجلة والفرات من شمال العراق إلى جنوبه ، واللذان كانا أساس نشأة أولى المراكز الحضارية في العالم على بلاد الرافدين ، والتي نشأت على مر التاريخ وعلى امتداد 8000 سنة ، على يد الأكديين والسومريين والآشوريين والبابليين . ومن بين ما أنتجته حضارة بلاد الرافدين اختراع الحروف من قبل السومريين . وسن أول القوانين المكتوبة في تاريخ البشرية بما يعرف في المصادر التاريخية بشريعة حمورابي ، ويرجح أن العراق كان به أول متحف في العالم وهو متحف أنغالدي - نانا والقائمة به الأميرة أنغالدي ابنة نبو نيد ، ويعود تاريخه لحوالي 530 قبل الميلاد بأور في محافظة ذي قار . وضعت رسوم الحدود العراقية الحديثة بمعظمها في سنة 1920 ، من قبل عصبة الأمم ، عندما قسمت تركة الدولة العثمانية بموجب معاهدة سيفر . ووضع العراق تحت سلطة المملكة المتحدة بما سمي بالانتداب البريطاني في بلاد الرافدين . وأنشئ نظام ملكي سنة 1921 ، وحصلت المملكة العراقية على الاستقلال من المملكة المتحدة سنة 1932. وفي سنة 1958 ، أطيح بالنظام الملكي وأنشئت جمهورية العراق . وسيطر حزب البعث العربي الاشتراكي على العراق من سنة 1968 إلى سنة 2003. وبعد غزو الولايات المتحدة الأمريكية وحلفائها للعراق سنة 2003 ، أزيل حزب البعث من السلطة ، ثم تشكلت حكومة عراقية جديدة أجرت انتخابات برلمانية تعددية سنة 2005. وانتهى الوجود الأميركي في العراق سنة 2011 ، ولكن التمرد العراقي استمر وازداد حدة بعد دخول مجموعة من الإرهابيين من سوريا خلال الحرب الأهلية السورية . ونشر 450 جنديا أمريكيا في العراق في 10 يونيو سنة 2015. ولقد تفشت المحاصصة ( على أساس الطائفة والحزب ) بعد شهر أبريل 2003 بمفاصل الدولة العراقية ، وقد سعى رئيس الوزراء الأسبق حيدر العبادي على إنهائها ، واعتماد الكفاءة بدلا منها ، وأجريت عدة إصلاحات في الدولة العراقية من قبله . وفي سنة 2014 سقطت عدد من المحافظات والمناطق العراقية بيد تنظيم داعش الإرهابي فاندلعت حرب تحرير المناطق من قبضة داعش ، وتحررت جميع المناطق التي سيطر عليها التنظيم بتاريخ 9 ديسمبر 2017. وفي الأول من أكتوبر سنة 2019 شهدت البلاد احتجاجات كبيرة وواسعة ؛ نتج عنها تقديم عادل عبد المهدي رئيس الحكومة البرلمانية الرابعة في العراق استقالته من منصبه في 30 نوفمبر 2019 ، ثم دخل البلاد حالة الفراغ الدستوري بتاريخ 22 ديسمبر في السنة نفسها ، وانتهى الفراغ الدستوري بتاريخ 7 مايو 2020 بتشكيل حكومة مصطفى الكاظمي المؤقتة لتسير العراق لمرحلة انتقالية . وفي 10 أكتوبر 2021 عقدت انتخابات مبكرة ، ولكن تأخر تشكيل الحكومة ، حيث لم يشكل أعضاء مجلس النواب العراقي الحكومة الجديدة إلا بتاريخ 27 أكتوبر 2022 أي بعد أكثر من سنة كاملة على الانتخابات . التسمية . سميت المنطقة التي تشكل معظم أنحاء العراق وصولا إلى منابع دجلة والفرات خلال عصور ما قبل الميلاد ب « بلاد الرافدين » والتي جاءت من التسمية والتي تعني «( أرض ) الرافدين ». كما عرفت المنطقة خلال فترة القرون الوسطى بتسمية عراق العرب ، وذلك تفريقا لمنطقة عراق العجم والتي تقع غرب إيران حاليا . وشملت عراق العرب وادي دجلة ، والفرات ، جنوبي تلال حمرين ولم تشمل شمال العراق ، ومنطقة الجزيرة الفراتية . أما تسمية "" العراق "" فتعود إلى حوالي القرن السادس الميلادي ، ويعتقد أن أصل التسمية تعود إلى تعريب لمدينة أوروك ( الوركاء ) السومرية . بينما يعتقد باحثون آخرون أن التسمية مشتقة من الفارسية الوسطى عيراق والتي تعني « الأراضي المنخفضة ». وبالنسبة لمعظم الجغرافيين العرب ، كابن الحوقل ، والمقدسي ، فالعراق يمثل فقط ما يعرف في الوقت الحاضر بمنطقة جنوب العراق ، والكلمة لم تشمل المناطق في شمال تكريت على نهر دجلة ، وبالقرب من هيت على نهر الفرات . وتسمية العراقان يقصد بها الكوفة ، والبصرة . وفي القاموس المحيط ( معجم عربي - عربي للفيروزآبادي ) ، العراق : بلاد من عبادان إلى الموصل طولا ، ومن القادسية إلى حلوان عرضا ، سميت بها لتواشج عراق النخل والشجر فيها ، أو ( لانه استكف أرض العرب ) ، أو سمي بعراق المزادة : لجلدة تجعل على ملتقى طرفي الجلد إذا خرز في أسفلها ؛ لأن العراق بين الريف والبر ، أو لأنه على عراق دجلة والفرات ، أي : شاطئهما ، أو معربة إيران شهر ، ومعناه : كثيرة النخل والشجر . والعراق لغة له معاني كثيرة منها : شاطئ الماء ، وشاطئ البحر طولا ، وغيرها . ، والعراق لفظ يذكر ويؤنث . ويسمى ( باللغة التركمانية ( التركية ) : Irak Cumhuriyeti ) ، و ، و . التاريخ . ما قبل التاريخ . كان شمال العراق فيما بين 65000 قبل الميلاد و 35000 قبل الميلاد موطنا لإنسان نياندرتال ، والبقايا الأثرية اكتشفت في كهف شاندر ، وتضم نفس المنطقة عددا من مقابر ما قبل العصر الحجري الحديث ، التي يعود تاريخها إلى حوالي 11 ، 000 قبل الميلاد . منذ ما يقرب من 10000 قبل الميلاد ، فإن العراق ( مع آسيا الصغرى وبلاد الشام ) كان واحدا من مراكز ثقافة العصر الحجري الحديث للإنسان القوقازي المعروفة باسم ( ما قبل الفخار لفترة العصر الحجري الحديث A ) حيث ظهرت الزراعة وتربية الماشية لأول مرة في العالم . وامتاز العصر الحجري الحديث التالي ( ما قبل الفخار لفترة العصر الحجري الحديث B ) ببيوت مستطيلة . وفي وقت ما قبل الفخار لفترة العصر الحجري الحديث ، استخدم الناس أوعية مصنوعة من الحجر ، والجبس ، والجير المحروق ( بياض Vaisselle ). المكتشفات من الأدوات المصنوعة من السبج في منطقة الأناضول تعد أدلة على علاقات تجارية مبكرة . وتوجد مواقع مهمة أخرى للتقدم البشري مثل جرمو ( حوالي 7100 قبل الميلاد ) ، وثقافة حلف ، وفترة عبيد ( بين 6500 قبل الميلاد و 3800 قبل الميلاد ) ، هذه الفترات تظهر مستويات متزايدة من التقدم في الزراعة وصناعة الأدوات والهندسة المعمارية . العصور القديمة . سومر وأكد ( 3200 -2000 ق م ).",متى كانوا الآشوريين غالبية سكان العراق ؟,منذ العصور الساسانية,"وفقًا للمعلومات الواردة في النص، لم يتم تحديد تاريخ معين عندما كان الآشوريون غالبية سكان العراق. النص يذكر أن الآشوريين كانت لهم ""تأثير قوي"" على المنطقة خلال العصور القديمة، لكنه لا يقدم تفاصيل محددة حول الفترة الزمنية التي كانوا فيها غالبية سكان العراق.",0.2,0.14,0.1
"[Chunk 1]
الطيف الكهرومغناطيسي مصطلح عام يشمل جميع الترددات الممكنة من الإشعاعات الكهرومغناطيسية . ويعرف الطيف الكهرومغناطيسي ايضا ( يسمى عادة بالطيف فقط ) بخطوط الأشعة الصادرة من جسم أسود عند درجة حرارة معينة ( لكل خط طول موجة معينة وتردد معين ). لكل عنصر كيميائي طيف يميزه ، أي له مجموعة خطوط متسلسلة تميزه عن غيره ، ويسمى هذا الطيف « طيف انبعاث ». يتغير طيف الأشعة المنبعثة من جسم بتغير درجة حرارة الجسم ، ويختار اللون الأسود بالذات لأنه « مثالي » في امتصاص الأشعة ومثالي أيضا في إصدار الأشعة . يكون طيف العناصر عادة في نطاق الضوء المرئي . يمتد الطيف الكهرومغناطيسي من الترددات المنخفضة مثل الترددات المستخدمة في الراديو ، عبر الترددات المتوسطة مثل ترددات أشعة الضوء المرئي ، إلى الترددات العالية مثل أشعة إكس ، وينتهي بأشعة غاما . ويعتبر أن حد أقصر طول موجي هو طول بلانك ، وأكبر طول موجي ممكن هو حجم الكون كله . ( شاهد علم الفضاء الطبيعي ). نطاقات الطيف الكهرومغناطيسي . الطيف عبارة عن المجموعة الكاملة للأمواج الكهرومغناطيسية . ونهتم عادة في البحث العلمي بأطياف العناصر حيث يتميز كل عنصر بطيف مميز له مثل بصمة الإصبع عند الأشخاص ، ويظهر في هيئة خطوط ضوئية متوازية متجاورة ذات ألوان مختلفة مميزة . وأطياف العناصر تقع بصفة أساسية في نطاق الضوء المرئي من الطيف الكهرومغناطيسي - بين الضوء الأحمر وله طول موجة نحو 700 نانومتر والضوء البنفسجي وله طول موجة 400 نانومتر ( انظر الشكل أسفله ). ويتكون الطيف الكهرومغناطيسي من أمواج : وتشمل هذه المجموعات الرئيسية مجموعات تحتية ثانوية أخرى . يتكون الطيف الكهرومغناطيسي من مجموعات من الموجات لها نفس الخصائص إلا أنها تختلف في أطوالها الموجية وفي تردداتها . كما في الشكل : 1- المجموعات اللاسلكية ( الراديوية ). 2- الأشعة تحت الحمراء . 3- موجات الطيف المرئي .

[Chunk 2]
في مجال الميكانيكا الحيوية ، خطوط عدم التمديد هي خطوط افتراضية تمتد عبر جسم الإنسان والتي لا تسبب حركة الجسم على طولها أي تمدد أو انكماش . اكتشفها آرثر إيبرال أثناء عمله في بداية أربعينيات القرن العشرين ، كجزء من البحث في تصميم بذلة الفضاء ، وقد طورها بشكل أكبر دافا نيومان أثناء تطويره بذلة النشاط الفضائي . عينت في الأصل بواسطة إيبيرال عن طريق رسم سلسلة من الدوائر على جزء من الجسم ثم مشاهدة تشوهاتها أثناء تجول مرتديها أو أداء مهام مختلفة . تتشوه الدوائر إلى قطع ناقصة حيث يمتد الجلد فوق العضلات المتحركة ، وسجلت هذه التشوهات . بعد عدد كبير من هذه القياسات ، تفحص البيانات للعثور على جميع التشوهات المحتملة للدوائر ، والأهم من ذلك ، النقاط غير المتحركة عليها حيث تتقاطع الدائرة الأصلية والقطع الناقصة المشوهة ( عند أربع نقاط لكل دائرة ). من خلال تعيين هذه النقاط على الجسم بأكمله ، تنتج سلسلة من الخطوط . يمكن بعد ذلك استخدام هذه الخطوط لتوجيه وضع عناصر الشد في بذلة الفضاء لتمكين ضغط ثابت للبذلة بغض النظر عن حركة الجسم .

[Chunk 3]
الموجة ("" جمع "" موجات ؛ وتسمى أيضا الموج ["" جمع "" أمواج ]) في الفيزياء هي أحد أشكال انتقال الطاقة ، تتحرك الموجات في وسط مادي ( باستثناء الموجات الكهرومغناطيسية وبعض أشكال الجزيئات الكمية ذات الخصائص الموجية ) ، حيث تنتقل فيه الموجات وتنقل الطاقة من مكان إلى آخر بدون إزاحة جزيئات الوسط بشكل دائم ، أي أنه لا تنتقل أي كتلة مع انتقال الموجة ، ولكن جزيئات الوسط تتحرك بشكل متعامد أو مواز لاتجاه حركة الموجة حول موقع ثابت حيث أن الأمواج تصنف حسب انتشارها إلى : أمواج عرضية : وهي التي يكون فيها منحى انتشار الطاقة عموديا على منحى انتشار المادة مثل الأمواج على سطح الماء أو اهتزاز وتر مرن مشدود . أمواج طولية : وهي التي يكون فيها منحى انتشار المادة موازيا لمنحى انتشار الطاقة مثل انضغاطات نابض مرن أو الأمواج الصوتية . . وتنتشر الموجات الكهرومغناطيسية في الفراغ ، أي دون الحاجة لتواجد وسط مادي . ويعتبر الضوء وموجات الراديو وأشعة إكس وأشعة غاما أمثلة من الموجات الكهرومغناطيسية . ومن خصائص الموجات الكهرومغناطيسية أنها تنتشر في الفراغ بسرعة الضوء ، والذي تقدر سرعته ب 299 , 792 , 458 متر في الثانية . للموجات صفة الدورية ، فالموجات تكون عادة تكرارا لنمط ما من الشدة في فترات زمنية متتابعة بفترة فاصلة بينها ، ويسمى عدد الموجات المارة في مقطع ما مقسوما على وحدة الزمن ، التردد . وتسمى المسافة الأفقية التي تقطعها الموجة الواحدة طول الموجة . الأوساط المادية . تنتشر الأمواج في أنواع متعددة من الأوساط الفيزيائية ، التي يشترط بها بعض التماسك لتأمين نقل الإشارات الموجية ، ويمكن تصنيف الأوساط التي تنتشر بها الأمواج حسب خواصها الفيزيائية : الخواص المميزة للأمواج . تتميز الأمواج عن الجسيمات بامتلاكها مجموعة من السلوكيات الفيزيائية :",ماذا يسمى طيف الأشعة المنبعثة من جسم بخطوط متسلسلة ؟,لأنه « مثالي » في امتصاص الأشعة ومثالي أيضا في إصدار الأشعة .,طيف انبعاث,0.4,0.92,0.2
"[Chunk 1]
خطة دالت أو الخطة « د » هي خطة وضعتها منظمة الهاجاناه في فلسطين بين خريف 1947 وربيع 1948 ، كان الهدف من الخطة بحسب واضعيها هو حماية تأسيس دولة يهودية في فلسطين ، وبحسب المصادر الفلسطينية هي خطة تهدف إلى السيطرة على أكبر مساحة ممكنة من الأراضي الفلسطينة وطرد أكبر عدد ممكن من الفلسطينيين وفرض سياسة الأمر الواقع علي الأرض علي جميع الأطراف . تم مراجعة الخطة « د » في ديسمبر 1947 بعد إصدار قرار تقسيم فلسطين من قبل الجمعية العامة للأمم المتحدة ، وقد تم وضع صورتها النهائية في 10 مارس 1948. أعطى قرار التقسيم 42 % من أرض فلسطين للدولة العربية وهي تضم 818 , 000 فلسطيني و 10 , 000 يهودي ، بينما الدولة المقترحة لليهود ستمتد على ما يقارب 56 % من الأرض ، ويتشارك فيها 499 , 000 يهودي مع 438 , 000 فلسطيني ، أما الجزء الثالث فكان كيانا صغيرا يحيط بمدينة القدس ، خاضعا لحكم دولي ، نصف سكانه ال 200 , 000 من الفلسطينيين ، ونصفهم الآخر من اليهود . الخلفية . منذ عام 1945 ، صممت الهاغاناه على أربع خطط عسكرية عامة ، مما أدى تنفيذها في النهاية إلى إنشاء إسرائيل ونزع ملكية الأراضي الفلسطينية ، وكانت الخطط هي : التفاصيل . بدأ تنفيذ الخطة « د » في ابريل 1948 وذلك بعملية نخشون ، بالرغم من أن نص الخطة ينص ان تلك الخطوة لم تكن من المفترض ان تطبق قبل خروج البريطانيين من فلسطين ، الامر الذي تم مع بداية 15 مايو 1948. ومن بعد عملية نخشون بدأت عملية هارئيل ، وكانت هاتان العمليتان تهدفان إلى احتلال وتدمير القرى الفلسطينية على امتداد الطريق الواصل بين يافا والقدس . ومن بعدهما عملية حامتس لعزل واحتلال يافا والقرى المحيطة وعملية يبوسي لاحتلال الأحياء السكنية الفلسطينية في القدس الغربية والشرقية خارج حدود البلدة القديمة بالإضافة إلى القرى الواقعة في القرى الشمالية والشرقية . وكذلك عمليات أخرى . اذ نفذت القوات الصهيونية من واحد أبريل إلى منتصف مايو 13 عملية عسكرية كانت ثمان منها خارج حدود التقسيم ، أي في الأمكنة التي خصصت للدولة الفلسطينية العربية . وتضمنت الخطة نسف وحرق وتدمير القرى العربية وطرد السكان العرب المحليين إلى خارج الحدود إذا واجهت الهجمات اليهودية أية مقاومة . النتيجة . وفقا لبيني موريس ، استمر تنفيذ الخطة حوالي ثمانية أسابيع ، ابتداء من اوائل أبريل . ارتكبت إسرائيل خلال تنفيذ الخطة 28 مجزرة كانت اشدها هولا وقسوة مجزرة دير ياسين . وحسب المؤرخ الإسرائيلي إيلان بابي أنه مع اكتمال تنفيذ الخطة دمرت 531 بلدة وقرية فلسطينية وتم اخلاء نحو أحد عشر حيا سكنيا من سكانه ، كما أدى تنفيذ الخطة إلى نزوح 800 ألف فلسطيني وهم تحولوا إلى لاجئين في وطنهم ولاجئين في البلدان العربية المجاورة .

[Chunk 2]
خط بارليف هو سلسلة من التحصينات الدفاعية التي كانت تمتد على طول الساحل الشرقي لقناة السويس . بني خط بارليف من قبل إسرائيل بعد احتلالها لسيناء بعد حرب 1967 ، كان الهدف الأساسي من بناء الخط هو تأمين الضفة الغربية لقناة السويس ومنع عبور أي قوات مصرية إليها . التسمية . سمي الخط بذلك الاسم نسبة إلى حاييم بارليف القائد العسكري الإسرائيلي ، وقد تكلف بناؤه حوالي 500 مليون دولار . التوصيف والتجهيزات . تميز خط بارليف بساتر ترابي ذو ارتفاع كبير - من 20 إلى 22 مترا - وانحدار بزاوية 45 درجة على الجانب المواجه للقناة ، كما تميز بوجود 20 نقطة حصينة تسمى « دشم » على مسافات تتراوح من 10 إلى 12 كم وفي كل نقطة حوالي 15 جندي تنحصر مسؤليتهم في الإبلاغ عن أي محاولة لعبور القناة وتوجيه المدفعية إلى مكان القوات التي تحاول العبور . كما كانت عليه مصاطب ثابتة للدبابات ، بحيث تكون لها نقاط ثابتة للقصف في حالة استدعائها في حالات الطوارئ . كما كان في قاعدته أنابيب تصب في قناة السويس لإشعال سطح القناة بالنابالم في حالة محاولة القوات المصرية العبور ، والتي قامت القوات المصرية الخاصة بسدها تمهيدا للعبور في واحدة من أعظم العمليات . روجت إسرائيل طويلا لهذا الخط على أنه مستحيل العبور وأنه يستطيع إبادة الجيش المصري إذا ما حاول عبور قناة السويس ، كما أدعت أنه أقوى من خط ماجينو الذي بناه الفرنسيون بعد الحرب العالمية الأولى . خط بارليف . كان خط بارليف يبدأ من قناة السويس وحتى عمق 12 كم داخل شبه جزيرة سيناء على امتداد الضفة الشرقية للقناة وهو من خطين : يتكون من تجهيزات هندسية ومرابض للدبابات والمدفعية وتحتله احتياطيات من المدرعات ووحدات مدفعية ميكانيكية ، بطول 170 كم على طول قناة السويس ، وكانت إسرائيل قد قامت بعد عام 1967 ببناء خط بارليف ، والذي إقترحه حاييم بارليف رئيس الأركان الإسرائيلي في الفترة ما بعد حرب 1967 من أجل تأمين الجيش الإسرائيلي المحتل لشبه جزيرة سيناء . ضم خط بارليف 22 موقعا دفاعيا ، 26 نقطة حصينة ، وتم تحصين مبانيها بالاسمنت المسلح والكتل الخرسانية وقضبان السكك الحديدية للوقاية ضد كل أعمال القصف ، كما كانت كل نقطة تضم 26 دشمة للرشاشات ، و 24 ملجأ للأفراد بالإضافة إلى مجموعة من الدشم الخاصة بالأسلحة المضادة للدبابات ومرابض للدبابات والهاونات ، و 15 نطاقا من الأسلاك الشائكة ومناطق الألغام وكل نقطة حصينة عبارة عن منشأة هندسية معقدة وتتكون من عدة طوابق وتغوص في باطن الأرض ومساحتها تبلغ 4000 مترا مربعا وزودت كل نقطة بعدد من الملاجئ والدشم التي تتحمل القصف الجوي وضرب المدفعية الثقيلة ، وكل دشمة لها عدة فتحات لأسلحة المدفعية والدبابات ، وتتصل الدشم ببعضها البعض عن طريق خنادق عميقة ، وكل نقطة مجهزة بما يمكنها من تحقيق الدفاع الدائري إذا ما سقط أي جزء من الأجزاء المجاورة ، ويتصل كل موقع بالمواقع الأخرى سلكيا ولاسلكيا بالإضافة إلى اتصاله بالقيادات المحلية مع ربط الخطوط التليفونية بشبكة الخطوط المدنية في إسرائيل ليستطيع الجندي الإسرائيلي في خط بارليف محادثة منزله في إسرائيل . سقوط خط بارليف .

[Chunk 3]
عملية آساف ( ، "" Mivtza Asaf "" ) كانت عملية لجيش الدفاع الإسرائيلي ضد الجيش المصري ، في 5 ديسمبر - 7 ديسمبر 1948 ، أثناء الحرب العربية الإسرائيلية عام 1948. نجحت هذه العملية ، وكان الهدف منها السيطرة على صحراء النقب الغربي . تعتبر عملية آساف عملية صغيرة ، تم تنفيذها بين عمليتين تعدان أكبر في ذلك المسرح ، عملية يوآف وعملية حوريف . خلفية . بعد عملية يوآف ، حاول الجيش المصري تثبيت خط دفاعي بين ذراعيه في الأراضي المسيطر عليها في النقب ، على طول طريق بئر السبع - غزة . مع تكثيف جهود السلام الدولية ، شعر الطرفان أن الحرب تقترب من نهايتها ، ومثل هذا الخط الدفاعي القوي من شأنه ان يساعد مصر على المطالبة بغالبية مناطق النقب الغربية والجنوبية ، يتضمن ذلك بعض المستوطنات الإسرائيلية . أرادت إسرائيل فصل الذراعين المصريين قبل أن يقوم المصريون ببناء تحصينات قوية على طول خط الدفاع الجديد . لذلك ، تم التخطيط لعملية آساف وتنفيذها بدءا من 5 ديسمبر ، وذلك بعد أسبوعين فقط من انتهاء عملية يوآف . تم نقل وحدات جيش الدفاع الإسرائيلي عبر بئر السبع التي تم الاستيلاء عليها حديثا إلى الجناح الجنوبي ( الخلفي ) للجيش المصري ، وهاجموا "" شمالا "" ( توقع المصريون هجمات من الشمال والشرق ). جاءت هذه الخطوة بهدف مفاجأة المدافعين . القوات المشاركة . نفذت العملية بشكل أساسي من قبل قوات كتيبة جدعون التابعة لواء غولاني ، والتي نفذت بهذا ، اول عملية لها جنوبي إسرائيل أو في منطقة صحراوية منبسطة ( عادة ما تتمركز كتيبة غولاني في منطقة الجليل الأعلى الخصبة والتلال ، بالقرب من مرتفعات الجولان . التي سميت نسبة لها ). بالإضافة إلى ذلك ، شارك كل من الكتيبة الهجومية وناقلات الجند من الكتيبة المدرعة ; وكلاهما من اللواء المدرع الثامن ، في هذا القتال . وانضم للمساعدة ايضا عدد من بطاريات المدفعية والهاون . الهجمات الرئيسية في هذه العملية ، نفذت بواسطة القوات الآلية ، بينما جاءت مشاة جولاني في الموجة الثانية لتطهير المواقع المستولى عليها حديثا والدفاع عنها . المراحل التنفيذية . سارت المرحلة الأولى وفقا للخطة ، حيث قامت قوات الجيش الإسرائيلي بالاستيلاء على ثلاثة مواقع مصرية مهمة ، وقد تم ذلك دون قتال كبير أو إصابات ، في اليوم الأول للعملية ( 5 كانون الأول ( ديسمبر ) 1948 ). تم خلال المرحلة الثانية ، التي نفذت في اليوم التالي ( 6 كانون الأول 1948 ) ، الاستيلاء على موقع مهم آخر ، وبذلك كان قد تم تنفيذ جميع اهداف العملية . واجه الإسرائيليون ايضا مقاومة أقوى في موقع آخر ( لم يتم الاستيلاء عليه ) واضطروا إلى وقف تقدمهم عندما ضربوا حقل ألغام في موقع آخر . في نفس اليوم ، هاجم المصريون المواقع التي تم الاستيلاء عليها من مواقعهم الرئيسية في الغرب بكتيبة مشاة وسرية دبابات وبعض المدفعيات الدقيقة . اقترب الهجوم من تخطي المدافعين الإسرائيليين ، لكنه انقطع عند غسق ذلك اليوم . تبين لاحقا ، ان هذا الهجوم كان اول عمل قتالي لكتيبة الدبابات المصرية ، التي وصلت من مصر قبل أسبوعين فقط . كان قد فقد في ذلك اليوم 5 دبابات من أصل 12 دبابة مهاجمة ( عدد الضحايا غير معروف ). وأسفر الهجوم المضاد عن مقتل خمسة إسرائيليين وجرح 28. استعد المصريون لمواصلة الهجوم المضاد بعد ظهر اليوم التالي ( 7 ديسمبر ). لكن استطاعت اسرائيل من خلال استطلاع لسلاح الجو الإسرائيلي كشف تلك الاستعدادات المصرية في الصباح . وعقب ذلك ، أرسلت الكتيبة الهجومية الإسرائيلية إلى الجناح الشمالي ( الأيسر ) لمصر وقامت باقتحام قواتها جنوبا ، ومطاردة المصريين المنسحبين غربا ، وتوقفت في النهاية في مواجهة المواقع المصرية القوية المضادة",ما هي عملية هارئيل وما هي أهدافها ؟,تهدفان إلى احتلال وتدمير القرى الفلسطينية على امتداد الطريق الواصل بين يافا والقدس,أهداف عملية هارئيل كانت احتلال وتدمير القرى الفلسطينية وطرد السكان العرب.,0.92,0.91,0.9
"[Chunk 1]
كارلا باتريشيا رويز ماكفارلاند هي سياسية مكسيكية تشغل منصب العمدة الثامن والعشرين والعمدة الحالي لتيخوانا منذ عام 2020. وهي عضو في حركة التجديد الوطني ، وهي أول امرأة تشغل منصب عمدة تيخوانا والأمين السابق للتعليم البلدي . الحياة المبكرة والتعليم . رويز ماكفارلاند هي ابنة غييرمو رويز هيرنانديز المدعي العام الحالي في باجا كاليفورنيا . درست في سيدة السلام وهي مدرسة ثانوية كاثوليكية خاصة في سان دييغو ، وتخرجت من الجامعة الأيبيرية الأمريكية في تيخوانا بدرجة البكالوريوس في الاتصالات . الوظيفة المبكرة . قبل دخولها عالم السياسة عملت في وكالات التسويق وفي منافذ الأخبار ، بما في ذلك تلفيزيون أزتيكا وبي إس إن . كما أسست منتدى باها كاليفورنيا ، وهي صحيفة متخصصة في القانون ، وشغلت منصب مدير العلاقات العامة في مكتب محاماة عائلتها . في عام 2019 انضمت إلى مجلس الوزراء البلدي كرئيسة لأمانة التعليم في البلدية . عمدة تيخوانا . تم تعيين رويز ماكفارلاند رئيسا لبلدية تيخوانا في 16 أكتوبر 2020 ، بعد أن استقال رئيس البلدية آنذاك أرتورو غونزاليس كروز لفترة وجيزة لطلب الترشح لحكومة الولاية لحزبه السياسي في مورينا . انتهت فترة ولايتها مؤقتا في 5 نوفمبر عندما استأنف غونزاليس مهام رئاسة البلدية في انتظار قرار بشأن ترشيحه . في 12 فبراير 2021 عادت إلى مكتب رئيس البلدية بعد استقالة غونزاليس .

[Chunk 2]
روث زافاليت ( من مواليد 27 أغسطس 1966 ) سياسية مكسيكية . كانت منتسبة إلى حزب الثورة الديمقراطية حتى نوفمبر 2009 ، لكنها تغيرت وهي حاليا جزء من حزب البيئة الخضراء في المكسيك . وهي عضو مؤسس في حزب الثورة الديموقراطية وأول سيدة سياسية من حزب الثورة الديموقراطية تشغل منصب رئيس مجلس النواب 2007 -2008. الحياة والتعليم . زافاليتا حاصلة على درجة البكالوريوس في علم الاجتماع من جامعة المكسيك الوطنية المستقلة . الحياة السياسية . في عام 1989 ، كان زافاليت أحد مؤسسي حزب الثورة الديموقراطية . في عام 1997 عينها كواوتيموك كارديناس وزيرة التنمية الاجتماعية في حكومة المقاطعة الفيدرالية المكسيكية ، ثم عملت ( 1998 -2000 ) كوزيرة مالية في المقاطعة الفيدرالية المكسيكية . من عام 2000 إلى عام 2003 عملت في الجمعية التشريعية للمقاطعة الفيدرالية المكسيكية . في عام 2003 تم انتخابها عمدة لبلدة جيفي ديليغاسيونال التابعة لمدينة فينوستيانو كارانزا . في عام 2006 فازت زافاليتا بمقعد في مجلس النواب المكسيكي . ومن ثم كانت تعمل خلال الهيئة التشريعية للكونغرس المكسيكي . في عام 2007 تم انتخابها رئيسة لمجلس توجيه مجلس النواب للسنة الثانية من الهيئة التشريعية من سبتمبر 2007 إلى أغسطس 2008.

[Chunk 3]
آنا روزا بايان هي سياسية مكسيكية يمينية من ولاية يوكاتان شغل في عام 2006 منصب مدير النظام الوطني للتنمية الأسرية المتكاملة في حكومة فيسنتي فوكس . في عام 2007 ترشحت لمنصب حاكم يوكاتان كمرشحة عن حزب العمل - التقارب . الحياة الشخصية . ولدت بايان لألفونسو بايان فلوريس وأورورا سيرفيرا دي بايان . حاصلة على بكالوريوس محاسبة . الحياة السياسية . انضمت بايان إلى حزب العمل الوطني في عام 1983 ومنذ ذلك العام وحتى أوائل عام 2007 كانت عضوا نشطا في حزب العمل الوطني . شغلت منصب نائب فيدرالي من عام 1988 إلى عام 1990 ممثلة لدائرة يوكاتان الأولى ، وعمدة ميريدا من 1991 إلى 1993 ( أول امرأة في هذا المنصب ) ، ونائب محلي في ولاية يوكاتان 1995 -1997 ، وعضو مجلس الشيوخ من 1997 إلى 2000. في يناير 2006 عينتها الرئيسة فيسنتي فوكس مديرة ل النظام الوطني للتنمية الأسرية المتكاملة . انتخابات حاكم يوكاتان . في ديسمبر 2006 نافست بايان على ترشيح حزب العمال لمنصب حاكم يوكاتان لكنها هزمت في الانتخابات التمهيدية من قبل خافيير أبرو سييرا . بعد نتائج الانتخابات الأولية غادرت بايان حزب العمل الوطني مدعية حدوث تزوير أثناء الانتخابات ، ثم قبلت دعوة التقارب للترشح كمرشحة لانتخابات حاكم ولاية يوكاتان لعام 2007. خسرت بايان ضد مرشح الحزب الثوري الدستوري .",ما هو المنصب الذي تشغله كارلا باتريشيا رويز ماكفارلاند في تيخوانا ؟,منصب العمدة الثامن والعشرين,كارلا باتريشيا رويز ماكفارلاند عمدة تيخوانا.,0.66,0.92,0.64
"[Chunk 1]
ماريا آيميلدا جوزيفا ريميديوس « آيمي » روموالديز ماركوس ( من مواليد 12 نوفمبر 1955 ) ، سياسية فلبينية وممثلة سابقة تعمل كعضو في مجلس الشيوخ منذ عام 2019. وهي ابنة فرديناند ماركوس والسيدة الأولى السابقة آيميلدا ماركوس والأخت الكبرى للرئيس الحالي بونغ بونغ ماركوس . شغلت سابقا منصب حاكمة إيلوكوس نورت بين عامي 2010- ، 2019 وممثلة لمنطقة إيلوكوس نورت الثانية بين عامي 1998 -2007. بدأت آيمي ماركوس حياتها السياسية خلال فترة حكم والدها بالأحكام العرفية . أصبحت عضوة في مجمع باتسانحا بامبانسا ، ورئيسة لمجلس الشباب ( كي بي ). وقد اختطفت الناشطة أرخميدس تراجانو خلال فترة عملها في مجلس الشباب ، وعذبت وقتلت بعد فترة وجيزة من استجوابها العلني لتعيينها في المكتب . بلغت الثامنة عشرة من عمرها - وهي سن الرشد في الفلبين - بعد أربعة عشر شهرا فقط من إعلان والدها قانون الأحكام العرفية ، وكانت تبلغ 30 عاما في الوقت الذي أطيح بأسرتها من السلطة خلال الثورة الفليبينية عام 1986 ، وقد ساعدتهم حكومة الولايات المتحدة على الفرار وإحضارهم إلى هونولولو . سمحت الرئيسة كورازون أكينو لعائلة ماركوس بالعودة إلى الفلبين في عام 1991 ، بعد وفاة فرديناند ماركوس في عام 1989. سرعان ما ترشحت آيمي لمنصب سياسي ، وفازت بثلاث ولايات في مجلس النواب وثلاث ولايات كحاكمة لإيلوكوس نورتي . انتخبت لعضوية مجلس الشيوخ في انتخابات 2019. أشير إلى إدانة إيمي ماركوس في قضية "" تراجانو ضد ماركوس "" عام 1993 أمام محكمة المقاطعة الأمريكية في هونولولو في الدوائر القانونية الأمريكية لفضح نقاط الضعف في مبدأ تصرف الدولة ، مما يسمح برفع دعاوى مماثلة . ارتبط اسمها بثروة عائلتها المسروقة ، واعتبرت مستفيدة من العديد من ممتلكات ماركوس البحرية التي كشف عنها في أوراق بنما والنتائج في إدانات المحكمة لوالدتها إيميلدا ماركوس . حددت هذه المقتنيات على أنها « ثروة غير مشروعة » من قبل المحكمة العليا للفلبين ، وهي موضوع جهود الإعادة إلى الوطن من قبل اللجنة الرئاسية المعنية بالحكم الصالح . النشأة . ولدت آيمي ماركوس في 12 نوفمبر 1955 ، في ماندالويونغ ( التي كانت آنذاك بلدية في ريزال ) كأكبر أبناء الرئيس السابق فرديناند ماركوس والسيدة الأولى السابقة إيميلدا ماركوس ، وكلاهما مارس حكما استبداديا على الفلبين من ديسمبر 1965 إلى فبراير 1986. لديها ثلاثة أشقاء آخرين : فرديناند بونغ بونغ ماركوس الابن ، العضو السابق في مجلس الشيوخ والرئيس الحالي ، وإيرين ماركوس أرانيتا ، وآمي ماركوس المتبناة . نشأت ماركوس خلال طفولتها في قصر مالاكانانغ ، المقر الرسمي للرئيس . كانت قد بلغت من العمر عشر سنوات في اليوم التالي لانتخاب والدها في عام 1965. اعترفت في مقابلة مع "" مجلة فيليبيناز "" المدعومة من عائلتها عام 1999 ، أنها لم ترتاح للحياة في القصر بسبب التقييد والرسمية المبالغ بهما . وأضافت أيضا أنه « ليس بالضرورة أنسب مكان لتنشئة طفل لكنه كان لطيفا للغاية ». زعمت ماركوس أنها التحقت بالمدارس « العادية » في مانيلا أثناء إقامتها في القصر ، لكنها اضطرت إلى التوقف لأن العائلة الأولى وجدت صعوبة في الخروج بسبب التجمعات الاحتجاجية خارج مالاكانانغ . جاءت التظاهرات ، التي قوبلت جميعها بهجمات عسكرية أدت إلى مقتل العديد من الفلبينيين ، ردا على الديكتاتورية الزوجية الفظيعة لعائلتها والتي استمرت لأكثر من عقدين . التعليم . أثارت خلفية ماركوس التعليمية الجدل خلال انتخابات 2019. إذ أنه وفي ظل الديكتاتورية الزوجية لوالديها ، زورت ماركوس تخرجها من أربع كليات على الأقل ( بما في ذلك ثلاث جامعات ) ، مدعية كذبا أنها تخرجت « بامتياز » و « كطالبة متفوقة » في مناسبتين عامتين . التعليم الابتدائي والثانوي . تزوير التخرج من مدرسة سانتا كاتالينا الثانوية . ادعت

[Chunk 2]
ماركوني بيريلو ( ولد في 7 مارس 1963 ) هو سياسي برازيلي ، منتسب إلى حزب الديمقراطية الاجتماعية البرازيلي . وهو الحاكم السابق لولاية غوياس ( 1999 - 2002 ، 2003 - 2006 ، 2011 - 2018 ). السيرة الشخصية . ولد ماركوني فيريرا بيريلو جونيور في جويانيا في دي مايو في 7 مارس 1963 ، لكنه نشأ في بالميراس دي غوياس حيث يعتبر مسقط رأسه . وهو الابن الأول للتاجر ماركوني فيريرا بيريلو وربة المنزل ماريا بيريس بيريو ، لديه أيضا ثلاثة أشقاء آخرين : أنطونيو وفانيا وتاتيانا . التحق بالمدرسة الابتدائية في المدرسة العامة في بالميرا دي غوياس ( 1970 -1978 ). في سن الرابعة عشرة حصل على أول وظيفة رسمية له كمساعد في مكتب كاتب العدل . في سن الخامسة عشرة انتقل إلى العيش مع عمه خورخي إي ماريا كونسيساو في مدينة جويانيا لمواصلة الدراسة . في جويانيا التحق بالمدرسة الثانوية في كلية بري ميديكو ( 1978 -1980 ). في العاصمة قام بتكوين صداقات في المشهد الفني والفكري ، بسبب قربه من ابن عمه فرناندو بيريو ، وهو مغني . في عام 1980 تم اعتماده في جامعة غوياس الفيدرالية لدورة العلوم الاجتماعية . في عام 1982 تم اعتماده في جامعة باراس كوباس ، في موغي داس كروزيس لدورة مهندس صناعي . في عام 1985 حصل على مكان في كلية الحقوق بجامعة كاليفورنيا . حتى أن ماركوني بدأ الدورات التي تمت الموافقة عليها لكنه تخلى عنها بسبب عمله ومشاركته السياسية . كان على الهيئة التشريعية أن التقى فاليريا خايمي بيكسوتو ، التي تزوجها في عام 1989 وأنجب منها ابنتان هما : إيزابيلا وآنا لويزا . أنهى كلية الحقوق في 2010. المسار السياسي . بدأ ماركوني بيريو مسيرته السياسية في الحزب السياسي الحركة الديمقراطية البرازيلية . وفي فرصتين كان قائد الفرقة الشبابية لحزبه السياسي ، وعمل في هذه الفترة أيضا كعضو في دليل الدولة . شغل منصب المساعد الشخصي لحاكم غوياس هنريكي سانتيلو في عام 1987 حتى عام 1991 وكنائبا للولاية في عام 1991 حتى عام 1995. في عام 1998 تم انتخاب بيريلو حاكما للحزب السياسي الحركة الديمقراطية البرازيلية في سن 35 ، ليصبح أصغر حاكم ولاية في البرازيل . في هذه الانتخابات أشارت استطلاعات الرأي إلى محاباة كبيرة للحاكم السابق ثم السناتور إيريس ريزيندي الزميلة الحزبية السابقة لبيريلو ، والزعيم السياسي الرئيسي في ذلك الوقت . مع شعار العهد الجديد للسيناريو السياسي ، هزم بريليو بشكل غير متوقع إيريس في الجولة الثانية من الانتخابات وأعيد انتخابه في عام 2002 في الجولة الأولى . في عام 2006 انتهت ولايته للترشح لعضوية مجلس الشيوخ . انتخب بنسبة 75 ٪ من الأصوات وساهم في انتخاب هذا الخليفة نائبه ألكيدس رودريغز لمنصب حاكم الولاية . انتخابات 2010. في 3 أكتوبر 2010 حصل على 1 ، 400 ، 227 صوتا ( 46 ، 33 ٪ من الأصوات الصحيحة ) ، مما جعله قادرا على خوض الجولة الثانية ضد إريس ريزينجي في 31 أكتوبر من نفس العام ، ثم تم انتخابه حاكم ولاية غوياس للمرة الثالثة وقت في التاريخ ، حصل على 1551.132 صوتا ( 52.99 ٪ من الأصوات الصحيحة ). الفساد . في هناك تحقيق مفتوح في المحكمة العليا ، تم التحقيق مع ماركوني بيريلو للاشتباه في تلقيه رشوة بقيمة 2 مليون ريال برازيلي في ذلك الوقت كان حاكم ولاية غوياس من 1999 إلى 2006.

[Chunk 3]
ديفيد أميس ( 26 مارس 1952 - 15 أكتوبر 2021 ) كان سياسيا بريطانيا انتخب نائبا في البرلمان البريطاني عن دائرة ساوثإيند الغربية منذ مايو 1997 حتى اغتياله في أكتوبر 2021. حياته . درس الاقتصاد في جامعة بورنماوث ، ثم عمل في مهن قصيرة كمدرس في مدرسة ابتدائية ، ومستشارا للتوظيف . انتخب مستشارا محافظا عن ريدبريدج عام 1982 وعضوا في البرلمان عن باسيلدون عام 1983. في الحكومة ، كان أعلى منصب له هو السكرتير البرلماني الخاص لميخائيل بورتيو لمدة اثني عشر عاما . كان أكثر بروزا كعضو نواب ، حيث خدم في العديد من اللجان المختارة ورعى العديد من التشريعات ، بما في ذلك قانون الحماية ضد الربط القاسي ( 1988 ) وقانون الحفاظ على الطاقة والمنازل الدافئة ( 2000 ). وشملت الأسباب التي دعا من أجلها الرفق بالحيوان ودعم أولئك الذين يعانون من الانتباذ البطاني الرحمي . أميس هو كاثوليكي محافظ اجتماعيا عارض الإجهاض وزواج المثليين ، تضمنت آراؤه السياسية دعما لإعادة تطبيق عقوبة الإعدام وخروج بريطانيا من الاتحاد الأوروبي . تزوج عام 1983 ، ورزق بخمسة أطفال ، من بينهم ممثلة هوليوود كاتي أميس . في 15 أكتوبر 2021 ، طعن أميس عدة مرات في كنيسة بلفيزر المعمدانية في مقاطعة إسكس أثناء لقاء كان يعقده مع ناخبين من دائرته . مات في مكان الحادث . قبض على مواطن بريطاني يبلغ من العمر 25 عاما لديه معتقدات إسلامية متطرفة واعتقل بموجب قانون الإرهاب . نشأته . ولد ديفيد أنتوني أندرو أميس في 26 مارس 1952 في بلايستو ، إسيكس . التحق بمدرسة سانت أنتوني ، ثم مدرسة سانت بونافنتورا الكاثوليكية ، وهي مدرسة مستقلة في شارع بولين في فورست جيت . قال إن اهتماماته السياسية تنبع من الفترة التي قضاها في سانت بونافنتورا ، حيث دافع عن الحزب الثوري ، الذي كانت مطالبه الرئيسية هي الحد الأدنى من مصروف الجيب وإلغاء الواجبات المدرسية ؛ عندما كان طفلا ، كان يعاني من التأتأة ، وأدى علاج النطق لتصحيح ذلك إلى فقدان لهجته الطبيعية . التحق أميس بكلية بورنماوث للتكنولوجيا ( الآن كلية العلوم والتكنولوجيا بجامعة بورنماوث ) ، حيث حصل على درجة البكالوريوس في الاقتصاد . درس أميس الأطفال المعاقين في مدرسة القديس يوحنا المعمدان الابتدائية في بيثنال غرين لمدة عام ( 1970 ) ، قبل أن يصبح مستشارا للتوظيف .",متى بدأت آيمي ماركوس حياتها السياسية ؟,2019,"منذ طفولتها، خلال فترة حكم والدها فرديناند ماركوس بالأحكام العرفية.",0.5,0.91,0.5
"[Chunk 1]
آوغسبورغ أو أوزبرك ( بالألمانية : Augsburg ) هي مدينة في ألمانيا تقع في ولاية بافاريا ، عاصمة منطقة شوابيا الإدارية ("" Regierungsbezirk Schwaben "") ، يلتقي فيها نهرا ليش ( Lech ) وفيرتاخ ( Wertach ). يبلغ تعداد سكانها 261 , 208 نسمة ( 2005 ). الاقتصاد . كان نشاط الاقتصادي في آوغسبورغ وإلى فترة قريبة يقتصر على المنسوجات الصوفية . ثم تعددت مظاهره اليوم ، الصناعات الميكانيكية ، السيارات ، الكيماويات والأجهزة الدقيقة . فيها مقر شركة سيمنس وفروع لشركات مان ( MAN ). وكذلك دار النشر الكبيرة فلت بيلد ) WELT BILD العمران والمعالم . توجد في آوغسبورغ كاتدرائية تعود إلى الفترة الرومانسكية ( حقبة زمنية في تاريع العمارة والفنون في أوروبا ، امتدت بين القرنين ال 11 و 12 للميلاد ) ، تم إعادة تهيئتها في فترة لاحقة حسب النمط القوطي ( 923 -1430 م ) ، وتعرض فيها بعض أعمال الفنان « هانس هولباين الأكبر » وبعضا من الزجاجيات ( قطع زجاجية ملونة يتم تشكيلها وتتخذ للتزيين النوافذ وغيرها ) التي تعود إلى القرن ال 11 للميلاد . من بين المعالم الدينية الأخرى كنيسة القديس أولرخ ، والقديسة أفرا ، بالإضافة إلى قصر شيزلر ( Schaezler ) والذي تم تشييد عام 1770 م ، ويضم معرضا لفنون الباروك الألمانية ، مبنى البلدية ( 1615 -1620 م ) ، والذي أشرف على بناءه المعماري « إلياس هول » ( Elias Holl ) ، ويشتهر بصالته الذهبية . يعود تاريخ تأسيس أول جامعة بآوغسبورغ إلى عام 1970 م . وما زالت جامعة آوكسبورغ هي الوحيدة في المدينة إلى جانب المدرسة التقنية العليا . التاريخ . تم تشييد أول مستوطنة رومانية في المكان المسى أوغوستا فيندايكوروم ( Augusta Vindelicorum ) ، حوالي سنة 15 قبل الميلاد . اجتاحتها جيوش الهون ( أتيلا ) وخربتها في القرن ال 5 للميلاد . تم إعادة بناءها من جديد لتصبح أبرشية مع مطلع القرن ال 6 للميلاد ، أصبحت تحت سيادة دوقية شوابيا في أثناء الفترة الأولى ، ثم انتقلت إلى بافاريا من بعدها . صارت عام 1276 م مدينة إمبراطورية حرة . نظرا لتواجد معاقل عائلتي فوغر وفلزر ، وهما من كبار عوائل التجار وسوق المال في القرنين ال 15 وال 16 م ، صارت المدينة مركزا تجاريا وماليا في أوروبا أثناء هذه الفترة . كانت مصانع الغزل في آوغسبورغ تنتج منسوجات حريرية وقطنية متنوعة ، وجه أغلبها للتصدير . اشتهرت المدينة أثناء هذه الفترة ( القرنين ال 15 و 16 م ) في المجال الفني ، واكتسبت سمعتها من حرفييها المهرة في صناعة الذهب والفضة ، كما كانت مسقط رأس الرسامين « هانس هولباين الأكبر » ( أو القديم ) وابنه من بعده هولباين الصغير وفيها كانا يزاولان نشاطهما الفني . لعبت آوغسبورغ دورا كبير أثناء حركة الإصلاح البروتستانتية ( بداية القرن السابع عشر للميلاد ). قام مارتن لوثر عام 1518 م بعرض عقيدته الجديدة في هذه المدينة . عام 1530 م ، قام أتباع العقيدة اللوثرية بنشر « إقرار أوغسبورغ » ، عارضين على الإمبراطور شارل الخامس اعتناق مذهبهم . بعدها وفي سنة 1548 م قام الإمبراطور بتعيين إدارة مؤقتة من جانبه في آوغسبورغ . سنة 1555 م وبموجب صلح آوغسبورغ تم تقسيم ألمانيا إلى منطقتين ، كاثوليكية ولوثرية . تعرضت المدينة للخراب أثناء حرب الثلاثين السنة . استولى عليها السويديون عام 1632 م . في عام 1686 م اجتمعت رابطة آوغسبورغ والتي كانت عبارة عن تحالف موجه ضد الملك فرنسا لويس الرابع عشر . في عام 1806 م تم ضمها إلى مملكة بافاريا . تم فيها إنشاء أول نظام تكافل اجتماعي في أوروبا في القرن الرابع عشر برعاية فوغر ( Fugger )

[Chunk 2]
البروتستانتية هي أحد مذاهب وأشكال الإيمان في الدين المسيحي . تعود أصول المذهب إلى الحركة الإصلاحية التي قامت في القرن السادس عشر هدفها إصلاح الكنيسة الكاثوليكية في أوروبا الغربية . وهي اليوم واحدة من الانقسامات الرئيسية في العالم المسيحي جنبا إلى جنب الكنيسة الكاثوليكية والأرثوذكسية الشرقية . وتعتبر الكنيسة الأنجليكانية في بعض الأحيان كنيسة مستقلة من البروتستانتية . أبرز مقومات فكر البروتستانت اللاهوتي هي أن الحصول على الخلاص أو غفران الخطايا هو هدية مجانية ونعمة الله من خلال الإيمان بيسوع المسيح مخلصا ، وبالتالي ليس من شروط نيل الغفران القيام بأي عمل تكفيري أو صالح ؛ وثانيا رفض « السلطة التعليمية » في الكنيسة الكاثوليكية والتي تنيط بالبابا القول الفصل فيما يتعلق بتفسير الكتاب المقدس معتبرا أن لكل إمرئ الحق في التفسير ؛ وثالثا أن الكتاب المقدس هو المصدر الوحيد للمعرفة المختصة بأمور الإيمان ؛ وعارض رابعا سلطة الكهنوت الخاص باعتبار أن جميع المسيحيين يتمتعون بدرجة الكهنوت المقدسة ، وخامسا سمح للقسس بالزواج . نشأت الحركة البروتستانتية على يد الألماني مارتن لوثر الذي يمكن رد جميع البروتستانت أو الإنجيليين في العالم إلى أفكاره ، في ألمانيا وقد انشقت الكنيسة البروتستانتية عن الكنيسة الكاثوليكية في القرن السادس عشر ، تتفرع منها العديد من الكنائس الأخرى تتراوح من 28 - 40 إلى كنيسة ومذهب . والبروتستانتية مذهب عدد من الدول بما في ذلك الدنمارك وبريطانيا والنرويج والسويد . كما أن للبروتستانتية أثرا قويا في التاريخ الثقافي والسياسي لتلك الأقطار . في القرون الأخيرة ، وضع البروتستانت ثقافتهم الخاصة ، التي قدمت مساهمات كبيرة في مجال التعليم ، والعلوم الإنسانية والعلوم ، والنظام السياسي والاجتماعي ، والإقتصاد والفنون ، وغيرها من المجالات . البروتستانتية هي ثاني أكبر شكل للمسيحية ، حيث تضم مجتمعة ما بين 800 مليون وأكثر من 900 مليون من الأتباع في العالم أو ما يقرب من 40 % من مجمل المسيحيين . منهم 170 مليون منهم في أمريكا الشمالية ، و 160 مليون في أفريقيا ، و 120 مليون في أوروبا ، و 70 مليون في أمريكا اللاتينية ، و 60 مليون في آسيا ، و 10 مليون في أستراليا . يتوزع البروتستانت بالمجمل على سبعة عائلات وهي الأدفنست ، والأنجليكانية ، والمعمدانية ، وكنائس الإصلاح ، واللوثرية ، والميثودية والخمسينية . مقدمة . من الصعب القول أن الكنيسة البروتستانتية هي كنيسة ذات فكر واحد بل من المستحيل قول ذلك ، فكنيسة مارتن لوثر قريبة جدا من الكنيسة الكاثوليكية والأرثوذكسية ولكنها تعتقد أنه تم إصلاحها حسب رأي لوثر الشخصي وتؤمن بتحول الخبز والنبيذ إلى جسد المسيح والكثير من الطقوس واللاهوت الكاثوليكي . أما الفكر الذي نشره جون كالفن فهو من يروج فكرة عدم فقدان الخلاص وأنه لا حاجة إلى كنيسة بل الكنيسة هي غير مرئية ، ومنه تفرعت أفكار كنائس مختلفة مثل الكنيسة المعمدانية التي تؤمن أن الإنسان مخلص فقط بنعمة المسيح ولكن الكنيسة الانغليكانية التي تعتبر أيضا جزء من الحركة البروتستانتية هي الكنيسة الكاثوليكية التي لا تعترف بسلطة البابا ، الكنيسة الميثودية هي الكنيسة الأنغليكانية التي تم إصلاحها وهي نفسها انقسمت لأكثر من تيار وكثير منها يعتمد على التفسير الشخصي . المعتقدات . والبروتستانت هي كلمة معناها المحتجين . ومن أهم ميزات البروتستانت عن الطوائف المسيحية :

[Chunk 3]
ستراسبورغ ( بالألزاسية Strossburi و ) هي مدينة شرقي فرنسا . يبلغ عدد سكانها 274394 نسمة في المدينة نفسها ، أو 640000 نسمة في المدينة والمناطق المحيطة بها ( إحصاءات يناير 2012 ). وهي مقر البرلمان الأوروبي والعديد من المؤسسات التابعة للمفوضية الأوروبية يعد وسط المدينة القديم من المواقع التاريخية المحمية من قبل اليونيسكو منذ عام 1988 وذلك باتسامها بطابع ثقافي ومعماري المانوفرنسي . تاريخيا . كانت في فترة الإمبراطورية الرومانية بمثابة معسكر للجيش باسم Argentoratum وأول ظهور لهذا الاسم كان منذ عام 12 قبل الميلاد . وقعت تحت سيطرة الهان ثم الفرانك وذلك في القرن الخامس . في عام 923 م ضمت المدينة إلى الإمبراطورية الرومانية المقدسة . وفي ثورة محلية عام 1332 أعلنت المدينة نفسها دولة مستقلة ثم أعيدت إلى الامبراطورية في أوائل القرن السادس عشر . بعد حرب الثلاثين عام ، ضمها الملك لويس الرابع عشر إلى فرنسا . بدأت المدينة بالنمو الاقتصادي حتى فترة القرن التاسع عشر . وخلال الحرب البروسية الفرنسية قصف البروسيون المدينة بعنف ودمرت العديد من المرافق التاريخية والصناعية . وبعد نهاية الحرب ضمت المدينة للإمبراطورية الألمانية . بعد نهاية الحرب العالمية الأولى أعيدت المدينة لفرنسا . في الحرب العالمية الثانية وبعد هزيمة فرنسا من قبل ألمانيا النازية ، ضمت المدينة لألمانيا من جديد وأعيدت لفرنسا بعد نهاية الحرب . وفي عام 1920 بدأ أول شكل للمنظمات الأوروبية بالظهور ، حيث تم إنشاء اللجنة المركزية للملاحة في نهر الراين . وفي عام 1949 اختيرت كمركز للمفوضية الأوروبية والمحكمة الأوروبية لحقوق الإنسان . وفي عام 1952 اختيرت كمركز للبرلمان الأوروبي . يسجل متحف ستراسبورغ التاريخي الذي افتتح سنة 1920 التاريخ السياسي والاقتصادي والاجتماعي لمدينة ستراسبورغ منذ مطلع العصور الوسطى وحتى الحقبة المعاصرة ، عبر مجموعة من الآلات العسكرية والملابس واللوحات الفنية والمنحوتات ومجموعة من المقتنيات التي يعود تاريخها إلى العصور الوسطى وحتى القرن الثامن عشر . جغرافيا . تقع على نهر إيل الذي يرفد نهر الراين عند الحدود مع ألمانيا وتبعد حوالي 25 كم غربي الغابة السوداء في ألمانيا . وتعتبر مدينة ستراسبورغ قريبة نسبيا من كثير من المدن الأوروبية الكبرى ، حيث تبعد 170 كم عن شتوتغارت ، و 230 كم عن لوكسمبورغ ، و 220 كم عن فرانكفورت ، و 220 كم عن زيورخ .",ما هو دور آوغسبورغ خلال حركة الإصلاح البروتستانتية ؟,قام مارتن لوثر عام 1518 م بعرض عقيدته الجديدة في هذه المدينة .,آوغسبورغ كان مركزاً هاماً للحركة البروتستانتية في بداية القرن السابع عشر.,0.8,0.9,0.7
"[Chunk 1]
أحمد شاه مسعود ( 2 يناير 1953 م - 9 سبتمبر 2001 م ) سياسي وقائد أفغاني من أصول طاجيكية . كان قائد حرب عصابات قوي خلال المقاومة ضد الاحتلال السوفيتي بين 1979 و 1989. في التسعينيات ، قاد الجناح العسكري للحكومة ضد الميليشيات المنافسة . بعد استيلاء طالبان على السلطة ، كان قائد المعارضة الرئيسي ضد نظامهم حتى اغتياله في عام 2001. بدأ عضوا في « الجمعية الإسلامية » التي أسسها عبد الرحيم نيازي في عام 1969 م وضمت برهان الدين رباني وقلب الدين حكمتيار ومن ثم بقي في تنظيم الجمعية الإسلامية مع رباني وأسس فيما بعد تنظيم « مجلس شورى الولايات التسع » شوراي نزار أو مجلس شورى النظار والذي يضم أيضا عبد الله عبد الله ، محمد قسيم فهيم ويونس قانوني ، بعد ذلك أسس تحالف الشمال والذي يضم ائتلافا من قوى متنافرة ، وضم عبد الرشيد دوستم ، إسماعيل خان ، وعبد رب الرسول سياف . يمثل التيار الإسلامي المعتدل البراغماتي . النشأة . ولد أحمد شاه مسعود في بازارك بوادي بنجشير ( تدار اليوم كجزء من ولاية بنجشير ) بنجشير عام 1953 م أو 1954 م . كان اسمه عند ولادته « أحمد شاه ». اتخذ اسم « مسعود » اسما حركيا عندما انخرط في حركة المقاومة عام 1974. كان أبوه دوست محمد خان عقيدا في الجيش الأفغاني وعمه عبد الرزاق خان ضابطا في الاستخبارات . انتقلت عائلته من موطنه الأصلي بنجشيرلفترة وجيزة إلى هرات ثم إلى كابول ، حيث قضى مسعود معظم طفولته . كانت الشيوعية تنتشر في أفغانستان في الستينات ، لكنها لم تلاق صدى حقيقيا عند غالبية الشعب رغم تعدد الأحزاب الشيوعية ، فمنها ما كان يتبنى الماركسية ومنها ما كان يتبنى الماوية ، لكن الأحزاب الماركسية انتصرت في النهاية وحققت ضربة كبرى بالانقلاب على الملكية ونفي الملك ظاهر شاه من أفغانستان على يد ابن عمه السردار محمد داود خان لتدخل أفغانستان بعدها في دوامة من الانقلابات وانعدام الاستقرار السياسي ، حتى دخل ببرك كارمل كابول على متن دبابة سوفيتية فانفجرت المقاومة في أفغانستان . درس مسعود في التي تدرس على النظام الفرنسي وأتقن اللغة الفرنسية . ثم أصبح طالب هندسة في جامعة كابول . خلال شبابه ، قرأ مسعود أعمال الثوري الصيني ماو تسي تونج والأرجنتيني تشي جيفارا . قال إنه تعلم من ماو ، لكنه وجد تفكير جيفارا بسيطا جدا . في عام 1973 ، وصل رئيس الوزراء السابق محمد داود خان إلى السلطة في انقلاب مدعوم من الحزب الديمقراطي الشعبي الأفغاني ، وتأسست جمهورية أفغانستان . أدت هذه التطورات إلى ظهور حركة إسلامية معارضة لتزايد النفوذ الشيوعي والسوفييتي على أفغانستان . خلال ذلك الوقت ، أثناء دراسته في جامعة كابول ، انخرط مسعود مع ، الفرع الطلابي في الجمعية الإسلامية ، الذي كان رئيسها حينها الأستاذ برهان الدين رباني . كانت جامعة كابول مركزا للنقاش السياسي والنشاط خلال تلك الفترة . بعدها صار أحد قادة المقاومة ضد الاحتلال السوفيتي ، ولعب دورا كبيرا في إخراج السوفييت من أفغانستان . وتحصن في وادي بنجشير ما أكسبه لقب « أسد بنجشير ». كان مسعود يتكلم الدرية وهي لغته الأم وكذلك الفرنسية والبشتوية . متزوج من وله خمس بنات وولد واحد . يشار إليه أحيانا بألقاب مثل أسد بنجشير ، وفاتح كابول ، وأمير صاحب . كان أحمد شاه مسعود مشهورا بشجاعته وحسن خلقه حتى اعترف به بعض من أعدائه . حارب السوفيت خلال عدوانهم على أفغانستان . تمكن من عقد معاهدة لوقف إطلاق النار لمدة سنة في وادي بجشير . استغل مسعود من هذه التهدئة وتوجه إلى محافظات أخرى نحو ولاية بدخشان وتخار وبغلان وفتح جبهات جديدة أخرى ضد السوفييت بعدما كان جبهة واحدة في بنجشير قام بتشكيل كتبية باسم القوات المركزية وانضم في هذه الكتيبة بعض من المجاهدين العرب منهم القائد عبد الله أنس الجزائري صهر عبد الله عزام والمقيم حاليا بلندن . يذكر أن عبد الله عزام ألف بعض من الكتيبات في وصف أحمد شاه مسعود . في أوائل التسعينات من القرن العشرين . أصبح وزيرا للدفاع ثم نائبا للرئيس تحت رئاسة برهان الدين رباني . وبعد انهيار حكومة رباني واستيلاء طالبان على الحكم في كابل ، أصبح مسعود القائد العسكري لتحالف الشمال - وهو ائتلاف من أطراف أفغانية عدة اشتركت في الحرب الأهلية الطويلة - ولما سيطرت طالبان على معظم المناطق الأفغانية ، اضطرت قوات مسعود للتقهقر وبشكل متزايد داخل المناطق الجبلية في الشمال . حيث سيطروا على حوالي 10 % من مساحة البلاد وربما 30 % من السكان . اغتياله . كان مسعود ، الذي كان يبلغ من العمر 48 عاما ، هدفا لمؤامرة اغتيال في خواجة بهاء الدين ، في ولاية تخار شمال شرق أفغانستان في 9 سبتمبر 2001. وتناوبت أسماء المهاجمين على دحمان عبد الستار ، زوج ، وبراوي الواعر . أو كريم التوزاني البالغ من العمر 34 عاما وقاسم البقالي 26 عاما . وزعم المهاجمون أنهم بلجيكيون أصلهم من المغرب . وبحسب صحيفة لوموند ، فقد مروا عبر بلدية مولينبيك . وتبين أن جوازات سفرهم مسروقة وحددت جنسيتهم فيما بعد على أنها تونسية . كانوا ينتظرون ما يقرب من ثلاثة أسابيع ( قاموا خلالها أيضا بإجراء مقابلة مع برهان الدين رباني وعبد الرسول سياف ) للحصول على فرصة مقابلة ، في 8 سبتمبر 2001 ، يتذكر أحد مساعدي مسعود أن المهاجمين الانتحاريين المحتملين « كانوا قلقين للغاية » وهددوا بالمغادرة إذا لم تتم المقابلة خلال ال 24 ساعة التالية ( حتى 10 سبتمبر 2001 ). ومنحوا مقابلة أخيرا . أثناء المقابلة ، قاموا بتفجير قنبلة مكونة من متفجرات مخبأة في الكاميرا وفي حزام بطارية . توفي مسعود في طائرة هليكوبتر كانت تقله إلى في في طاجيكستان المجاورة . كما قتل الانفجار محمد عاصم سهيل مسؤول الجبهة المتحدة ، فيما أصيب محمد فهيم داشتي وقتل التفجير أحد الانتحاريين ، وهو بوراوي ، فيما قبض على دحمان عبد الستار وأطلق النار عليه أثناء محاولته الهرب . على الرغم من النفي الأولي من قبل الجبهة المتحدة ، أبلغ عن أنباء وفاة مسعود على الفور تقريبا ، وظهرت على بي بي سي ، وفي الصحف الأوروبية وأمريكا الشمالية في 10 سبتمبر 2001. في 16 سبتمبر ، أعلنت الجبهة المتحدة رسميا وفاة مسعود متأثرا بجروحه في الهجوم الانتحاري . دفن مسعود في قريته بازارك بوادي بنجشير . وعلى الرغم من أن الجنازة كانت في منطقة ريفية نائية ، فقد حضرها مئات الآلاف من الأشخاص . ().

[Chunk 2]
محمد أحمد بن عبد الله بن فحل ( 8 أغسطس 1843 - 21 يونيو 1885 ) زعيم سوداني وشخصية دينية ، قاد الثورة المهدية ضد الحكم التركي المصري في السودان . ونجح بتحرير الخرطوم عاصمة البلاد وقتل الجنرال البريطاني تشارلز غوردون الحاكم العام للسودان في العام 1885. ثم قام بتحويل العاصمة إلى أم درمان . توفي في يونيو 1885 وما زال ضريحه موجودا بمدينة أم درمان . تعاطف مع حركته مفكرون عرب وإسلاميون بارزون منهم جمال الدين الأفغاني والشيخ محمد عبده . خلفه الخليفة عبد الله بن السيد محمد التعايشي والذي قاوم جيوش الاحتلال البريطاني إلى أن قتل عقب معركة أم دبيكرات في العام 1899 والذي شهد عودة الاحتلال البريطاني لحكم السودان بعد حكم وطني دام لأكثر من أربعة عشر عاما . مولده ونسبه . ولد عام 1259 ه وقيل 1250 ه الموافق عام 1843 م وقيل 1844 بجزيرة لبب بمدينة دنقلا في شمال السودان . الجدير بالذكر أن جده الشيخ حاج شريف بن علي ( أبو العشرة جد المئة ) كان قد ذاع صيته كرجل صالح في جزائر الأشراف بلبب هو مدفون بشرق جزيرة لبب فيما يعرف عند أهالي المنطقة بأضرحة الأشراف . والده السيد عبد الله بن فحل اشتهر بحرفة صناعة المراكب وانتقلت إليه عمادة الأسرة الكبيرة بالتتابع من جده الشيخ حاج شريف بن علي أما والدته فهي السيدة زينب بنت نصر محمد الشقلاوي وترجع بأصولها لقبيلة الكنوز بمنطقة « الشقالوة » بشمال السودان . له ثلاثة أشقاء ذكور وهم بالترتيب : محمد ( 1834 -1882 ) والذي توفي في موقعة تحرير مدينة الأبيض « ضد الاحتلال التركي المصري ». حامد ( 1839 -1881 ) توفي في موقعة قدير في أوائل سنوات الثورة المهدية . عبد الله الشقيق الأصغر ( 1855–1882 ) والذي توفي أيضا في موقعة تحرير الأبيض في العام 1882 مع شقيقه محمد وابن اخيه أحمد بن محمد . وللمهدي شقيقة واحدة وهي نور الشام ( 1850 -1880 ) زوجة الشيخ محمد العرضي الجعلي وتوفيت قبل قيام الثورة المهدية وليس لها عقب . نشأته وتعليمه . نشأته . انتقلت الأسرة وهو طفل إلى بلدة كرري شمال أم درمان حيث توفي والده بعد وصولهم بقليل ودفن في واد عرف باسم « وادي سيدنا » نسبة لوالدهم عبد الله وكلمة « سيدنا » تطلق في الأدب الشعبي السوداني علي الشيخ أو الفقيه صاحب الخلوة الذي يعلم طلابه القرآن الكريم والعلوم الإسلامية . وبعد وفاة والده كفله شقيقاه محمد وحامد واللذان استمرا في تجارة صناعة المراكب كشأن والدهما . ثم انتقلت الأسرة للإقامة بمدينة الخرطوم لوقت وجيز حيث توفيت والدتهم زينب بنت نصر ودفنت في الضريح القائم اليوم بالقرب من مستشفى الشعب التعليمي . تعليمه . أبان محمد أحمد عن شغف مبكر ونبوغ في تلقي العلم والتبحر في علوم الزهد والتصوف وشجعه على ذلك شقيقاه ويسرا له السبيل فالتحق بخلوة الشيخ الفقيه الهاشمي بكرري وحفظ القرآن الكريم وهو في سن مبكرة . ومن ثم انتقل إلى خلوة الشيخ الأمين الصويلحي بمسيد ود عيسى بالجزيرة حيث أصاب قدرا من العلوم الشرعية . ودفعه شغفه للمزيد من التحصيل إلى الالتحاق بخلاوي الغبش بمدينة بربر ( مدينة ) فالتحق بالشيخ محمد الخير عبد الله خوجلي تلميذا وهو دون العشرين . ويصف الباحث المصري الدكتور عبد الودود شلبي فترة المهدي بخلاوي الغبش قائلا : « لقد أدرك في تلك السن المبكرة من العلوم ما لم يدركه لذاته ، فقد حفظ القرآن وجوده ولم يفته الصرف والنحو والفقه والتصوف والتفسير ، وأولع بالأدب والعلوم العقلية فدرس الفلسفة والعلوم الطبيعية والمنطق وعرف الغزالي وابن رشد وابن سينا وغيرهم من علماء المسلمين ، ووجد بخط يده ما يفيد بأنه قرأ نسخة من كتاب تفسير الجلالين أكثر من سبعة وسبعين مرة على مشايخ مختلفين ».. ويتحدث الدكتور عبد الودود شلبي عن مثالية سلوك المهدي كتلميذ في خلاوي الغبش حين يقول : « كان لا يأكل من الطعام المقدم لطلاب الخلوة لأن مصدره من مال الحكومة التي تجمع أموالها عن طريق إثقال كاهل الأهالي بالضرائب الباهظة فيترقب رسالة أهله ليدفع عن نفسه غائلة الحاجة والجوع ثم ينتهي به الأمر إلى أن يتصدق بالمال كله ويعتمد على نفسه بالخروج إلى الغابة لقطع الأخشاب ويبيع ما يقدر على حمله منها إلى السوق فيأكل ببعض ثمنه ثم يتصدق بالباقي على الفقراء ». لقد كان لفترة دراسته بخلوة الشيخ محمد الخير الأثر الأكبر على مستقبل الثورة التي سيقوم بها لاحقا وستكون سيرته الحسنة الدافع الأكبر لشيخه محمد الخير ليبايعه ويتبع تلميذه القديم حين يعلن ثورته ضد الحكومة الاستعمارية القائمة فيكرم التلميذ شيخه ويقلده إمارة شمال السودان ويقود مع عشيرته في بربر ومجموعة من قبائل شمال السودان جيوش الثورة المهدية التي قاومت الجيش البريطاني بقيادة الجنرال « ولزلي » فيوقعون بهم خسائر تدفعهم دفعا إلى الانسحاب من السودان دون تحقيق أهدافهم المتمثلة في إنقاذ الجنرال غردون .

[Chunk 3]
الأسرة العلوية هي سلالة مصرية ذات أصول ألبانية أسسها محمد علي باشا من الباشوات والخديويات من نواب السلطان حكمت في مصر تحت السلطة الاسمية للعثمانيين ما بين 1805 - 1914. ثم تحت الحماية البريطانية ما بين 1914 - 1922 ، وبعد استقلال مصر في 28 فبراير 1922 ، إلى أن اطيح بحكمها عام 1952 إثر ثورة يوليو بقيادة محمد نجيب . بعدما استطاع مؤسس السلالة محمد علي باشا ( 1805 - 1849 ) أن يستقل بمصر عن العثمانيين ، تمكن حفيده إسماعيل ( 1863 - 1879 ) بعام 1867 أن يجسد جهود أجداده فأصبح استقلال مصر فعليا . واصل الخديوي توفيق ( 1879 - 1892 ) ثم حفيده عباس حلمي باشا الثاني ( 1892 - 1914 ) على هذا الطريق وكملا بناء الدولة الحديثة . وبسبب المشاريع الضخمة مثل قناة السويس ، وفتح السودان ، بناء السكك الحديدية والمتاحف ، ومحاولة تقليد نظام أوروبا الحضاري ، أصبحت مصر مدينة بأموال ضخمة لكبرى القوى الأوروبية ( فرنسا وبريطانيا ). كان ذلك السبب المباشر لدخول القوات البريطانية إلى مصر سنة 1882. ثم أصبحت مصر منذ 1914 تحت الحماية البريطانية . أدت هذه الأوضاع إلى قيام العديد من الثورات الشعبية ضد الاحتلال . وفي عام 1914 أصبحت مصر سلطنة وحكم كل من حسين كامل ( 1914 - 1917 ) وفؤاد الأول ( 1917 - 1936 ). وبعام 1922 أعلن فؤاد الأول نفسه ملكا على مصر . انتهى عهد الملكية في مصر مع قيام ثورة يوليو سنة 1952 وتمت الإطاحة بالملك فاروق الأول ( 1936 - 1952 ) وإعلان جمهورية مصر .",ما هي خلفية عائلة أحمد شاه مسعود ؟,"انتقلت عائلته من موطنه الأصلي بنجشيرلفترة وجيزة إلى هرات ثم إلى كابول ، حيث قضى مسعود معظم طفولته .","عائلة أحمد شاه مسعود ت hail من الأسرة العلوية المصرية، وهي سلالة مصرية ذات أصول ألبانية. أسسها محمد علي باشا من الباشوات والخديويات، الذين حكموا في مصر تحت السلطة الإسماعيلية العثمانية من 1805 إلى 1914.

بعد استقلال مصر من العثمانيين عام 1848، تمكن محمد علي باشا من إعلان الاستقلال الفعلي للبلاد. ورثت أسرة محمد علي باشا الحكم في مصر حتى اطاحة حكمها بثورة يوليو في 23 يوليو 1952، والتي قادتها شخصية رئيسية هي محمد نجيب.

من الأسرة العلوية، تعود عائلة أحمد شاه مسعود إلى أصول مصرية ذات أصول ألبانية. لم يتم ذكر التفاصيل الدقيقة عن خلفية عائلته في النص المقدم، لكن يمكن القول أن أصولها ترجع إلى سلالة محمد علي باشا التي حكمت مصر لفترات طويلة قبل وفاته عام 1849.",0.4,0.92,0.4
"[Chunk 1]
جامعة نورث كارولاينا هي نظام جامعي عام متعدد في ولاية نورث كارولاينا ، تشرف على 16 جامعة عامة في الولاية وعلى « مدرسة نورث كارولاينا للعلوم والرياضيات » ، ويشار إليها عادة باسم UNC System لتمييزها عن جامعة ولاية كارولاينا الشمالية في تشابل هيل . يبلغ إجمالي عدد الطلاب المسجلين في النظام الجامعي 239 , 987 طالبا ، وفي عام 2008 منحت أكثر من 75 بالمائة من جميع شهادات البكالوريا في ولاية كارولاينا الشمالية . منحت الجامعة 43686 درجة في 2008 -2009 ، وكان من يبنها 31 , 055 درجة ببكالوريوس . التاريخ . التأسيس . تأسست جامعة نورث كارولاينا في تشابل هيل عام 1789 ، وهي واحدة من ثلاث مدارس حصلت على لقب أقدم جامعة عامة في الولايات المتحدة ، واجهت مشاكل مالية وأغلقت خلال الفترة من عام 1871 إلى عام 1875 خلال حقبة إعادة الإعمار ، في 1877 بدأت ولاية كارولاينا الشمالية في رعاية مؤسسات التعليم العالي الإضافية . وبمرور الوقت أضافت الولاية كلية نسائية ( تعرف الآن باسم جامعة نورث كارولاينا في جرينسبورو ) ، وخمس مؤسسات تاريخية للسود ( جامعة ولاية كارولاينا الشمالية إيه آند تي ، وجامعة نورث كارولاينا المركزية ، وجامعة ولاية وينستون سالم ، ووجامعة ولاية فايتفيل ، وجامعة إليزابيث سيتي الحكومية ) ، والأخيرة لتعليم الهنود الأمريكيين ( جامعة نورث كارولاينا في بيمبروك ). الدمج المبكر . بحثت جمعية كارولاينا الشمالية العامة خلال الكساد الكبير عن طرق لتوفير في التكاليف داخل حكومة الولاية ، وفي 1931 أعادت تعريف « جامعة نورث كارولينا » التي كانت تشير إلى جامعة ولاية كارولينا الشمالية في تشابل هيل ، وأنشأت « جامعة كارولينا الشمالية الموحدة » الجديدة لتشمل الحرم الجامعي الحالي المكون من جامعة ولاية كارولينا الشمالية في تشابل هيل ، وكلية ولاية كارولينا الشمالية ( حاليا جامعة ولاية كارولينا الشمالية ) ، وكلية المرأة ( حاليا جامعة نورث كارولينا في جرينسبورو ) ، وأصبحت الجامعات الثلاثة تحت قيادة مجلس أمناء واحد ورئيس واحد ، وفي عام 1945 تغير لقب « عميد الإدارة » إلى "" المستشار "" ، وبحلول 1969 ضمت ثلاث جامعات إلى الجامعة الموحدة وهي جامعة كارولاينا كارولاينا الشمالية في شارلوت ، وجامعة كارولاينا الشمالية في آشفيل ، وجامعة كارولينا الشمالية في ويلمينغتون . استمرار الدمج . أصدرت ولاية كارولاينا الشمالية في عام 1971 تشريعات دمجت جميع المؤسسات العامة الستة عشر التي تمنح درجات البكالوريوس في جامعة نورث كارولاينا ، وأصبح لكل مدرسة مستشار خاص ، ومجلس أمناء . وفي 1985 أصبحت « مدرسة نورث كارولاينا للعلوم والرياضيات » مدرسة تابعة للجامعة ، وفي 2007 أصبحت المدرسة الثانوية عضوا كاملا في الجامعة ، وهي أول مدرسة ثانوية عامة في البلاد للطلاب الموهوبين . الاغلاق على مستوى الولاية . أغلقت الجامعة أبوابها في مارس 2020 بسبب وباء كوفيد -19 إلى أجل غير مسمى للحد من انتشار المرض ، وطلب من المؤسسات إخراج أكبر عدد ممكن من الطلاب من السكن الجامعي قدر الإمكان ، وبدء العمل عن بعد قدر الإمكان ، والانتقال إلى بيئة التعلم عبر الإنترنت . التفويض القانوني . تم تضمين السلطة القانونية والتفويضات لجامعة نورث كارولاينا في أول دستور للولاية في 1776 ، ومنحت جمعية كارولاينا الشمالية العامة الجامعة ميثاقا وتمويلا في عام 1789 ، وتنص الأحكام القانونية على الوظائف والتكاليف الدراسية الحالية لطلاب جامعة نورث كارولاينا ، المؤسسات . تضم جامعة نورث كارولاينا ضمن فروعها السبعة عشر ، مدرستين للطب ، ومستشفى تعليمي واحد ، وعشرة برامج تمريض ، ومدرستين لطب الأسنان ، ومدرسة بيطرية ومستشفى ، ومدرسة للصيدلة ، بالإضافة إلى مدرستين للحقوق ، و 15 مدرسة تعليمية ، وثلاث كليات هندسة ، ومدرسة لفناني الأداء . وتعد جامعة نورث كارولاينا في تشابل هيل أقدمها ، حيث بدأت بتسجيل الطلاب لأول مرة في عام 1795 ، أما أحدثها وأصغرها

[Chunk 2]
جامعة نورث كارولينا في شارلوت ( أوشارلوت ) هي جامعة أبحاث عامة في شارلوت بولاية نورث كارولينا . تقدم جامعة نورث كارولينا في شارلوت 24 برنامجا لدرجة الدكتوراه و 66 ماجستير و 79 برنامجا للحصول على درجة البكالوريوس من خلال تسع كليات : كلية الآداب + الهندسة المعمارية ، وكلية الآداب والعلوم الليبرالية ، وكلية بيلك للأعمال ، وكلية الحوسبة والمعلوماتية ، وكلية كاتو . التعليم ، وكلية ويليام ستيتس لي للهندسة ، وكلية الصحة والخدمات الإنسانية ، وكلية الشرف ، والكلية الجامعية . جامعة نورث كارولينا شارلوت هي أكبر مؤسسة للتعليم العالي في منطقة شارلوت . شهدت الجامعة نموا سريعا في الالتحاق بنسبة 33 ٪ خلال السنوات العشر الماضية ، مما يجعلها المؤسسة الأسرع نموا في نظام جامعة نورث كارولينا وتساهم في أكثر من 50 ٪ من نمو النظام منذ عام 2009. وهي مصنفة ضمن « R 2 : الدكتوراه جامعات - نشاط بحثي عالي ». في عام 2020 ، تجاوزت جامعة نورث كارولينا في تشابل هيل لتصبح ثاني أكبر مدرسة في نظام جامعة نورث كارولينا من خلال تسجيل الطلاب . لديها ثلاثة أحرام جامعية : معهد شارلوت للأبحاث ، حرم سنتر سيتي ، والحرم الجامعي الرئيسي ، الموجود في المدينة الجامعية . يقع الحرم الجامعي الرئيسي على مساحة 1000 فدان مشجرة مع ما يقرب من 85 مبنى حوالي من أبتاون شارلوت . تاريخ . سعت مدينة شارلوت إلى إنشاء جامعة عامة منذ عام 1871 لكنها لم تكن قادرة على الاستمرار في جامعة واحدة . لسنوات ، كانت أقرب جامعة مدعومة من الدولة . قدمت المدينة عرضا في أواخر ثمانينيات القرن التاسع عشر لما سيصبح جامعة ولاية كارولينا الشمالية ، لكنها خسرت أمام مدينة رالي بعد أن عرض مزارع محلي التبرع بالأرض للحرم الجامعي . في عام 1946 ، سعت المدينة إلى كلية الطب التي تديرها الدولة . بدلا من ذلك ، وسعت الولاية المدرسة الحالية التي تبلغ مدتها سنتان في جامعة ولاية كارولينا الشمالية في تشابل هيل . في 23 سبتمبر 1946 ، افتتحت ولاية كارولينا الشمالية مركز شارلوت التابع لجامعة نورث كارولينا بتسجيل 278 طالبا . تم تأسيسها لخدمة الاحتياجات التعليمية لقدامى المحاربين العائدين في الحرب العالمية الثانية . مثل العديد من جامعات « ما بعد الحرب العالمية الثانية » في الولايات المتحدة ، فهي تدين بتأسيسها لقانون الجنود الأمريكيين وتأثيراته على التعليم العام . في عام 1949 ، عندما بدأت الولاية في إغلاق المراكز ، استحوذت منطقة مدرسة شارلوت على مركز شارلوت وأصبحت كلية شارلوت ، وهي كلية صغيرة لمدة عامين . تم تمويله أولا من خلال مدفوعات الرسوم الدراسية للطلاب ، ثم من خلال ضرائب الملكية المحلية . عقدت الفصول الدراسية في المدرسة الثانوية المركزية بالقرب من أبتاون شارلوت ، ولكن بحلول عام 1957 ، زاد الالتحاق إلى 492 ، وبدأ قادة المدرسة في البحث عن موقع دائم للحرم الجامعي . قرروا بناء 250 فدانا ( 1 km ) قطعة أرض شمال شرق المدينة بالقرب من حدود مقاطعة كاباروس . أصبحت الكلية مدعومة من الدولة في عام 1958 عند انضمامها إلى نظام كلية مجتمع نورث كارولينا الذي تم تشكيله حديثا وانتقلت إلى موقعها الحالي في عام 1961. في عام 1963 ، أصبحت شارلوت كوليدج كلية لمدة أربع سنوات . في 1 يوليو 1965 ، اندمجت مع جامعة نورث كارولينا الموحدة ( تسمى منذ عام 1972 جامعة نورث كارولينا ) تحت اسمها الحالي . في عام 1969 ، بدأت الجامعة في تقديم برامج تؤدي إلى درجات الماجستير . في عام 1992 ، تم التصريح بتقديم برامج تؤدي إلى درجة الدكتوراه . قادة الجامعة . بوني اثيل كون ، المؤسس . تم اختيار بوني إثيل كون ( 1907 -2003 ) ، أو

[Chunk 3]
جامعة نورث كارولينا المركزية هي مؤسسة فنون ليبرالية مدعومة من الدولة ، وهي جامعة عامة سوداء تاريخيا في دورهام بولاية نورث كارولينا . أسسها الدكتور جيمس إي . شيبرد بالانتماء إلى حركة تشوتوكوا في عام 1909 ، وكانت مدعومة من أموال خاصة من كل من فاعلي الخير في الشمال والجنوب . تم جعلها جزءا من نظام الدولة في عام 1923 ، عندما تلقت تمويلا من الدولة لأول مرة وتمت تسميتها باسم مدرسة دورهام الحكومية العادية . أضاف فصول الدراسات العليا في الفنون والعلوم والمدارس المهنية في القانون وعلوم المكتبات في أواخر الثلاثينيات والأربعينيات من القرن الماضي . في عام 1969 ، حدد المجلس التشريعي هذه الجامعة كجامعة إقليمية وأطلق عليها اسم جامعة نورث كارولينا المركزية . لقد كانت جزءا من نظام جامعة نورث كارولينا منذ عام 1972 ، وتقدم برامج على مستويات البكالوريا والماجستير والمهنية والدكتوراه . الجامعة عضو في مدرسة ثورجود مارشال كوليج فاند . تاريخ . تأسست جامعة نورث كارولينا المركزية من قبل الدكتور جيمس إي شيبرد كمدرسة وطنية للتدريب الديني للعرق الملون في منطقة هايتي . كانت شاتواكا حركة تعليمية نشأت في الشمال الشرقي . تم تسجيل المدرسة في عام 1909 كمؤسسة خاصة وافتتحت في 5 يوليو 1910. ساهم وودرو ويلسون ، الرئيس الأمريكي المستقبلي ، ببعض الدعم الخاص لتأسيس المدرسة . vtvy 7 t 7 تم بيع المدرسة وإعادة تنظيمها في عام 1915 ، لتصبح مدرسة التدريب الوطنية ؛ وقد أيدته مارجريت أوليفيا سلوكم ساج ، فاعلة خير من نيويورك كانت مهتمة بشكل خاص بالتعليم . ( أسست مؤسسة راسل سيج وقدمت وصايا سخية للعديد من المدارس . ) دعمت مدرسة التدريب الوطنية تطوير المعلمين السود في عصر جيم كرو ، وهو الوقت الذي كان فيه تعليم السود يعاني من نقص التمويل من الولايات الجنوبية في كل من المستويات الدنيا والعليا . بعد أن أصبحت مؤسسة ممولة من الدولة في عام 1923 ، تم تغيير اسم هذه المدرسة إلى مدرسة دورهام ستايت تورمال فور نيجروس ؛ قامت المدارس العادية بتدريب المعلمين للصفوف الابتدائية . في عام 1925 ، مما يعكس التوسع في برامجها إلى منهج مدته أربع سنوات مع مجموعة متنوعة من التخصصات ، حولت الجمعية العامة المؤسسة إلى كلية نورث كارولينا للزنوج ، وخصصتها لتقديم تعليم الفنون الحرة وإعداد المعلمين و مديري المدارس الثانوية . كانت أول كلية فنون ليبرالية تدعمها الدولة للطلاب السود . لتجنب نظام جيم كرو الخاص بالولاية لسيارات الركاب المنفصلة في القطارات ، أصر شيبرد على السفر إلى رالي بالسيارة للضغط على الهيئة التشريعية . تخرج أول فصل دراسي لمدة أربع سنوات بالكلية في عام 1929. u 9 tv ugvvtt fyf y تم اعتماد الكلية من قبل الرابطة الجنوبية للكليات والمدارس الثانوية كمؤسسة من الدرجة الأولى في عام 1937 وتم قبولها في عضوية تلك الجمعية في عام 1957. تمت إضافة دورات الدراسات العليا في كلية الآداب والعلوم في عام 1939 ، في كلية الحقوق في عام 1940 ، وفي كلية علوم المكتبات في عام 1941. في عام 1947 ، غيرت الجمعية العامة اسم المؤسسة إلى كلية نورث كارولينا في دورهام . في 6 أكتوبر 1947 ، توفي المؤسس والرئيس الدكتور شيبرد . وخلفه في عام 1948 الدكتور ألفونسو إلدر . في وقت انتخاب الدكتور إلدر ، كان يشغل منصب رئيس قسم الدراسات العليا في التعليم وكان سابقا عميدا لكلية الآداب والعلوم . تقاعد الدكتور إلدر في الأول من سبتمبر عام 1963. تم تعيين الدكتور صمويل ب . ماسي كرئيس في 9 أغسطس 1963 ، واستقال في 1 فبراير 1966. في 1",متي تأسست جامعة نورث كارولاينا ؟,عام 1789,1789,0.92,0.9,0.91
"[Chunk 1]
يتضمن مفهوم تخطيط الطاقة ( بالإنجليزية : Energy planning ) العديد من المعاني المختلفة ، ولكن المعنى الأكثر شيوعا للمصطلح هو عملية وضع السياسات ذات المدى الطويل للمساعدة في توجيه مستقبل نظام الطاقة المحلي أو الوطني أو الإقليمي أو حتى العالمي . وعادة يخطط للطاقة المؤسسات الحكومية ، وقد يطلع بهذا الدور أيضا شركات الطاقة الكبرى مثل شركات الكهرباء أو منتجي النفط والغاز . ويمكن إجراء تخطيط الطاقة بمشاركة أصحاب المصلحة المختلفين ، من وكالات الحكومة والمرافق المحلية والأوساط الأكاديمية ، والمجموعات ذات المصلحة الأخرى . منذ عام 1973 ، تطور فن وعلم نمذجة الطاقة ، الذي تعتمد عليه عملية تخطيط الطاقة بشكل كبير . يمكن تصنيف نماذج الطاقة إلى ثلاث مجموعات : الوصفية ، والتحكيمية ، وتوقعات المستقبل . غالبا تخطط الطاقة باستخدام نهج متكامل يأخذ في الاعتبار كل من توفير مصادر الطاقة ودور كفاءة الطاقة في تقليل الاستهلاك ( التخطيط المتكامل للموارد ). وينبغي على تخطيط الطاقة أن يعكس دائما نتائج النمو السكاني والتنمية الاقتصادية لضمان نظام طاقة مستدام للمستقبل . كما أن هناك العديد من الحلول الطاقة البديلة التي تتجنب إطلاق غازات الاحتباس الحراري ، مثل تحويل الماكينات الحالية إلى كهربائية واستخدام الطاقة النووية . وتعد خطة الطاقة للمدن كنتيجة لتحقيق دقيق لعملية التخطيط التي تنسق بين تخطيط المدن وتخطيط الطاقة معا وتوفر خطط طاقة للمدن الكبرى والمناطق الصناعية . وعند القيام بذلك ، يمكن للمدن تحسين استخدام الطاقة وتقليل استهلاك الطاقة وتشجيع استخدام مصادر الطاقة المتجددة وذلك لخلق نظام طاقة أكثر استدامة ومرونة ويمكنه تلبية احتياجات الأجيال الحالية والمستقبلية . مفاهيم التخطيط والسوق . أدى تخطيط الطاقة تقليديا دورا قويا في وضع الإطار التنظيمي لقطاع الطاقة ( على سبيل المثال ، التأثير على نوع محطات الطاقة التي يمكن بناؤها أو أسعار الوقود التي تؤخذ ). لكن في العقدين الماضيين كثير من الدول قللت تنظيماتها لنظم الطاقة بحيث خفض دور تخطيط الطاقة ، وتركت قرارات الطاقة للسوق . وربما أدى ذلك إلى زيادة المنافسة في قطاع الطاقة ، ولكن لا يوجد الكثير من الأدلة على أن هذا قد ترجم إلى انخفاض أسعار الطاقة للمستهلكين . في الواقع ، وفي بعض الحالات ، قد أدت التخفيضات إلى تركيزات كبيرة من "" سلطة السوق "" مع وجود شركات كبيرة ومربحة تملك نفوذا كبيرا كمحددات للأسعار . التخطيط المتكامل للموارد . تختلف الأساليب المتبعة في تخطيط الطاقة وفقا للجهة المسؤولة عن التخطيط ونطاق الممارسة . وترتبط عدة عبارات بتخطيط الطاقة ، والأساس لجميعها هو التخطيط للموارد ، أي رؤية للمصادر المحتملة للطاقة في المستقبل . ويمكن تقسيم الأساليب إلى نوعين حسب مدى اهتمام المخطط بإمكانية التأثير على استهلاك الطاقة ( الطلب ). وأنهت أزمة الطاقة في السبعينيات فترة استقرار نسبي في أسعار الطاقة واستقرار علاقة العرض والطلب . وظهرت مفاهيم ترشد الطاقة والتخطيط الأقل تكلفة والتخطيط المتكامل للموارد مع التركيز الجديد على الحاجة إلى تقليل الطلب على الطاقة عن طريق التقنيات الجديدة أو توفير الطاقة البسيط . تخطيط الطاقة المستدامة . يؤدي المزيد من التكامل العالمي لأنظمة إمدادات الطاقة والحدود البيئية المحلية والعالمية إلى توسيع نطاق التخطيط من حيث الموضوع والمدة الزمنية . يجب أن يأخذ تخطيط الطاقة المستدامة في الاعتبار الآثار البيئية لاستهلاك الطاقة وإنتاجها ، لا سيما في ضوء تهديد تغير المناخ العالمي ، والذي ينتج إلى حد كبير عن انبعاثات غازات الاحتباس الحراري من أنظمة الطاقة في العالم ، وهي عملية طويلة الأجل . تظهر توقعات صناعة الطاقة المتجددة لعام 2022 سياسات داعمة من إدارة تركز على مكافحة تغير المناخ في المشهد السياسي لعام 2022 تساعد على النمو المتوقع لصناعة

[Chunk 2]
يشير مصطلح فجوة كفاءة الطاقة ( بالإنجليزية : Energy efficiency gap ) إلى إمكانية تحسين كفاءة الطاقة أو الفرق بين مستوى تحقيق الكفاءة الطاقة الذي يحقق أقل التكاليف ومستوى تحقيق كفاءة الطاقة الفعلي . وقد لفت هذا المصطلح انتباه المحللين السياسيين في مجال سياسة الطاقة ، لأن وجوده يشير إلى أن المجتمع قد أهمل الاستثمارات الفعالة من حيث التكلفة في الكفاءة الطاقة ، على الرغم من أنها يمكن أن تقلل بشكل كبير من استهلاك الطاقة بتكلفة منخفضة . وقد صاغ هذا المصطلح أول مرة إريك هيرست ومارلين براون في ورقة بحثية بعنوان "" إغلاق الفجوة في الكفاءة : حواجز استخدام الطاقة بكفاءة "" عام 1990. مقدمة . يشير مصطلح كفاءة الطاقة إلى التغييرات في المعدات والسلوكيات التي تؤدي إلى زيادة الخدمات الطاقة لكل وحدة من الطاقة المستهلكة ، في حين يشار في كثير من الأحيان إلى التغييرات السلوكية التي تقلل من استخدام الطاقة باسم حفظ الطاقة . وتعد كثافة الطاقة التي تقيس استهلاك الطاقة لكل وحدة من الناتج المحلي الإجمالي مؤشرا على الكفاءة الطاقة . وقد حاول الكثيرون قياس الفجوة في كفاءة الطاقة ، وتختلف نهجهم بناء على تعريف المستوى المثالي للاستخدام الطاقة . ومن بين المفاهيم الشائعة ، تعريف هيرست وبراون ( 1990 ): فجوة الكفاءة الطاقة هي الإمكانات الاقتصادية التي لم تستغل في الكفاءة الطاقة ، وبمعنى آخر ، فإنه يشدد على التدابير التي تتوفر تقنيا لتحقيق الكفاءة الطاقة بتكلفة منخفضة ولكنها لم تتم تنفيذها . وهناك العديد من الدراسات التي استخدمت هذا التعريف ، مثل الوكالة الدولية للطاقة ( 2007 ) وكوبمانز وفيلد . في دراستهما التي نشرت عام 1994 ، حدد جيف جاف وروبرت ستافينز خمسة أنواع من الأمثلية وتعريفاتها المقابلة لفجوة الكفاءة الطاقة ، وهي : الإمكانات الاقتصادية للخبراء الاقتصاديين ، والإمكانات الاقتصادية للخبراء التقنيين ، الإمكانات الفرضية ، والنوع الضيق من المنفعة الاجتماعية ، والنوع الحقيقي من المنفعة الاجتماعية وعلى وجه الخصوص ، يمكن تحقيق الإمكانات الاقتصادية للاقتصاديين من خلال القضاء على إخفاقات السوق في سوق تكنولوجيا كفاءة الطاقة ، في حين يمكن تحقيق الإمكانات الاقتصادية للتقنيين من خلال القضاء على إخفاقات السوق وغير السوق . يتطلب تحقيق الإمكانات الافتراضية القضاء على إخفاقات السوق في سوق الطاقة بالكامل ، على سبيل المثال ، وجود أسعار طاقة تعكس جميع العوامل الخارجية . يمكن للمجتمع تحقيق الحد الأقصى الاجتماعي الضيق من خلال تنفيذ جميع البرامج المتاحة ذات التكلفة الفعالة ، ويمكن تحقيق الحد الأقصى الاجتماعي الحقيقي إذا أخذ الآثار البيئية لتوليد الطاقة واستهلاكها في الاعتبار . عوائق فجوة كفاءة الطاقة . توجد فجوات في الكفاءة الطاقة لأن هناك فشل في الأسواق . من المهم تحديد وفهم هذه الحواجز من أجل تحقيق التدخلات الحكومية المرغوبة . ووفقا لهيرست وبراون ( 1990 ) ، يمكن تقسيم العوائق المختلفة التي تمنع المجتمع من إغلاق فجوة الكفاءة الطاقة بنجاح إلى فئتين : العوائق الهيكلية والعوائق السلوكية . تنتج الحواجز الهيكلية عن تصرفات المنظمات العامة والخاصة ، وعادة ما تكون خارجة عن سيطرة المستخدم النهائي للطاقة الفردية . تعرض بعض الأمثلة على النحو التالي : التحريف في أسعار الوقود . الأسعار التي يدفعها المستهلكون لا تعكس التكاليف الاجتماعية والبيئية المرتبطة بإنتاج الوقود وتوزيعه واستهلاكه . وعلى إثر هذا التحريف ، يميل المستهلكون إلى عدم الاستثمار في تقنيات كفاءة الطاقة . عدم اليقين حول أسعار الوقود المستقبلية . هناك تقلبات كبيرة في أسعار الوقود مثل الكهرباء والبترول ، مما يزيد من عدم اليقين بشأنها . كما أن اللوائح البيئية الأكثر صرامة والقلق بشأن الاحتباس الحراري يزيدان من تقلبات أسعار الوقود . هذه التحولات تمنع المستهلكين من اتخاذ قرارات شراء منطقية لأنظمة استخدام

[Chunk 3]
تخطيط استخدام الأراضي هو عملية تنظيم استخدام الأرض من قبل سلطة مركزية . عادة ، يتم القيام بذلك لتعزيز المزيد من النتائج الاجتماعية والبيئية المرغوبة بالإضافة إلى استخدام أكثر كفاءة للموارد . وبشكل أكثر تحديدا ، غالبا ما تتضمن أهداف التخطيط الحديث لاستخدام الأراضي الحفاظ على البيئة ، وضبط الزحف العمراني ، وتقليل تكاليف النقل ، ومنع النزاعات على استخدام الأراضي ، وتقليل التعرض للملوثات . في السعي لتحقيق هذه الأهداف ، يفترض المخططون أن تنظيم استخدام الأرض سيغير أنماط السلوك البشري ، وأن هذه التغييرات مفيدة . الافتراض الأول ، أن تنظيم استخدام الأراضي يغير أنماط السلوك البشري مقبول على نطاق واسع . ومع ذلك ، فإن الافتراض الثاني - أن هذه التغييرات مفيدة - محل خلاف ، ويعتمد على الموقع واللوائح التي تناقش . في التخطيط الحضري ، يسعى تخطيط استخدام الأراضي إلى ترتيب وتنظيم استخدام الأراضي بطريقة فعالة وأخلاقية ، وبالتالي منع النزاعات في استخدام الأراضي . تستخدم الحكومات تخطيط استخدام الأراضي لإدارة تطوير الأراضي داخل ولاياتها القضائية . عند القيام بذلك ، يمكن للوحدة الحكومية التخطيط لاحتياجات المجتمع مع الحفاظ على الموارد الطبيعية . ولهذه الغاية ، فإن التقييم المنهجي لإمكانيات الأراضي والمياه ، والبدائل لاستخدام الأراضي ، والظروف الاقتصادية والاجتماعية من أجل اختيار وتبني أفضل خيارات استخدام الأراضي . غالبا ما يكون أحد عناصر الخطة الشاملة ، خطة استخدام الأراضي توفر رؤية للإمكانيات المستقبلية للتطوير في الأحياء أو الأحياء أو المدن أو أي منطقة تخطيط محددة . في الولايات المتحدة ، غالبا ما تستخدم مصطلحات تخطيط استخدام الأراضي والتخطيط الإقليمي والتخطيط الحضري والتصميم الحضري بالتبادل ، وستعتمد على الولاية و / أو المقاطعة و / أو المشروع المعني . على الرغم من التسميات المربكة ، تظل الوظيفة الأساسية لتخطيط استخدام الأراضي كما هي بغض النظر عن المصطلح المطبق . يقدم المعهد الكندي للمخططين تعريفا مفاده أن تخطيط استخدام الأراضي يعني التصرف العلمي والجمالي والمنظم للأراضي والموارد والمرافق والخدمات بهدف ضمان الكفاءة المادية والاقتصادية والاجتماعية ، والصحة والرفاهية في المناطق الحضرية والمجتمعات الحضرية والريفية . تنص جمعية التخطيط الأمريكية على أن الهدف من تخطيط استخدام الأراضي هو تعزيز رفاهية الناس ومجتمعاتهم من خلال خلق بيئات ملائمة وعادلة وصحية وفعالة وجذابة للأجيال الحالية والمستقبلية .",ما هو مفهوم تخطيط الطاقة ؟,هو عملية وضع السياسات ذات المدى الطويل للمساعدة في توجيه مستقبل نظام الطاقة المحلي أو الوطني أو الإقليمي أو حتى العالمي,تخطيط الطاقة عملية وضع السياسات ذات المدى الطويل لدعم مستقبل نظام الطاقة المحلي أو العالمي.,0.91,0.9,0.91
"[Chunk 1]
كمال عطية مخرج وكاتب سيناريو وموسيقي مصري من مواليد 2 يوليو 1919 حصل على دبلوم في زخرفة المباني عام 1939 بدأ حياته الفنية بكتابة الأغنية والمقالات الأدبية في بعض الصحف منذ عام 1942 ، التحق باستديو مصر عام 1946 حيث عمل مساعد مخرج مع صلاح أبو سيف ، وقام بإخراج عدد من الأفلام التسجيلية وأولها « فجر جديد » عام 1965. توفي في 15 يناير 2008 وكان رصيده : إخراج 25 فيلم روائي – تأليف وكتابة سيناريو وحوار وكلمات أغاني 21 فيلم – إنتاج فيلما واحدا « عبيد الجسد » عام 1962 – إعداد موسيقي لفيلما واحدا « دايما في قلبي » 1946. قائمة أفلامه ( إخراج ). فيلم « المنتقم » عام 1947 فيلم « حبايبي كتير » عام 1950 فيلم « المجرم » عام 1954 فيلم « قتلت زوجتي » عام 1956 فيلم « عشاق الليل » عام 1957 فيلم « المتهم » عام 1957 فيلم « بنت 17 » عام 1958 فيلم « آخر من يعلم » عام 1959 فيلم « نهاية الطريق » عام 1960 فيلم « سوق السلاح » عام 1960 فيلم « رسالة إلى الله » عام 1961 فيلم « عبيد الجسد » عام 1962 فيلم « سر الغائب » عام 1962 فيلم « طريق الشيطان » عام 1963 فيلم « مع الناس » عام 1964 فيلم « حديث المدينة » عام 1964 فيلم « ثورة البنات » عام 1964 فيلم « قنديل أم هاشم » عام 1968 فيلم « البعض يعيش مرتين » عام 1971 فيلم « مدينة الصمت » عام 1973 فيلم « الشوارع الخلفية » عام 1974 فيلم « ما بعد الحب » عام 1976 فيلم « المعتوه » عام 1982 فيلم « غضب الحليم » عام 1984 فيلم « ليس لعصابتنا فرع آخر » عام 1989

[Chunk 2]
تامر حبيب ( مواليد 29 يونيو 1963 ) هو كاتب وسيناريست مصري ، تخرج من معهد السينما ، ثم التحق بعدها بأكاديمية الفنون . بداياته . كانت بدايه تامر حبيب الفنية في التأليف عام 2003 من خلال فيلم “ سهر الليالي ” ، ثم قدم العديد من الأفلام ، منها “ عن العشق والهوى ” عام 2006 ، “ تيمور وشفيقة ” ، “ 18 يوم ” ، “ واحد صحيح ” عام 2011 ، “ أسوار القمر ” عام 2015. وعلى الصعيد التلفزيوني ألف العديد من المسلسلات ، منها “ خاص جدا ” عام 2009 ، “ شربات اللوز ” عام 2012 ، “ طريقي ” عام 2015 ، “ جراند أوتيل ” عام 2016 ، “ حلاوة الدنيا ” عام 2017 ، “ لعبة النسيان ” عام 2020.

[Chunk 3]
الشيخ دوكوري ( من مواليد 1943 ) ، هو مخرج أفلام وممثل وكاتب سيناريو ومنتج أفلام غيني . اشتهر بإخراجه لفيلم الكرة الذهبية . مسيرته . ولد الشيخ دوكوري في عام 1943 في كانكان الغينية فتلقى تعليمه الابتدائي في العاصمة كوناكري . في عام 1964 ، انتقل الشيخ إلى العاصمة الفرنسية باريس . حيث أكمل درجة الأدب المعاصر في جامعة السوربون في عام 1964 بالتوازي مغ دروس في معهد سيمون للفن في عام 1965. حيث بدأ حياته المهنية كممثل في المسرح والتلفزيون أثناء وجوده هناك . في نهاية السبعينيات ، بدأ دوكوري في كتابة السيناريوهات فبدأ بفيلم « باكو ، الجانب الآخر » في عام 1978 ثم المسرحية الشعبية « بلاك مايك ماك » في عام 1986. في عام 2003 ، أنتج ومثل في فيلم « باريس حسب موسى » والذي مكنه من الفوز بجائزة أفضل تشخيص رجالي في الدورة الثامنة عشرة لمهرجان الأفريقي للسينما والتلفزيون في واغادوغو .","من هو مخرج فيلم "" تقبيل الفتيات "" ؟",غاري فليدر,لا أعرف,0.8,0.1,0.11
"[Chunk 1]
آل رضوان كانت من أبرز عائلات الباشا في فلسطين ، وحكمت المناطق الجنوبية الغربية من إيالة دمشق ("" ولاية دمشق "") في القرنين السادس عشر والسابع عشر تحت الحكم العثماني . كانت السلالة متمركزة في غزة ، حيث عمل أعضاؤها باستمرار "" كحكام الوراثة "" ( حكام المقاطعات ) في السنجق ( منطقة إقليمية ) لأكثر من قرن . حكم الأعضاء أيضا مقاطعات ومقاطعات مختلفة في جميع أنحاء الإمبراطورية العثمانية وحملوا ألقابا إضافية في أوقات مختلفة . كانت فترة الرضوان في غزة تعتبر العصر الذهبي الأخير للمدينة . أسس هذه الأسرة قرا شاهين مصطفى باشا ، الذي شغل منصب حاكم عدد من المحافظات والمقاطعات ، بما في ذلك غزة ، خلال حياته المهنية . سميت الأسرة على اسم ابن مصطفى رضوان باشا الذي شغل منصب حاكم غزة عام 1570 حتى خلفه ابنه أحمد باشا بن رضوان بعد ذلك بعامين . خدم الأخير لمدة 30 عاما ، أصبحت خلالها غزة المعقل الرئيسي للسلالة . كان سنجق القدس ونابلس تحت إدارة أحمد باشا بشكل متقطع طوال فترة حكمه . بعد إعادة تعيين أحمد باشا "" بيلربي "" ( حاكم مقاطعة ) لدمشق عام 1601 ، ورث ابنه حسن عراب باشا حاكم غزة ، حيث احتل هذا المنصب لمدة 43 عاما . أدى حكمه إلى إفقار غزة وإفلاس السلالة . تم تعيين ابن حسن باشا وخليفته حسين باشا في المكتب عام 1644 وخدم حتى عام 1672. تحت قيادة حسين باشا ، أصبحت غزة مدينة مزدهرة وآمنة ومتنوعة دينيا . تم عزله وإعدامه من قبل السلطات العثمانية عام 1663 ، وبعد ذلك تم تعيين شقيقه موسى باشا في هذا المنصب ، وخدم حتى عام 1679. كان آخر محافظي غزة في رضوان هو أحمد باشا نجل موسى باشا الذي انتهت ولايته عام 1690. تاريخ . التأسيس . تأسست سلالة رضوان على يد كارا شاهين مصطفى ( المعروف لاحقا باسم "" مصطفى باشا "") ، البوسني العرقي ، "" وكابيكولو "" سابقا ( مقر الباب العالي ) سليمان القانوني . كجزء من نظام "" التنمية "" العثمانية ، تلقى مصطفى باشا تعليمه من الخدمة الداخلية للقصر ، وتم ترقيته تدريجيا إلى مناصب رفيعة في الحكومة . في عام 1524 ، بعد أن شغل على التوالي منصب حاكم أرضروم وديار بكير ثم كمدرس شخصي لشاهزاده بايزيد نجل السلطان سليمان ، تم تعيينه مؤقتا حاكما لغزة ، عاصمة سنجق تحمل نفس الاسم واحتفظت بأهميتها . من العصر المملوكي السابق . بحلول عام 1560 ، تمت ترقيته إلى منصب حاكم مصر . خلف مصطفى باشا حاكما لغزة ابنه رضوان باشا ، الذي أطلق على سلالة رضوان اسمها . شغل رضوان سابقا منصب أمين صندوق اليمن . في عام 1565 ، تمت ترقية رضوان باشا إلى "" بيلربي "" ( الحاكم العام ) لليمن لمدة عامين قبل أن يعود ليحكم غزة لفترة قصيرة في عام 1567. في هذه الأثناء ، في عام 1566 ، تم عزل مصطفى باشا من قبل السلطان الجديد سليم الثاني لقربه من بيازيد ، شقيق سليم ومنافسه على السلطة . توفي مصطفى باشا بعد ذلك بوقت قصير . وفقا للمؤرخ جان بيير فيليو ، أصبح رضوان حاكما لغزة عام 1570. بحلول عام 1571 ، تمت ترقية رضوان باشا إلى "" والي "" ( حاكم إقليمي ) حبيش ( الحبشة الساحلية ) والبصرة وديار بكير على التوالي ، بينما بهرام باشا ، الابن الثاني لمصطفى باشا ومسؤول رفيع المستوى في الحكومة العثمانية ، أصبح محافظا لنابلس في منتصف القرن السادس عشر . بعد مرور بعض الوقت ، تمت ترقية بهرام باشا إلى "" بييلربى "" من دمشق ثم "" أمير الحج "" فيما بعد ، مما جعله مسؤولا عن قافلة الحج الإسلامية إلى مكة المكرمة . معقل في غزة . في غزة ، حل محل رضوان باشا ابنه أحمد

[Chunk 2]
المرينيون ، بنو مرين أو بنو عبد الحق ( باللغة الأمازيغية : : وتنطق آيت مرين ) هي سلالة أمازيغية حكمت بلاد المغرب الأقصى من القرن الثالث عشر إلى القرن الخامس عشر ميلادي ، وتوسعت حدود دولتهم خارج نطاق المغرب في عهد السلطان أبي سعيد الأول ، ويوسف بن يعقوب وخاصة أيام أبي الحسن المريني ، الذي ضم لدولته المغرب الأوسط والأدنى فوحد المغرب الكبير تحت رايته ، مسيطرا على بلاد السوس ومعاقل الصحراء جنوبا إلى مصراتة قرب الحدود المصرية شرقا ، ورندة بالأندلس شمالا ، ولم يستطع المرينيون بسط سيطرتهم على كامل الأراضي التي كانت تشكل الدولة الموحدية ، غير أنهم استطاعوا توحيد المغرب الأقصى والعبور إلى الأندلس للجهاد لوقف زحف ممالك إسبانيا ومكافحة القرصنة المسيحية على سواحل المغرب . ويرجع ظهورهم لوضعية بلاد المغرب الأقصى بعد كارثة معركة العقاب سنة 609 ه ، حيث ضعف وتفتت كيان السلطة المركزية لدولة الموحدين ، هذا بالإضافة إلى تفشي وباء الطاعون وهلاك الجند ، فغاب الأمن في البلاد ، فظهر بنو مرين على مسرح الأحداث السياسية واستطاعوا إلحاق الهزيمة بالجيش الموحدي الذي أعده والي فاس لحربهم في أول صدام لهم مع الموحدين ، ثم تفاقم خطرهم ، وازدادت قوتهم ، فاستطاعوا القضاء على الدولة الموحدية والجلوس في مكانها بعد قضائهم على الموحدين في مراكش سنة 668 ه / 1269 م ، واتخذوا من مدينة فاس عاصمة لهم . وأول سلطان لهم هو يعقوب بن عبد الحق . وحمل المرينيون مهمة الجهاد في الأندلس ، وحازوا على مجموعة من المدن الأندلسية ، وعلى عهد السلطان يعقوب بن عبد الحق وصل عددها 53 ما بين مدن وحصون ، زيادة على 300 من القرى والبروج ، أبرزها الجزيرة الخضراء وطريف وملقة وقمارش ورندة ، تنازل ولده السلطان يوسف بن يعقوب عن الكثير منها مكتفيا بطريف والجزيرة الخضراء . وتميزت دولة بنو مرين عن بقية الدول التي سبقتها في حكم المغرب كونها لم تصل إلى الحكم تحت شعار فكرة دينية كما فعل المرابطين والموحدين ، فقد اعتمد بنو مرين على قوتهم العددية وتنظيماتهم القبلية ، المكونة من قبائل زناتة ، والمتحالفة لاحقا مع القبائل العربية ، الذين شكلوا أساس جهاز مخزنها . مما أعطى هامشا كبيرا للإبداع والتطور الفكري والحضاري ، فأطلق بنو مرين للناس حرية الاعتقاد والتمذهب ، فعاد المذهب المالكي إلى الظهور قويا كما كان أيام المرابطين ، بعد أن نبذ وحارب الموحدون الفروع والتقليد ، وقرب المرينيون الأشراف الأدارسة وبجلوهم بظهائر التوقير والاحترام ، وأعادوا بناء ضريح مولاي إدريس وإحياء الاحتفالات بالمولد النبوي . كما قرب المرينيون العنصر اليهودي الفار من الأندلس . وعرفت الدولة المرينية تطورا عمرانيا وثقافيا ، فبنى المرينيون مدن جديدة كفاس الجديد وتطوان والمنصورة بالمغرب والبنية بالأندلس ، كما اهتموا ببناء المدارس والمارستانات والمساجد والأربطة والمؤسسات الوقفية المختلفة . واستحدث المرينيون نظم إدارية وعسكرية ، كمشيخة الغزاة ، وبرز في عصرهم كبار الرحالة أمثال ابن بطوطة ، وابن رشيد السبتي ، والعبدري ، والتجيبي ، والبلوي وأحمد زروق ، حيث حرص المرينيين على تمتين الوحدة الإسلامية مع المشرق عن طريق هذه الرحلات . واحتضنت عاصمتهم فاس كبار المؤرخين والأدباء والعلماء أمثال لسان الدين بن الخطيب وابن خلدون وابن البناء المراكشي . تاريخ . خلفية . ينحدر المرينيون من بني واسين الزناتية ، واستقروا في المناطق الشرقية والجنوب الشرقي من المغرب الأقصى ، وكانوا من البدو الرحل في مطلع القرن السابع الهجري الثالث عشر ميلادي يرعون الغنم والإبل في القفار بين منطقة فكيك وملوية ( الجهة الشرقية حاليا ). وكانوا يتعمقون في المغرب الأقصى ويصعدون إلى التلال والأرياف ، ويبلغون جهات كرسيف إلى وطاط حيث بقايا قبيلة زناتة الأولى التي يأنسون إليها ، مثل مكناسة بجبال تازة وبني يرنيان من مغراوة أعالي ملوية ، حيث يجمعون الكلأ بين المربع والمصيف ويعودون لمواقعهم . وخلال تزعم محيو بن أبي بكر لبني مرين ، شهدوا معركة الأرك وقاتلوا في صفوف الموحدين في عهد السلطان أبو يوسف يعقوب بن يوسف المنصور ، وأصيب زعيمهم محيو بن أبي بكر في تلك الغزوة وهلك على إثرها سنة 592 ه - 1195 م . وترك خلفه من الأولاد عبد الحق ووسناف ويحياتن . وكان عبد الحق أكبرهم فتزعم القبيلة ، ويقول ابن خلدون في ذلك : «"" وكان خير أمير عليهم قياما بمصالحهم وتعففا عما في أيديهم وتقويما لهم على الجادة ونظرا في العواقب واستمرت أيامهم ""». كان الخلفاء الموحدين يعينون الأشياخ كعمال لتسيير المناطق البعيدة عن السلطة المركزية في مراكش ، أبرزهم شيوخ تينمل بالأطلس وشيوخ هنتاتة بتونس . وكان هؤلاء الأشياخ معروفين باتجاههم المحافظ والمتشبث بالمهدوية وفكرها التومرتي لمؤسس الدولة عبد المؤمن الموحدي ، فعندما أقدم الخليفة إدريس المأمون بحركة إصلاحية تتبرأ بعقيدة المهدي ، أعلن حاكم إفريقية أبو زكرياء يحيى إسقاط الدعاء باسم الخليفة المأمون في خطب الصلاة ، لأن شرعية السلطة السياسية وإمارة المؤمنين ، حسب اعتقادهم ، لا تستقيم إلا بالانتماء إلى المهدوية التومرتية . ولما علم المرينيون بالتحالف بين الخليفة الحفصي الجديد والعبد الواديين حاكمي تلمسان ضد السلطة الموحدية بمراكش ، أسرعوا إلى مبايعة الخليفة الحفصي . بعد تقلص الرقعة الجغرافية والسلطة الفعلية للإمبراطورية الموحدية على شمال أفريقيا والأندلس ، شهد النصف الأول من القرن الثالث عشر ميلادي تقسيما جديدا للغرب الإسلامي ، ظهرت أربع قوى إسلامية جديدة ، حيث انفصل الحفصيون بالمغرب الأدنى ، واستولى بنو عبد الواد على المغرب الأوسط ، بينما استقر الأمر فيما تبقى من الأندلس المسلمة لبني الأحمر ، بعدما استولى على معظم الجزيرة الإيبيرية القشتاليون والكتلانيون والبرتغاليون ، في حين كان المرينيون يمهدون الطريق نحو إقامة دولتهم . انتشار بني مرين . بعد معركة العقاب سنة 609 ه ومهلك الخليفة محمد الناصر رابع خلفاء الموحدين سنة 610 ه ، تولى الأمر من بعده ابنه يوسف المستنصر ، الذي كان لا يزال غلاما لم يبلغ الحلم . فضعف نفوذ الموحدين وضاعت معها الثغور . وفي سنة 610 ه / 1213 م أقبل بنو مرين على عادتهم ودخلوا المغرب فوجدوا أحواله قد تبدلت ، فاغتنموا الفرصة فشرعت القبائل المرينية في التوسع في الريف وفي الغرب ، ووضعوا أنفسهم مؤقتا تحت السلطة الاسمية للحفصيين ، بعد أن دعا أهل مكناس عند فتحها إلى مبايعة الحفصيين ، وقد افادتهم هذه الخطة حيث هادن الحفصيون المرينيين وأمدوهم بالسلاح . فأرسل الخليفة المستنصر أبا علي بن وانودين على رأس الجيش الموحدي من مراكش إلى حيث تجتمع جيوش الموحدين بفاس . "" وأوعز إليه أن يخرج لغزو بني مرين وأمره أن يثخن ولا يستبقي "" ، حسب قول ابن خلدون . فالتقى الجمعان بوادي نكور فانتصر بنو مرين تحت قيادة عبد الحق بن محيو وولى الموحدين مدبرين إلى تازة وفاس ، وانظمت للمرينيين القبائل القريبة لهم في النسب ، فتحالفوا معهم من أجل قتال قبائل رياح من بني هلال ، المناصرين للموحدين للعهد الذي بينهم حيث وطنهم المنصور بذلك القطر ، بالإضافة لبني عسكر أبناء عمومة بني مرين ، الذين انضموا إلى الموحدين ، وجرت حروب دموية سنة 614 ه / 1217 م ، انتهت بسقوط زعيم بنو مرين الأمير عبد الحق محيو وكبير أولاده إدريس . فأقسم بنو مرين الأخذ بالثأر ، واستأنفوا القتال حتى انتصروا عليهم وشردوهم . وبايع بنو مرين موضع عبد الحق محيو ابنه الأمير أبا سعيد عثمان ، وسار على رأس جيش فأخضع عدة مدن وحصون وفرض عليها اتاوة سنوية . وزاد تفكك الدولة الموحدية ، حيث ظهر مدعي النبوة ابن أبي الطواجين وقتل أتباعه المتصوف عبد السلام بن مشيش . وفي العام 639 ه / 1242 م سير عبد الواحد الرشيد خليفة الموحدين جيشا لقتال بني مرين ، فهزم الموحدون هزيمة شنيعة ، واستولى المرينيون على معسكرهم . وتوفي الرشيد في العام التالي ، فخلفه أخوه أبو الحسن السعيد ، الذي اعتزم القضاء على بني مرين ، فسير جيشا كبيرا لقتالهم سنة 642 ه - 1244 م ، واشتبك مع بني مرين في موقعة هائلة ، هزم فيها بنو مرين ، وقتل أميرهم أبو معروف محمد بن عبد الحق ، وشكلت ضربة شديدة هزت عزائم المرينيين . وانضمت قبائل بنو هلال إلى جانب المرينيين ، كقبائل الخلط وبني جابر وبني زغبة وبني سفيان وسويد وبني سليم وبني عامر وبعض بني رياح ، بالإضافة لبعض بني معقل ، فاعتمد المرينيون بشكل كبير على العنصر العربي في تكوين مؤسستهم الحربية . وبذلك حارب المرينيون ككتلة قبلية وليس كدولة ، لدرجة أن الصراع المريني الموحدي تحول إلى صراع بين القبائل العربية ( المتحالفة مع زناتة ) والبربرية ( مصمودة ). ولم يكترث بنو عبد الواد للقرابة الاثنية والدموية التي تجمعهم بمني مرين ، حيث قاتلوا في صفوف الموحدين ضد بني عمومتهم . إنشاء الدولة .

[Chunk 3]
بني رزين أو بني ارزين هي قبيلة ريفية أمازيغية هوارية ، حكمت أحد ممالك الطوائف في الأندلس ، وتقع بناحية غمارة ""( إقليم شفشاون حاليا )"" ، وتحيط بها قبائل متيوة البحر وكتامة وبني خالد وبني سميح ، وتقدر مساحتها ب 153 كلمتر مربع . التاريخ . غادرت قبيلة هوارة من شمال المغرب في وقت مبكر ورحلوا إلى الأندلس ، وكانوا كما يقول ابن خلدون مع طارق بن زياد أثناء فتح الأندلس ، فأقاموا في مناطق قاسية ومارسوا حياتهم في استقلال شبه تام عن الأمراء الأمويين . وقد استقر بنو رزين الهواريين بشرق شنتبيرية منذ زمن واتخذوا مقامهم في الناحية التي عرفت بإسم سهلة بني رزين ، وهي المعروفة في الخرائط الحديثة باسم "" Albarracin "" ، ولقد ظلوا يعيشون في الظل في القرون الأولى من الحكم الأموي ، إلا أنهم أخذوا في الظهور والأهمية في النصف الثاني من القرن الرابع الهجري ، كما أنهم أصبحوا دولة مستقلة بعد سقوط خلافة قرطبة ، حيث أسسوا طائفة بني رزين ، وكانت عاصمتهم تدعى باسمهم بنو رزين "" Albarracin "" ، وتقع إلى الغرب من مدينة تيروال الحالية . ويرجح أن بنو رزين من نسل رزين البرنسي الذي كان من أعظم القواد الذين دخلوا الأندلس بصحبة طارق بن زياد . وقد قدم رزين البرنسي هذا من شمال المغرب الأقصى إبان الفتح الإسلامي للأندلس وهو ينتمي إلى هوارة إحدى بطون قبيلة البرانس البربرية الكبرى ، واستوطن بمدينة قرطبة وله آثار كثيرة هناك ، حيث قام بإختتاط مدينة الرصافة ، وبنى مسجدا عرف بأسمه "" مسجد رزين "" بالربض الغربي كما تنسب له الجنان المجاورة لعين قبش بالربض الغربي ، وكان للقائد رزين البرنسي هذا أراض زراعية بجوار قرطبة اشتهرت بزراعة الزيتون ، وقد اشتراها عبد الرحمن الداخل من ورثته . ويؤكد ذلك ابن حيان القرطبي الأندلسي حين يقول :« وكانت خطة منية الرصافة لرزين البرنسي ، أحد أكابر رجال البربر الداخلين إلى الأندلس في جيش طارق ، وكان له تقدم في الجيش ، وإليه ينسب البلاط الذي بها ، والزيتون الذي بإزائها ، ولرزين هذا آثار كبيرة بقرطبة وغيرها ، منها المسجد المنسوب إليه بالربض الغربي ، وينسب إليه أيضا الجنان التي تجاور عين قبش بذلك الربض . وانتقلت الرصافة عن ورثتها ؛ فاشتراها الأمير الداخل عبد الرحمن بن معاوية ». وقد استقر بنو رزين أولا في قرطبة حيث حل هناك جدهم الأعلى رزين . ثم تحولوا فيما بعد إلى الشمال الشرقي ، وأقاموا في مكان يدعى السهلة ""( وهي منطقة سهلية تقع في محافظة تيروال الحالية )"". وقد أصبح هؤلاء البربر الذين تميزوا بالثروة وكثرة العدد ، حكاما لمنطقة السهلة وفي نهاية الخلافة الأموية في قرطبة أعلن بنو رزين ، الذين كانوا بزعامة هذيل بن خلف بن لب استقلالهم في هذه المنطقة وحكموها لما يقارب التسعين عاما وما تزال عاصمتهم التي سميت باسمهم ، وتقع على بعد ثلاثين كيلومترا إلى الغرب من تيروال ، تحتفظ بنفس هذه التسمية "" AIbarracin "" لحد الآن ، وكذلك السلسلة الجبلية "" Sierra de AIbarracin "" التي كانت تحد السهلة من الشمال والشمال الشرقي . وفي اليوم الثامن من رجب سنة 497 ه ""( أبريل 1104 م )"" دخل المرابطون مدينة شنتمرية ، وخلعوا أميرها يحيى بن عبد الملك بن رزين ، وانتهت بذلك دولة بني رزين الصغيرة بعد أن عاشت زهاء تسعين عاما . وفي القرن 10 ه / 16 م أشار الحسن الوزان إلى فرع من هوارة يدعى بنو رزين يعيش بالريف ؛ إذ يقول في حديثه عن جبل بني رزين :« يكاد يكون هذا الجبل ملاصقا للبحر المتوسط في ضواحي ترغة ، ويعيش سكانه في سعة وأمن ، لأن جبلهم حصين وخصيب . لا يؤدون أي خراج ،",من كانت آل رضوان ؟,"كانت من أبرز عائلات الباشا في فلسطين ،","آل رضوان هم قبيلة أمازيغية من شمال المغرب الأقصى، وكانوا ينتمون إلى هوارة إحدى بطون قبيلة البرانس البربرية الكبرى. وهم أت了一 إلى الأندلس بصحبة طارق بن زياد خلال فتحها الإسلامي.",0.3,0.91,0.2
"[Chunk 1]
جائزة إيجناز ليبن أو Ignaz Lieben Prize ( سميت على اسم المصرفي النمساوي Ignaz Lieben ) هي جائزة نمساوية سنوية من الأكاديمية النمساوية للعلوم تمنحها للعلماء الشباب العاملين في مجالات البيولوجيا الجزيئية أو الكيمياء أو الفيزياء . السيرة الشخصية . سميت جائزة Ignaz Lieben بجائزة نوبل النمساوية . إنها مشابهة في الغاية ولكن أقدم إلى حد ما من جائزة نوبل . نص التاجر النمساوي Ignaz L. Lieben الذي دعمت أسرته العديد من الأنشطة الخيرية في وصيته على وجوب استخدام 6 , 000 فلورين أو florins « للصالح العام ». في عام 1863 ، تم تسليم هذه الأموال إلى الأكاديمية الإمبراطورية النمساوية للعلوم وتم إنشاء جائزة Ignaz L. Lieben. كل ثلاث سنوات ، كان من المقرر إعطاء مبلغ 900 فلورين لعالم نمساوي في مجال الكيمياء أو الفيزياء أو علم وظائف الأعضاء . هذا المبلغ يعادل حوالي 40 في المائة من الدخل السنوي لأستاذ جامعي . من عام 1900 فصاعدا ، تم تقديم الجائزة على أساس سنوي . تمت زيادة الهبة مرتين من قبل عائلة ليبن . عندما فقد الوقف قيمته بسبب التضخم بعد الحرب العالمية الأولى ، قامت الأسرة بتحويل المبلغ اللازم سنويا إلى الأكاديمية النمساوية للعلوم . ولكن بسبب اضطهاد الأسرة من قبل ، تم إيقاف الجائزة بعد الضم الألماني للنمسا عام 1938. قام ريتشارد ليبن ( 1842 -1919 ) ، الابن الأصغر لإيجناز ليبن ، بتمويل جائزة ريتشارد ليبن في الرياضيات والتي كانت تمنح كل ثلاث سنوات من عام 1912 إلى عام 1921 ، ومرة أخيرة في عام 1928 ، قبل أن يتم إيقافها . في عام 2004 ، أعيدت جائزة ليبن ، بدعم من إيزابيل بادر وألفريد بادر ( اللذين كانا قادرين على الفرار من النمسا إلى بريطانيا العظمى في سن الرابعة عشرة عام 1938 ). تبلغ قيمة الجائزة الآن 36000 دولار أمريكي ، ويتم تقديمها سنويا للعلماء الشباب الذين يعملون في النمسا أو البوسنة والهرسك أو كرواتيا أو جمهورية التشيك أو المجر أو سلوفاكيا أو سلوفينيا ( أي في إحدى الدول التي كانت جزءا من الإمبراطورية النمساوية المجرية قبل مائة عام ) ، والذين يعملون في مجالات البيولوجيا الجزيئية أو الكيمياء أو الفيزياء . الحائزين على الجائزة . المصدر ( 1865 -1937 ؛ 2004 -2007 ):

[Chunk 2]
لينوس بينيديكت تورفالدس ( هلسنكي ، 28 ديسمبر 1969 ) مهندس برمجيات فنلندي ، اشتهر بأنه من وضع النواة المعروفة ب لينكس . سمي على اسم الفيزيائي لينوس باولنغ الحائز على جائزة نوبل . نشأته . في منتصف السبعينيات ، ذهب والده نيلس تورفالدس ذو الميول الشيوعية إلى موسكو ودرس وأقام في موسكو عاما كاملا ، بعدها عمل في الصحافة ، ووالدته آنا تورفالدس كانت تعمل لصحيفة فنلندية كمترجمة ومنشئة للرسومات الإخبارية ، كما أن جده كان يعمل في صحيفة فنلندية ، وخاله كان يعمل في التلفزيون الفنلندي . حياته الشخصية . ينحدر لينوس من عائلة من الأقلية الناطقة بالسويدية . انخرط في جامعة هلسنكي في العام 1988 للدراسة ، ويعيش لينوس حاليا في مدينة سان هوزيه في ولاية كاليفورنيا الأمريكية مع زوجته تووفي الحائزة على البطولة في مباريات الكاراتيه في فنلندا 6 مرات . تزوجا في خريف العام 1988. لديهما 3 بنات وهما : باتريشا ميراندا والمولودة في 5 ديسمبر 1996 ، دانيلا يولاندا والمولودة في 16 ابريل 1998 ، سيليست أماندا والمولودة في 20 نوفمبر 2000. العمل . اعتاد لينوس العمل في مؤسسة ترانسميتا منذ العام 1997 وحتى العام 2003 ، بعدها ، إنضم لينوس لمختبرات أو أس DL للعمل بشكل منتظم والتفرغ الكلي لتطوير نواة لينكس التي كتبها في بداية التسعينيات . بالرغم من أن مختبرات أو أس DL تقع في مدينة بورتلاند في ولاية أوريغون ، إلا أن لينوس لا زال يقيم في ولاية كاليفورنيا ويعمل لمختبرات أو أس DL من منزله . بداية لينكس . في البداية ، استعمل لينوس نظام التشغيل مينيكس ثم استعاض عنه بنظام جنو ، وكان عمره آنذاك 21 سنة . اقترح صديق لينوس آري ليمكي عليه أن يقوم بوضع النواة التي كتبها لينوس على الشبكة ليتسنى للبعض الإطلاع عليها ، وحيث أن آري لم يحب الاسم الأصلي الذي أطلقه لينوس على النواة فريكس ، قام آري بوضع عمل صديقه لينوس في ملف على الشبكة وأسماه لينكس .

[Chunk 3]
ليونارد هاريس ساسمان ( 1980 -3 يوليو 2011 ) كان مدافعا عن الخصوصية ، والمشرف على كود إعادة إرسال ميكسماستر المجهول ومشغل remailer "" randseed "" . كان تقنيا انجذب نحو التشفير وتطوير البروتوكول . يعتبر مرشحا قويا لساتوشي ناكاموتو . الحياة المبكرة والتعليم . تخرج ساسمان من مدرسة هيل في عام 1998. وبحلول 18 عاما ، كان عضوا في مجموعة مهندسي الإنترنت مسؤولا عن بروتوكول TCP / IP الأساسي للإنترنت ولاحقا شبكة بيتكوين . تم تشخيص إصابته بالاكتئاب في سن المراهقة ، وعانى من تجارب مؤلمة على يد ممارسين نفسيين ساديين . في عام 1999 ، انتقل لين إلى منطقة باي ، وسرعان ما أصبح منتظما في مجتمع سيفربنك وانتقل للعيش مع برام كوهين . مهنة . عمل ساسمان كمهندس أمن وكبير مهندس أنظمة لشركة Anonymizer. كان مرشحا لدكتوراه في جامعة لوفان الكاثوليكية في بلجيكا ، كباحث في مجموعة أبحاث أمان الكمبيوتر والتشفير الصناعي ، بقيادة بارت برينيل . كان ديفيد شوم وبارت برينيل مستشاريه . كان ساسامان معروفا سيفربنك ، متخصص في التشفير ومدافع عن الخصوصية . عمل لدى إنتل سكيوريتي على برنامج تشفير بي جي بي وكان عضوا في مجموعة شمو ، ومساهما في بي جي بي مجموعة مهندسي الإنترنت مجموعة العمل ، مشروع جنو برايفسي جارد ، وظهر كثيرا في مؤتمرات التكنولوجيا مثل ديف كون . كان ساسامان أحد مؤسسي كودكون جنبا إلى جنب مع برام كوهين ، المؤسس المشارك لورشة عمل هوتبيتس ( مع روجر دينجليدين في تور هيدت بنيامين ) ، شارك في تأليف بروتوكول توقيع مفتاح زيمرمان - ساسمان ، وكان يبلغ من العمر 21 عاما ، وكان منظما للاحتجاجات التي أعقبت اعتقال المبرمج الروسي دميتري سكلياروف . في 11 فبراير 2006 ، في الدورة الخامسة من برنامج كودكون ، اقترح ساسمان عودة المتحدث وعالم الكمبيوتر الشهير ميريديث إل . باترسون أثناء جلسة الأسئلة والأجوبة بعد عرضها التقديمي ، وكانا متزوجين . عمل الزوجان معا في العديد من عمليات التعاون البحثي ، بما في ذلك نقد عيوب الخصوصية في حاسوب محمول لكل طفل ، ومقترح للطرق الرسمية لتحليل انعدام الأمن في الكمبيوتر في فبراير 2011.",ما هو الغموض حول ليسيرل ابنة اينشتاين ؟,"لتي كشفت أن الزوجين لديهما ابنة اسمها « ليسيرل » ، ولدت في أوائل عام 1902 في نوفي ساد حيث كانت ماريك تقيم مع والديها . عادت ماريك إلى سويسرا بدون الطفلة التي لا يعرف اسمها الحقيقي ومصيرها . محتويات رسالة أينشتاين في سبتمبر 1903 تشير إلى أن الفتاة إما وضعوها للتبني أو ماتت بسبب الحمى القرمزية في سن الطف",لا أعرف,0.1,0.14,0.1
"[Chunk 1]
المدينة المنورة يلقبها المسلمون « طيبة الطيبة » أول عاصمة في تاريخ الإسلام ، وثاني أقدس الأماكن لدى المسلمين بعد مكة . هي عاصمة منطقة المدينة المنورة الواقعة على أرض الحجاز التاريخية ، غرب المملكة العربية السعودية ، تبعد المدينة المنورة حوالي 400 كم عن مكة المكرمة في الاتجاه الشمالي الشرقي ، وعلى بعد حوالي 150 كم شرق البحر الأحمر ، وأقرب الموانئ لها هو ميناء ينبع والذي يقع في الجهة الغربية الجنوبية منها ويبعد عنها 220 كم ، تبلغ مساحة المدينة المنورة حوالي 589 كم منها 99 كم تشغلها المنطقة العمرانية ، أما باقي المساحة فهي خارج المنطقة العمرانية ، وتتكون من جبال ووديان ومنحدرات سيول وأراض صحراوية وأخرى زراعية ومقابر وأجزاء من شبكة الطرق السريعة . أسست المدينة المنورة قبل الهجرة النبوية بأكثر من 1500 عام ، وعرفت قبل ظهور الإسلام باسم « يثرب » ، وقد ورد هذا الاسم في القرآن : وورد في الحديث الصحيح أن النبي محمد بن عبد الله غير اسمها من يثرب إلى المدينة ، ونهى عن استخدام اسمها القديم فقال : ، والمدينة المنورة محرم دخولها على غير المسلمين ، فقد قال النبي محمد : . تضم المدينة المنورة ثلاثة من أقدم المساجد في العالم ، ومن أهمها عند المسلمين ، ألا وهي : المسجد النبوي ، ومسجد قباء ، ومسجد القبلتين . تستمد المدينة المنورة أهميتها عند المسلمين من هجرة النبي محمد إليها وإقامته فيها طيلة حياته الباقية ، فالمدينة هي أحد أبرز وأهم الأماكن ويسمي المسلمون السور القرآنية التي نزلت بعد الهجرة إليها بالسور المدنية ، ومفردها « سورة مدنية ». يبلغ عدد سكان المدينة حوالي 1 , 152 , 991 نسمة ، وتضم المدينة بين أحضانها الكثير من المعالم والآثار ، ولعل أبرزها المسجد النبوي والذي يعد ثاني أقدس المساجد بالنسبة للمسلمين بعد المسجد الحرام في مكة المكرمة ، بالإضافة إلى مقبرة البقيع والتي تعد المقبرة الرئيسية لأهل المدينة ، والتي دفن فيها الكثير من الصحابة ، ومسجد قباء أول مسجد بني في الإسلام ، ومسجد القبلتين ، وجبل أحد ، والكثير من الوديان والآبار والشوارع والحارات والأزقة القديمة . تاريخ المدينة المنورة . تأسيس المدينة . يرجع تاريخ تأسيس يثرب إلى حوالي 1600 سنة قبل الهجرة النبوية ، اعتمادا على أن قبيلة عربية تسمى « عبيل » قد تكلمت بالعربية ، وأن اللغة العربية وجدت في ذلك التاريخ . أقدم النصوص التاريخية التي أشارت إلى المدينة هي النصوص الآشورية العائدة للقرن السادس قبل الميلاد ، وبالتحديد في نقوش نبونعىد ، التي أشارت إلى المدينة باسم « لاثريبو » ، كذلك فقد وجدت فيه كلمة « يثرب » في الكتابات التاريخية عند الأغريق ، فقد أشار كلاوديوس بطليموس إلى واحة تقع في بلاد الحجاز بشبه الجزيرة العربية ، تحمل اسم « لاثريبا ». كما ورد هذا الاسم في الكتابات عند مملكة معين وذكرت بين المدن التي سكنتها جاليات معينية ، ومن المعروف أن المملكة المعينية قامت في جزء من اليمن في الفترة ما بين 1300 و 600 ق . م ، وامتد نفوذها في فترة ازدهارها إلى الحجاز وفلسطين ، وعندما ضعف سلطانها كونت مجموعة مستوطنات لحماية طريق التجارة إلى الشمال وكان هذا الطريق يمر بيثرب ، ويتفق هذا التاريخ التقريبي أيضا مع تاريخ وجود العماليق وحروبهم مع بني إسرائيل في شمال الجزيرة العربية وسيناء . الموجات السكانية الأولى . تعاقب السكان على يثرب منذ إنشائها ، فقد سكنها العماليق ، ومن بعدهم قبائل المعينيين من اليمن ومن ثم اليهود . وصل اليهود إلى يثرب لأول مرة خلال القرن الثاني الميلادي خلال الحروب الرومانية اليهودية في فلسطين ، التي كان من نتيجتها نزوح عدة قبائل يهودية إلى الأقاليم المجاورة . أبرز تلك القبائل التي وصلت المدينة وسكنتها كانت قبائل بني قينقاع ، وبني قريظة ، وبني النضير ، وقد استمروا يقطنونها حتى القرن السابع الميلادي . يذكر ابن خرداذبة أن بني قريظة عملوا في خدمة الفرس كجباة للضرائب خلال عهد السيطرة الفارسية على الحجاز . حسب كتابات التراث العربي ، فإنه وعلى إثر انهيار سد مأرب ، نزحت عدة قبائل عربية من مملكة سبأ في اليمن شمالا ، ومن هذه القبائل قبيلتا الأوس والخزرج وعندما وصلت القبيلتان إلى يثرب أعجبتا بما فيها من أرض خصبة وينابيع كثيرة فاستقروا فيها مع وجود قبيلتين من اليهود آنذاك ، هما قبيلة بنو قريظة وقبيلة بنو قينقاع ، وبعد ذلك عقد حلف ومعاهدة بين اليهود والقبيلتان تلتزمان فيها بالسلام والتعايش والدفاع عن يثرب ضد الغزاة ، فتحالفوا على ذلك والتزموا به مدة من الزمن ازداد خلالها عدد الأوس والخزرج ونمت ثرواتهم . إلا أن هناك شواهد أثرية تعود إلى تاريخ اليمن القديم وعدد من النصوص الآشورية ، ترجح أن تواجد قبائل سبئية على حدود فلسطين قديم وجزء من سياسة سبئية للسيطرة على الطريق التجارية ولا علاقة له بتصدعات أصابت سد مأرب عدا أنه لا يوجد دليل أن الأوس كانوا سبئيين فالنصوص السبئية وصفتهم بأنهم من أبناء الإله ود وهو أكبر آلهة مملكة معين وليس سبأ .

[Chunk 2]
مدينة جدة هي مركز محافظة جدة إحدى محافظات منطقة مكة المكرمة ، وتقع في غرب المملكة العربية السعودية على ساحل البحر الأحمر . تبعد المدينة 949 كم عن العاصمة الرياض ، وتبعد 79 كم عن مدينة مكة المكرمة ، وتبعد 420 كم عن المدينة المنورة ، وتعد العاصمة الاقتصادية والسياحية للمملكة العربية السعودية ، وتعد الوجهة الأولى في المملكة للسائح سواء من داخل المملكة أو خارجها ، يبلغ عدد سكانها 4 , 697 , 000 نسمة اعتبارا من عام 2021 ، وتبلغ مساحتها الإجمالية ، وهي ثاني أكبر مدن المملكة العربية السعودية بعد العاصمة الرياض وأكبر مدينة في منطقة مكة المكرمة ، وتعد بوابة الحرمين الشريفين ، بها أكبر ميناء بحري على البحر الأحمر ، وتعد مركزا للمال والأعمال في المملكة العربية السعودية ومرفأ رئيسيا لتصدير البضائع غير النفطية ولاستيراد الاحتياجات المحلية ، ويوجد في مدينة جدة ما يقارب 135 ناطحة سحاب ، كما يوجد بها مقرات للبنوك العالمية . تلقب جدة ب « عروس البحر الأحمر » ، وهي أكبر المدن المطلة عليه ، مما أكسبها أهمية كبيرة بالنسبة لحركة التجارة الدولية مع الأسواق الخارجية ، وهي من قديم الزمان كانت تمثل المنفذ الخارجي للمملكة ، ونتيجة لذلك عاشت نهضة صناعية كبيرة وتطورا في جميع المجالات التجارية والخدمية ، الأمر الذي جعلها من أكثر المدن استقطابا للأعمال حتى صارت مركزا هاما للمال والأعمال . اكتسبت جدة أهمية سياحية وباتت من أكثر المدن السعودية التي تحتضن مرافق ومنشآت سياحية متطورة كالفنادق والشقق المفروشة والمنتجعات والمطاعم ، إضافة إلى المراكز الترفيهية والمتاحف الأثرية والعلمية والتاريخية ومتاحف التراث ، وتحتوي مدينة جدة على أكثر من 320 مركزا وسوقا تجاريا ، وبذلك تمثل ما يزيد على 21 % من إجمالي الأسواق والمراكز التجارية بالمملكة ، وكما أنها تعرف بالمتحف المفتوح لوجود أكبر عدد من المجسمات الجمالية ( 360 مجسم ) صممها فنانون عالميون في فن النحت . تتميز المدينة بكورنيش جدة والذي يمتد بطول الساحل لما يزيد عن 48 كيلومتر ( 35 كم منه يحتوي مرافق وخدمات عامة ) ، ويملك أحدث تجهيزات الرفاهية والمناظر الرائعة للبحر الأحمر ، وعند المشي من الكورنيش باتجاه مركز المدينة يمكن مشاهدة أعلى نافورة في العالم ، وهي نافورة الملك فهد التي ترتفع قرابة 312 مترا عن سطح البحر . يدخل إلى جدة سنويا عبر مطار الملك عبد العزيز الدولي أعداد كبيرة ، تصل إلى 5 ملايين نسمة سنويا بهدف العمرة أو الحج أو العمل أو السياحة والترفيه . مما يشكل قوة شرائية هامة وذات طلب مؤثر على المشروعات السياحية والترفيهية وقطاعات الأعمال والتجارة . النشأة وسبب التسمية . تعود نشأة محافظة جدة إلى ما يقارب 3000 سنة . ويذكر أهل الأخبار أن جدة بن جرم بن ربان بن حلوان بن عمران بن الحاف بن قضاعة وهو أحد العرب قبل الإسلام ولد في جدة فسماه أهله باسمها . وكان التحول التاريخي لمدينة جدة في عهد الخليفة الراشدي عثمان بن عفان سنة 647 م عندما أمر بتحويلها لميناء لاستقبال حجاج البحر المتجهين لأداء الحج في مكة المكرمة . ولاتزال مدينة جدة إلى اليوم المعبر الرئيسي لحجاج البحر والجو والكثير من حجاج البر . ويذكر في معنى اسم جدة آراء عدة منها : التاريخ . ما قبل الإسلام . نشأت جدة في الألفية الأولى قبل الميلاد على يد مجموعة من الصيادين الذين استقروا بها واتخذوها نقطة للانطلاق في رحلات الصيد ، وقد عثر في وادي بريمان وفي وادي بويب وفي أماكن أخرى على العديد من الآثار والنقوش منها نقش ثمودي لرجل اسمه « ساكت » يطلب من الإله أن يشفي زوجته « جامع » التي أصيبت بالحمى . انتقلت قبيلة قضاعة بعد انهيار سد مأرب في سنة 115 قبل الميلاد إلى جدة ، وذكر المؤرخ المصري محمد لبيب البتنوني في كتابه الرحلة الحجازية أنه رأى قبرا ينسب لأم البشر حيث يقول : . تذكر الروايات أيضا أن عمرو بن لحي كان له تابع من الجن قال له فذهب إلى مدينة جدة واستخرج الأصنام الخمسة التي عبدها قوم النبي نوح ومن هناك انتشرت عبادة الأصنام بين العرب . وذكر ابن الكلبي أنه كان في ساحل جدة صنم لبني مالك وبني ملكان من قبيلة كنانة يقال له سعد وكان صخرة طويلة . روايات المؤرخين العرب رغم عدم وجود أي دليل عليها تعطي جدة زمنا أقدم حيث أن المدينة هي الموضع الذي نزلت فيه حواء أم البشرية ، وتذكر أيضا أن الإسكندر الأكبر ( 356 قبل الميلاد ~ 323 قبل الميلاد ) زار مدينة مكة في زمن النضر بن كنانة ( الجد الثاني عشر للنبي محمد ) ثم أبحر من جدة في طريقه للحرب على شمال أفريقيا . يذكر مؤرخ جدة الشيخ عبد القدوس الأنصاري في كتابه المعروف « موسوعة تاريخ مدينة جدة » حيث قال : وورد في معجم ياقوت ( وغيره من المصادر ) مؤشر آخر لقدم مدينة جدة وقدم معرفة العرب بها ، ولقدم تسميتها باسمها الحالي إذ يقول ياقوت : . ويكمل الأنصاري أيضا : إن من رواد مدينة جدة قديما عمرو بن لحي الخزاعي ، وينقل عن رواية هشام بن محمد بن السائب الكلبي الذي يقول فيها أن : « أبو خزاعة عمرو بن لحي أتى إلى شاطئ جدة ». ومن كل ذلك وغيره يستنتج الأنصاري أن جدة : ، ويكمل أيضا : . ثم يكمل الأنصاري : . كانت جدة معروفة عند العرب عامة وأهل مكة خاصة في تلك الفترة بأنها كانت ميناء لمكة ، ثم أصبحت الشعيبة ميناء مكة الرئيسي مع بقاء جدة ميناء رديفا ، ثم بعدها وفي زمن الخلافة الراشدة عادت جدة فيما بعد الميناء الوحيد لمكة عام 26 ه بأمر من الخليفة عثمان بن عفان . ودلالة على ارتباط قريش بجدة كميناء ، ما ذكره ياقوت الحموي عندما قال : ، وهذا مما دل أن جدة كانت ميناء لأهل مكة مع ميناء الشعيبة قبل الإسلام ، ومما يورده الشيخ أحمد بن محمد الحضراوي في كتابه : الجواهر المعدة في فضائل جدة ، الذي يؤرخ فيه لمدينة جدة ، فيقول : .

[Chunk 3]
مكة المكرمة هي المدينة الأقدس عند المسلمين ، بها المسجد الحرام ، والكعبة التي تعد قبلة المسلمين في صلاتهم . تقع غرب المملكة العربية السعودية ، تبعد عن المدينة المنورة حوالي 400 كيلومتر في الاتجاه الجنوبي الغربي ، وعن مدينة الطائف حوالي 75 كيلومترا في الاتجاه الغربي ، وعلى بعد 72 كيلو مترا من مدينة جدة وساحل البحر الأحمر ، وأقرب الموانئ لها هو ميناء جدة الإسلامي ، وأقرب المطارات الدولية لها هو مطار الملك عبد العزيز الدولي . تقع مكة المكرمة عند تقاطع درجتي العرض 25 / 21 شمالا ، والطول 49 / 39 شرقا ، ويعد هذا الموقع من أصعب التكوينات الجيولوجية ، فأغلب صخورها جرانيتية شديدة الصلابة . تبلغ مساحة مدينة مكة المكرمة حوالي 850 كم ، منها 88 كم مأهولة بالسكان ، وتبلغ مساحة المنطقة المركزية المحيطة بالمسجد الحرام حوالي 6 كم ، ويبلغ ارتفاع مكة عن مستوى سطح البحر حوالي 277 مترا . كانت في بدايتها قرية صغيرة تقع في واد جاف تحيط بها الجبال من كل جانب ، ثم بدأ الناس في التوافد عليها والاستقرار بها في عصر النبي إبراهيم والنبي إسماعيل ، وذلك بعدما ترك النبي إبراهيم زوجته هاجر وابنه إسماعيل في هذا الوادي الصحراوي الجاف ، وذلك امتثالا لأمر الله ، فبقيا في الوادي حتى تفجر بئر زمزم ، وقد بدأت خلال تلك الفترة رفع قواعد الكعبة على يد النبي إبراهيم وابنه إسماعيل . يبلغ عدد سكان مكة بحسب إحصائيات عام 2015 ، نحو 1 , 578 , 722 نسمة موزعين على أحياء مكة القديمة والجديدة . تضم مكة العديد من المعالم الإسلامية المقدسة ، لعل من أبرزها المسجد الحرام وهو أقدس الأماكن في الأرض بالنسبة للمسلمين ؛ ذلك لأنه يضم الكعبة المشرفة قبلة المسلمين في الصلاة ، كما أنه أحد المساجد الثلاثة التي تشد إليها الرحال ، وذلك حسب قول النبي محمد : « لا تشد الرحال إلا إلى ثلاثة مساجد مسجدي هذا والمسجد الحرام والمسجد الأقصى » ، بالإضافة إلى ذلك ، تعد مكة مقصد المسلمين في موسم الحج والعمرة إذ أنها تضم المناطق التي يقصدها المسلمون خلاله وهي مزدلفة ، منى وعرفة . التسمية . يبلغ عدد أسماء مكة المكرمة عبر العصور المختلفة أكثر من خمسين اسما وكنية ، إلا أن أصل تسمية مكة مجهول تقريبا ، وقد تعددت الفرضيات حول أصل التسمية ، فقيل أنها سميت مكة لأنها تمك الجبارين أي تذهب نخوتهم ، ويقال أيضا أنها سميت مكة لازدحام الناس فيها . يقال أن مكة عرفت بهذا الاسم لأن العرب في الجاهلية كانت تقول بأنه لا يتم حجهم حتى يأتوا الكعبة فيمكون فيها أي يصفون صفير "" المكأو "" ، وهو طائر يسكن الحدائق ، ويصفقون بأيديهم إذا طافوا حولها . ويرى آخرون أنها سميت بكة لأنه لا يفجر أحد بها أو يعتدي على حرماتها إلا وبكت عنقه . يقول البعض أنها سميت مكة لأنها كانت مزارا مقدسا يؤمه الناس من كل الأنحاء للتعبد فيه . أما كلمة "" بك "" فتعني في اللغة السامية "" الوادي "" ، وقد ورد في بعض الكتابات القديمة مدينة تسمى "" مكربة "" ، وذهب الباحثون إلى أن هذه هي مكة . اسم مكة مذكور في القرآن مرة واحدة ، في سورة الفتح في الآية : ، ، ولكن سميت بأسماء أو ألقاب أخرى ، فسميت بكة في سورة آل عمران في : ، وسميت أم القرى في سورة الأنعام في : ، وسميت أيضا البلد الأمين في سورة التين في : ، هذا بالإضافة إلى أسمائها الأخرى مثل معاد وتهامة والبيت العتيق والحاطمة وأم زحم والبلدة وغيرها . من الأسماء الأخرى لمكة ، أو الجبال والبرية المحيطة بها ، حسب آراء بعض الباحثين المسلمين ، هي صحراء فاران أو برية فاران ، والتي ذكرت في عدد من أسفار العهد القديم من الكتاب المقدس . تنص التقاليد العربية والإسلامية أن فاران المذكورة إنما يقصد بها مكة وهي المكان حيث نزل النبي إسماعيل بن إبراهيم وأمه هاجر . يقول ياقوت الحموي أن « فران » كلمة عبرية عربت مع مرور الوقت بفعل التمازج والتفاعل بين العرب واليهود في بعض مواقع شبه الجزيرة العربية . من الأسماء الأخرى لمكة في التوراة : تل فران ، وهو اليوم اسم لتل يقع على تخوم المدينة . تاريخ مكة . العصور المبكرة . يرجع تاريخ تأسيس مكة إلى ما قبل ميلاد النبي إسماعيل وقيامه مع أبيه النبي إبراهيم برفع أساسات الكعبة ، وكانت مكة في بدايتها بلدة صغيرة سكنها بنو آدم إلى أن دمرت ، بحسب المعتقد الإسلامي ، أثناء الطوفان الذي ضرب الأرض في عهد النبي نوح ، وأصبحت المنطقة بعد ذلك واد جاف تحيط بها الجبال من كل جانب ، ثم بدأ الناس في التوافد عليها والاستقرار بها في عصر النبي إبراهيم والنبي إسماعيل ، وذلك عندما تفجر بئر زمزم عند قدمي النبي إسماعيل ، بعدما ترك النبي إبراهيم زوجته هاجر وولده إسماعيل في هذا الوادي الجاف . وبعد ذلك جاء ركب من قبيلة جرهم فسكنوا مكة ، وهم أول من عرف بسكنها ، وقامت قبيلة جرهم خلال فترة حكمهم لمكة بدفن بئر زمزم ، وأكلوا مال الكعبة الذي يهدى لها ، واستمرت قبيلة جرهم في مكة حتى نهاية القرن الثالث الميلادي ، وكان بغي قبيلة جرهم في مكة سببا في قيام بني غبشان من قبيلة خزاعة وبني بكر من قبيلة كنانة بمحاربة جرهم فلما انتصروا على قبيلة جرهم نفوها من مكة فقام سيدها عمرو بن الحارث بن مضاض الجرهمي بدفن غزالي الكعبة وحجر الركن في زمزم قبل خروجه بقومه إلى اليمن . تولت بعد ذلك قبيلة خزاعة حكم مكة واستمرت كذلك ما يقارب ثلاثمئة سنة ، وقام سيدها عمرو بن لحي الخزاعي بعبادة الأوثان ، فكان أول من غير دين النبي إبراهيم وعبد الأوثان في شبه الجزيرة العربية .",ما هي مساحة المدينة الكلية ؟,تبلغ المساحة الكلية للمدينة 18.27 كم .,"وفقًا للنص، المساحة الكلية لمدينة مكة المكرمة حوالي 850 كيلومتر مربع.",0.2,0.91,0.21
"[Chunk 1]
سد العظيم الأثري وهو سد أثري يقع في محافظة ديالى في العراق ، بني سد العظيم الأثري على نهر العظيم ، ويعتبرثاني أقدم سد أثري في العراق بعد سد سنحاريب بوادي خان بالقرب من محافظة نينوى وأقدم مشروع ري في محافظة ديالى ويرجع تاريخ بنائه إلى العصر الساساني ( 637 -226 ) قبل الميلاد . هيكلية السد . يبلغ طول السد 225 م ، ويتكون من جدار مقام من الخلف على طريقة الجدران الداعمة لمقاومة ضغط المياه التي تتجمع أمام السد . يبلغ عرض السور 11 مترا من الأسفل ويضيق تدريجيا ليصبح 6 أمتار في الأعلى . يبلغ ارتفاعه 12 م . أما طوله بين الضفتين فيبلغ حوالي 140 م ، أستخدم في بناءه الحجر الرملي الموجود في تلال حمرين في موقع السد ، حيث قطعت الأحجار بأطوال تتراوح بين ( 1.4 ) م وعرض ( 0.45 - 0.60 ) م وسماكة ( 0.35 ) م . السد عبر التاريخ . بني السد في العصر الساساني ( 637 -226 ) قبل الميلاد واستمر في تحقيق الغرض الذي أنشئ من أجله حتى انهار في أواخر القرن الثاني عشر بعد الميلاد بعد حدوث صدع فيه . يعتقد البعض أن سبب انهيار السد هو الحروب والغزوات التي حدثت في العصر العباسي ، حيث كان نهر العظم أهم حصن دفاعي في ذلك الوقت . أثناء إنشاء سد العظيم الحديث تمت أعمال صيانة السد الأثري الذي يفصل بينه وبينه مسافة 2 كم جنوب السد الحديث ، من قبل وزارة الثقافة والآثار والسياحة / الهيئة العامة للشئون الخارجية برئاسة عالم الآثار برهان شاكر في الأعوام 1993 -1994. في عام 2022 أدرج سد العظيم الأثري في ديالى والقنطرة البيضاء في كربلاء ضمن سجل التراث العالمي للري ، خلال انعقاد اجتماعات المجلس التنفيذي الثالث والسبعين للمنظمة الدولية للري والبزل ( ICID ) في السادس من شهر تشرين الأول بمدينة اديليد جنوب استراليا .

[Chunk 2]
سد باوانور هو سد أرضي يبنى حاليا على نهر ديالى عند منبع مدينة بوانور في محافظة السليمانية ، العراق . السد الطويل سيدعم 32 ميغاواط من محطة لتوليد الطاقة الكهرومائية . كما ستعمل على السيطرة على الفيضانات وتوفير المياه للري . في أغسطس 2013 ، وقعت حكومة إقليم كردستان عقدا بقيمة 200 مليون دولار أمريكي مع شركة Hidroconstrucia الرومانية لبناء السد ومحطة الطاقة . من المتوقع أن يكتمل المشروع في عام 2018.

[Chunk 3]
سد راشفا ديرالوك هو سد الجاذبية الذي يتم بناؤه حاليا على نهر الزاب العظيم ، في أعلى منبع مدينة ديرالوك في محافظة دهوك ، إقليم كردستان العراق . سيدعم السد محطة لتوليد الطاقة الكهرومائية بسعة 37.6 ميغاواط ، بهدف أساسي هو معالجة النقص المستمر في الطاقة في المنطقة ، وعلى وجه التحديد لتزويد مدينتي العمادية وبادينان . وبحسب رئيس الوزراء الكردي نيجيرفان بارزاني ، فإن هذا هو أول مشروع للطاقة الكهرومائية أطلقته حكومة إقليم كردستان . المقاولون . منح عقد بناء السد ومحطة الطاقة لمشروع مشترك بولاند بايه - فراب ( شركتا إنشاء إيرانيتان ). يمول ويشرف عليه من قبل الوكالة اليابانية للتعاون الدولي . أقيم حفل توقيع في ديسمبر 2013. تقدر التكلفة الإجمالية للمشروع بمبلغ 168 مليون دولار ، بما في ذلك 129 مليون دولار للسد نفسه ، ويتكون الباقي من إنشاء خط نقل 132 كيلوفولت ومحطة فرعية ، أكتملت المرحلة الأولى . الجدول الزمني . افتتح رئيس الوزراء الكردي المشروع في تشرين الثاني ( نوفمبر ) 2015 ، لكن بناء السد بدأ فعليا في تشرين الأول ( أكتوبر ) 2016. من المفروض أن المشروع قد أكتمل في عام 2020.",ما هو أكبر سد مائي في ولاية ميلة ؟,تحتضن ولاية ميلة أكبر سد مائي على المستوى الوطني بسد بني هارون,لا أعرف,0.3,0.11,0.1
"[Chunk 1]
إيفان بافون هو لاعب كرة قدم أرجنتيني في مركز الدفاع ، ولد في 3 أبريل 1998 في الأرجنتين . لعب مع ديبورتيفو إسبانول .

[Chunk 2]
رافاييل بافون هو لاعب كرة قدم أرجنتيني في مركز الدفاع ، ولد في 4 نوفمبر 1953 في قرطبة في الأرجنتين . شارك مع منتخب الأرجنتين لكرة القدم . أما مع النوادي ، فقد لعب مع تاليريس كوردوبا وديبورتيفو ألافيس ونادي أتليتيكو بيلغرانو .

[Chunk 3]
إيفان بويوفيتش هو لاعب كرة قدم روسي في مركز الدفاع ، ولد في 17 مارس 1977 في بودغوريتسا في الجبل الأسود . لعب مع رادنيتشكي نيش وزالايغيرزيغي تورنا إغيليت ونادي تشوكاريتشكي .",من هو إيفان بافون ؟,لاعب كرة قدم أرجنتيني,"إيفان بافون لاعب كرة قدم أرجنتيني في مركز الدفاع، ولد في 3 أبريل 1998.",0.92,0.91,0.91
"[Chunk 1]
الفتح القسي في الفتح القدسي هو كتاب تاريخي من تأليف عماد الدين الكاتب ( 519 ه / 1125 - 13 رمضان 597 ه / 20 يونيو 1201 ) ، أورد فيه الأحداث المتعلقة بالحملات الصليبية وفتح القدس من عام 583 ه حتى عام 589 ه ، والذي يعتبر ( إلى جانب الأعمال الأخرى للمؤلف كتاب البرق الشامي ) من المصادر التاريخية المهمة لفهم تاريخ الحروب الصليبية في عهد صلاح الدين الأيوبي ، كتب بنبرة ملحمية ، قال المؤلف في مقدمته : ، ويحتوي أيضا على معلومات تاريخية عن الأماكن المقدسة مثل المسجد الأقصى والمعابد اليهودية ومسجد قبة الصخرة وغيرها ، وعلى بعض المعلومات الجغرافية ، مثل المسافة بين المدن أو مواقع المعارك التاريخية المهمة .

[Chunk 2]
عماد الدين أبو الفداء إسماعيل بن عمر بن كثير بن ضو بن درع القرشي الحصلي ، البصروي ، الشافعي ، ثم الدمشقي ، محدث ومفسر وفقيه ، ولد بمجدل من أعمال دمشق سنة 701 ه ، ومات أبوه سنة 703 ه ، ثم انتقل إلى دمشق مع أخيه كمال الدين سنة 707 ه بعد موت أبيه ، حفظ القرآن الكريم وختم حفظه في سنة 711 ه ، وقرأ القراءات وجمع التفسير ، وحفظ متن « التنبيه » في فقه الشافعي سنة 718 ه ، وحفظ مختصر ابن الحاجب ، وتفقه على الشيخين برهان الدين الفزاري ، وكمال الدين ابن قاضي شهبة ، سمع الحديث من ابن الشحنة ، وابن الزراد ، وإسحاق الآمدي ، وابن عساكر ، والمزي ، وابن الرضى ، شرع في شرح صحيح البخاري ولازم المزي ، وقرأ عليه تهذيب الكمال ، وصاهره على ابنته ، وصاحب ابن تيمية ، ولي العديد من المدارس العلمية في ذلك العصر ، منها : دار الحديث الأشرفية ، والمدرسة الصالحية ، والمدرسة النجيبية ، والمدرسة التنكزية ، والمدرسة النورية الكبرى ، توفي في شعبان سنة 774 ه ، وكان قد أضر في أواخر عمره ، ودفن بجوار ابن تيمية في مقبرة الصوفية خارج باب النصر من دمشق ، له عدة تصنيفات أشهرها : تفسير القرآن العظيم ، والبداية والنهاية ، وطبقات الشافعية ، الباعث الحثيث شرح اختصار علوم الحديث ، والسيرة النبوية ، وله رسالة في الجهاد ، وشرع في كتاب كبير للأحكام ولم يكمله ، وله شرح صحيح البخاري وهو مفقود . بداية حياته . ولد في الشام سنة 701 ه كما ذكر ذلك في كتابه البداية والنهاية وكان مولده بقرية « مجدل » من أعمال بصرى من منطقة سهل حوران - درعا حاليا - في جنوب دمشق . طلبه للعلم . انتقل إلى دمشق سنة 706 ه في الخامسة من عمره ، وتفقه على الشيخ إبراهيم الفزازي الشهير بابن الفركاح وسمع بدمشق من عيسى بن المطعم ومن أحمد بن أبي طالب وبالحجار ومن القاسم بن عساكر وابن الشيرازي واسحاق بن الآمدى ومحمد بن زراد ولازم الشيخ جمال يوسف بن الزكي المزي صاحب تهذيب الكمال وأطراف الكتب الستة وبه انتفع وتخرج وتزوج بابنته . قرأ على شيخ الإسلام ابن تيمية كثيرا ولازمه وأحبه وانتفع بعلومه وعلى الشيخ الحافظ بن قايماز وأجاز له من مصر أبو موسى القرافي والحسيني وأبو الفتح الدبوسي وعلي بن عمر الواني ويوسف الختي وغير واحد . وقيل إنه تعلم العبرية . عقيدته . تنازع الأشاعرة والسلفية في أمر معتقده . فيرى الأشاعرة أنه أشعري العقيدة ، وترى السلفية أنه سلفي الاعتقاد وهو الأرجح . رأي السلفية .

[Chunk 3]
محمد بن عبد الله بن سعيد بن عبد الله بن سعيد بن علي بن أحمد السلماني الخطيب الشهير لسان الدين ابن الخطيب ولقب ذو الوزارتين وذو العمرين وذو الميتين ، ( لوشة ، 25 رجب 713 ه / 1313 م - فاس ، 776 ه / 1374 م ) كان علامة أندلسيا فكان شاعرا وكاتبا وفقيها مالكيا ومؤرخا وفيلسوف وطبيبا وسياسيا من الأندلس درس الأدب والطب والفلسفة في جامعة القرويين بمدينة فاس . يشتهر بتأليف قصيدة جادك الغيث وغيرها من القصائد والمؤلفات . قضى معظم حياته في غرناطة في خدمة بلاط محمد الخامس من بني نصر وعرف بلقب ذي الوزارتين : الأدب والسيف . نقشت أشعاره على حوائط قصر الحمراء بغرناطة . نشأ لسان الدين في أسرة عرفت بالعلم والفضل والجاه ، وكان جده الثالث « سعيد » يجلس للعلم والوعظ فعرف بالخطيب ثم لحق اللقب بالأسرة منذ إقامتها في لوشة وكانت أسرة ابن الخطيب من إحدى القبائل العربية القحطانية التي وفدت إلى الأندلس ، وتأدب في غرناطة على شيوخها ، فأخذ عنهم القرآن ، والفقه ، والتفسير ، واللغة ، والرواية ، والطب . حياته ووفاته . كان يعيش في عصر بني نصر وهم حكام مملكة غرناطة . درس الأدب والطب والفلسفة في جامعة القرويين بفاس انتقلت أسرته من قرطبة إلى طليطلة بعد وقعة الربض أيام الحكم الأول ، ثم رجعت إلى مدينة لوشة واستقرت بها . وبعد ولادة لسان الدين في رجب سنة 713 ه انتقلت العائلة إلى غرناطة حيث دخل والده في خدمة السلطان أبي الحجاج يوسف ، وفي غرناطة درس لسان الدين الطب والفلسفة والشريعة والأدب . ولما قتل والده سنة 741 ه في معركة طريف كان مترجما في الثامنة والعشرين ، فحل مكان أبيه في أمانة السر للوزير أبي الحسن بن الجياب . ثم توفي هذا الأخير بالطاعون الجارف ، فتولى لسان الدين منصب الوزارة . ولما قتل أبو الحجاج يوسف سنة 755 ه وانتقل الملك إلى ولده الغني بالله محمد استمر الحاجب رضوان في رئاسة الوزارة وبقي ابن الخطيب وزيرا . ثم وقعت الفتنة في رمضان من سنة 760 ه ، فقتل الحاجب رضوان وأقصي الغني بالله الذي انتقل إلى المغرب الأقصى وتبعه ابن الخطيب وبعد عامين استعاد الغني بالله الملك وأعاد ابن الخطيب إلى منصبه وتعرف على علماء المغرب وأصحاب مناصبها كابن خلدون الحضرمي الإشبيلي وغيره وبدأ فيها يكتب بعض آثاره المنظومة والمنثورة . كما وتقلد بعض المناصب الحكومية ولذلك كان يتوخى تسلم زمام الأمور على الإطلاق ، فأخذ يقوم بإبعاد رقبائه ، الأمر الذي كلفه حياته . حتى أنه لم يكن يحتمل وجود صديقه الشهير عبد الرحمن ابن خلدون في غرناطة ، إذ كان يقلقه اهتمام الغني بالله به . ثم شعر ابن الخطيب بأن أعداءه ، أخذوا يكيدون له عند الغني بالله ، وتخيل أن الغني بالله أخذ يميل إلى قبول وشاياتهم ، فاتصل سرا بالسلطان المريني أبي فارس عبد العزيز بن أبي الحسن المريني ، فوعده بأن يؤمن له الحماية اللازمة والرعاية الكافية ، وأخذ منه عهدا بالإقامة في كنفه . عندئذ استأذن الغني بالله في تفقد الثغور ، وسار إليها في لمة من فرسانه ، ومعه ابنه علي ، فمال إلى جبل طارق ، فتلقاه قائد الجبل ، بناء على أمر السلطان المريني ابي فارس المريني فأجاز إلى سبتة في جمادى الآخرة من عام 773 ه ، ثم توجه إلى فاس عاصمة الدولة المرينية فوصلها في التاسع عشر من رجب من العام المذكور ، واستقبله السلطان أحسن استقبال ، وأحله من مجلسه محل الاصطفاء . وفي الشهر نفسه من السنة نفسها أرسل سلطان المغرب سفيره إلى غرناطة ، فأتى بأسرة ابن الخطيب مكرمة . حينها وجه إليه القاضي النباهي تهمة الإلحاد والزندقة والطعن في الشريعة والوقوع في جناب الرسول الكريم ، بعد أن نعى عليه تدخله في شؤون القضاء أيام ولايته القضاء ، فأصدر فتوى بإحراق كتبه ، فأحرقت في ساحة غرناطة ، وصودرت أملاكه ، واستحث السلطان المريني على تسليمه لإجراء العقوبة عليه ، فرفض . ولما توفي سلطان المغرب ابي فارس في ربيع الآخر من عام 774 ه فقد ابن الخطيب حاكما مخلصا يحميه من أعدائه . وكان ابن الأحمر يتوق إلى الانتقام منه فبعث وزيره أبا عبد الله بن زمرك تلميذ الخطيب وخلفه في الوزارة ليعمل على تحقيق هذه الرغبة بالتعاون مع حكومة فاس ووجهت إلى ابن الخطيب التهم القديمة التي وجهت إليه في غرناطة وصاغها القاضي أبو الحسن في قرار اتهامه ورأي السلطان أحمد أن يعقد مجلسا من رجال الدولة والشورى واستدعى ابن الخطيب إليه لمناقشته ومواجهته بالتهم المنسوبة في حقه وأخصها تهمة الإلحاد استنادا إلى ما ورد في بعض كتاباته ولاسيما بعض آراء وعبارات وردت في كتابه « روضة التعريف بالحب الشريف » فدس عليه الوزير سليمان بن داود بعض من حاشيته فطرقوا سجنه ليلا ومعهم بعض الخدم الأندلسيين الذين جاءوا مع سفراء بن الأحمر وقتلوه خنقا في سجنه واخرجوا جثته في الغد ودفنت بالمقبرة الواقعة تجاه باب المحروق أحد ابواب فاس القديمة ثم أخرجت جثته في اليوم التالي وطرحت فوق القبر وأضرمت حولها النار فأحترق شعر الرأس ، وأسودت البشرة ثم أعيدت الجثة إلى القبر وتركت لتثوى الثواء الأخير ووقعت هذه المأساة الأليمة في ربيع الأول أو الثاني سنة 776 ه .[ 2 ] ويجمل المؤرخ ابن خلدون الحضرمي الإشبيلي حوادث هذه المأساة في قوله : « الهالك لهذا العهد شهيدا بسعاية أعدائه » [ 3 ] مؤلفاته . ترك ابن الخطيب آثارا متعددة تناول فيها الأدب ، والتاريخ ، والجغرافيا ، والرحلات ، والشريعة ، والأخلاق ، والسياسة والطب ، والبيزرة ، والموسيقى ، والنبات : وغيرها من المؤلفات التي تبلغ حوالي 60 مؤلف بين مطبوع ومخطوط ومفقود ومن أبياته الشهيرة :",متي ولد مؤلف الكتاب عماد الدين الكاتب ؟,( 519 ه / 1125,519 ه,0.9,0.9,0.92
"[Chunk 1]
بلنسية هي عاصمة مقاطعة بلنسية في شرق إسبانيا على البحر المتوسط ومن أكبر مدن البلاد . يبلغ عدد سكانها 798.033 نسمة . التسمية . كان الاسم اللاتيني الأصلي للمدينة هو "" فالنتيا "" "" Valentia "" والتي تعني القوة والبسالة ، بسبب الممارسة الرومانية في التعرف على شجاعة الجنود الرومان السابقين بعد الحرب . أثناء حكم الممالك الإسلامية ، لم يساير المسلمون الإسبان في إطلاق الاسم الأسباني على تلك المدينة ، بل غيروا بعض حروفه وأدخلوا تعديلا على رسمه فأصبح « بلنسية » ، وأوردوه بهذا الرسم في مؤلفاتهم التاريخية والجغرافية . وصفها المسلمون ب « مدينة التراب » بسبب كثرة التراب لاتساع محارثها ومزارعها . تاريخ بلنسية . الرومان هم الذين أسسوا بلنسية القديمة في عام 139 ق . م . ثم استولى عليها القوط الغربيون عام 413 م . التاريخ الأندلسي لمقاطعة بلنسية . فتحها المسلمون عام 714 م ، وأرسوا فيها وفي مدائن شاطبة ودانية وساجنتوم قواعد الحكم الإسلامي . وإلى المسلمين في عهد دولتهم بالأندلس يرجع الفضل في ازدهار سهل بلنسية ، فقد شقوا على جانبي النهر أو الوادي الأبيض إحدى وثلاثين ترعة ، وأجروا منه المياه لري أراضيه كلها بالراحة . وكانوا يسمون هذه الترع السواقي . ودخل هذا الاسم العربي في لغة الإسبان ، وبقى ماثلا فيها حتى الآن . وقد كانت في العهد العربي ثالثة مدائن الأندلس في الترتيب بحسب عدد سكانها الذي تجاوز آنذاك ربع مليون نسمة . مملكة إسلامية . تأسست مملكة إسلامية في بلنسية عام 401 ه -1010 م على يد اثنين من موالي ( المنصور بن عامر ) ، ولم يكن عملهما بهذه المملكة يعدو تفقدهما لشئون الري والمحافظة على نظامه في منطقة بلنسية ، لكنهما تمردا وأعلنا استقلالهما على أن يكون الحكم شركة فيما بينهما ، ولم يلبث أن توفي أحدهما ، فأبعد أهلها الآخر عن المدينة ، وصارت بلنسية خاضعة لحكم حاكم برشلونة إلى أن فتحها ( عبد العزيز بن عبد الرحمن ) حفيد المنصور بن عامر . ووقعت بلنسية في القرون التالية تحت سيطرة حكام ( ملوك الطوائف ). ثم ( المرابطين ) ، ثم ( الموحدين ) ، إلى أن احتلها الفرنجة عام 1238 م بعد سقوط قرطبة بسنتين .

[Chunk 2]
منطقة بلنسية ( بالإسبانية : Comunidad Valenciana ) منطقة تقع في شرق إسبانيا ، من سبعة عشر مناطق حكم ذاتي في إسبانيا . عاصمتها هي مدينة بلنسية ، المنطقة مقسمة إلى ثلاث مقاطعات : لقنت ، قسطلونة وبلنسية . التسمية . عرفت باسم بلنسية أيام الحكم الإسلامي لإسبانيا ، وقد مدحها وأثنى على أهلها كثير من شعراء الأندلس من بينهم : ابن مقاتا الأشبوني ، وأبو عبد الله محمد الرصافي ، وأبو الحسن بن حريق المرسي ، وأبو العباس أحمد بن الزقاق . وقد تحدث عن بلنسية الشريف الإدريسي في كتابه : نزهة المشتاق في اختراق الآفاق فذكر أن بلنسية من قواعد الأندلس في مستوى من الأرض عامرة القطر كثيرة التجارة والعمارة ، بينها وبين البحر ثلاثة أميال مع النهر الذي يسقي مزارعها . الجغرافيا . تقع بلنسية في شرق إسبانيا ، تحدها من الشمال منطقة كتالونيا ومنطقة أراغون ، ومن الجنوب منطقة مرسية ، ومن الشرق البحر البلياري ، ومن الغرب منطقة أراغون ومنطقة كاستيا لا منتشا . تبلغ مساحة بلنسية 23.255 كم ( ثامن أكبر منطقة من حيث المساحة في إسبانيا ). بلنسية منطقة شهيرة في إسبانيا ، تقع شرق مدينتي : تدمير ، وقرطبة ، وتتصل بزمام إقليم مدينة تدمير . وتقع على خط طول ( 1 ) غربا ، وعلى خط عرض 38 شمالا . وهي مدينة برية بحرية ، ذات أشجار وأنهار ، وتعرف باسم : مدينة التراب . وتتصل بها مدن تعد في جملتها . والغالب على شجرها : القراصيا ، ولا يخلو منها سهل ولا جبل ، وينبت في ضواحيها الزعفران ، وبينها وبين تدمير مسيرة أربعة أيام . الأنهار . أهم أنهار منطقة بلنسية :

[Chunk 3]
ماراثون بلنسية هو سباق ماراثون يقام سنويا في مدينة بلنسية ، إسبانيا . مصنف بأنه سباق بلاتينيوم من قبل الاتحاد الدولي لألعاب القوى .",أين تقع بلنسية ؟,في شرق إسبانيا على البحر المتوسط,"شرق إسبانيا، تحدها من الشمال منطقة كتالونيا ومنطقة أراغون، ومن الجنوب منطقة مرسية، ومن الشرق البحر البلياري، ومن الغرب منطقة أراغون ومنطقة كاستيا لا منتشا.",0.92,0.9,0.91
"[Chunk 1]
قامت الولايات المتحدة بتجميد أرصدة اليابان في 1941 حيث قام الرئيس فرانكلين روزفلت رئيس الولايات المتحدة بإصدار قرار بتجميد كافة الأرصدة اليابانية في البنوك الأمريكية وذلك ردا على قيام اليابان باحتلال الهند الصينية الفرنسية . وكانت طوكيو قررت تعزيز موقعها بعد غزوها للصين من خلال التحرك صوب جنوب شرق آسيا . ولأن فرنسا كانت تحتل أجزاء من المنطقة منذ زمن بعيد وألمانيا - حليف اليابان - تسيطر على معظم فرنسا من خلال حكومة عميلة فقد وافقت فرنسا على احتلال مستعمرات الهند الصينية . وتبعت اليابان ذلك باحتلال قاعدة كام ران البحرية التي تبعد 800 ميل عن الفلبين حيث توجد قوات أمريكية وقاعدة بريطانية في سنغافورة . وقد بادر الرئيس روزفلت بالرد من خلال تجميد كل الأرصدة اليابانية في أمريكا . وقد قامت بريطانيا بفعل نفس الشيء . وكانت النتيجة فقدان اليابان ثلاثة أرباع تجارتها عبر البحار و 88 % من البترول المستورد . وكان رد اليابان الفوري على ذلك هو احتلال سايجون بالتعاون مع حكومة فرنسا فيشي . وبالسيطرة على جنوب شرق آسيا بما في ذلك جزر المالايا فإن اليابان ستسطيع السيطرة على إنتاج المطاط وقطعه عن الغرب .

[Chunk 2]
نقض اتفاقية بربتون وودز في الأول من شهر تموز - يوليو عام 1944 اجتمع ممثلو 44 دولة في الولايات المتحدة الأميركية في غابات بريتون في نيوهامبشر بالولايات المتحدة الأمريكية لتدارس شؤون وشجون نظام النقد الدولي بعد أن خلخلت معارك الحرب العالمية الثانية كل اقتصاديات الدول الني اشتركت فيها ، بما فرضته من أعباء مالية لتلبية متطلبات الاقتصاد الحربي غير المردود الإنتاجي أو الربحي . وقد اتفق المؤتمرون في نهايته على المبادئ العامة التالية : ووقعت الدول الأعضاء المشاركة في المؤتمر على اتفاقيتين دوليتين ، تتعلق الأولى منها بإنشاء صندوق النقد الدولي ، والثانية بتأسيس المصرف الدولي للإنشاء والتعمير . وحظر الانضمام إلى الأولى دون الإسهام في الثانية . ولقد لعب الذهب دوره المهدئ في تثبيت أسعار الصرف الثابتة للعملات ، من عام 1944 إلى الخامس عشر من آب - أغسطس عام 1971 ، حين أعلن رئيس الولايات المتحدة السابق ، وقف بلاده العمل بمبدا تحويل الدولار إلى ذهب ، أي تحطيم « العمود الفقري » للنظام النقدي العالي ، وذلك من طرف واحد ، ودون التشاور مع الدول الأعضاء الموقعة على اتفاقية بريتون وودز . أما الأسباب التي حملت الولايات المتحدة على اتخاذ ذلك القرار المنفرد فتعود في مجملها إلى تضاؤل كميات الذهب الموجودة لديها ، وهبوطها إلى أقل من 10 ملايين دولار ذهبي ، في صيف ذلك العام . يضاف إلى ذلك تراجع حاد في حصة الولايات المتحدة من الصادرات الدولية ؛ حيث هبطت إلى 13.6 % عام 1973 بعد أن بلغت 23.6 % عام 1948. ولم يكن انحسار مد نصيب أميركا من مجموع التجارة الدولية هو السبب الوحيد الذي حمل الرئيس السابق نيكسون على اتخاذ قراره ، بل كانت هناك أسباب أخرى أكرهت الحكومة الأميركية على وقف تحويل الدولار إلى ذهب . وأهمها التكاليف الباهظة التي فرضتها عليها أعباء حرب فيتنام . فلقد اضطرت الخزانة الأميركية إلى إنفاق حوالي 110 مليارات من الدولارات على حربها الخاسرة في فيتنام ، من غير أن يكون لتلك الميارات أي تغطية ذهبية أو غيرها . من هنا تسللت جرثومة النضخم النقدي السرطاني الذي هز بعنف أعمدة الاقتصاد الأميركي ، وتساقط رذاذه بعد ذلك على جميع الدول الصناعية منها والنامية . كان من الطبيعي أن يؤدي وقف تحويل الدولار إلى ذهب ، وغرز أنياب التضخم في الجسم الاقتصادي الأميركي إلى تدهور نظام أسعار الصرف الثابتة . فتفاقم مشكلة الدولار أدى تلقائيا إلى تحريف تلك الأسعار ، وحول النقد الورقي الأميركي إلى آله جهنمية للتضخم ذهبت ضحيتها القيمة الفعلية للعملات الأجنبية المرتبطة بالدولار عبر انفاقية بريتون وودز . ولقد أدى ذلك العامل إلى إطلاق صفارة السباق بين الأسعار والأجور في الأقطار الصناعية المتقدمة ، وبدأت تظهر علامات العجز في موازين مدفوعات أكثر الدول ، مما حمل « صندوق النقد الدولي » على التساهل في تمويل ذلك العجز ، وكا ساعد المملكة المتحدة خلال عامي 1964 - 1968. إذ وافق على منحها قروضا ذات أجل قصير ومتوسط ، بلغت 8 مليارات من الدولارات أي ثلاثة أضعاف ما كان لديها من الاحتياطى الرسمى عند ظهور علامات العجز على ميزان مدفوعاتها . ويتناقض ذلك تناقضا صارخا مع قوانين صندوق النقد الدولي ويصفع بنودها بشدة . ولم يطف ضعف قيمة الدولار على سطح العملات النقدية ، إلا بعد بروز ظاهرتين جديرتين بالتسجيل ، وهما : فالشركات الأميركية الكبرى استغلت فرص الاستثمار الواسعة المفتوحة أمامها خارج حدود الولابات المتحدة أو المتمثلة في ضآله أجور الأيدي العاملة من جهة ، والتسهيلات الإنتمائية من جهة أخرى . ولقد

[Chunk 3]
قانون الحظر لعام 1807 هو حظر تجاري عام فرضه كونغرس الولايات المتحدة الأمريكية على جميع الدول الأجنبية . يعتبر القانون البديل عن قانون عدم الاستيراد لعام 1806 وجرى إقراره تزامنا مع استمرار الحروب النابليونية ، وهو يمثل تصعيدا لمحاولات إقناع بريطانيا بوقف أي إكراه تمارسه ضد البحارة الأمريكيين واحترام السيادة والحياد الأمريكيين ، ولكنه محاولة كذلك للضغط على فرنسا والدول الأخرى سعيا لتحقيق نفوذ دبلوماسي واقتصادي عام . تطورت التجارة البحرية الأمريكية خلال العقد الأول من القرن التاسع عشر . خلال الحروب النابليونية ، استهدفت كل من الدول المتنافسة ، بريطانيا وفرنسا ، التجارة البحرية الأمريكية المحايدة بهدف تعطيل تجارة الدولة الأخرى . ألقت القوات البحرية الأوروبية القبض على التجار الأمريكيين الذين تاجروا مع « دول العدو » باعتباره عملا ينتهك قوانين الحرب . حازت البحرية الملكية البريطانية على إعجاب البحارة الأمريكيين الذين ولدوا في بريطانيا أو خدموا سابقا على متن سفن بريطانية ، على الرغم من أنهم اعتبروا مواطنين أمريكيين يحملون الوثائق والهوية الأمريكية . أثارت العديد من الحوادث كقضية تشيسابيك ليوبارد غضب الأمريكيين . في رد مباشر على هذه الأحداث ، فرض الكونغرس الحظر . التزم الرئيس توماس جيفرسون ضبط النفس ، وأقحم الرأي العام في محاولة للانتقام ، وأقر بأن الولايات المتحدة أضعف عسكريا من بريطانيا أو فرنسا . أوصى الكونغرس باستخدام الحرب التجارية ردا على ذلك ، وهي سياسة أظهرت نوايا جيفرسون التي تهدف إلى إلحاق الضرر المتوقع بخصومه السياسيين المحليين أكثر من حلفائه ، بغض النظر عن تأثيرها على الأطراف الأوروبية المتنازعة . سيطر حلفائه على الكونغرس العاشر ووافق على القانون ، الذي جرى توقيعه ليصبح قانونا في 22 ديسمبر 1807. أثبت قانون الحظر فشله تماما ، إذ لم يساهم في تحسين الموقف الدبلوماسي الأمريكي ، وسلط الضوء على نقاط الضعف الأمريكي وانعدام نفوذه ، وألحق أضرارا جسيمة لم تقتصر سوى على الاقتصاد الأمريكي ، وزاد من حدة التوترات السياسية المحلية على نحو كبير . أدى التهرب الشامل من الحظر وثغرات التشريع إلى الحد من تأثيره على أهدافه . تكيفت التجارة البحرية البريطانية ، التي سيطرت بالفعل على التجارة العالمية ، بنجاح مع نظام نابليون القاري من خلال العثور على أسواق جديدة ، ولا سيما في المستعمرات الإسبانية والبرتغالية التي يسودها الاضطراب في أمريكا الجنوبية . أصبحت بذلك التجارة البريطانية في وضع جيد للنمو والتطور على حساب الولايات المتحدة ، بينما قلل الحظر من النشاط التجاري الأمريكي . أصدر التشريع البديل لقانون الحظر غير الفعال في 1 مارس 1809 ، خلال الأيام الأخيرة من رئاسة جيفرسون . تفاقمت حدة التوترات مع بريطانيا وتمخضت عن اندلاع حرب عام 1812. خلفية . استؤنفت الحروب الأوروبية عقب انتهاء الهدنة القصيرة خلال الفترة 1802- 1803 ، ولم تنته إلا بهزيمة نابليون بونابرت في عام 1814. تسببت الحرب في تدهور العلاقات الأمريكية مع بريطانيا وفرنسا بسرعة . كان للحرب أثر جسيم بلغ احتمال اندلاع حرب مع أحد تلك الدول . مع تفوق القوات البحرية البريطانية والقوات البرية الفرنسية ، تطورت الحرب إلى صراع الحظر التجاري والحظر المضاد . بلغت الحرب التجارية ذروتها في عامي 1806 و 1807. أغلقت البحرية الملكية البريطانية معظم الموانئ الأوروبية أمام السفن الأمريكية ما لم تعبر الموانئ البريطانية في البداية . أعلنت فرنسا عن فرض حظر على بريطانيا ورقيا ، ولكنها افتقرت إلى القوة البحرية التي يمكنها إنفاذه واستولت على السفن الأمريكية التي تتبع القوانين البريطانية . احتاجت البحرية الملكية إلى أعداد كبيرة من البحارة ، وغضبت بشدة من الأسطول التجاري الأمريكي لكونه ملاذا للفارين البريطانيين . أدى الإكراه الذي مارسته الحكومة البريطانية ضد البحارة الأمريكيين",ماذا كانت الأسباب وراء تجميد أرصدة اليابان في الولايات المتحدة ؟,ذلك ردا على قيام اليابان باحتلال الهند الصينية الفرنسية,احتلال اليابان للصين وإ压制 على تجارتها عبر البحار.,0.6,0.8,0.8
"[Chunk 1]
تنزانيا رسميا جمهورية تنزانيا الاتحادية هي دولة تقع في شرق أفريقيا ضمن منطقة البحيرات الكبرى الأفريقية ، تحدها كينيا وأوغندا من الشمال ورواندا وبوروندي وجمهورية الكونغو الديمقراطية إلى الغرب وزامبيا وملاوي وموزمبيق إلى الجنوب . الحدود الشرقية للبلاد تقع على المحيط الهندي . يقع جبل كليمنجارو ، أعلى جبل في إفريقيا ، في شمال شرق تنزانيا . وفقا للأمم المتحدة ، يبلغ عدد سكان تنزانيا 63.59 مليون نسمة ، مما يجعلها الدولة الأكثر اكتظاظا بالسكان والواقعة جنوب خط الاستواء . جمهورية تنزانيا جمهورية اتحادية مؤلفة من 26 ميكو ( إقليم ). الرئيس الحالي للدولة هو سامية حسن التي أصبحت في منصب الرئيس بعد وفاة الرئيس السابق جون ماغوفولي إثر سكتة قلبية ، دودوما هي العاصمة الرسمية لتنزانيا حيث يوجد البرلمان وبعض المكاتب الحكومية . بعد الاستقلال وحتى عام 1996 كانت المدينة الساحلية الرئيسة دار السلام العاصمة السياسية للبلاد . لا تزال دار السلام المدينة التجارية الرئيسة في تنزانيا وعمليا مقر معظم المؤسسات الحكومية . كما أنها الميناء الرئيس للبلاد وجيرانها غير الساحليين . عثر على عديد الحفريات البشرانية الهامة في تنزانيا ، مثل أحافير من العصر البليوسيني التي يبلغ عمرها ستة ملايين عام . تراوح جنس القرد الجنوبي في جميع أنحاء أفريقيا بين 4 و 2 مليون سنة مضت ، وعثر على أقدم بقايا من جنس "" ابشراني "" بالقرب من . بعد ظهور الإنسان المنتصب منذ 1.8 مليون سنة ، انتشرت البشرية في جميع أنحاء العالم القديم ، ولاحقا في العالم الجديد وأستراليا تحت النوع الإنسان العاقل . كما تفوق الإنسان العاقل على إفريقيا واستوعبت الأنواع الأكبر سنا من البشر . في وقت لاحق من العصر الحجري والبرونزي ، شملت هجرات ما قبل التاريخ إلى تنزانيا متحدثي الكوشية الجنوبية الذين انتقلوا جنوبا من إثيوبيا الحالية . الشعب الكوشي الشرقي الذين انتقلوا إلى تنزانيا من شمال بحيرة توركانا منذ حوالي 2000 و 4000 سنة . والنيليون الجنوبيين ، الذين نشأوا من المنطقة الحدودية بين جنوب السودان وإثيوبيا الحالية بين 2900 و 2400 سنة مضت . حدثت هذه التحركات في نفس الوقت تقريبا مع مستوطنة مشاريكي بانتو من غرب إفريقيا في منطقتي بحيرة فيكتوريا وبحيرة تنجانيقا . ثم هاجروا بعد ذلك عبر بقية تنزانيا بين 2300 و 1700 سنة مضت . بدأ الحكم الألماني في البر الرئيسي لتنزانيا خلال أواخر القرن التاسع عشر عندما شكلت ألمانيا شرق أفريقيا الألماني . تبع ذلك الحكم البريطاني بعد الحرب العالمية الأولى . كان البر الرئيسي يحكم باسم ، مع بقاء أرخبيل زنجبار ولاية استعمارية منفصلة . بعد استقلال كل منهما في عامي 1961 و 1963 ، اندمج الكيانان في عام 1964 لتشكيل جمهورية تنزانيا المتحدة . انضمت تنجانيقا إلى الكومنولث البريطاني في عام 1961 وتنزانيا لا تزال عضوا في الكومنولث كجمهورية موحدة . يتألف سكان تنزانيا من 120 مجموعة إثنية ولغوية ودينية . دولة تنزانيا ذات السيادة هي جمهورية دستورية رئاسية ومنذ عام 1996 كانت عاصمتها الرسمية دودوما حيث يوجد مكتب الرئيس والجمعية الوطنية وجميع الوزارات الحكومية . تحتفظ دار السلام ، العاصمة السابقة ، بمعظم المكاتب الحكومية وهي أكبر مدينة في البلاد ، والميناء الرئيسي ، والمركز التجاري الرائد . تنزانيا هي بحكم الأمر الواقع دولة حزب واحد مع حزب تشاما تشا مابيندوزي الاشتراكي الديمقراطي في السلطة . تنزانيا جبلية وذات غابات كثيفة في الشمال الشرقي ، حيث يقع جبل كليمنجارو . تقع ثلاث من البحيرات الكبرى في إفريقيا جزئيا داخل تنزانيا . إلى الشمال والغرب تقع بحيرة فيكتوريا ، أكبر بحيرة في إفريقيا ، وبحيرة تنجانيقا ، أعمق بحيرة في القارة ، والمعروفة بأنواعها الفريدة من الأسماك . إلى الجنوب تقع بحيرة ملاوي . الساحل الشرقي حار ورطب ، مع أرخبيل زنجبار قبالة الشاطئ . منطقة محمية خليج ميناي هي أكبر منطقة محمية بحرية في زنجبار . شلالات كالامبو ، الواقعة على نهر كالامبو على الحدود الزامبية ، هو ثاني أعلى شلال مستمر في إفريقيا . تعد المسيحية هي أكبر ديانة في تنزانيا ، ولكن هناك أيضا أقليات مسلمة ووثنية كبيرة . يتم التحدث بأكثر من 100 لغة مختلفة في تنزانيا ، مما يجعلها الدولة الأكثر تنوعا لغويا في شرق إفريقيا . لا يوجد في البلد لغة رسمية بحكم القانون ، على الرغم من أن اللغة الوطنية هي السواحيلية . تستخدم اللغة السواحيلية في النقاش البرلماني ، وفي المحاكم الدنيا ، ووسيلة للتعليم في المدارس الابتدائية . تستخدم اللغة الإنجليزية في التجارة الخارجية والدبلوماسية والمحاكم العليا وكوسيلة للتعليم في التعليم الثانوي والعالي ؛ على الرغم من أن الحكومة التنزانية تخطط للتوقف عن استخدام اللغة الإنجليزية لغة أساسية للتعليم ، إلا أنها ستكون متاحة كدورة اختيارية . ما يقرب من 10 % من التنزانيين يتحدثون اللغة السواحيلية لغة أولى ، وما يصل إلى 90 % يتحدثونها كلغة ثانية . التسمية . يشتق الاسم تنزانيا من دمج الاسمين تنجانيقا وزنجبار اللتان وحدتا في عام 1964 لتشكيل جمهورية تنجانيقا وزنجبار الاتحادية والتي غير اسمها في وقت لاحق من العام نفسه إلى جمهورية تنزانيا الاتحادية .

[Chunk 2]
إقليم موروغورو هو واحد من 31 إقليم إداري في تنزانيا . تبلغ مساحة الإقليم . يوازي الإقليم في مساحة الأرض دولة أيرلندا . يحد إقليم موروغورو من الشمال إقليم مانيارا وإقليم تانغا ، ومن الشرق إقليمي بواني وليدي ، ومن الجنوب ، ومن الغرب إقليمي إيرينغا ودودوما . العاصمة الإقليمية هي بلدية موروغورو . وفقا للإحصاء الوطني لعام 2012 ، بلغ عدد سكان الإقليم . جغرافية . يوجد الإقليم في الجزء الأوسط الشرقي من البر الرئيس لتنزانيا ويقع بين خطي عرض 5 58 ' و 10' جنوب خط الاستواء وبين خطي طول 35 25 ' و 38 30' شرق غرينتش . تبلغ مساحة إقليم موروغورو () ، أو 4.9 بالمائة من مساحة البر الرئيس لتنزانيا . غالبية مساحة الأرض الكلية ، ( 38.3 بالمائة ) ، تتكون من الأراضي الصالحة للزراعة المستخدمة لزراعة المحاصيل . ويتبع ذلك أراضي المراعي التي استحوذت على 371537 هكتارا ( 8.0 بالمائة ) ، وأراضي الغابات التي شكلت 330.277 هكتارا ( 7.1 بالمائة ) من إجمالي مساحة الإقليم . تغطي المسطحات المائية المساحة المتبقية البالغة 2 ، 140 ، 625 هكتارا ( 46.3 بالمائة من إجمالي الأراضي ) ، حيث توجد أيضا المستوطنات . سبع أقاليم إضافية تطوقه . تشترك أقاليم موروغورو وتانغا ومانيارا في الحدود الشمالية . تحدها إقليمي وليدي من الشرق والجنوب الشرقي على التوالي . تحدها مناطق دودوما و وإيرينغا من الغرب والجنوب الغربي على التوالي . تبلغ مساحة إقليم موروغورو 73 ، 039 كيلومترا مربعا ، وهي مقسمة بين اليابسة ( 70967 كيلومترا مربعا ، أو 97.2 بالمائة من المساحة الإجمالية ) ، والمياه ( 2073 كيلومترا مربعا ) أو 2.8 في المائة ). اعتبارا من عام 2012 ، تعد ولاية أولانجا أكبر ولاية ، وتأتي ولاية ماليي في المرتبة الثانية بنسبة 17.0 في المائة من إجمالي مساحة الأرض في الإقليم ، تليها موروغورو بنسبة 16.1 في المائة . تأتي ولاية كيلوسا في المرتبة الأولى بنسبة 18.6 في المائة . كانت بلدية موروغورو هي الولاية التي تضم أصغر مساحة من الأرض ( 531 كم 2 أي 10.7 بالمائة ) ، تليها غايرو ( 1 ، 851 كم 2 أو 2.5 في المائة ). توجد سيناريوهات مختلفة في ولاية كيلوسا وولاية مالينيي وبلدة إيفاكارا وولاية أولانجا وبلدية موروغورو وولاية غيرو ، مع تغطية جميع أراضيها بالكامل بالأرض . بينما ولاية مفوميرو ( 1 ، 882 كم 2 ) بها أكبر مساحة مائية في المنطقة . في ولاية مليمبا ، توجد أصغر مساحة مائية ( 70 كم 2 ). حسب المناطق الطبوغرافية والبيئية ، تختلف تربة الإقليم . النوع السائد للتربة في المناطق الجبلية والتلال هو الأوكسيسولات ، والتي غالبا ما تكون فقيرة في النيتروجين والفوسفور . تحدد التربة الطميية ، الخصبة بشكل طبيعي الوديان والأراضي المنخفضة . غالبا ما تحتوي الأراضي الحرجية والمراعي على تربة رملية وطينية . ينتج عديد المحاصيل ، بما في ذلك الذرة ، والأرز ، والفول ، وعديد أنواع الكسافا ، والبطاطا الحلوة والدائرية ، والقطيفة ، والخضروات ، وقصب السكر ، والسمسم ، والكاكاو ، والقطن ، والكاجو ، وما إلى ذلك ، في الإقليم بسبب ظروف التربة . هناك 143 نهرا داخل الإقليم وعبره . يمر عدد من الأنهار والروافد التي تأتي من الجبال بإقليم موروغورو . تشكل العديد من الأنهار التي تتدفق من التلال إلى الأراضي المنخفضة في الوديان نظام الصرف في الإقليم . تعد كيلومبيرو ، ورواها الكبير ، وامي ، ولويغو ، وروفو ، ونغيرنغيري ، ومكاتا ، ومكوندوا ، ومكيندو عددا قليلا من الأنهار المهمة . مناخ . يتمتع إقليم موروغورو بمناخ السافانا الاستوائية مع هطول الأمطار بانتظام . في الأراضي المنخفضة ، يتراوح متوسط درجة الحرارة السنوية من 18 درجة مئوية إلى 30 درجة مئوية . على مدار العام تقريبا ، يتلقى الإقليم درجات حرارة معتدلة تبلغ حوالي 25 درجة مئوية . عادة ما يستمر الموسم

[Chunk 3]
إقليم إيرينغا هو واحد من 31 إقليم إداري في تنزانيا . تبلغ مساحة الإقليم . الإقليم قابل للمقارنة من حيث الحجم بمساحة الأرض المشتركة لدولة غينيا بيساو القومية . يحد إقليم إيرينغا من الشرق إقليم موروجورو والجنوب بإقليم نجومبي . يقع الإقليم في الغرب على إقليم مبيا . يقع إقليم دودوما وإقليم سينغيدا على حدود إيرينغا في الشمال . العاصمة الإقليمية هي مدينة إيرينغا والتي سمي الإقليم باسمها . وفقا لتعداد عام 2012 ، بلغ إجمالي عدد سكان الإقليم 941238 نسمة . إقليم إيرينغا هو موطن متنزه رواها الوطني ، ثاني أكبر حديقة وطنية في تنزانيا . جغرافية . يتراوح ارتفاع إيرينغا ما بين 900 و 2300 متر فوق مستوى سطح البحر . يحيط منحدر كبير يمكن أن يصل ارتفاعه إلى 800 متر وهو الجزء الشرقي من الوادي المتصدع الكبير بالإقليم من جميع الجوانب . يقع الإقليم في المرتفعات الجنوبية في تنزانيا ، على حدود مناطق مبيا ونجومبي وموروغورو ودودوما وسينغيدا . يسقى الإقليم من خلال نهري رواها الصغير ورواها الكبير . البحيرة التي أنشأها سد امتيرا هي المسطح المائي المهم الآخر هنا . يمكن تقسيم الإقليم إلى ثلاث مناطق : منطقة المرتفعات والمنطقة الوسطى ومنطقة الأراضي المنخفضة . تقع منطقة المرتفعات باتجاه شرق الإقليم . تشهد هذه المنطقة موسما ممطرا بين نوفمبر ومايو مع هطول سنوي يتراوح بين 500 و 1500 مليمتر ، أما الفترة بين يونيو وسبتمبر فهي باردة وجافة . تقع المنطقة الوسطى ، في الجزء الأوسط من الإقليم ، على ارتفاع يتراوح بين 1200 و 1600 م فوق مستوى سطح البحر مع هطول سنوي يتراوح بين . أخيرا ، منطقة الأراضي المنخفضة ، على ارتفاع وهطول سنوي للأمطار بين . تحتل الغابات حوالي 16 % من الأراضي في إقليم إيرينغا . يستضيف الإقليم متنزه رواها الوطني والذي يشتهر بقطيع كبير من الفيلة وأكثر من 400 نوع من الطيور . وتشمل الحيوانات الأخرى الأسود وظباء السمور والكودو . المتنزه الثاني ، متنزه جبال أودزونغوا الوطني في ولاية إيرينغا الريفية ، وهو أقل زيارة . التركيبة السكانية . يبلغ عدد سكان إقليم إيرينغا . شعب الهيهي هم أكبر مجموعة عرقية تعيش في الإقليم . المجموعات السكانية الرئيسة الأخرى هي مجموعات Bena وKinga. يمكن العثور على Pangwa وChaga وNyakyusa وNgoni في المناطق الحضرية التي تعمل بشكل أساسي في الأعمال التجارية في الإقليم . من المهاجرين الآخرين إلى إيرينغا ماساي وسوكوما والمجموعات منهمكة في الغالب في البستولية . يعد الإقليم أحد الأقاليم الأقل نموا للسكان في تنزانيا . أحد الأسباب الرئيسية لذلك هو الهجرة المستمرة من هذه الإقليم إلى المزيد من المناطق الحضرية مثل دار السلام . التقسيمات الإدارية . المناطق . إقليم إيرينغا مقسمة إلى ثلاث ولايات ( إيرينغا ، كيلولو وموفيندي ) ، يدير كل منها مجلس . يوجد في الولايات سلطات محلية تعمل تحت إشرافها ، وهي ثلاثة مجالس ولايات ، ومجلس بلدي واحد ، ومجلس مدينة واحد كما هو مدرج في الجدول : سياسة . ينتخب إقليم إيرينغا سبعة ممثلين في جمعية تنزانيا الوطنية . في الانتخابات العامة لعام 2015 ، فاز ستة مرشحين من حزب الثورة وواحد من شاديما بمقاعد في الجمعية . ويليام لوكوفي ، النائب عن اسماني ، هو وزير الأراضي والإسكان وتنمية المستوطنات البشرية في مجلس الوزراء . فصل إقليم نجومبي عن إيرينغا في مارس 2012. اقتصاد . لدى إقليم إيرينغا خامس أكبر ناتج محلي إجمالي من بين 30 إقليم في تنزانيا . على أساس نصيب الفرد ، فإن نصيب إيرينغا لعام 2012 البالغ حوالي مما يضعه في المرتبة الثانية بعد إقليم دار السلام التي تضم عاصمة تنزانيا . الزراعة هي الدعامة الأساسية لاقتصاد إيرينغا","كم عدد الأشخاص الذين أصيبوا جراء حادثة انفجار الشاحنة في موروغورو ، تنزانيا ؟",ما لا يقل عن 55 آخرين,"يبدو أن هناك خطأ في السؤال. لا يوجد أي معلومات حول حادثة انفجار شاحنة في إقليم موروغورو، تنزانيا في الأرشيف المتوفر لي. الإحصائيات المتعلقة بحوادث السيارات أو الانفجارات ليست متاحة عادة للجمهور العام وغالبًا ما تكون محمية بموجب قوانين الخصوصية والسرية التجارية.",0.3,0.12,0.11
"[Chunk 1]
الدكتوراه هي درجة الفلسفة في تخصص معين . وهي شهادة جامعية تمنحها الجامعات المعترف بها ، وهي أعلى شهادات التخصص في مجال ما معين ، وغالبا ما تسبق بمرحلة الماجستير وتليها مرحلة الأستاذية ، التي تمثل الاختصاص الدقيق . تخول هذه الشهادة حاملها للتدريس ، وفق اختصاصه في جميع جامعات العالم وممارسة البحث العلمي . تمنح الدكتوراه بعد تقديم أطروحة مطبوعة ومناقشتها أمام لجنة من الأساتذة المتخصصين في نفس المجال ، وعادة ما تكون تلك المناقشة علنية ، يتم إثرها منح الدرجة أو حجبها أو المطالبة بالقيام ببعض التنقيحات . يمكن منح درجة « دكتوراه فخرية » لشخصيات معينة تعبيرا عن الشكر أو العرفان بالجميل أو الإنجازات العلمية أو الاجتماعية ، وذلك حتى لو لم يكن الحائز عليها ذا تكوين أكاديمي . في ألمانيا مثلا تم إسناد هذا اللقب لفرديناند بورشه ، وحتى يتم التمييز بالنسبة للدكتوراه العادية يتم إضافة الحرفين H.C. أي Honoris Causa. ويمكن للشخص أن يحصل على أكثر من درجة دكتوراه واحدة . تستلزم مرحلة دراسة الدكتوراه سنتين كحد أدنى في معظم المؤسسات التعليمية في دول العالم ، حيث لا تجوز مناقشة الدكتوراه قبل هذه المدة ، ولكن في أغلب الأحيان تستغرق أكثر من ذلك بكثير . تتضمن أطروحة الدكتوراه إنجاز بحث مبتكر وأصيل أو مجموعة أبحاث متجانسة هي أطروحة . يتم تقييم الأطروحة ومناقشتها أمام مجموعة أساتذة مختصين في مجال الأطروحة . التاريخ . مصطلح « الدكتوراه » مشتقة من اللاتينية "" Docere "" معنى « يدرس ». الدكتوراه ( اللاتينية : "" الدكتور "" ، « المعلم » ، من "" Doctum "" ، « التعلم » اسم المفعول الماضي من "" Docere "" ، « يعلم ») يمكن أن تعزى جذورها إلى المسيحية المبكرة حينها مصطلح « الدكتور » أشار إلى تلاميذ المسيح ، آباء الكنيسة ، وغيرها من السلطات المسيحية التي تدرس وتفسير الكتاب المقدس .. لأن الفلسفات شملت جميع هذه المواضيع الراقية الأخرى من الطب وعلم اللاهوت ، والقانون ، وتدريس الفلسفة ( ، الفلسفة اليونانية ) المشمولة بالدراسات العلمية الأصلية . درجة الدكتوراه ، أو دكتوراه ، وتتمسك بهذه الاتفاقية التاريخية . خطوات الحصول على شهادة الدكتوراه . هناك شروط عدة يجب أن تتحقق للحصول على شهادة .Ph.D وهي : أطلقت الجامعات الإنكليزية والروسية والكندية والأمريكية تسمية Ph.D ( دكتوراه أو دكتور في الفلسفة ) على هذه الشهادة أو على حاملها ، لأن الفلسفة بمعناها التقليدي كانت تطلق في الماضي على مختلف المعارف والعلوم العامة . أما كلمة « دكتوراه » فهي مشتقة من الكلمة اللاتينية ( Docere ) والتي تعني « درس ، علم ». وجدير بالذكر أن إطلاق لقب « دكتور » على الطبيب لم يكن سوى مجازا لغويا حوله الزمن إلى رديف للشخص المتعلم والدارس .

[Chunk 2]
تاريخ وفلسفة العلوم هو تخصص أكاديمي يشمل فلسفة العلوم وتاريخ العلوم . على الرغم من أن العديد من الباحثين في هذا المجال يتم تدريبهم في المقام الأول كمؤرخين أو كفلاسفة ، إلا أن هناك أقساما تمنح درجات علمية في تاريخ وفلسفة العلوم في العديد من الجامعات البارزة . على الرغم من أن فلسفة العلم وتاريخ العلم هما تخصصان خاصان بهما ، فإن تاريخ وفلسفة العلم هو تخصص في حد ذاته . فلسفة العلم هي فرع من فروع الفلسفة يهتم بأسس العلم وأساليبه وتداعياته . تتعلق الأسئلة المركزية لهذه الدراسة بما يوصف بأنه علم ، وموثوقية النظريات العلمية ، والغرض النهائي للعلم . يتداخل هذا التخصص مع الميتافيزيقا وعلم الوجود ونظرية المعرفة ، على سبيل المثال ، عندما يستكشف العلاقة بين العلم والحقيقة . تركز فلسفة العلم على الجوانب الميتافيزيقية والمعرفية والدلالية للعلم . غالبا ما تعتبر القضايا الأخلاقية مثل أخلاقيات علم الأحياء وسوء السلوك العلمي أخلاقيات أو دراسات علمية بدلا من فلسفة العلوم . لا يوجد إجماع بين الفلاسفة حول العديد من المشكلات المركزية المتعلقة بفلسفة العلم ، بما في ذلك ما إذا كان العلم يمكنه الكشف عن الحقيقة حول الأشياء غير المرئية وما إذا كان يمكن تبرير التفكير العلمي على الإطلاق . بالإضافة إلى هذه الأسئلة العامة حول العلم ككل ، ينظر فلاسفة العلم في المشكلات التي تنطبق على علوم معينة ( مثل علم الأحياء أو الفيزياء ). يستخدم بعض فلاسفة العلم أيضا النتائج المعاصرة في العلم للوصول إلى استنتاجات حول الفلسفة نفسها .

[Chunk 3]
الفلسفة ( لغويا من اليونانية ، ، philosophia ، والتي تعني حرفيا « حب الحكمة ») هي دراسة الأسئلة العامة والأساسية عن الوجود والمعرفة والقيم والعقل والاستدلال واللغة . غالبا ما تطرح مثل هذه الأسئلة كمسائل لدراستها أو حلها . ربما صاغ مصطلح « فيلسوف ( محب الحكمة )» هو الفيلسوف وعالم الرياضيات فيثاغورس ( 570 - 495 قبل الميلاد ). تشمل الأساليب الفلسفية الاستجواب والمناقشة النقدية والحجة المنطقية والعرض المنهجي . تشمل الأسئلة الفلسفية الكلاسيكية : هل من الممكن معرفة أي شيء وإثباته ؟ ما هو الأكثر واقعية ؟ يطرح الفلاسفة أيضا أسئلة أكثر عملية وملموسة مثل : هل هناك طريقة أفضل للعيش ؟ هل من الأفضل أن تكون عادلا أو غير عادل ( إذا كان بإمكان المرء أن يفلت من العقاب ) ؟ هل لدى البشر إرادة حرة ؟ تاريخيا ، « الفلسفة » تشمل أي مجموعة من المعرفة . من وقت الفيلسوف اليوناني القديم أرسطو إلى القرن التاسع عشر ، شملت « الفلسفة الطبيعية » علم الفلك والطب والفيزياء . على سبيل المثال ، أصبحت المبادئ الرياضية للفلسفة الطبيعية التي وضعها إسحاق نيوتن في عام 1687 مصنفة لاحقا ككتاب في الفيزياء . في القرن التاسع عشر ، قاد نمو جامعات الأبحاث الحديثة الفلسفة الأكاديمية وغيرها من التخصصات إلى الاحتراف والتخصص . في العصر الحديث ، أصبحت بعض التحقيقات التي كانت جزءا تقليديا من الفلسفة من التخصصات الأكاديمية المنفصلة ، بما في ذلك علم النفس وعلم الاجتماع واللغويات والاقتصاد . ظلت التحقيقات الأخرى المرتبطة ارتباطا وثيقا بالفن أو العلوم أو السياسة أو غيرها من المساعي جزءا من الفلسفة . على سبيل المثال ، هل الجمال موضوعي أو ذاتي ؟ هل هناك العديد من الأساليب العلمية أو طريقة واحدة فقط ؟ هل اليوتوبيا السياسية حلم يبعث على الأمل أو خيال ميئوس منه ؟ الحقول الفرعية الرئيسية تشمل الفلسفة الأكاديمية الميتافيزيقيا (« المعنية بالطبيعة الأساسية للواقع والوجود ») ، نظرية المعرفة ( حول « طبيعة وأسباب المعرفة وحدودها وصلاحيتها ») ، والأخلاقيات ، وعلم الجمال والفلسفة السياسية والمنطق وفلسفة العلوم . مقدمة . المعرفة . تقليديا ، يشير مصطلح « الفلسفة » إلى أي مجموعة من المعرفة . وبهذا المعنى ، ترتبط الفلسفة ارتباطا وثيقا بالدين والرياضيات والعلوم الطبيعية والتعليم والسياسة . تم تصنيف مبادئ نيوتن التي سميت الأصول الرياضية للفلسفة الطبيعية الذي كتب في عام 1687 ، في العقود الأخيرة ككتاب للفيزياء . استخدم مصطلح « الفلسفة الطبيعية » لأنه كان يشمل التخصصات التي أصبحت مرتبطة فيما بعد بعلوم مثل علم الفلك والطب والفيزياء . في الجزء الأول من الكتاب الأول من الأكاديميين ، قدم شيشرون تقسيم الفلسفة إلى المنطق والفيزياء والأخلاق . لقد كان ينسخ تقسيم الأبيقور لمذهبه إلى الشريعة والفيزياء والأخلاق . في القسم الثالث عشر من كتابه الأول عن حياة وآراء الفلاسفة البارزين ، أسس ديوجين لايرتيوس ، المؤرخ في القرن الثالث ، أول مؤرخ للفلسفة ، التقسيم التقليدي للبحث الفلسفي إلى ثلاثة أجزاء : هذا التقسيم ليس قديما ولكنه تغير . انقسمت الفلسفة الطبيعية إلى العلوم الطبيعية المختلفة ، وخاصة علم الفلك والفيزياء والكيمياء وعلم الأحياء وعلم الكونيات . ولدت الفلسفة الأخلاقية العلوم الاجتماعية ، لكنها لا تزال تشمل نظرية القيمة ( بما في ذلك الجماليات والأخلاق والفلسفة السياسية ، وما إلى ذلك ). ولدت الفلسفة الميتافيزيقية العلوم الشكلية مثل المنطق والرياضيات وفلسفة العلوم ، لكنها ما زالت تشمل نظرية المعرفة وعلم الكونيات وغيرها . التقدم الفلسفي . العديد من المناقشات الفلسفية التي بدأت في العصور القديمة لا تزال تناقش اليوم . يدعي كولين ماكغين وآخرون أنه لم يحدث تقدم فلسفي خلال الفترة المعاصرة . على النقيض من ذلك ، يرى ديفيد تشالمرز وغيرهم تقدما في الفلسفة مشابها للتقدم في العلوم ، بينما قال تالبوت بروير إن « التقدم » هو المعيار الخاطئ الذي يتم من خلاله الحكم على النشاط الفلسفي .",ما هي مجالات الدراسة التي يمكن دراستها في برنامج الدكتوراه ؟,"علم التشريح ، و علم الأنسجة و علم الأجنة ، و الجراحة ، وعلم الأمراض الجلدية ، و طب الأطفال ، وعلم العقاقير الطبية ، و علم وظائف الأعضاء ، و أمراض النساء والتوليد ، والصحة العامة ، والطب الوقائي و علم الأوبئة ، طب الأعصاب والطب النفسي ، طب الأنف والأذن والحنجرة ، علم الأمراض ، الطب الاجتماعي ، طب الأسنان ، الطب الباطني ، الأشعة",دراسات فلسفية وفلسفية للعلوم والعلوم المختلفة.,0.4,0.78,0.21
"[Chunk 1]
بنو الأفطس هم سلالة عربية أو بربرية حكمت مدينة مملكة بطليوس في الأندلس خلال عصر ملوك الطوائف ، منذ عام 413 حتى 488 ه ( 1022 - 1094 م ). تنسب إلى مؤسسها عبد الله بن محمد بن مسلمة المعروف بابن الأفطس ، من قبيلة مكناسة البربرية النازلة بفحص البلوط شمالي قرطبة . غير أن بني الأفطس كانوا ينسبون أنفسهم إلى بني تجيب ، وهو ما استنكره المؤرخ الأندلسي ابن حيان القرطبي . ويوجد من يذكر أن بنو الأفطس : فرع من تجيب الكندية الحضرمية . منازلهم الأنداس ، منهم ملوك ( بطليوس ) و ( يابرة ) والإمارات الغربية بالأندلس ، ومن أعلامهم عبد الله بن محمد المكني بابن الأفطس ، والمظفر محمد بن عبد الله ، والمنصور يحيى بن محمد ، والمتوكل عمر بن محمد . كان مؤسس السلالة المنصور عبد الله بن الأفطس من كبار رجالات الخليفة الأموي الحكم الثاني ، واقتطع لنفسه إمارة بطليوس بعد أفول الخلافة في قرطبة ، وتمكن بنو الأفطس بعدها من تملك غرب إسبانيا وأجزاء من البرتغال لفترات متفاوتة ، ومن المدن الهامة التي ضموها إلى مملكتهم يابرة وقورية . على مدى ثلاثة أجيال من الحكام هم عبد الله المنصور ( 413 -437 ه / 1022 -1045 م ) فمحمد المظفر ( 437 -461 ه / 1045 -1065 م ) ثم عمر المتوكل ( 464 -488 ه / 1065 -1094 م ) تمتع بنو الأفطس بثقافة عالية وعلم كثير ، فكانوا من رعاة الشعر والأدب والعلوم . كانت بينهم وبين بني عباد حكام إشبيلية حروب كثيرة ، انتهت باستيلاء الأخيرين على جزء كبير من مملكة بني الأفطس . ضعفت دولة بني الأفطس في آخر أيامها ، وأصبح حكامها يؤدون الجزية إلى مملكة قشتالة ، ورغم أن آخر حكامهم المتوكل قد خاض معركة الزلاقة مع باقي ملوك الطوائف والمرابطين ضد قشتالة ، إلا إن المرابطين انقلبوا عليه فيما بعد ، فحاصروا بطليوس وأسقطوها ، ثم أسروه وأعدموه في عام 488 ه ( 1094 م ).

[Chunk 2]
وقعة الطواحين هي معركة حدثت عام ( 271 ه / 885 م ) بين القوات العباسية بقيادة أحمد المعتضد بالله والقوات الطولونية بقيادة خمارويه . وقعت المعركة بالقرب من مدينة الرملة ( في فلسطين اليوم ) وأنتهت بهزيمة خمارويه . سبب هذه الوقعه أن المعتضد سار من دمشق ، بعد أن ملكها نحو الرملة ناحية قوات خمارويه ، وكان العباسيين لديهم الرغبة بالتخلص من نفوذ الطولونيين . ولما وصل خمارويه بقواته إلى الرملة نزل على الماء الذي عليه الطواحين ، فملكه ، فنسبت الوقعة إليه ، ووصل المعتضد وقد عبأ أصحابه ، وكذلك أيضا فعل خمارويه ، وجعل له كمينا عليهم سعيدا الأيسر ، وحملت ميسرة المعتضد على ميمنة خمارويه ، فانهزمت ، فلما رأى ذلك خمارويه ، ولم يكن رأى مصافا قبله ، ولى منهزما إلى مصر . نزل المعتضد إلى ساحة المعركة وهو لا يشك في تمام النصر ، فخرج الذين عليهم القائد الطولوني سعيد الأيسر ، وانضاف إليه من بقي من جيش خمارويه ، وهجموا على جنود المعتضد وهم مشغولون بجمع الغنائم ، وظن المعتضد أن خمارويه قد عاد بجيشه ، فركب فانهزم إلى أن وصل إلى دمشق ، ولم يفتح له أهلها بابها ، فمضى منهزما حتى بلغ طرسوس .

[Chunk 3]
معركة حطين معركة فاصلة بين الصليبيين والمسلمين بقيادة صلاح الدين الأيوبي ، وقعت في يوم السبت 25 ربيع الثاني 583 ه الموافق 4 يوليو 1187 م بالقرب من قرية المجاودة ، بين الناصرة وطبريا انتصر فيها المسلمون ، ووضع فيها الصليبيون أنفسهم في وضع غير مريح إستراتيجيا في داخل طوق من قوات صلاح الدين الأيوبي ، أسفرت عن تحرير مملكة بيت المقدس وتحرير معظم الأراضي التي احتلها الصليبيون . دوافعها . كانت مناطق من البلاد الإسلامية والقدس تحديدا قد احتلت من قبل الصليبيين عام 1099 م ، وكان الإقطاعيون الصليبيون والفرسان قد نصبوا أنفسهم أمراء وملوك على تلك المناطق ، فكان هذا على مدى قرن دافعا لتحرير البلاد من الاحتلال ، وكانت غارة لصوصية شنها أحد بارونات الإفرنج البارزين ، رينو دي شاتيون ( أرناط ) السبب المباشر لهجوم المسلمين ، رينو دي شاتيون كان مغامرا وقحا وسبق له أن اجتاح قبرص البيزنطية في سنة 1155 م وعمل فيها سلبا ونهبا ، وكان قد أسر عند نور الدين زنكي قبل 16 سنة ، وبعد إخلاء سبيله استقر في حصن الكرك ، وعكف على نهب وسلب قوافل التجار المارة في الجوار ، لأن الحصن كان يقطع الطريق من سوريا إلى مصر والحجاز ، وفي أواخر سنة 1186 م ولربما أوائل 1187 م ، شن رينو غارة ( خلافا لشروط هدنة عقدت في 1180 ) على قافلة متجهة من القاهرة إلى دمشق ونهب بضائعها ، وأسر أفرادها وزجهم في حصن الكرك ، ويروى أن القافلة كانت لأخت صلاح الدين بالذات ، فما كان من صلاح الدين إلا ان يطالب في الحال ملك القدس آنذاك غي دي لوزينيان بالتعويض عن الضرر والإفراج عن الأسرى ومحاسبة الناهب ، ولكن الملك لم يجازف بمس تابعه القوي رينو ، فكان أن قرر صلاح الدين إعلان الحرب على مملكة القدس ، إلا إن مرض صلاح الدين أخر بدء القتال في تلك السنة . العمليات العسكرية التي سبقتها . كانت تلك العمليات تهدف إلى توحيد المسلمين ، وكان للتوحيد اساليب بالإقناع واللين حينا أو باستعمال القوة حينا آخر ، في البدء اجتاحت قواته في الربيع الباكر من عام 1187 م مناطق قلعتي الكرك وكراك دي مونريال ، وبعد شهرين بدأ القتال ضد الصليبيين ، وأعلن صلاح الدين فتح باب التطوع في مصر لمحاربة الصليبيين وأرسل مراسليه إلى الموصل والجزيرة والشام يطلب منهم دعم الجيش وخرج بعساكره الخاصة وعسكر الحلقة وغيرهم من القاهرة وعسكر في دمشق ، وعين ابنه الملك الأفضل قائدا للقوات واحتشدت قواته في بصرى وكانت تضم حوالى 12000 فارس و 13000 من المشاة ورجال الاحتياط وأعدادا كبيرة من المتطوعين ثم سار إلى الكرك وأخذ قيادة القلب واعطى ابن أخيه تقى الدين عمر قيادة الميمنة ومظفر الدين كوكبرى قيادة الميسرة وخرج الحاجب لؤلؤ بالأسطول من مصر ، ثم خرج الملك العادل من القاهرة إلى بركة الجبل وسار إلى الكرك والتقى مع السلطان . وفي الجانب الآخر حشد الصليبيون 22000 ألفا بين فارس ورجل . والتحق بهم عدد كبير من المتطوعة حتى روي أنه زاد عددهم على الستين ألف . في أيار مايو 1187 م أبيدت إلى الشمال الشرقي من الناصرة فصيلة كبيرة مؤلفة أساسا من الفرسان الصليبيين ، ولقي الأستاذ الأكبر لجمعية الأوسبيتاليين روجيه دي مولان مصرعه . عبرت جيوش المسلمين نهر الأردن جنوبي طبريا ، وسارت في اليوم التالي إلى تل كفر سبت ( كفر سبيت ) في الجانب الجنوبي الغربي من طبريا ، وحاولت الاشتباك مع الصليبيين ، فرفضوا القتال ، وفي 2 يوليو استولت جيوش صلاح الدين المسلمة على طبرية قاطعا على عدوه طريقه إلى الماء . أحداث المعركة . أحرق المسلمون الأعشاب والشجيرات في ساحة المعركة ، واستولوا على عيون الماء ، عملا على تعطيش الصليبيين وإجبارهم على النزول للاشتباك معهم ولما وصل الصليبيون إلى السهل الواقع بين لوبيا وحطين شن صلاح الدين هجوما ففروا إلى تلال حطين ، فحاصرت قوات المسلمين التلال ، وأقبل الليل وتوقف القتال ، في اليوم التالي 4 يوليو 1187 وفي قيظ شديد ونقص في مياه الشرب قامت معركة حطين ، ولف الفرسان الصليبيون الذين انتظموا على مرتفع حطين سحب الدخان المتصاعد إلى أعلى ، فالتحم الجيشان على بعد ميلين من حطين ، فتضعضعت صفوف الصليبيين وأهلكت سهام جيوش المسلمين الصليبيين ، ثم شن هجوم بالسيوف والرماح ، فقتل وجرح وأسر الكثير ، فاستسلم الألوف منهم ، وقام الصليبيون بمناورة ، فتقدم قائد الفرسان ريمون الثالث أمير طرابلس بأمر من غي دي لوزينيان ملك القدس ، وزحزح بهجومه هذا قوة يقودها تقي الدين عمر ، فظن الصليبيين أنهم فتحوا ثغرة في صفوف صلاح الدين فاندفعوا فيها ، وحاصر جيش صلاح الدين جزء من الجيش الصليبي فشطره إلى شطرين . ودامت المعركة نحو 7 ساعات على التوالي . سقط فيها الآلاف بين جرحى وقتلى ، ووقع الملك غي دي لوزينيان ملك القدس آنذاك في أسر صلاح الدين ، بالإضافة إلى العديد من القادة والبارونات ، ولم ينج إلا بضع مئات فروا إلى صور واحتموا وراء أسوارها . نتائج معركة حطين .",متى انتهى صراع المعتضد بالله مع المظفر بن الأفطس ؟,عام 443 ه,488 هـ / 1094 م,0.2,0.91,0.24
"[Chunk 1]
سيحدث كسوف جزئي للشمس يوم الأربعاء الموافق 27 فبراير 2036. يحدث كسوف الشمس عندما يمر القمر بين الأرض والشمس ، وبالتالي يحجب صورة الشمس كليا أو جزئيا عن مشاهد على الأرض . يحدث كسوف جزئي للشمس في المناطق القطبية من الأرض عندما يغيب مركز ظل القمر عن الأرض . الصور . مسار متحرك الخسوفات ذات الصلة . كسوف الشمس 2033 -2036. هذا الكسوف هو جزء من سلسلة كسوف الشمس 2033 -2036. يتكرر الكسوف في كل 177 يوما تقريبا و 4 ساعات في العقد المتناوبة من مدار القمر . 150- ساروس . وهي جزء من دورة ساروس 150 وتتكرر كل 18 سنة و 11 يوما وتحتوي على 71 حدثا . بدأت السلسلة بكسوف جزئي للشمس في 24 أغسطس 1729. يحتوي على كسوف حلقي من 22 أبريل 2126 حتى 22 يونيو 2829. لا توجد كسوفات كاملة في هذه السلسلة . تنتهي السلسلة في العضو 71 ككسوف جزئي في 29 سبتمبر 2991. ستكون أطول مدة للحلقات 9 دقائق و 58 ثانية في 19 ديسمبر 2522. سلسلة تريتوس . هذا الكسوف هو جزء من دورة تريتوس ، يتكرر عند العقد المتناوبة كل 135 شهرا متزامنا ( 3986.63 يوما ، أو 11 عاما ناقص شهر واحد ). مظهرها وخط طولها غير منتظمين بسبب نقص التزامن مع الشهر غير الطبيعي ( فترة الحضيض ) ، لكن التجمعات المكونة من 3 دورات تريتوس ( 33 عاما ناقص 3 أشهر ) تقترب ( 434.044 شهرا غير طبيعي ) ، لذا فإن الكسوف متشابه في هذه التجمعات . دورة ميتونيك . تتكرر السلسلة ميتونيك كل 19 عاما ( 6939.69 يوما ) ، وتستمر حوالي 5 دورات . يحدث الكسوف في نفس تاريخ التقويم تقريبا . بالإضافة إلى ذلك ، تتكرر سلسلة اكتون الفرعية 1 / 5 من ذلك أو كل 3.8 سنوات ( 1387.94 يوما ). تحدث جميع الكسوفات في هذا الجدول عند العقدة الهابطة للقمر .

[Chunk 2]
سيحدث كسوف كلي للشمس في 5 يناير 2057. يحدث كسوف الشمس عندما يمر القمر بين الأرض والشمس ، وبالتالي يحجب صورة الشمس كليا أو جزئيا عن مشاهد على الأرض . يحدث الكسوف الكلي للشمس عندما يكون القطر الظاهري للقمر أكبر من قطر الشمس ، مما يحجب كل ضوء الشمس المباشر ، ويحول النهار إلى ظلام . تحدث الكلية في مسار ضيق عبر سطح الأرض ، مع كسوف جزئي للشمس مرئي فوق المنطقة المحيطة بعرض آلاف الكيلومترات . الخسوفات ذات الصلة . كسوف الشمس 2054 -2058. هذا الكسوف هو جزء من سلسلة كسوف الشمس 2054 -2058. يتكرر الكسوف في كل 177 يوما تقريبا و 4 ساعات في العقد المتناوبة من مدار القمر . ساروس 142. وهي جزء من دورة ساروس 142 ، تتكرر كل 18 سنة ، 11 يوما ، وتحتوي على 72 حدثا . وستكون أطول مدة للقطر الكلي هي 6 دقائق و 34 ثانية في 28 مايو 2291. كل الكسوف في هذه السلسلة يحدث عند العقدة الهابطة للقمر . سلسلة تريتوس . هذا الكسوف هو جزء من دورة تريتوس ، يتكرر عند العقد المتناوبة كل 135 شهرا متزامنا ( 3986.63 يوما ، أو 11 عاما ناقص شهر واحد ). مظهرها وخط طولها غير منتظمين بسبب نقص التزامن مع الشهر غير الطبيعي ( فترة الحضيض ) ، لكن التجمعات المكونة من 3 دورات تريتوس ( 33 عاما ناقص 3 أشهر ) تقترب ( 434.044 شهرا غير طبيعي ) ، لذا فإن الكسوف متشابه في هذه التجمعات . في القرن الثاني والعشرين : في القرن الثالث والعشرين : سلسلة ميتونيك . تتكرر السلسلة ميتونيك كل 19 عاما ( 6939.69 يوما ) ، وتستمر حوالي 5 دورات . يحدث الكسوف في نفس تاريخ التقويم تقريبا . بالإضافة إلى ذلك ، تتكرر سلسلة أكتون الفرعية 1 / 5 من ذلك أو كل 3.8 سنوات ( 1387.94 يوما ). تحدث جميع الكسوفات في هذا الجدول عند العقدة الصاعدة للقمر .

[Chunk 3]
حدث كسوف جزئي للشمس في 1 يوليو 2011. يحدث كسوف الشمس عندما يمر القمر بين الأرض والشمس ، وبالتالي يحجب صورة الشمس كليا أو جزئيا عن مشاهد على الأرض . يحدث كسوف جزئي للشمس في المناطق القطبية من الأرض عندما يغيب مركز ظل القمر عن الأرض . وهذا هو أول كسوف شمسي لسلسلة ساروس 156 ، يظهر فقط ككسوف جزئي للشمس في منطقة صغيرة جنوب جنوب إفريقيا وشمال القارة القطبية الجنوبية . في أكبر كسوف ، كان القدر 0.097 فقط . إنها أول سلسلة جديدة من ساروس تبدأ منذ أن بدأ ساروس 155 مع الكسوف الجزئي للشمس في 17 يونيو 1928 . كان الكسوف ينتمي إلى ساروس 156 وكان رقم 1 من 69 خسوفا في السلسلة . وهكذا ، كان حدث 2011 Jul 01 هو أول خسوف لهذه السلسلة . هذا الكسوف هو الثالث من بين أربعة كسوف جزئي للشمس في عام 2011 ، مع حدوث الكسوف الآخر في 4 يناير 2011 ، 1 يونيو 2011 و 25 نوفمبر 2011 . الصور . مسار متحرك الخسوفات ذات الصلة . سلسلة اينكس . هذا الكسوف هو جزء من دورة اينكس طويلة الأمد ، يتكرر عند العقد المتناوبة ، كل 358 شهرا سينوديا ( 10571.95 يوما ، أو 29 عاما ناقص 20 يوما ). مظهرها وخط طولها غير منتظمين بسبب عدم التزامن مع الشهر غير الطبيعي ( فترة الحضيض ). ومع ذلك ، فإن مجموعات 3 دورات اينكس ( 87 سنة ناقص شهرين ) تقترب ( 1 , 151.02 شهرا غير طبيعي ) ، لذا فإن الكسوف متشابه في هذه المجموعات . سلسلة تريتوس . هذا الكسوف هو جزء من دورة تريتوس ، يتكرر عند العقد المتناوبة كل 135 شهرا متزامنا ( 3986.63 يوما ، أو 11 عاما ناقص شهر واحد ). مظهرها وخط طولها غير منتظمين بسبب نقص التزامن مع الشهر غير الطبيعي ( فترة الحضيض ) ، لكن التجمعات المكونة من 3 دورات تريتوس ( 33 عاما ناقص 3 أشهر ) تقترب ( 434.044 شهرا غير طبيعي ) ، لذا فإن الكسوف متشابه في هذه التجمعات . سلسلة ميتونيك . تكرر السلسلة ميتونيك كل 19 عاما ( 6939.69 يوما ) ، وتستمر حوالي 5 دورات . تحدث الكسوف في نفس تاريخ التقويم تقريبا . بالإضافة إلى ذلك ، تكرر سلسلة أوكتن الفرعية 1 / 5 من ذلك أو كل 3.8 سنوات ( 1387.94 يوما ). تحدث جميع الكسوفات في هذا الجدول عند العقدة الهابطة للقمر .",ما هي السلسلة الميتونيك ؟,"تتكرر السلسلة ميتونيك كل 19 عاما ( 6939.69 يوما ) ، وتستمر حوالي 5 دورات",دورة ميتونيك تتكرر كل 19 عاما.,0.91,0.92,0.92
"[Chunk 1]
سلمان الفارسي ( توفى سنة 33 ه ) صحابي ، ومولى النبي محمد ، وأحد رواة ، وهو أول الفرس إسلاما ؛ أصله من بلاد فارس ، ترك أهله وبلده سعيا وراء معرفة الدين الحق ؛ فانتقل بين البلدان ليصحب الرجال الصالحين من القساوسة ، إلى أن وصف له أحدهم ظهور نبي في بلاد العرب ، ووصف له علامات ليتحقق منه . اتفق سلمان مع قوم من بني كلب لينقلوه إلى بلاد العرب ، فغدروا به وباعوه إلى يهودي من وادي القرى ، ثم اشتراه يهودي آخر من يثرب من بني قريظة ، ورحل به إلى بلده . وعند هجرة النبي محمد إلى يثرب ، سمع به سلمان ، فسارع ليتحقق من العلامات ، فأيقن أنه النبي الذي يبحث عنه . فأسلم ، وأعانه النبي محمد وأصحابه على مكاتبة مالكه ، حتى أعتق . بعد عتقه ، شهد سلمان مع النبي محمد غزوة الخندق ، وهو الذي أشار على النبي محمد بحفر الخندق لحماية المدينة من قريش وحلفائها ، ثم شهد معه باقي المشاهد . وبعد وفاة النبي محمد ، شهد سلمان الفتح الإسلامي لفارس ، وتولى إمارة المدائن في خلافة عمر بن الخطاب إلى أن توفي في خلافة عثمان بن عفان . سيرته . روى عبد الله بن عباس عن سلمان قصة نشأته إلى وقت إسلامه حيث قال : ورغم تلك الرواية ، إلا أنه هناك روايات أخرى تناولت قصة إسلامه ، منها أنه من رامهرمز من أهل قرية اسمها « جي » ، وأن مولاه الذي باعه هو عثمان بن الأشهل القرضي اليهودي ، كما قيل أن النبي محمد آخى بين سلمان وأبي الدرداء ، وقيل آخى بينه وبين حذيفة بن اليمان ، إلا أن الزهري أنكر مسألة مؤاخاته ، لأن المؤاخاة ابطلت بعد غزوة بدر ، وسلمان يومئذ كان في الرق . كانت غزوة الخندق أول معارك سلمان التي يخوضها مع النبي محمد ، وهو الذي أشار عليه بحفر الخندق حول المدينة المنورة للدفاع عنها أمام جيش قريش ، وحلفائها . حيث كان الفرس يحفرون الخنادق للدفاع في الحرب ، فقال سلمان : ، ثم شهد معه باقي المشاهد بعدها . وبعد وفاة النبي محمد ، شارك سلمان في فتوح العراق ، تولى سلمان إمارة المدائن ورغم ذلك ، فكان يعمل بيده ، فإذا تحصل له مال اشترى به طعاما ، ودعا الفقراء يأكلون معه . وكان الخلفاء قد جعلوا له راتبا 5 , 000 درهم ، إلا أنه كان ينفقها على الفقراء ، فقد روى الحسن البصري أنه : . وفاته . توفي سلمان في خلافة عثمان بن عفان بالمدائن سنة 33 ه ، وقيل توفي سنة 36 ه ، وكانت لسلمان زوجة من قبيلة كندة اسمها بقيرة ، وقيل أنه كان له بنت بأصبهان لها نسل وبنتان بمصر . أما صفته ، فقد كان سلمان رجلا قويا ، طويل الساقين ، كثير الشعر . قال عنه الذهبي : منزلته . أعلى النبي محمد من منزلة سلمان الفارسي ، فقد روى أنس بن مالك عن النبي محمد قوله : ، كما روى أنس قول النبي محمد : . وفي يوم الأحزاب ، لما تحاجج المهاجرون والأنصار في سلمان الفارسي ، كل منهم يقول : ، فقال النبي : .

[Chunk 2]
الفتوحات الإسلامية أو فتوح المسلمين وتذكر في بعض المصادر ذات الصبغة القومية بالفتوحات العربية ، هي عدة حروب خاضها المسلمون بعد وفاة النبي محمد ضد بيزنطة والفرس والبربر والقوط في السنوات ما بين ( 632 م –732 م ) في العهدين الراشدي والأموي ، كان من نتائج الغزوات سقوط مملكة الفرس وفقدان البيزنطيين لإقاليمهم في الشام وشمال أفريقيا ومصر نشر الإسلام ونشر اللغة العربية معه ومن ثم ظهور الحضارة الإسلامية . تاريخ . بعد وفاة الرسول في المدينة اختير أبو بكر خلفا له وحارب قبائل العرب في ما يسمى حروب الردة وبعدها استولى المسلمون على بلاد الروم البيزنطيين والفرس الساسانيين . فسيطروا على الشام ومصر والعراق وفارس . وظلت الخلافة الراشدة مدة ثلاثين عاما ( 632 – 661 م ). وفي عهد الخليفة عمر بن الخطاب أقيمت أول المدن الإسلامية كالكوفة والفسطاط ومدن إسلامية عديدة ، وفتح الأمويين سجستان بما يعرف فتح سجستان . تأسست الدولة الأموية ( 661 م - 750 م ) وكانت عاصمتها دمشق وحكمت حوالي قرن . وكانت تمتد من غربي الصين إلى جنوب فرنسا حيث كانت الغزوات الإسلامية وقتئذ تمتد من شمال أفريقيا إلى إسبانيا وجنوب فرنسا غرب أوروبا , وبالسند وسط آسيا وفيما وراء نهري جيحون وسيحون . وأقيمت المؤسسات الإسلامية والمساجد والمكتبات في كل المناطق التي فتحها الأمويون . وحاول الأمويون بدمشق فتح مدينة القسطنطينية عام 717 م . وإبان حكمهم فتحوا جميع بلاد شمال أفريقيا . وكان أول نزول لقوات إسلامية في عصر الدولة الأموية وضمت أرض الأندلس بشبه جزيرة إيبيريا ( أسبانيا والبرتغال ). فكان أول انتصار للمسلمين هناك عام 92 هجرية ( 711 م ) في معركة وادي البرباط , لتبدأ مسيرة الفتوحات الإسلامية بجنوب إيطاليا وصقلية . فلقد بلغت الجيوش الإسلامية برنديزي والبندقية بإيطاليا على البحر الأدرياتيكي . وخضعت كل جزر البحر الأبيض المتوسط من إقريطش شرقا حتى قورشقة غربا للحكم الإسلامي . وكانت الخلافة الأموية الثانية بالأندلس 756 – 1031 م عاصمتها قرطبة التي شيدها الأمويون على غرار عاصمتهم دمشق . وكانت أكبر مدينة في أوروبا . وحكموا الأندلس زهاء ثمانية قرون حتى قسمتها التناحرات السياسية بين العائلات الحاكمة لدويلات أدت إلى سقوط الحكم الإسلامي . ولاسيما بعد سقوط مملكة غرناطة بيد الملوك الكاثوليك عام 1492 م فريناندو وإيزابيلا . وعندما كانت الحضارة الأندلسية في عنفوانها ، كانت موقعة بواتييه ( بلاط الشهداء ) قرب تولوز بوسط فرنسا قدأوقفت المد الإسلامي الكاسح لشمالها . حيث لم ينتصر عبد الرحمن الغافقي على الفرنجة عام 114 هجرية ( 732 م ) عندما قتل بها في معركة بلاط الشهداء . لكنهم رغم هذه الهزيمة ، واصلوا فتوحاتهم حتي أصبحت تولوز وليون ونهر اللوار تحت السيادة الإسلامية ولكن كان فتحهم لتولوز لفترة قصيرة تبلغ ثلاثة أشهر نجح بعدها الدوق أودو ( الذي يعرف بيودس ) الذي ترك المدينة للبحث عن المساعدة من العودة مع جيش لينتصر على الجيوش الإسلامية في معركة تولوز في 9 يونيو ، 721 م . وكان المسلمون قد بلغوا نهر السين وبوردو وجنوب إيطاليا ( أطلقوا عليه البر الطويل ). وما بين سنتي 910 م و 1171 م ، وكان ظهور السلاجقة في المشرق والفاطميون بالقاهرة والأيوبيين والمماليك في الشام ومصر . وكانت الحملات الصليبية على سوريا وفلسطين ومصر والسيطرة على القدس . وفي عام 1187 م تمكن صلاح الدين من السيطرة على القدس وانتزاعها من الصليبيين . وكان إحراق المغول التتار لبغداد عام 1258 م بعدما كانت عاصمة الخلافة العباسية خمسة قرون . وكانوا وثنيين . لكنهم أسلموا عند عودتهم . فكانوا للإسلام داعين ومبشرين له بين قبائلهم . وأقاموا تحت ظلاله الإمبراطوريات والممالك الإسلامية بأفغانستان وباكستان وشبه القارة الهندية وبالملتان والبنغال وآسيا الوسطي وأذربيجان والقوقاز والشيشان وفارس وغيرها من بلدان المشرق الإسلامي . حيث أقاموا الحضارة الإسلامية المغولية والتركية التي ما زال أوابدها ماثلة حتي اليوم . وكان تيمورلنك قد أقام الإمبراطورية التيمورية عام ( 1379 م - 1401 م ) وكانت العاصمة سمرقند بوسط آسيا . وقد حكم إيران والعراق والشام وحتى الهند . وكانت وقتئذ طرق القوافل التجارية العالمية تحت سيطرة المسلمين . سواء طريق الحرير الشهير أو تجارة المحيط الهندي بين الشرق الأقصى وشرق أفريقيا . وكان السقوط الأخير للقسطنطينية ( عام 1453 م ), عاصمة الإمبراطورية البيزنطية ( الروم ). وكان هذا السقوط علي يد محمد الفاتح العثماني . وأطلق عليها إسلام بول ( إستانبول ) بعدما جعلها عاصمة للخلافة العثمانية ( الدولة العثمانية ) ( 1350 م - 1924 م ). وكان لسقوط القسطنطينية صداه في العالم الإسلامي كله حيث أقيمت الزينات بدمشق والقاهرة وشمال أفريقيا لأن هذا النصر كان نهاية للكنيسة الشرقية ولاسيما بعد تحويل مقرها إلى أيا صوفيا . ثم أستطاع العثمانيون غزو رومانيا والصرب والبوسنة والهرسك والمجر وألبانيا واليونان وجورجيا ( بلاد الكرج ) وكرواتيا وأجزاء شاسعة من روسيا ( القوقاز ) وأوكرانيا ( القرم ). ولقد حاصروا فيينا قلب أوروبا المسيحية ثلاث مرات أيضا . وحشد البابا في الفاتيكان قوات أوروبا لوقف الزحف الإسلامي وأستطاع أن يرد العثمانيين بعد بقائهم لمدة شهرين فقط في معركة فيينا في 1683 م . ومن بعدها كان خبز الكرواسون ومعناه الهلال ( بالفرنسية ) يصنع على هيئة الهلال ليأكله الأوربيون في أعيادهم للاحتفال بالانتصار على العثمانيين الذي كان علمهم يحتوي على هلال وكل هذا فضلا عن بلوغ التتار المسلمين القوة التي مكنتهم من محاصرة موسكو وغزوها لولا ان قبل أهلها بدفه الجزية للتتار المسلمين . في ظلال الحكم الإسلامي ظهرت مدن تاريخية منها ماهو كان قائم وازدهر ومن ما هو جديد كالكوفة وحلب وحمص والبصرة ودمشق وبغداد والرافقة الرقة والفسطاط والقيروان وفاس ومراكش والمهدية والجزائر وقرطلة وغيرها . وقد خلفت الحضارة الإسلامية مدنا متحفية تعبر عن العمارة الإسلامية كإستانبول بمساجدها ودمشق بعمائرها الإسلامية والقاهرة وحلب والمهدية والقيروان بتونس وبخاري وسمرقند وحيدر أباد وقندهار وبلخ وترمذ وغزنة وبوزجان وطليطلة وقرطبة وإشبيلية ومرسية وأصفهان وتبريز ونيقية وغيرها من المدن الإسلامية . تعاليم الإسلام في الفتح .

[Chunk 3]
أبو سليمان خالد بن الوليد بن المغيرة المخزومي القرشي ( 30 ق . ه - 21 ه / 592 - 642 م ) صحابي وقائد عسكري مسلم ، لقبه الرسول بسيف الله المسلول . اشتهر بعبقرية تخطيطه العسكري وبراعته في قيادة جيوش المسلمين في حروب الردة وفتح العراق والشام ، في عهد خليفتي الرسول أبي بكر وعمر في غضون عدة سنوات من عام 632 حتى عام 636. يعد أحد قادة الجيوش القلائل في التاريخ الذين لم يهزموا في معركة طوال حياتهم ، فهو لم يهزم في أكثر من مائة معركة أمام قوات متفوقة عدديا من الإمبراطورية الرومانية البيزنطية والإمبراطورية الساسانية الفارسية وحلفائهم ، بالإضافة إلى العديد من القبائل العربية الأخرى . اشتهر خالد بانتصاراته الحاسمة في معارك اليمامة وأليس والفراض ، وتكتيكاته التي استخدمها في معركتي الولجة واليرموك . لعب خالد بن الوليد دورا حيويا في انتصار قريش على قوات المسلمين في غزوة أحد قبل إسلامه ، كما شارك ضمن صفوف الأحزاب في غزوة الخندق . ومع ذلك ، اعتنق خالد الدين الإسلامي بعد صلح الحديبية ، شارك في حملات مختلفة في عهد الرسول ، أهمها غزوة مؤتة وفتح مكة . وفي عام 638 ، وهو في أوج انتصاراته العسكرية ، عزله الخليفة عمر بن الخطاب من قيادة الجيوش لأنه خاف أن يفتتن الناس به ، فصار خالد بن الوليد في جيش الصحابي أبو عبيدة عامر بن الجراح وأحد مقدميه ، ثم انتقل إلى حمص حيث عاش لأقل من أربع سنوات حتى وفاته ودفنه بها . نشأته . وفقا لعادة أشراف قريش ، أرسل خالد إلى الصحراء ، ليربى على يدي مرضعة ويشب صحيحا في جو الصحراء . وقد عاد لوالديه وهو في سن الخامسة أو السادسة . مرض خالد خلال طفولته مرضا خفيفا بالجدري ، لكنه ترك بعض الندبات على خده الأيسر . وتعلم خالد الفروسية كغيره من أبناء الأشراف ، ولكنه أبدى نبوغا ومهارة في الفروسية منذ وقت مبكر ، وتميز على جميع أقرانه ، كان خالد صاحب قوة مفرطة كما عرف بالشجاعة والجلد والإقدام ، والمهارة وخفة الحركة في الكر والفر . واستطاع « خالد » أن يثبت وجوده في ميادين القتال ، وأظهر من فنون الفروسية والبراعة في القتال ما جعله من أفضل فرسان عصره . صفته . كان خالد طويلا بائن الطول ، عظيم الجسم والهامة ، يميل إلى البياض ، كث اللحية ، شديد الشبه بعمر بن الخطاب ، حتى أن ضعاف النظر كانوا يخلطون بينهما . خالد في عهد الرسول محمد . قبل إسلامه . لا يعرف الكثير عن خالد خلال فترة الدعوة للإسلام في مكة . وبعد هجرة الرسول من مكة إلى المدينة المنورة ، دارت العديد من المعارك بين المسلمين وقريش . لم يخض خالد غزوة بدر أولى المعارك الكبرى بين الفريقين ، والتي وقع فيها شقيقه الوليد أسيرا في أيدي المسلمين . وذهب خالد وشقيقه هشام لفداء الوليد في يثرب ، إلا أنه وبعد فترة قصيرة من فدائه ، أسلم الوليد وهرب إلى يثرب . كانت غزوة أحد أولى معارك خالد في الصراع بين القوتين ، والتي تولى فيها قيادة ميمنة القرشيين . لعب خالد دورا حيويا لصالح القرشيين ، فقد استطاع تحويل دفة المعركة ، بعدما استغل خطأ رماة المسلمين ، عندما تركوا جبل الرماة لجمع الغنائم بعد تفوق المسلمين في بداية المعركة . انتهز خالد ذلك الخطأ ليلتف حول جبل الرماة ويهاجم بفرسانه مؤخرة جيش المسلمين ، مما جعل الدائرة تدور على المسلمين ، وتحول هزيمة القرشيين إلى نصر .",كيف وصل سلمان الفارسي إلى العرب ؟,"ترك أهله وبلده سعيا وراء معرفة الدين الحق ؛ فانتقل بين البلدان ليصحب الرجال الصالحين من القساوسة ،",لا يعرف الكثير عن طرق وصول سلمان الفارسي إلى العرب.,0.44,0.2,0.14
"[Chunk 1]
الألعاب الأولمبية الحديثة () هي أحداث رياضية دولية تشمل مسابقات رياضية صيفية وشتوية ، يشارك فيها رياضيون من كلا الجنسين في المنافسات المختلفة ويمثلون وفودا مختلفة من جميع أنحاء العالم . تعتبر الألعاب الأولمبية المنافسة الرياضية الأولى في العالم بمشاركة أكثر من 200 دولة . حيث ينظم هذا الحدث حاليا كل سنتين في السنوات الزوجية ، بتناوب الألعاب الصيفية والشتوية بعد أن كانت تقام كلتا المسابقتين كل أربع سنوات ، وفي نفس السنة حتى عام 1992. تسمى فترة الأربع سنوات بين سنوات الدورات بأولمبياد . تم استلهام إنشائها من الألعاب الأولمبية القديمة () ، التي كانت تعقد في أولمبيا ، اليونان من القرن الثامن قبل الميلاد إلى القرن الرابع الميلادي . حيث أسس البارون بيير دي كوبرتان اللجنة الأولمبية الدولية ( IOC ) في عام 1894 عبر الكونغرس الأولمبي ، هذه اللجنة التي قادت إلى تنظيم أول دورة ألعاب أولمبية حديثة في أثينا عام 1896. واللجنة الأولمبية الدولية هي الهيئة الإدارية للحركة الأولمبية ، ويحدد الميثاق الأولمبي هيكلتها وسلطتها . أدى تطور الحركة الأولمبية خلال القرنين العشرين والحادي والعشرين إلى العديد من التغييرات في الألعاب الأولمبية . تشمل هذه التعديلات إنشاء الألعاب الأولمبية الشتوية للرياضات الثلجية والجليدية ، والألعاب البارالمبية خاصة بالرياضيين ذوي الإحتياجات الخاصة ، والألعاب الأولمبية للشباب خاصة بالرياضيين الذين تتراوح أعمارهم بين 14 و 18 عاما ، والألعاب القارية الخمس ( عموم أمريكا ، الأفريقية ، الآسيوية ، الأوروبية ، والمحيط الهادئ ) ، والألعاب العالمية للرياضات التي لم تدرج على جدول برنامج الألعاب الأولمبية . كما تؤيد اللجنة الأولمبية الدولية ألعاب الصم والأولمبياد الخاص . وكان على اللجنة الأولمبية الدولية التكيف مع مجموعة متنوعة من التطورات الاقتصادية والسياسية والتكنولوجية . من بين هذه التطورات الاقتصادية إساءة استخدام قواعد الهواة من قبل بلدان الكتلة الشرقية ، التي دفعت اللجنة الأولمبية الدولية إلى السماح للرياضيين المحترفين بالمشاركة في الألعاب بعد أن كانت حكرا على مشاركة الرياضيين الهواة فقط ، كما أرادها مؤسس الألعاب كوبرتان . ومن بين هذه التطورات التكنولوجية الأهمية المتزايدة لوسائل الإعلام التي أدت إلى الإلتفات لأهمية رعاية الشركات والتسويق العام للألعاب الأولمبية . أما على صعيد السياسة فقد أدت الحروب العالمية إلى إلغاء الألعاب الأولمبية لعام 1916 و 1940 و 1944 ؛ كذلك أدت المقاطعات واسعة النطاق خلال الحرب الباردة إلى الحد من المشاركة في أولمبياد 1980 و 1984 ؛ أما على الصعيد الصحي فقط تم تأجيل دورة الألعاب الأولمبية 2020 حتى عام 2021 نتيجة لجائحة كوفيد -19. تتكون الحركة الأولمبية من الاتحادات الرياضية الدولية ( IFs ) ، واللجان الأولمبية الوطنية ( NOCs ) ، واللجنة المنظمة لدورة الألعاب الأولمبية المزمع إنعقادها . اللجنة الأولمبية الدولية بصفتها هيئة صنع القرار فإنها المسؤولة عن اختيار المدينة المضيفة لكل دورة ، وكذلك فهي تنظم وتمول الألعاب وفقا للميثاق الأولمبي . وتحدد اللجنة الأولمبية الدولية أيضا البرنامج الأولمبي الذي يتكون من الألعاب الرياضية التي سيتم التنافس عليها في كل دورة للألعاب الأولمبية . يشمل الاحتفال بالألعاب الأولمبية العديد من الطقوس والرموز الأولمبية ، مثل العلم الأولمبي والشعلة الأولمبية ، بالإضافة إلى حفلي الافتتاح والختام . تنافس أكثر من 14000 رياضي في الألعاب الأولمبية الصيفية 2016 والألعاب الأولمبية الشتوية 2018 مجتمعة ، في 35 رياضة مختلفة وأكثر من 400 حدث . يحصل الفائزون بالمركز الأول والثاني والثالث في كل حدث على ميداليات أولمبية ، حيث يتوج الرياضي الحاصل على المركز الأول بالميدالية الذهبية ، والثاني بالفضية ، والثالث بالبرونزية . الألعاب الأولمبية القديمة . كانت الألعاب الأولمبية القديمة عبارة عن مزيج من مهرجانات دينية ورياضية تقام كل أربع سنوات في حرم زيوس في أولمبيا باليونان . كانت المنافسة تتم بين ممثلي العديد من دول المدن وممالك اليونان القديمة . وكانت ألعاب القوى هي المنافسات الرياضية الرئيسية في برنامج تلك الدورات ، وكذلك كان البرنامج بتضمن الرياضات القتالية مثل المصارعة ورياضة بانكراتيو اليونانية ، بالإضافة إلى مسابقات الخيل وأحداث سباق العربات . لقد كتب على نطاق واسع أنه خلال الألعاب ، كان يتم تأجيل جميع النزاعات بين دول المدن المشاركة حتى انتهاء الألعاب . عرف وقف الأعمال العدائية هذا باسم السلام أو الهدنة الأولمبية . وقد سمحت الهدنة لأولئك الحجاج الدينيين الذين كانوا يسافرون إلى أولمبيا بالمرور عبر الأراضي المتحاربة دون مضايقة لأنهم كانوا محميين من قبل زيوس . إلا أن هذه الفكرة لاقت بعض النقد ، حيث اعتبرها البعض ما هي إلا مجرد أسطورة حديثة لا أساس لها من الصحة ، لأن اليونانيين لم يعلقوا حروبهم أبدا . يكتنف أصل الألعاب الأولمبية الغموض والأساطير . وواحدة من أكثر الأساطير شيوعا تعتبر هرقل ( هيراكليس ) ووالده زيوس هم أسلاف ومؤسسي الألعاب الأولمبية . وفقا للأسطورة ، كان هيراكليس هو أول من أطلق على الألعاب تسمية « الأولمبية » ، وأرسى تقليد عقدها كل أربع سنوات . وتستمر الأسطورة بسرد الأحداث بأنه بعد أن أكمل هيراكليس أعماله الإثني عشر ، قام ببناء الملعب الأولمبي تكريما لزيوس . وبعد الانتهاء من بنائه قام بالسير بخط مستقيم لمسافة 200 خطوة ، وأطلق على هذه المسافة « ستاديون » ، ( باللاتينية : stadium ) ، والتي أصبحت فيما بعد وحدة قياس للمسافة . التاريخ الأكثر قبولا لبدء الألعاب الأولمبية القديمة هو 776 قبل الميلاد ؛ يعتمد هذا التاريخ على النقوش الموجودة في أولمبيا ، والتي تدرج أسماء الفائزين بسباق كان يقام كل أربع سنوات بدءا من 776 قبل الميلاد . تضمنت الألعاب القديمة أحداث الجري ، الخماسي ( القفز ، رمي القرص ، رمي الرمح ، الجري ، والمصارعة ) ، الملاكمة ، المصارعة ، بانكراتيو ، وأحداث الفروسية . تقول التقاليد أن كورويبوس ، وهو طباخ من مدينة إليس ، كان أول بطل أولمبي . كان للألعاب الأولمبية بعدا دينيا ، حيث تضمنت الألعاب الأولمبية أحداثا رياضية جنبا إلى جنب مع طقوس تقديم الأضحية والقرابين لكل من زيوس ( حيث ينتصب تمثاله الشهير المصمم من قبل النحات فيدياس في معبده في أولمبيا ) وبيلوبس البطل المقدس والملك الأسطوري لأوليمبيا . وقد اشتهر بيلوبس بسباق مركبته مع ملك مدينة بيساتيس الملك أونوماوس . وكان للألعاب الأولمبية بعدا ثقافيا حيث كان المؤرخون والشعراء والنحاتون يخلدون انتصارات الفائزين من خلال القصائد والتماثيل . كانت الدورات الأولمبية تعقد كل أربع سنوات ، واستخدم اليونانيون هذه الفترة المعروفة باسم الأولمبياد كإحدى وحدات قياس الوقت . كانت الألعاب جزءا من دورة تعرف باسم الألعاب الهيلينية ، والتي تضمنت بالإضافة إلى الألعاب الأولمبية كل من الألعاب البيثية ، الألعاب النيمية والألعاب البرزخية . بلغت الألعاب الأولمبية ذروة نجاحها في القرنين السادس والخامس قبل الميلاد ، لكن أهميتها بدأت بالتراجع تدريجيا وذلك تزامنا مع ازدياد سيطرة ونفوذ الرومان في اليونان . على الرغم من عدم وجود إجماع علمي حول موعد انتهاء الألعاب رسميا ، إلا أن التاريخ الأكثر شيوعا هو عام 393 ميلادية ، عندما أصدر الإمبراطور ثيودوسيوس مرسوما يقضي بإلغاء جميع العبادات والممارسات الوثنية . وهناك تاريخ آخر يتم الاستشهاد به بشكل شائع هو عام 426 ميلادية ، عندما أمر الإمبراطور ثيودوسيوس الثاني بتدمير جميع المعابد اليونانية . الألعاب الأولمبية الحديثة . رواد الألعاب الأولمبية الحديثة .

[Chunk 2]
الاتحاد الدولي لكرة القدم ، ويعرف اختصارا باسم فيفا ، هي الهيئة المنظمة للعبة كرة القدم في العالم ، تأسست في 21 مايو من العام 1904 في باريس ، ويقع مقرها بمدينة زيورخ في سويسرا . ويضم 211 من اتحادات كرة القدم في العالم ، ويرأس الفيفا منذ 26 فبراير 2016 جياني إنفانتينو . تاريخ . اجتمع في العام 1863 إثنا عشر مندوبا من الأندية والجمعيات الإنجليزية في باريس للبحث في كيفية وضع قوانين خاصة باللعبة لإنشاء أول اتحاد رسمي لكرة القدم . فقبل تأسيس الفيفا كانت المئات من المدارس والأندية تمارس كرة القدم بقوانين خاصة بها . فالبعض منها سمح للاعب باستعمال يديه وكتفيه أثناء اللعب فيما منع القسم الآخر استعمال اليدين ، ومع وجود هذه الخلافات إتفق الاتحاد الجديد على تحديد أصول اللعبة ووضع قانون موحد لها . فخلال عقد أنشئ الاتحاد الويلزي ثم الاسكتلندي والإيرلندي . وفي عام 1882 أسست الاتحادات الأربعة مجتمعة الاتحاد الدولي لكرة القدم ، الذي ينظم قواعد كرة القدم في أنحاء العالم . مع نهاية القرن التاسع عشر انتشرت لعبة كرة القدم في مختلف أنحاء العالم حيث نشرها البحارة والتجار البريطانيين ، ومن مختلف المسافرين الأوروبيين . فمن أستراليا إلى البرازيل . ومن المجر إلى روسيا أنشئت الاتحادات والأندية والمسابقات ، وأدى ذلك النمو الشامل إلى تكوين الاتحاد الدولي لكرة القدم ( الفيفا ) في باريس في 21 مايو 1904. بعدما تم إنهاء دور الاتحاد السابق من قبل فرنسا وبمشاركة ست دول أوروبية ، وأصبحت كرة القدم لعبة عالمية . والاسم الفرنسي لا يزال يستخدم حتى يومنا هذا حتى خارج نطاق الدول الناطقة باللغة الفرنسية . كان أول رئيس للاتحاد الفرنسي روبير غيرين . كأس العالم . ترجع فكرة إقامة كأس العالم لكرة القدم إلى أول اجتماع للاتحاد الدولي لكرة القدم عام 1904 في باريس ، وبحضور سبع دول هي : سويسرا ، بلجيكا ، الدانمارك ، فرنسا ، هولندا ، إسبانيا ، والسويد . حيث تبنى للاتحاد الدولي فكرة إقامة بطولة عالمية لكرة القدم ، بعد أن استغرق القرار وقتا طويلا للإتفاق عليه . بسبب عدة صعوبات ، كانت أبرز هذه الصعوبات هو رفض اللجنة الأولمبية الدولية لفكرة البطولة خوفا من تأثيرها على الدورات الأولمبية العريقة ، وكذلك خوفا من سيطرة الاتحاد الدولي على اللعبة الأكثر شعبية في العالم . نهضت الفكرة مرة أخرى عام 1921 على يد المحامي الفرنسي جول ريميه ، والذي أصبح لاحقا رئيسا للاتحاد الدولي لكرة القدم والذي عمل جاهدا لإطلاق أول بطولة عالمية لكرة القدم ، وبعد مرور سبعة أعوام على تعيينه في منصب الرئاسة وافق الاتحاد الدولي لكرة القدم في اجتماع تاريخي عقد في 25 مايو 1928 على إقرار بطولة كأس العالم ، وتسميتها ببطولة كأس النصر . تقدمت الأوروغواي بطلب تنظيم البطولة ، وتمت الموافقة نظرا لأنها كانت رائدة المنتخبات في ذلك الوقت وبطلة آخر دورتين أولمبيتين ، وقدمت تسهيلات للمنتخبات المشاركة ، وتكفل الاتحاد الدولي بدفع مصاريف الفرق وتنقلاتها الصعبة في ذلك الوقت . قبل عامين من انطلاق منافسات أول كأس عالم ، اشترطت التعليمات وجوب وجود جائزة ثمينة تقدم للمنتخب الفائز بالبطولة العالمية ، مما دفعهم إلى إنشاء كأس النصر ( كأس جول ريميه ). وانطلقت البطولة لأول مرة عام 1930 ولا زالت مستمرة كل 4 سنوات حتى اليوم . بطولات أخرى . ومع إشراف الاتحاد الدولي لكرة القدم على كأس العالم لكرة القدم والألعاب الأولمبية ، فإن الاتحاد قد نظم العديد من البطولات الأخرى مثل كأس العالم لكرة القدم تحت 17 سنة وكأس العالم لكرة القدم تحت 20 سنة ، وقد نظم الفيفا بطولة كأس القارات لكرة القدم ، وقد كانت فكرة كأس القارات والتي كان اسمها في السابق بطولة الكأس الذهبية .

[Chunk 3]
الاتحاد الدولي لكرة القدم ، ويعرف اختصارا باسم فيفا ، هي الهيئة المنظمة للعبة كرة القدم في العالم ، تأسست في 21 مايو من العام 1904 في باريس ، ويقع مقرها بمدينة زيورخ في سويسرا . ويضم 211 من اتحادات كرة القدم في العالم ، ويرأس الفيفا منذ 26 فبراير 2016 جياني إنفانتينو . تاريخ . اجتمع في العام 1863 إثنا عشر مندوبا من الأندية والجمعيات الإنجليزية في باريس للبحث في كيفية وضع قوانين خاصة باللعبة لإنشاء أول اتحاد رسمي لكرة القدم . فقبل تأسيس الفيفا كانت المئات من المدارس والأندية تمارس كرة القدم بقوانين خاصة بها . فالبعض منها سمح للاعب باستعمال يديه وكتفيه أثناء اللعب فيما منع القسم الآخر استعمال اليدين ، ومع وجود هذه الخلافات إتفق الاتحاد الجديد على تحديد أصول اللعبة ووضع قانون موحد لها . فخلال عقد أنشئ الاتحاد الويلزي ثم الاسكتلندي والإيرلندي . وفي عام 1882 أسست الاتحادات الأربعة مجتمعة الاتحاد الدولي لكرة القدم ، الذي ينظم قواعد كرة القدم في أنحاء العالم . مع نهاية القرن التاسع عشر انتشرت لعبة كرة القدم في مختلف أنحاء العالم حيث نشرها البحارة والتجار البريطانيين ، ومن مختلف المسافرين الأوروبيين . فمن أستراليا إلى البرازيل . ومن المجر إلى روسيا أنشئت الاتحادات والأندية والمسابقات ، وأدى ذلك النمو الشامل إلى تكوين الاتحاد الدولي لكرة القدم ( الفيفا ) في باريس في 21 مايو 1904. بعدما تم إنهاء دور الاتحاد السابق من قبل فرنسا وبمشاركة ست دول أوروبية ، وأصبحت كرة القدم لعبة عالمية . والاسم الفرنسي لا يزال يستخدم حتى يومنا هذا حتى خارج نطاق الدول الناطقة باللغة الفرنسية . كان أول رئيس للاتحاد الفرنسي روبير غيرين . كأس العالم . ترجع فكرة إقامة كأس العالم لكرة القدم إلى أول اجتماع للاتحاد الدولي لكرة القدم عام 1904 في باريس ، وبحضور سبع دول هي : سويسرا ، بلجيكا ، الدانمارك ، فرنسا ، هولندا ، إسبانيا ، والسويد . حيث تبنى للاتحاد الدولي فكرة إقامة بطولة عالمية لكرة القدم ، بعد أن استغرق القرار وقتا طويلا للإتفاق عليه . بسبب عدة صعوبات ، كانت أبرز هذه الصعوبات هو رفض اللجنة الأولمبية الدولية لفكرة البطولة خوفا من تأثيرها على الدورات الأولمبية العريقة ، وكذلك خوفا من سيطرة الاتحاد الدولي على اللعبة الأكثر شعبية في العالم . نهضت الفكرة مرة أخرى عام 1921 على يد المحامي الفرنسي جول ريميه ، والذي أصبح لاحقا رئيسا للاتحاد الدولي لكرة القدم والذي عمل جاهدا لإطلاق أول بطولة عالمية لكرة القدم ، وبعد مرور سبعة أعوام على تعيينه في منصب الرئاسة وافق الاتحاد الدولي لكرة القدم في اجتماع تاريخي عقد في 25 مايو 1928 على إقرار بطولة كأس العالم ، وتسميتها ببطولة كأس النصر . تقدمت الأوروغواي بطلب تنظيم البطولة ، وتمت الموافقة نظرا لأنها كانت رائدة المنتخبات في ذلك الوقت وبطلة آخر دورتين أولمبيتين ، وقدمت تسهيلات للمنتخبات المشاركة ، وتكفل الاتحاد الدولي بدفع مصاريف الفرق وتنقلاتها الصعبة في ذلك الوقت . قبل عامين من انطلاق منافسات أول كأس عالم ، اشترطت التعليمات وجوب وجود جائزة ثمينة تقدم للمنتخب الفائز بالبطولة العالمية ، مما دفعهم إلى إنشاء كأس النصر ( كأس جول ريميه ). وانطلقت البطولة لأول مرة عام 1930 ولا زالت مستمرة كل 4 سنوات حتى اليوم . بطولات أخرى . ومع إشراف الاتحاد الدولي لكرة القدم على كأس العالم لكرة القدم والألعاب الأولمبية ، فإن الاتحاد قد نظم العديد من البطولات الأخرى مثل كأس العالم لكرة القدم تحت 17 سنة وكأس العالم لكرة القدم تحت 20 سنة ، وقد نظم الفيفا بطولة كأس القارات لكرة القدم ، وقد كانت فكرة كأس القارات والتي كان اسمها في السابق بطولة الكأس الذهبية . ومع تطور كرة القدم النسائية ، أنشأ الفيفا كأس العالم لكرة القدم للنساء في عام 1991 ، وكأس العالم لكرة القدم للنساء تحت 20 سنة في عام 2002 ، انتهت بطولة كأس العالم لكرة القدم تحت 17 ربيعا . ونظم الفيفا بطولة كرة قدم للأندية اسمها كأس العالم للأندية ، وتقام البطولة بين أبطال القارات الستة وبطل الدوري في الدولة المستضيفه للبطولة ، وتقام البطولة حاليا في الامارات . وينظم الفيفا العديد من المسابقات لكرة القدم الشاطئية وكرة القدم داخل الصالات . ولايوجد بطولة لايعترف فيها الفيفا لكن يوجد بطولات لايشرف عليها الفيفا بسبب عدم وجود دخل مادي كافي لها مثل دورات الخليج العربي أو مثل بطولة أمريكا الجنوبية ( كوبا امركا ) لان الدول المشاركة فيها عشرة منتخبات ويلعبون فورآ بدون تصفيات . قوانين اللعبة . أسرت مباريات كرة القدم بين أعوام 1870 و 1880 معظم المشاهدين وازداد إعجابهم بسحر الكرة المستديرة فتم وضع القوانين الأساسية من قبلهم إضافة إلى القوانين الجديدة مثل رمي الكرة من خط التماس باليدين وركلة الجزاء . فلمدة طويلة كان بالإمكان مهاجمة حراس المرمى ولكن الآن لم يعد ذلك ممكنا إلا إذا كان الحارس يملك الكرة . وكان بإمكان الحراس التقاط الكرة من أي نقطة من الملعب ولكن تم تغيير هذه القاعدة بعد أن سجلت عدة أهداف من قبل حراس المرمى عام 1910 في شباك الخصم . التنظيم . أنشئ الاتحاد الدولي لكرة القدم تحت نظم القوانين السويسرية ، وتقوم الهيئة العليا في الفيفا بالتواصل مع كل اتحاد محلي ، وتعقد الهيئة العليا في الفيفا اجتماعا كل أربع سنوات منذ عام 1998 لمناقشة تغيير بعض قوانين كرة القدم . وتختار الهيئة العليا رئيس الفيفا ، والسكرتارية التابعة له ، وأعضاء الفيفا ، ويهتم رئيس الفيفا بالأعمال المكتبية في الفيفا ، بينما يقوم السكرتارية بالاهتمام بقضايا ال 209 أعضاء . وقام الاتحاد الدولي لكرة القدم بإنشاء العديد من الاتحادات ، ومنها الاتحادات القارية ، ويجب على الاتحادات الوطنية أن تكون عضوا في الاتحاد القاري لكرة القدم والاتحاد الدولي لكرة القدم وفقا لتصنيفها الجغرافي . وللدول الواقعة بين آسيا وأوروبا الخيار في اختيار أي اتحاد قاري يريدون الانضمام إليه ، وهناك عدد من الدول مثل روسيا وتركيا وأرمينيا وأذربيجان اختارت الانضمام إلى أوروبا ، بالرغم من أن بلادهم تقع في قارة آسيا ، وقد انضمت إسرائيل إلى الاتحاد الأوروبي لكرة القدم في عام 1994 بالرغم من كونها في قارة آسيا بعد أن حدثت العديد من المشاكل بينها وبين العديد من الدول في الشرق الأوسط ، وقد انضمت كازاخستان إلى قارة أوروبا في عام 2002. وتعتبر دولتا سورينام وغيانا أعضاء في اتحاد أمريكا الشمالية وأمريكا الوسطى والبحر الكاريبي لكرة القدم بالرغم من كونهم في قارة أمريكا الجنوبية . وانضمت أستراليا إلى الاتحاد الآسيوي لكرة القدم في بداية عام 2006 ، وذلك بسبب عدم وجود أي مقعد خاص لكأس العالم لكرة القدم لقارة أوقيانوسيا ، وللسخرية فإن منتخب أستراليا لكرة القدم قد تأهل إلى كأس العالم لكرة القدم 2006 عن بعد أن تغلب على منتخب أوروغواي لكرة القدم ، وفي الطريقة التي تعتبر من الصعب الوصول إلى كأس العالم عن طريقها . جوائز .",من هو الشخص الذي أسس اللجنة الأولمبية الدولية ؟,البارون بيير دي كوبرتان,"اللجنة الأولمبية الدولية (IOC) لم تُأسس بشكل مباشر من قبل شخص واحد، بل هي نتاج عمل مجموعة من الأشخاص والاتحادات الرياضية. ومع ذلك، فإن أول اجتماع لتأسيس اللجنة الأولمبية الدولية كان في عام 1894، وتم الإعلان عن إنشاءها رسمياً في عام 1896 خلال أولمبياد أثينا.

رغم أن IOC لم تُأسس من قبل شخص واحد، إلا أنها تم تشكيلها تحت قيادة العديد من الشخصيات البارزة في تاريخ الألعاب الأولمبية. أشهر الشخصيات التي شكلت اللجنة الأولمبية الدولية هي:

1. جوزيف سوبي: كان أول رئيس للجنة الأولمبية الدولية.

2. فرانسوا بيرنارديس: قام بتنظيم أولمبياد أثينا 1896 وساهم في تأسيس IOC.

3. جوزيف شافر: أصبح ثاني رئيس للجنة الأولمبية الدولية بعد سوبي، واشترك أيضًا في تأسيسها.

لذا، لا يمكن تحديد شخص واحد أسس اللجنة الأولمبية الدولية، ولكن يمكن القول أن تأسيسها كان نتيجة عمل مجموعة من الشخصيات الرياضية والسياسية.",0.2,0.76,0.2
"[Chunk 1]
ميجيزواف شيفشيك هو لاعب كرة قدم بولندي في مركز الوسط ، ولد في 11 سبتمبر 1962 في أشفنشم في بولندا . شارك مع منتخب بولندا لكرة القدم . أما مع النوادي ، فقد لعب مع رتش شوروزو .

[Chunk 2]
ميجيزواف سيكورا هو لاعب كرة قدم بولندي في مركز الوسط ، ولد في 6 فبراير 1982 في في بولندا . لعب مع بياست غليفيتسه وبييلسكو بياوا ونادي ال كي اس ودز .

[Chunk 3]
الحسين أنفال ( 15 سبتمبر 1952 - 22 أغسطس 2012 ) هو لاعب كرة قدم مغربي محترف لعب لنادي ستاد رين وللمنتخب المغربي . مهنة النادي . ولد الحسين في مدينة القنيطرة ، ولعب كرة القدم مع النادي القنيطري ، وفاز مع النادي بالبطولة الوطنية المغربية عام 1972 -1973. ولعب في الدوري الفرنسي مع نادي رين ، ولعب في الدوري الفرنسي الدرجة الثانية مع نادي كويمبيريوس . مهنة دولية . لعب الحسين عدة مباريات دولية مع المنتخب المغربي ، وشارك في المباريات التأهيلية لكأس العالم 1974 ، وكأس العالم 1978. كما شارك في كأس الأمم الإفريقية 1978.",مع أي منتخب شارك ميجيزواف شيفشيك في كرة القدم ؟,منتخب بولندا لكرة القدم,شارك ميجيزواف شيفشيك مع منتخب بولندا لكرة القدم.,0.9,0.92,0.9
"[Chunk 1]
القديس دانيشوار ( يشار إليه أيضا باسم جنانيشوار وجناناديفا ودنياندف أو مولي أو دانيانيشوار فيتال كولكرني ) ( 1275 -1296 ) ، قديس هندي من القرن الثالث عشر ، وشاعر ، وفيلسوف ، ويوغي من تقاليد ناث شيفا وفاركاري . في حياته القصيرة البالغة 21 عاما ، ألف "" دانيشوري "" ( تعليق على البهاغافاد غيتا ) وأمرتانبهاف . هذه هي أقدم الأعمال الأدبية الباقية في اللغة الماراثية ، وتعتبر معالم في الأدب الماراثى . تعكس أفكار القديس دانيشوار فلسفة أدفايتا فيدانتا اللاثنائية ، والتركيز على اليوغا وبهاكتي تجاه فيثوبا ، وهو تجسيد للإله فيشنو . ألهم إرثه شعراء قديسين مثل إيكناث وتوكارام ، وهو أحد مؤسسي تقليد حركة فاركاري ( فيثوبا - كريشنا ) بهاكتي للهندوسية في ولاية ماهاراشترا . تعهد دانيشوار بالسمادي في ألاندي عام 1296 ودفن نفسه في غرفة تحت الأرض . السيرة الذاتية . ولد دانيشوار في عام 1275 ( في يوم كريشنا جانماشتامي الميمون ) في عائلة ديشاستا البراهمة الناطقة باللغة الماراثية في قرية أبيغون على ضفاف نهر جودافاري بالقرب من بايتن في ولاية ماهاراشترا في عهد الملك يادافا راماشاندرا . تمتعت المملكة وعاصمتها ديفاجيري بسلام واستقرار نسبيين ، وكان الملك راعيا للآداب والفنون . حفظت تفاصيل السيرة الذاتية لحياة القديس دانيشوار في كتابات تلاميذه ، ساتيامالاناث وساتشيداناند . تقدم التقاليد المختلفة روايات متضاربة عن تفاصيل حياة دانيشوار . ومع ذلك ، فإن تاريخ تكوين عمله "" دانيشوري "" ( 1290 ) لا جدال فيه . وفقا للتقاليد الأكثر قبولا في حياة دانيشوار ، فقد ولد عام 1275 م ، وحصل على السمادي عام 1296 م . تشير مصادر أخرى إلى أنه ولد عام 1271 م . حياته . هناك خلاف حول تفاصيل السيرة الذاتية لحياة دانيشوار القصيرة التي تبلغ نحو 21 عاما ، وموثوقيتها موضع شك . تمتلئ الحسابات المتاحة بأساطير القديس والمعجزات التي قام بها ، مثل قدرته على جعل جاموس يغني الفيدا ، وتواضعه بركوبه جدار اليوغا المتحرك . وفقا للروايات التي وصلت ، كان والد دانيشوار فيتالابانت هو كولكرني ( محاسب بالوراثة ، عادة البراهمة ، وهو الذي يحتفظ بسجلات الأراضي والضرائب في القرى ) لقرية تسمى أبيغون على ضفاف نهر جودافاري في ولاية ماهاراشترا ، وهي مهنة ورثها من أسلافه . تزوج من راكمباي ، ابنة كولكرني من ألاندي . ومع أن فيتالابانت كان رب منزل ، فقد كان تواقا إلى التعلم الروحي . زادت خيبة أمله من الحياة نتيجة وفاة والده ولأنه لم يكن لديه أطفال من زواجه . في النهاية ، بموافقة زوجته ، تخلى عن الحياة الدنيوية وغادر إلى كاشي ليصبح سانياسين ( التنازل ). وفقا لنسخة أخرى من هذه الأحداث ، جاء والد دانيشوار فيتالابانت من سلسلة طويلة من المعلمين من طائفة ناث يوغي وكان متدينا بشدة ، فقد ذهب في رحلة حج إلى فاراناسي . هناك التقى غورو ( مدرس روحي ) ، وقرر التنازل دون موافقة زوجته . بدأ فيتالابانت كسانياسين من قبل معلمه الروحي ، راماشارما ، الذي يدعى أيضا راماناندا ونريسيمهاشراما ورمادفايا وشريباد في مصادر مختلفة . لم يكن راماناندا ، مؤسس طائفة راماناندي . عندما اكتشف راماشارما أن فيتالابانت قد ترك عائلته وراءه ليصبح راهبا ، أصدر أوامره إلى فيتالابانت بالعودة إلى زوجته وأداء واجباته كرب أسرة . بعد أن عاد فيتالابانت إلى زوجته واستقر في ألاندي ، أنجب راخوماباي أربعة أطفال : نيفروتيناث ( 1273 م ) ، ودانيشوار ( 1275 م ) ، وسوبان ( 1277 م ) ، وموكتاباي ( 1279 م ). رأى البراهمة الأرثوذكس في ذلك الوقت أن عودة المتنازل إلى حياته كصاحب منزل بدعة . حرم دانيشوار وإخوته من الحق في إقامة حفل الرباط المقدس للقبول الكامل في طبقة البراهمة . وفقا لباوار ، كان هذا يعني الحرمان الكنسي من طبقة البراهمة . غادر فيتالابانت المدينة في النهاية إلى ناشيك مع عائلته . ذات

[Chunk 2]
ولد الدكتور بيريار داسان أو الدكتور عبد الله سيشاشلام في 21 أغسطس 1949 - وتوفي في 19 أغسطس 2013. وكان باحثا وأستاذا ومتحدثا وناشطا هنديا بارزا من تاميل نادو . في بداية الأمر كان يروج للإلحاد والأيديولوجيات العقلانية في معظم حياته لكنه فيما بعد اعتنق الإسلام . وظهر في حوالي 15 فيلما بلغة التاميل . الحياة المبكرة . ولد شيشالام في عائلة شيفاوية في 21 أغسطس 1949 في أغارام في بيرامبور . وجذبته في بداية حياته المثل العقلانية لبيريار راماسامي ، مؤسس الحركة الدرافيدية . وقام أثناء دراسته في كلية باتشيابا بتغيير اسمه الأصلي إلى بيريار داسان ( والذي معناه أحد أتباع بيريار المتحمسين ). كان شيشلام ضليعا في الأدب التاميلي وفي الدراسات الدينية المختلفة ، وأيضا في اللغة الإنجليزية . ولقد قام بتأليف حوالي 120 كتابا . كما شغل منصب أستاذ في كلية باتشيابا التابعة للجامعة التي تخرج منها ، لمدة 34 عاما كما عمل كمدرب مشارك ، وطبيب نفساني ، ومعالج نفسي ، ومستشار للطلاب لسنوات عديدة . في عام 1991 ، اعتنق داسان البوذية وأضاف اسم سيدهارتا كبادئة لاسمه . وقام بترجمة الدامابادا إلى اللغة التاميلية ، وهي مجموعة من الفضائل البوذية ، كتبها أمبيدكار ، وقادته هذه الترجمة إلى تعلم لغة بالي واللغة السنسكريتية ثم بشكل مفاجيء للجميع اعتنق الإسلام في 11 مارس 2010 خلال زيارة إلى مكة المكرمة وأعاد تسمية اسمه باسم عبد الله ، وغير اسم زوجته فاسانتا إلى فاطمة . ثم بعدها بدأ بإلقاء سلسلة من المحاضرات عن الإسلام . وكان شيشلام قبل اعتناقه الإسلام قد أمضى نحو عشر سنوات في البحث والتعرف على الجوانب الرئيسية لهذا الدين وفي تعلم القرآن واللغة العربية . الوفاة . توفي داسان في 19 أغسطس 2013 عن عمر يناهز 63 عاما بعد صراع مع مرض سرطان الكبد . وتطبيقا لوصيته فقد تم تسليم جثته إلى الكلية الطبية للأبحاث في مدراس في 20 أغسطس حيث تم التبرع بعينيه إلى Sankara Nethralaya مباشرة بعد وفاته .

[Chunk 3]
يانوس فارغا ( مواليد 1949 ) عالم أحياء وبيئي ومصور مجري . نظم معارضة على وجه الخصوص ضد سد ناجيماروس المتوقع في نظام نهر الدانوب . أسس دونا كور ، وهي حركة بيئية . تخرج فارغا من جامعة جوزيف أتيلا ، سيجد في عام 1977 حيث حصل على درجة الماجستير في علم الأحياء . أصبح كبير المستشارين البيئيين للحكومة المجرية في عام 1998 لكنه ترك وظيفته في عام 2000. كان فارغا نشطا لإنقاذ نهر الدانوب وموطن أكثر من 200 نوع من الحيوانات والنباتات في حوالي عام 1981 بسبب خطط بناء سد كان من شأنه أن يغمر 150.000 فدان من الغابات . كان من الممكن أن يؤدي ذلك إلى تحويل الحيوانات والنباتات في نهر الدانوب إلى موقع صناعي . من أجل منع السلطات من بناء السد ، أسس جمعية دونا كور ( دائرة الدانوب ) في عام 1984 والتي كانت ضد المشروع . خضعت منشورات فارغا حول سد ناجيماروس للرقابة من قبل السلطات المجرية . على الرغم من هذه الحقيقة ، نجح فارغا في نشر معلومات حول العواقب والمخاطر المحتملة لبناء السد على الحياة البرية والسكان المحليين . قام بتنظيم مسيرة مع أعضاء دونا كور حول موقع السد الذي قمعته الشرطة . في ذلك الوقت كان يعمل كمحرر في مجلة علمية ، وهي وظيفة أستغني عنها بسبب مشاركته في الأنشطة البيئية . من أجل توعية العالم بخطط بناء السد ، نظمت دونا كور العديد من التظاهرات ومؤتمر دولي ( 1988 ) بمساعدة الصندوق العالمي للطبيعة . ونتيجة لذلك ، أيد أكثر من 150 ألف شخص التماس إجراء استفتاء وطني حول السد . ينشر فارغا مقالات ويقدم محاضرات حول القضايا البيئية لإدارة المياه وإنشاءات المياه من عام 1981.",متي ولد دانيال غامارا ؟,9 ديسمبر 1978,1275,0.1,0.92,0.21
"[Chunk 1]
في المنطق الرياضي ، المسند من الدرجة الثانية هو المسند الذي يأخذ المسند من الدرجة الأولى كحجة / كوسيط . قارن المسند ذو الترتيب الأعلى . قدمت فكرة المسند من الدرجة الثانية من قبل عالم الرياضيات والفيلسوف الألماني فريجه . ويستند إلى فكرته أن المسند مثل « فيلسوف » أي أنه يعين مفهوما ، وليس شيئا ( تصورا وليس موضوعا ). في بعض الأحيان يمكن أن يكون المفهوم بحد ذاته مسند للاقتراح ، كما هو الحال في « لا يوجد فلاسفة بوسنيون ». في هذه الحالة ، نحن لا نقول أي شيء عن أي من الفلاسفة البوسنيون ، ولكن عن مفهوم « الفيلسوف البوسني » أنه غير مقنع . وبالتالي فإن المسند « غير مقنع » ينسب شيئا إلى المفهوم « فيلسوف بوسني » ، وبالتالي فهو مسند من المستوى الثاني . وتعتبر هذه الفكرة أساس نظرية العدد لفريجه .

[Chunk 2]
التدخل الانزلاقي بالإنجليزية ( A sliding tackle ) ، الذي يطلق عليه أيضا معالجة الانزلاق ، هو معالجة في اتحاد كرة القدم . تكتمل بساق واحدة ممتدة لدفع الكرة بعيدا عن اللاعب المنافس . غالبا ما تكون التدخلات المنزلقة مصدرا للجدل ، لا سيما عندما يسقط اللاعبون الذين يتم التعامل معهم من فوق قدم المهاجم ( أو توقف الكرة بقدم المهاجم ) ، ويتم تقييم ضربات الجزاء والركلات الحرة والبطاقات ( أو تكون واضحة بغيابهم ). الأخطاء الشائعة المصاحبة وسوء السلوك . التدخل المنزلق ليس في حد ذاته لعبا خبيثا ؛ ومع ذلك ، هناك عدد من الأخطاء التي تحدث عادة أثناء تنفيذ التدخل الانزلاقي . تتضمن أمثلة هذه الأخطاء التي يعاقب عليها بضربة حرة مباشرة أو ركلة جزاء ما يلي : "" الإهمال "" يعني أن اللاعب قد أظهر عدم اهتمام عند القيام بالتحدي أو أنه تصرف بدون احتياطات . "" طائش "" يعني أن اللاعب قد تصرف بتجاهل تام لخطر أو عواقب خصمه . "" استخدام القوة المفرطة "" يعني أن اللاعب قد تجاوز بكثير الاستخدام الضروري للقوة وأنه معرض لخطر إصابة الخصم . "" لا "" تتم معاقبة التحديات غير المبالية إلا بضربة حرة مباشرة أو ركلة جزاء . ومع ذلك ، "" يتم أيضا معاقبة التحديات المتهورة "" بحذر ( البطاقة الصفراء ) بسبب السلوك غير الرياضي بالإضافة إلى الركلة الحرة المباشرة أو ركلة الجزاء ، في حين يتم أيضا معاقبة التحديات التي ترتكب باستخدام "" القوة المفرطة "" بالوديع ( البطاقة الحمراء ) بسبب اللعب الخاطئ الخطير وكذلك ركلة حرة مباشرة أو ركلة جزاء . يعاقب "" اللعب بطريقة خطيرة "" بركلة حرة غير مباشرة . "" يعرف اللعب بطريقة خطرة "" على أنه أي فعل ، أثناء محاولة لعب الكرة ، يهدد بإصابة شخص ما ( بما في ذلك اللاعب نفسه ). يلتزم مع خصم قريب ويمنع الخصم من لعب الكرة خوفا من الإصابة . في حالة حدوث أي اتصال جسدي ، تصبح الجريمة جريمة يعاقب عليها بضربة حرة مباشرة أو ركلة جزاء . تعتبر التدخلات الانزلاقية التي يتم إجراؤها على شكل طعنات بالقدمين في الخصم بشكل عام تعرض سلامة الخصم للخطر ، وبالتالي يتم معاقبتها على أنها لعبة خاطئة خطيرة ، مما يؤدي إلى الطرد . لا يزال هذا هو الحال حتى لو تم الفوز بالكرة بشكل نظيف دون لمس الخصم . إستراتيجية . يعتبر التدخل الانزلاقي جذابا للمدافع لأنه يسمح له بتغطية مساحة أكبر من الأرض أثناء محاولته طرد الخصم . غالبا ما تكون محاولة « أخيرة » لطرد الخصم بسبب الأخطاء المتكررة وصعوبة التعافي في حالة فشل التدخل الانزلاقي في إخراج الكرة بعيدا . بعد الانزلاق ، يترك المهاجم جالسا أو مستلقيا على الأرض مع تمديد إحدى رجليه . وبالتالي فإن المهاجم يتعرض أيضا لخطر الإصابة الجسدية . من الناحية المثالية ، ينتهي الأمر بالقدم الأخرى مطوية أسفل نهايتها الخلفية ، حيث يمكن استخدامها لدفع المهاجم للخلف إلى قدميه لمواصلة اللعب . في حالة القيام بتدخل انزلاقي إلى اليمين ، يجب أن تكون ساق اللاعب اليمنى مستقيمة عند النزول إلى أسفل في التدخل ويجب أن تنحني ساقه اليسرى قليلا خلف الجهة اليمنى من أجل تحقيق أقصى إمكانات الحصول على الكرة . في حالة الانزلاق إلى اليسار ، يجب أن تكون الساق اليسرى للاعب مستقيمة ويجب ألا تنحني ساقه اليمنى خلف اليسرى ، لأن ذلك قد يتسبب في إصابة اللاعب .

[Chunk 3]
التسارع أو العجلة في الميكانيكا الكلاسيكية ، هو معدل تغير السرعة المتجهة بالنسبة للزمن . التسارع هو كمية فيزيائية تعبر عن معدل تغير السرعة المتجهة في فترة زمنية محددة ، من حيث الاتجاه و السرعة . التسارع كمية متجهة ، بمعنى أن لها مقدارا واتجاها . يتم تحديد اتجاه تسارع الجسم من خلال اتجاه القوة الكلية المؤثرة على هذا الجسم . كمية تسارع كائن ما ، كما تم وصفها بقانون نيوتن الثاني ، هي عبارة عن التأثير المشترك لسببين ، هما : وحدة الSI للتسارع هي متر في الثانية المربعة formula_1 أو formula_2 التسارع يمكن أن يتغير بتغير السرعة أو تغير الاتجاه . مثال : شرح : سيارة تبدأ من السكون ( لم تكن تتحرك ، السرعة تساوي صفر في إطار مرجعي قصوري ) ، ثم تبدأ بالحركة في خط مستقيم و تتزايد سرعتها مع كل ثانية ، هنا يزيد التسارع من حيث الحجم magnitude ، و تتسارع السيارة في اتجاهها الحالي . أن قامت السيارة بتغيير الاتجاه ، فسيتغير اتجاه التسارع ، لأن التسارع كمية متجهة . تسارع السيارة في اتجاهها الحالي يسمى تسارع خطي ( أو تسارع تماسي في الحركة الدائرية ) ، وستكون ردة فعل الركاب كقوة تدفعهم إلى مقاعدهم . عند تغيير الاتجاه يسمى التسارع تسارعا نصف قطريا ( أو متعامد أثناء الحركات الدائرية ) و سيكون شعور الركاب كقوة الطرد المركزي . إن قامت السرعة المتجة للسيارة بالانخفاض ، فهذا تسارع في عكس الاتجاه و سالب رياضيا ، يطلق عليه أحيانا التباطؤ ، و سيشعر الركاب كقوة قصرية تدفعهم للأمام . هذا التسارع السالب يحصل في الصاروخ الكابح داخل المركبة الفضائية . قد يكون التسارع موجبا أو سالبا تعريف التسارع .",ما هو المسند من الدرجة الثانية في المنطق الرياضي ؟,المسند الذي يأخذ المسند من الدرجة الأولى كحجة / كوسيط,"هو المسند الذي يعين مفهوما، وليس شيئا.",0.3,0.92,0.3
"[Chunk 1]
ألبانيا أو رسميا جمهورية ألبانيا هي إحدى دول أقليم البلقان الواقع في جنوب شرق أوروبا . يحدها من الشمال الغربي الجبل الأسود ومن الشمال الشرقي كوسوفو ومن الشرق جمهورية مقدونيا ومن الجنوب اليونان ومن الغرب البحر الأدرياتيكي ومن الجنوب الغربي البحر الأيوني . تبعد أقل من 72 كم ( 45 ميل ) عن إيطاليا عبر مضيق أوترانتو والذي يربط بين البحر الأدرياتيكي والبحر الأيوني ، تيرانا هي العاصمة وأكبر مدنها ، ولغتها الرسمية هي اللغة الألبانية وهي إحدى اللغات السلافية ، وعملتها هي الليك الألباني وشعارها هو نسر أسود ذو رأسين وقد وجد انه مرسوم على حجر يعود للعصر الحجري في أحد الكهوف الأثرية في ألبانيا . ألبانيا عضو في الأمم المتحدة وحلف شمال الأطلسي ومنظمة الأمن والتعاون في أوروبا ومجلس أوروبا ومنظمة التجارة العالمية ومنظمة المؤتمر الإسلامي وأحد الأعضاء المؤسسين للاتحاد من أجل المتوسط . ألبانيا مرشح محتمل للانضمام إلى الاتحاد الأوروبي منذ يناير 2003 كما تقدمت رسميا لعضوية الاتحاد في 28 أبريل 2009. ألبانيا دولة ديمقراطية برلمانية واقتصادها يمر بمرحلة انتقالية . يقطن العاصمة الألبانية تيرانا حوالي 607 , 467 شخص من أصل 2 , 936 , 281 مليون نسمة في البلاد لعام 2018 ، كما أنها أيضا العاصمة المالية للبلاد . فتحت إصلاحات السوق الحرة البلاد أمام الاستثمار الأجنبي ولا سيما في مجال تطوير الطاقة والبنية التحتية للنقل . اختيرت ألبانيا بين أعلى عشرة بلدان في قائمة لونلي بلانت لعام 2011. أصل التسمية . ألبانيا هي تسمية لاتينية قروسطية للبلد الذي يعرفه سكانه باسم شقيبيري . تعرف ألبانيا باليونانية القروسطية باسم ألبانيا أو ألبانيتيا أو أربانيتيا . قد تعود التسمية إلى القبيلة الإيليرية « ألباني » التي ذكرها بطليموس الجغرافي والفلكي من الإسكندرية والذي رسم في عام 150 ميلادية خريطة تظهر مدينة ألبانوبوليس شمال شرق دوريس . قد تكون التسمية استمرارا لمستوطنة قروسطية تدعى ألبانون وأربانون ، رغم عدم التأكيد على أنها كانت في نفس المكان . كان المؤرخ البيزنطي مايكل أتالياتس أول من أشار إلى ألبانوي في كتابه « التاريخ » ( 1079 -1080 ) ، حيث ذكر أن المدينة شاركت في الثورة ضد القسطنطينية في عام 1043 ، وأن الأربانيتاي عاشوا تحت سلطة دوق ديراكيوم . أطلق الألبان اسم أربير أو أربين على بلادهم في العصور الوسطى وسموا أنفسهم أربيريش أو أربنيش . مع بدايات القرن السادس عشر استبدلت التسمية أربيريا وأربيريش تدريجيا بالتسمية شقيبيريا وشقيبتاري . تفسر التسميتان ب « أرض النسور » و « أبناء النسور » رغم أنهما يشتقان من الظرف شقيب والذي يعني « أن يفهم البعض الآخر ». دعيت ألبانيا تحت الحكم العثماني رسميا باسم أرناؤوطلوك وسكانها باسم أرناؤوطيون . يعتقد أن التسمية رديف للكلمة اليونانية أروانيت وهي التسمية اليونانية القروسطية للألبان . التاريخ .

[Chunk 2]
المعهد الدولي لتوحيد القانون الخاص ( اليونيدروا ) هو منظمة حكومية دولية مستقلة تعنى بتوحيد القانون الخاص وخصوصا القانون التجاري الدولي على مستوى العالم . ويقوم المعهد بدراسة وسائل وأساليب لتحقيق التوافق والتنسيق بين القوانين الخاصة للدول . إذ يهدف إلى إيجاد قانون خاص موحد ومقبول من جميع أعضاء المجتمع الدولي وذلك من خلال صياغة وإعداد اتفاقيات دولية وقوانين نموذجية ومبادئ عامة . من أبرز أعماله مبادئ اليونيدروا المتعلقة بالعقود التجارية الدولية واتفاقية الضمانات الدولية على المعدات المنقولة . أسس المعهد في عام 1926 كجزء من عصبة الأمم ، وأعيد تأسيسه في عام 1940 بعد حل العصبة من خلال معاهدة متعددة الأطراف . يتخذ المعهد المقر الرئيسي له في روما ، إيطاليا بفيلا Aldobrandini وهي فيلا أميرية من القرن السابع عشر تقع على حدود جامعة القديس توما الأكويني البابوية . واعتبارا من عام 2023 ، يضم اليونيدروا 65 دولة . __ فهرس __ الهيكل والتمويل . التركيبة الثلاثية للمعهد بصفة عامة فإن معهد اليونيدروا يقوم على هيكل ثلاثي يتألف من الأمانة العامة ومجلس الإدارة والجمعية العامة . التمويل يعتمد تمويل المعهد على مساهمات سنوية من الدول الأعضاء ، ويتم تحديد قيمتها من قبل الجمعية العامة . كما يمكن الحصول على تمويل إضافي من مصادر خارج الميزانية لدعم مشاريع أو أنشطة معينة . أساليب العمل . المرحلة التحضيرية يتم اقتراح موضوع ما في برنامج عمل اليونيدروا وتتولى الأمانة إعداد دراسة جدوى ودراسة أولية للقانون المقارن لتحديد مدى جدوى الإصلاح واستصوابه . يتم توجيه انتباه مجلس الإدارة إلى هذه الدراسة ، وإذا وجدت مناسبة ، يتم تشكيل لجنة تتولى وضع مسودة أولية للاتفاقية أو صك آخر . يشارك أعضاء اللجنة الدراسية من الخبراء في هذا المجال ويرأسها تقليديا عضو في مجلس الإدارة . مرحلة المفاوضات الحكومية الدولية يتم تقديم مسودة القواعد الأولية إلى مجلس الإدارة للاعتماد والرأي بشأن الإجراء الواجب اتخاذه . إذا كان المشروع الأولي لاتفاقية ، فإن الأمانة تشكل لجنة من الخبراء الحكوميين لصياغة مشروع الاتفاقية وتقديمه للاعتماد خلال مؤتمر دبلوماسي . أما في حالة الصكوك الأخرى ، فيطلب من المجلس الإذن بنشرها وتوزيعها على الأغراض التي أعدت من أجلها . إن المشاركة في لجان الخبراء الحكوميين مفتوحة لجميع الدول الأعضاء ويمكن دعوة دول أخرى ومنظمات دولية ورابطات مهنية . يتم عرض مشروع الاتفاقية على مجلس الإدارة للمشاورة والاعتماد وإذا كان يعكس توافق الآراء بين الدول المشاركة في لجنة الخبراء الحكوميين فيكون له فرصة جيدة للاعتماد في مؤتمر دبلوماسي . التعاون مع المنظمات الدولية الأخرى يتعامل المعهد مع المنظمات الأخرى ، سواء كانت حكومية أو غير حكومية ، من خلال تطوير اتفاقيات تعاون وتوحيد القوانين وخاصة مع مؤتمر لاهاي للقانون الدولي الخاص ولجنة الأمم المتحدة للقانون التجاري الدولي ( الأونسيترال ). إذ يتم اعتبارها كالأخوات الثلاث نظرا لاختصاصها في مسائل توحيد القانون . شبكة المراسلين لتحقيق أهدافه ، من الضروري للمعهد أن يكون قادرا على معرفة حالة القانون الوضعي في جميع البلدان . وفي هذا الصدد ، أنشأ اليونيدروا شبكة من المراسلين في الدول الأعضاء وغير الأعضاء ويتم تعيين هؤلاء الأكاديميين والممارسين من قبل مجلس الإدارة . الدول الأعضاء . يضم اليونيدروا 65 دولة عضو . فقد انضمت مؤخرا سنغافورة إلى النظام الأساسي لليونيدروا بتاريخ 1 مارس 2023 و كذلك منغوليا . صكوك اليونيدروا . الاتفاقيات الدولية صاغ اليونيدروا عددا من الاتفاقيات الدولية عبر السنوات ، وتم اعتمادها من قبل المؤتمرات الدبلوماسية لدول الأعضاء . القوانين غير الملزمة قام المعهد بإعداد قوانين غير ملزمة لتكون مصدر إلهام لإعضاء المجتمع الدولي كالقوانين النموذجية ، الأدلة التعاقدية والمبادئ العامة . المنشورات . ينشر المعهد : يمكن

[Chunk 3]
ألدو غوتشي ( 26 مايو 1905 - 19 يناير 1990 ) كان رئيس مجلس إدارة غوتشي من 1953 إلى 1986. , وقد كان الابن الأكبر ل Guccio Gucci ، الذي أسس الشركة التي تحمل اسم العائلة في عام 1921. الحياة المبكرة والعائلة . ولد ألدو غوتشي في 26 مايو 1905 في فلورنسا ، لعائلة توسكانيه يعود تاريخها إلى القرن الثالث عشر في بلدة سان مينياتو المجاورة . كان ألدو الابن الأكبر من بين خمسة أطفال ولدوا لعايدة كالفيلي وغوتشيو غوتشي . كان لديه ثلاثة أشقاء - فاسكو ، ورودولفو وإنزو ( الذي توفي عن عمر تسع سنوات ) وأخته - غريمالدا . كان لديه أيضا أخ بالتبني - أوغو - من علاقة والدته السابقة . في سنواته المبكرة ، ابدا اهتماما ملحوظا بالفروسية وعلم النبات . وفي سن السادسة عشرة بدأ العمل بدوام جزئي في أول متجر لوالده في فلورنسا . حصل على شهادة في الاقتصاد من كلية سان ماركو في فلورنسا . مساره المهني . منذ سن العشرين ، بدأ ألدو العمل بدوام كامل في غوتشي . حيث تم افتتاح أول متجر خارج فلورنسا في روما عام 1938. أصبحت غوتشي رمزا للمكانة عندما ظهرت حقيبة اليد المصنوعة من الخيزران على ذراع إنجريد بيرغمان في فيلم روبرتو روسيليني عام 1954 « فياجيو في إيطاليا ». أصبحت شارة GG مرغوبة بشكل فوري لمشاهير هوليوود والعائلات الملكية في أوروبا . في عام 1952 ، سافر ألدو إلى مدينة نيويورك مع أخويه رودولفو وفاسكو . افتتحوا أول متجر خارج إيطاليا في مدينة نيويورك ، قبل أسبوعين فقط من وفاة والدهم . أعلن الرئيس جون إف كينيدي عن ألدو كأول سفير إيطالي للموضة وحصل على درجة فخرية من جامعة مدينة نيويورك تقديرا لنشاطه الخيري ، وقد تم وصفة ب « مايكل أنجلو التجارة ». ومنها انطلق لافتتاح متاجر في شيكاغو وبالم بيتش وبيفرلي هيلز ، قبل أن يتوسع إلى طوكيو وهونغ كونغ وفي مدن حول العالم من خلال شبكة امتياز عالمية . على مدار أكثر من ثلاثين عاما ، كان قد كرس حياته العملية لتوسيع شركة Gucci وتطويرها إلى شركة متكاملة مع مدابغها الخاصة ومصانعها ومتاجرها . السنوات اللاحقة . بعد وفاة شقيقهما فاسكو غوتشي في عام 1974 ، قسم رودولفو وألدو العمل فيما بينهما بنسبة 50 / 50. ومع ذلك ، شعر أبناء ألدو أن رودولفو لم يساهم بما يكفي في نمو الأعمال . في محاولة لزيادة أرباحه ، أسس ألدو شركة فرعية للعطور وامتلك 80 في المائة من ملكيتها له ولأبنائه الثلاثة . تصاعد هذا التنافس في النهاية إلى حرب عائلية . في عام 1980 ، حاول باولو غوتشي ، نجل ألدو ، إطلاق شركته الخاصة باستخدام اسم غوتشي ، لكن ألدو كان على خلاف ورفع دعوى على ابنه ، مهددا بمقاطعه أي مورد وقع مع باولو . سعيا للانتقام ، قام باولو بإخراج ألدو من الشركة في عام 1984 بمساعدة ابن عمه ماوريتسيو غوتشي ، الذي أصبح مؤخرا المساهم الأكبر . بالإضافة إلى ذلك ، أبلغ باولو أيضا مصلحة الضرائب بشأن التهرب الضريبي لوالده . في يناير 1986 ، حكم على ألدو غوتشي بالسجن لمدة عام ويوم واحد بتهمة التهرب الضريبي ، والتهرب من 7 ملايين دولار في نيويورك . كان يبلغ من العمر 81 عاما وقت إصدار الحكم . قضى وقته في معسكر السجن الفيدرالي في قاعدة إيجلين الجوية بولاية فلوريدا . في عام 1989 ، قبل عام من وفاته ، باع ألدو أسهمه في غوتشي إلى إنفستكورب . في نفس العام ، تم تعيين ابن أخيه ماوريتسيو غوتشي رئيسا لمجموعة غوتشي بعد معركة قانونية دامت قرابة ست سنوات للسيطرة على غوتشي . لم","س 1 : ما هو مصطلح "" ألنيكو "" ؟","يشير إلى مجموعة من السبائك التي تتركب بشكل أساسي من الحديد مع وجود نسب متفاوتة من الألومنيوم Al والنيكل Ni والكوبالت Co ، ومن تلك العناصر",لا أعرف,0.1,0.1,0.1
"[Chunk 1]
ندى صحناوي ( مواليد 1958 ) فنانة تشكيلية وناشطة سياسية . عرضت أعمالها الفنية ، التي تشمل الرسم ، والأعمال الإعلامية المختلطة ، والنحت والتركيبات ، على نطاق واسع دوليا ، وظهرت في الصحافة والمنشورات المطبوعة في جميع أنحاء العالم أقامت العديد من المعارض الفردية كما شاركت بمعارض جماعية . صحناوي ، التي ولدت في بيروت وتلقت تدريبها الأكاديمي في التاريخ وعلم الاجتماع والسينما والفنون الجميلة ، هي رائدة في المنشآت الفنية العامة سريعة الزوال في لبنان والشرق الأوسط . نشطت منذ أوائل التسعينيات ، وكانت جزءا من تشكيل المشهد الفني اللبناني بعد الحرب من خلال الأعمال الفنية التي تسعى إلى إثارة نقاش حول القضايا المحيطة بذاكرة الحروب ، ولا سيما الحرب الأهلية اللبنانية 1975 -1990. وقد نددت بفقدان الذاكرة الشخصي والجماعي المحيط بهذا الصراع ، وكذلك التفتت المادي والسياسي الذي أعقبه في لبنان . لا تؤكد أعمالها فقط على ضرورة التفكير في الذكريات المتعددة لتلك الحرب ولكن أيضا في عمليات وضرورة المصالحة الوطنية . تتساءل عن كتابة التاريخ وبناء الهوية في العالم العربي وخارجه ، وتطلب باستمرار التأمل والتمرد على الوضع الراهن . تميز لوحات ومنحوتات ومنشآت الصحناوي بأنها تتطلب الكثير من الوقت والعمالة ، مما يجعل من الموازاة بين العملية الفنية والوقت اللازم لمعالجة الذاكرة . وهي معروفة باستخدامها المتكرر للتكرار كأثر أسلوبي وتوليد المعنى ، يتقاطع مع الوقت التجريبي للعمل ، والوقت الإبداعي ، ووقت الأرشفة ، لا سيما في منشآتها واسعة النطاق ، والتي تنظم في الأماكن الحضرية والمؤسسات ، والتي تجعل استخدام كائنات الحياة اليومية . كما لو كانت منشغلة بجماليات الفن المفاهيمي والشحن العاطفي . تتضمن مجموعة أعمالها تركيبات مثل "" كسور الذاكرة "" ( 2003 ) ، "" وينون؟ "" "" أين هم؟ "" ( 2006 ) ، "" ألم تكفي 15 عاما من الاختباء في المراحيض ؟ ("" 2008 )"" ، "" "" وضوء في نهاية النفق "" ( 2012 ) ، وسلسلة من اللوحات التي تضم طبقات من الطلاء والأشياء والكلمات والصور ، كما رأينا على سبيل المثال في "" Peindre L'Orient-Le Jour "" ( 2000 ) ، "" How Many كم أكثر "" ( 2014 إلى الوقت الحاضر ) ، أو "" توليب لبلد مجروح "" ( 1992 إلى الوقت الحاضر ). عرضت أعمال الصحناوي دوليا في أوروبا والولايات المتحدة والشرق الأوسط وشمال إفريقيا ، بما في ذلك نيويورك وبوسطن وواشنطن العاصمة ولندن وباريس ومرسيليا ولييج وهيوستن وميونيخ وبيروت ودبي والدوحة . وهي ناشطة في مجال حقوق الإنسان والإصلاح السياسي ، صحناوي عضوة في بيروت مدينتي ، وهي منظمة سياسية عامة حضرية ترشحت تحت مظلتها لشغل مقعد في المجلس البلدي لبيروت في عام 2016. وهي أيضا عضو مؤسس في المركز المدني للمبادرة الوطنية ، الذي تشمل أعماله حملة قانونية لإزالة الإشارة إلى الطائفة من سجلات الدولة ، ومبادرة لإدارة الزواج المدني بشكل قانوني في لبنان . بدايات الحياة والدراسات . ولدت صحناوي ونشأت في بيروت ، وكانت مراهقة عندما اندلعت الحرب الأهلية اللبنانية عام 1975. وشهدت عن كثب التقسيم المناطقي والعقلي للعاصمة اللبنانية إلى بيروت الشرقية والغربية ، والخطر الكبير المتمثل في عبور الخط الفاصل بين منزلها في شرق بيروت ومدرستها في بيروت الغربية . سافرت بعد ذلك إلى الخارج لمتابعة التعليم العالي ، حيث درست في جامعة باريس نانتير وجامعة السوربون نوفيل باريس 3 ، والتي تخرجت منها في عام 1981 بدرجة الماجستير في علم الاجتماع ودبلوم في دراسات الأفلام النظرية . في عام 1983 ، انتقلت إلى الولايات المتحدة حيث تابعت دراسة إنتاج الأفلام في جامعة بوسطن . في عام 1985 ، عادت إلى بيروت حيث ولد ابنها عبد الله سلام بعد عام . عندما كانت في لبنان ، أكملت أطروحة DEA-Diplôme d'Études Approfondies in History في جامعة باريس السوربون ( 1987 ). في عام

[Chunk 2]
معرض سلوى زيدان هو معرض فني معاصر يقع داخل طريق مطار هيلتون كابيتال جراند أبوظبي ( الإمارات العربية المتحدة ) ، أسسته الفنانة اللبنانية سلوى زيدان في عام 1994. المعرض متخصص في الفن المعاصر وقد عرض فنانين مثل حسن شريف ومحمد كاظم ونديم كوفي . الفنانين . يشتهر المعرض بالتعاون مع فنانين ناشئين ومشهورين من الإمارات العربية المتحدة والشرق الأوسط وبقية العالم . تعمل حاليا مع أكثر من 60 فنانا ، على الرغم من أن لديها عقود تمثيل رسمية مع قائمة مختارة من حوالي 25. بعض الفنانين الممثلين حاليا في المعرض هم : قائمة المعارض السابقة . 2014 2013 2011 2010 2009

[Chunk 3]
مريم بناني ( مواليد 1988 ) فنانة مغربية تقيم حاليا في نيويورك . السيرة الشخصية . ولدت بناني ونشأت في الرباط بالمغرب . حصلت على BFA من كلية كوبر يونيون لتقدم العلوم والفنون في عام 2012 ، و MFA من المدرسة الوطنية العليا للفنون الزخرفية في باريس . العمل . تعمل بناني في الفيديو والنحت وتركيب الوسائط المتعددة والرسم وإنستغرام . وهي معروفة بالمرح وروح الدعابة أثناء أستخدامهاللتقنيات الرقمية مثل الرسوم المتحركة ثلاثية الأبعاد ورسم خرائط الإسقاط والتقاط الحركة . غالبا ما تنشر أعمالها على وسائل التواصل الاجتماعي مثل Instagram و Snapchat ، حيث تضم أكثر من سبعة وثلاثين ألف متابع على هذا الأخير اعتبارا من يوليو 2020. كانت بناني أحد الفنانين الأربعة الذين ظهروا في بينالي ويتني لعام 2019 والذين طلبوا رسميا إزالة أعمالهم عبر خطاب جماعي نشر أيضا على Artforum. في عام 2020 ، تعاونت بناني مع Orian Barki في سلسلة بعنوان "" 2 Lizards "". موضوع السلسلة هو الحياة في مدينة نيويورك خلال وباء COVID-19. توجد الآن 8 مقاطع فيديو قصيرة في مجموعة متحف الفن الحديث ومتحف ويتني للفن الأمريكي . مملكة تدريجية . تضمن معرض بناني ، Gradual Kingdom ، الذي عرض في معرض SIGNAL في عام 2015 ، مقاطع فيديو ورسما ونحتا . يتناول هذا المعرض العلاقة بين مسقط رأسها ، الرباط ، المغرب ، وشبكات التبادل العالمية . تدمج بناني الرمال في تركيبتها النحتية لتسليط الضوء على استخراج الرمال من وطنها الأصلي لبناء جزر اصطناعية في الشرق الأوسط وتجديد الشواطئ الفاخرة المتآكلة . سهام وحفيظة . كان معرض بناني لعام 2017 سهام وحفيظة عبارة عن تركيب فيديو متعدد القنوات في The Kitchen تستكشف فيه بناني الصراع بين الأجيال بين مغنيتين مغربيتين ، وتجمع بين لقطات الفنان الخاصة والتلاعب الرقمي والرسوم المتحركة . يطير . أظهر تركيب فيديو بناني لعام 2016 "" FLY "" في MoMA PS 1 تصميم رقص متعدد الطبقات من الإسقاطات التي استحضرت العين المتلألئة للحيوان الفخري . ذبابة متحركة تعمل كدليل إرشادي من خلال لقطات صورت في مسقط رأس بناني في الرباط ، المغرب . تنقلنا الذبابة عبر مشاهد مجزأة للأسواق ، وحفل زفاف ، ومقابلات مع الأقارب ، وتتوقف أحيانا لتغني نسخة مشوهة من أغنية ريهانا "" Kiss It Better "". فردوس فنجاب . هو برنامج تلفزيوني واقعي مزيف متجول يتمحور حول مصمم حجاب خيالي يصمم تصميمات غير معقولة مثل الحجاب المصنوع من سلة كرة التنس أو كعكة الزفاف متعددة المستويات . يستكشف المشروع الأهمية الثقافية للحجاب ، ويختار الأحداث والعطلات التي تشيد بالثقافة الإسلامية والأمريكية على حد سواء كمصدر إلهام لتصميمات الحجاب . الجوائز . فازت بجائزة العين للفنون والأفلام لعام 2019",ما هي بعض المعارض والمنشآت التي عرضت فيها أعمال ندى صحناوي ؟,نيويورك وبوسطن وواشنطن العاصمة ولندن وباريس ومرسيليا ولييج وهيوستن وميونيخ وبيروت ودبي والدوحة,معارض فردية وجماعية في لبنان والشرق الأوسط.,0.4,0.91,0.2
"[Chunk 1]
فيلاس هي منطقة سكنية تقع بولاية نيوجيرسي في الولايات المتحدة . تبلغ مساحتها 10.124 ، وترتفع عن سطح البحر 5 ، بلغ عدد سكانها 9 , 483 نسمة في عام 2010 حسب إحصاء مكتب تعداد الولايات المتحدة وتصل الكثافة السكانية فيها . التركيبة السكانية . حدد مكتب تعداد الولايات المتحدة بيانات التركيبة السكانية لفيلاس في تعداد الولايات المتحدة . في ما يلي ، التركيبة السكانية حسب تعدادي 2000 و 2010. تعداد عام 2000. بلغ عدد سكان فيلاس 9 , 064 نسمة بحسب تعداد عام 2000 ، وبلغ عدد الأسر 3 , 733 أسرة وعدد العائلات 2 , 458 عائلة مقيمة في المنطقة السكنية . في حين سجلت الكثافة السكانية . وبلغ عدد الوحدات السكنية 5 , 694 وحدة بمتوسط كثافة قدره . وتوزع التركيب العرقي للمنطقة السكنية بنسبة 96.35 % من البيض و 1.19 % من الأمريكيين الأفارقة و 0.28 % من الأمريكيين الأصليين و 0.35 % من الأمريكيين ذوي الأصول الآسيوية و 0.03 % من سكان جزر المحيط الهادئ و 0.86 % من الأعراق الأخرى و 0.94 % من عرقين مختلطين أو أكثر و 2.41 % من الهسبانيون أو اللاتينيون من أي عرق . بلغ عدد الأسر 3 , 733 أسرة كانت نسبة 32.2 % منها لديها أطفال تحت سن الثامنة عشر تعيش معهم ، وبلغت نسبة الأزواج القاطنين مع بعضهم البعض 47.9 % من أصل المجموع الكلي للأسر ، ونسبة 13.3 % من الأسر كان لديها معيلات من الإناث دون وجود شريك ، بينما كانت نسبة 4.6 % من الأسر لديها معيلون من الذكور دون وجود شريكة وكانت نسبة 34.2 % من غير العائلات . تألفت نسبة 29.5 % من أصل جميع الأسر من عدة أفراد يعيشون في نفس المنزل ونسبة 15.5 % كانت تتألف من شخص يعيش بمفرده يبلغ من العمر 65 عاما أو أكثر . وبلغ متوسط حجم الأسرة المعيشية 2.43 ، أما متوسط حجم العائلات فبلغ 2.98. بلغ العمر الوسطي للسكان 39.1 عاما . وكانت نسبة 25.6 % من القاطنين تحت سن الثامنة عشر ، وكانت نسبة 6.6 % بين الثامنة عشر والرابعة والعشرين عاما ، ونسبة 26.4 % كانت واقعة في الفئة العمرية ما بين الخامسة والعشرين والرابعة والأربعين عاما ، ونسبة 22.2 % كانت ما بين الخامسة والأربعين والرابعة والستين ، ونسبة 19.1 % كانت ضمن فئة الخامسة والستين عاما فما فوق . يوجد لكل 100 أنثى 92.0 ذكر ، ويوجد لكل 100 أنثى في الثامنة عشر من عمرها فما فوق 86.5 ذكر . بلغ متوسط دخل الأسرة في المنطقة السكنية 33 , 563 دولارا ، أما متوسط دخل العائلة فبلغ 38 , 950 دولارا . وكان متوسط دخل الذكور 32 , 996 دولارا مقابل 21 , 723 دولارا للإناث . وسجل دخل الفرد الخاص بالمنطقة السكنية 16 , 696 دولارا . وكانت نسبة 8.3 % من العائلات ونسبة 10.4 % من السكان تحت خط الفقر ، وكان من هؤلاء نسبة 14.9 % تحت سن الثامنة عشر ونسبة 5.8 % في الخامسة والستين من العمر وما فوق . تعداد عام 2010. بلغ عدد سكان فيلاس 9 , 483 نسمة بحسب تعداد عام 2010 ، وبلغ عدد الأسر 3 , 896 أسرة وعدد العائلات 2 , 568 عائلة مقيمة في المنطقة السكنية . في حين سجلت الكثافة السكانية . وبلغ عدد الوحدات السكنية 5 , 849 وحدة بمتوسط كثافة قدره . وتوزع التركيب العرقي للمنطقة السكنية بنسبة 93.49 % من البيض و 1.95 % من الأمريكيين الأفارقة و 0.17 % من الأمريكيين الأصليين و 0.33 % من الأمريكيين ذوي الأصول الآسيوية و 0.06 % من سكان جزر المحيط الهادئ و 1.76 % من الأعراق الأخرى و 2.24 % من عرقين مختلطين أو أكثر و 6.18 % من الهسبانيون أو اللاتينيون من أي عرق . بلغ عدد الأسر 3 , 896 أسرة كانت نسبة 29.4 % منها لديها أطفال تحت سن الثامنة عشر تعيش معهم ،

[Chunk 2]
ويليستون هي مدينة تقع في مقاطعة ليفي بولاية فلوريدا في الولايات المتحدة . اعتبارا من تعداد 2010 بلغ عدد سكانها 2768. تاريخ . تأسست المدينة قبل عام 1885 من قبل جي إم ويليس ، الذي أطلق عليها اسمه . جغرافيا . تقع ويليسون في موقع إحداثيات . وفقا لمكتب الإحصاء بالولايات المتحدة ، تبلغ مساحة المدينة الإجمالية ، منها ، أو 0.27 ٪ هي عبارة عن ماء . التركيبة السكانية . اعتبارا من تعداد عام 2000 ، كان هناك 2297 شخصا و 836 أسرة و 580 عائلة مقيمة في المدينة . حيث بلغت الكثافة السكانية 379.0 نسمة لكل ميل مربع ( 146.3 / كم ). كان هناك 915 وحدة سكنية بمتوسط كثافة 151.0 لكل ميل مربع ( 58.3 / كم ). وكان التركيب العرقي للمدينة على الشكل التالي : كان هناك 836 أسرة ، من بينها 31.8 ٪ لديها أطفال تقل أعمارهم عن 18 عاما يعيشون معهم ، و 42.9 ٪ من الأزواج الذين يعيشون معا ، و 22.0 ٪ لديهم ربة منزل بدون زوج ، و 30.6 ٪ من غير العائلات . 25.6 ٪ من جميع الأسر كانت مكونة من أفراد ، و 12.7 ٪ كان لديها شخص يعيش بمفرده يبلغ من العمر 65 عاما أوأكثر . كان متوسط حجم الأسرة 2.56 ومتوسط حجم الأسرة 3.03. انتشر السكان في المدينة ، حيث كان 26.2 ٪ تحت سن 18 ، و 8.6 ٪ من 18 إلى 24 ، و 25.2 ٪ من 25 إلى 44 ، و 20.3 ٪ من 45 إلى 64 ، و 19.8 ٪ ممن بلغوا 65 عاما أوأكبر . كان متوسط العمر 38 سنة . لكل 100 أنثى هناك 86.1 ذكر . لكل 100 أنثى من سن 18 وما فوق ، هناك 76.9 ذكر . كان متوسط الدخل لأسرة في المدينة 25 ، 795 دولارا ، وكان متوسط دخل الأسرة 26 ، 918 دولارا . كان للذكور متوسط دخل قدره 22 ، 331 دولارا مقابل 20 ، 634 دولارا للإناث . بلغ نصيب الفرد من الدخل للمدينة 15 ، 628 دولارا . حوالي 22.4 ٪ من الأسر و 22.6 ٪ من السكان كانوا تحت خط الفقر ، بما في ذلك 28.1 ٪ من أولئك الذين تقل أعمارهم عن 18 عاما و 22.5 ٪ من أولئك الذين بلغوا 65 عاما أوأكثر . الفن والثقافة . يستضيف ويليستون "" مهرجان سنترال فلوريدا للحصاد والفول السوداني "" كل شهر أكتوبر . الرياضة . الغوض . يقع في ويليستون كهف عرين الشيطان والمغارة الزرقاء ، وهي مناطق غوص شهيرة وجزء من نظام نبع تحت الأرض واسع النطاق موجود في المنطقة . الفروسية . ويليستون هي مسقط رأس الفارس فوليش بلسزر ، الحائز على جائزة كنتاكي ديربي سنة 1975. البنية التحتية . وسائل النقل . تشمل المنطقة مطار ويليستون المحلي ، وهو مطار مملوك للمدينة للاستخدام العام يقع على بعد 2 أميال ( 4 كم ) جنوب غرب منطقة الأعمال المركزية في ويليستون . مناخ . يتميز المناخ في هذه المنطقة بصيف حار ورطب وشتاء معتدل إلى بارد بشكل عام . وفقا لنظام تصنيف كوبن للمناخ ، تتمتع ويليستون بمناخ شبه استوائي رطب ، ويشار إليها اختصارا ب "" CFA "" على خرائط المناخ . التعليم . المدارس . يدير مجلس مدرسة مقاطعة ليفي مدارس مدينة ويليستون العامة وهي : المكتبات . مقاطعة ليفي تزود ويليستون بفرع مكتبة محلي . تقع مكتبة ويليستون العامة في بنك ولاية بيركنز التاريخي السابق ؛ أحد أقدم البنوك في فلوريدا .

[Chunk 3]
أوسيولا ميلس هي منطقة سكنية تقع بولاية بنسيلفانيا في الولايات المتحدة . تبلغ مساحتها 0.85 ، وترتفع عن سطح البحر 464.82000000000005 ، بلغ عدد سكانها 1 , 141 نسمة في عام 2010 حسب إحصاء مكتب تعداد الولايات المتحدة وتصل الكثافة السكانية فيها . التركيبة السكانية . حدد مكتب تعداد الولايات المتحدة بيانات التركيبة السكانية لأوسيولا ميلس في تعداد الولايات المتحدة . في ما يلي ، التركيبة السكانية حسب تعدادي 2000 و 2010. تعداد عام 2000. بلغ عدد سكان أوسيولا ميلس 1 , 249 نسمة بحسب تعداد عام 2000 ، وبلغ عدد الأسر 522 أسرة وعدد العائلات 343 عائلة مقيمة في المنطقة السكنية . في حين سجلت الكثافة السكانية . وبلغ عدد الوحدات السكنية 581 وحدة بمتوسط كثافة قدره . وتوزع التركيب العرقي للمنطقة السكنية بنسبة 99.44 % من البيض و 0.16 % من الأمريكيين الأصليين و 0.16 % من الأمريكيين ذوي الأصول الآسيوية و 0.24 % من عرقين مختلطين أو أكثر و 0.72 % من الهسبانيون أو اللاتينيون من أي عرق . بلغ عدد الأسر 522 أسرة كانت نسبة 29.9 % منها لديها أطفال تحت سن الثامنة عشر تعيش معهم ، وبلغت نسبة الأزواج القاطنين مع بعضهم البعض 51.9 % من أصل المجموع الكلي للأسر ، ونسبة 10 % من الأسر كان لديها معيلات من الإناث دون وجود شريك ، بينما كانت نسبة 3.8 % من الأسر لديها معيلون من الذكور دون وجود شريكة وكانت نسبة 34.3 % من غير العائلات . تألفت نسبة 30.1 % من أصل جميع الأسر من عدة أفراد يعيشون في نفس المنزل ونسبة 15.7 % كانت تتألف من شخص يعيش بمفرده يبلغ من العمر 65 عاما أو أكثر . وبلغ متوسط حجم الأسرة المعيشية 2.37 ، أما متوسط حجم العائلات فبلغ 2.93. بلغ العمر الوسطي للسكان 37.8 عاما . وكانت نسبة 22.5 % من القاطنين تحت سن الثامنة عشر ، وكانت نسبة 7.6 % بين الثامنة عشر والرابعة والعشرين عاما ، ونسبة 29.5 % كانت واقعة في الفئة العمرية ما بين الخامسة والعشرين والرابعة والأربعين عاما ، ونسبة 21.9 % كانت ما بين الخامسة والأربعين والرابعة والستين ، ونسبة 17.5 % كانت ضمن فئة الخامسة والستين عاما فما فوق . يوجد لكل 100 أنثى 100.3 ذكر ، ويوجد لكل 100 أنثى في الثامنة عشر من عمرها فما فوق 91.0 ذكر . بلغ متوسط دخل الأسرة في المنطقة السكنية 29 , 891 دولارا ، أما متوسط دخل العائلة فبلغ 32 , 727 دولارا . وكان متوسط دخل الذكور 30 , 208 دولارا مقابل 21 , 000 دولارا للإناث . وسجل دخل الفرد الخاص بالمنطقة السكنية 14 , 932 دولارا . وكانت نسبة 6.2 % من العائلات ونسبة 9.5 % من السكان تحت خط الفقر ، وكان من هؤلاء نسبة 11.1 % تحت سن الثامنة عشر ونسبة 6.7 % في الخامسة والستين من العمر وما فوق . تعداد عام 2010. بلغ عدد سكان أوسيولا ميلس 1 , 141 نسمة بحسب تعداد عام 2010 ، وبلغ عدد الأسر 461 أسرة وعدد العائلات 312 عائلة مقيمة في المنطقة السكنية . في حين سجلت الكثافة السكانية . وبلغ عدد الوحدات السكنية 535 وحدة بمتوسط كثافة قدره . وتوزع التركيب العرقي للمنطقة السكنية بنسبة 98.25 % من البيض و 0.18 % من الأمريكيين الأفارقة و 0.09 % من الأمريكيين الأصليين و 0.35 % من الأمريكيين ذوي الأصول الآسيوية و 1.14 % من عرقين مختلطين أو أكثر و 1.23 % من الهسبانيون أو اللاتينيون من أي عرق . بلغ عدد الأسر 461 أسرة كانت نسبة 32.1 % منها لديها أطفال تحت سن الثامنة عشر تعيش معهم ، وبلغت نسبة الأزواج القاطنين مع بعضهم البعض 49.7 % من أصل المجموع الكلي للأسر ، ونسبة 11.9 % من الأسر كان لديها معيلات",كم عدد الأسر والعائلات المقيمة في فيلاس ؟,"بلغ عدد الأسر 3 , 733 أسرة وعدد العائلات 2 , 458 عائلة","عدد الأسر 3,896 وعدد العائلات 2,568 عائلة مقيمة في المنطقة السكنية.",0.5,0.91,0.2
"[Chunk 1]
الإسمنت هو مادة رابطة ناعمة تتصلب وتقسي فتملك بذلك خواصا تماسكية وتلاصقية بوجود الماء مما يجعله قادرا على ربط مكونات الخرسانة بعضها ببعض . وأهم استخدام للأسمنت هو الملاط والخرسانة حيث يربط المواد الاصطناعية أو الطبيعية لتشكل مواد بناء قوية مقاومة للتأثيرات البيئية العادية . يجب عدم الخلط بين الخرسانة والأسمنت ، فالأسمنت يشير إلى المسحوق الجاف المستخدم في ربط المواد الكلية للخرسانة . وللأسمنت المستخدم في البناء نوعين هما الأسمنت المائي والأسمنت غير المائي . تعتبر صناعة الأسمنت من الصناعات الإستراتجية . وهي مع ذلك صناعة بسيطة مقارنة بالصناعات الكبرى ، وتعتمد على توفر المواد الخام اللازمة لذلك . لمحة تاريخية . استخدم القدماء في الماضي البعيد خليطا من الجير والطمي والرمل والماء في إقامة مبانيهم ، فقد استخدمه قدماء المصريين بالفعل منذ 2600 عام ، وأتقن الرومان صناعته خلال القرن الأول الميلادي حيث اكتشفوا أن إضافة التربة البركانية المأخوذة من منطقة بزولي ، بالقرب من نابلس ، تمكنهم من الحصول على خليط يصلح للتحكم في المياه الجوفية . وقد أصبحنا نعرف الآن أن تلك التربة المأخوذة من بزولي ، التي استخدم اسمها بقدر من التحريف ( بزولان ) ليطلق على ذلك الصخر السليكوني البركاني ، تحتوي على نسبة 60 -90 ٪ من الرمل ، و 10 -40 ٪ من الجير ، على حسب مصدرها . وتم بالفعل اكتشاف آثار قديمة في عدة مدن رومانية كبقايا الأسمنت الجاف تعود لتلك الحقبة التاريخية . في الإمبراطورية الرومانية استعملوا الجبس ، حيث أضاف يونان إيطاليا رماد البراكين الموجود بمنطقة بوزلس ، ثم طوره الرومان وعمموه إلى نهاية العصر الحاضر . الأسمنت هو مزيج من الجير مثل القرميد والآجر المكسرة ، مضافة إلى الطين . la pouzzolane ( هي أرض بركانية لمنطقة بوزون بناحية نابولي بإيطاليا ) ، وهذا مستعمل كثيرا كمزيج ، الاسمنت لم يعرف كما هو موجود الآن ، حتى القرن 19 ، ثم قام العالم louis Vicat بكشف لغز الرطوبة في الجير في العام 1817 والمتعلقة بالاسمنت التي كانوا يسمونها الجير المميه . والجير المحدود في 1840. البحوث التي أجريت في نهاية القرن 18 للوصول إلى النتائج الحالية في صناعة الأسمنت الحديث في عام 1840 ، كانت تتعلق بالجير المقوى ( غير مميه ) لا يمتزج بالماء ، أما الجير المميه فيه كمية من الماء وهو مشبع بالطين ، يتصلب ويجف بسرعة ولكن يتحلل إذا لم يشو إلى درجة الذوبان . وفي العام 1796 اكتشف العالم james parker على جزيرة شايبي ببريطانيا العظمى ، الأسمنت السهل ( وهو عبارة عن جير مميه أو أسمنت طبيعي ينصهر بسرعة عند درجة انضاجه عند 900 C كسائر الجير الطبيعي العادي ). وأعطاه اسم الأسمنت الروماني ، حيث أخذ شهرة ما بين 1820- 1920 تقريبا . وفي العام 1824 العالم البريطاني joseph aspalin أودع براءة لصناعة الجير المميه وأطلق عليه الأسمنت البورتلاندي نسبة إلى أعالي شبه جزيرة بورتلاند الموجودة على ضفاف بحر المانش الذي يفصل بين فرنسا وبريطانيا . إن أول مصنع للأسمنت اخترع بواسطة dupont et demarlé في سنة 1846 في منطقة boulogne-sur-mer ، ولقد تطورت بعد ظهور مواد جديدة ( فرن حركي الدوران حول نفسه ) مكسر لكريات الكلنكر ، تطورت وسائل صناعة الأسمنت دون توقف ، وفي عام 1870 كان إنتاج الطن الواحد من الكلنكر ( المكون الرئيسي للاسمنت ) يستغرق 40 ساعة ، أما الآن فيستغرق 3 دقائق فقط . تركيبة الأسمنت . الخليط الأساسي لصناعة الأسمنت يتكون من : والجير الطيني يملكان مواصفات تقارب 80 ٪ من الجير ، و 20 ٪ من الطين ، ومواد علاجية :

[Chunk 2]
الألماس متآصل للكربون ذو تركيب بلوري تكعيبي ويتخذ أشكال مضاعفة لذلك البناء التكعيبي ذو الثمانية أوجه وبخاصة الإثني عشر وجه ، وتحدث طفرات في تكوينه أحيانا فيبدو كروي الشكل إلا أن العوامل الخارجية تساعد على ذلك التشكيل . يتكون من عنصر الكربون ( فقط ) تحت الضغط والحرارة العاليتين وبظروف غير معلومة في أعماق الكرة الأرضية ، وبالرغم من أن الكربون هو المكون الأساسي ل الغرافيت والفحم إلا أن خصائص كل منهما تختلف عن الأخر بشكل كبير ، هذا الاختلاف غير ناجم عن التركيب الذري وإنما بسبب الشبكة البلورية ، حيث يؤدي الاختلاف في تركيب الشبكة إلى هذا الفرق الشاسع في الخصائص . عرف الألماس منذ القدم كأحد الأحجار ذات القيمة التجارية . وازدادت شعبية الألماس في القرن التاسع عشر مع ازدياد الإنتاج العالمي وتحسن الطرق التجارية في أرجاء العالم ودخول الطرق العلمية في القطع والصقل والاحتكار العالمي لتلك السلعة من قبل بعض الشركات . وللألماس صفات فيزيائية كثيرة ولكن أشهرها الصلابة والقساوة فهو وحده من بين كل المواد على درجة الصلابة 10 \ 10 في سلم درجات ( موس ) العالمي للأحجار ( أصلبها 10 - وأضعفها 1 ). وللنظام البلوري خاصة تشتيت الضوء ولكن في الألماس تعتبر عالية للضوء . لهذا السبب ، فإن الألماس حجر ذو قيمة مهمة في صناعة الحلي بالإضافة إلى استعمالات صناعية أخرى مثل استخدام الألماس على رأس انابيب حفر الآبار العميقة كالماء والبترول والغاز الطبيعي بالإضافة إلى استخداماته في الأجهزة الإلكترونية والأجهزة الطبية والمعدات الصناعية وقص الزجاج وغيرها . أصل كلمة الألماس . كلمة ( diamond ) مشتقة من الكلمة اليونانية القديمة "" Adamas "" وتعني الصلابة و « محال التطويع » لصلابته وإذا ما أردنا تتبع أثر الكلمة اليونانية فإن أصلها جاء من اللغات الشرقية القديمة ومن ثم أدخلت إلى اليونانية وبعدها اللاتينية ، لكن المعنى اليوناني هو الذي ترك أثره على علوم الأحجار والجيولوجيا المعاصرة ، وفي معظم اللغات الحديثة . إن الكلمة اليونانية « ادامو » ترجمت بمعنى « أداماس » وهناك عدة ترجمات للكلمة التي جاءت كنعت وصفي من اللغة اليونانية إلى اللغة الإنجليزية "" adamas "", "" I tame "" or "" I subdue "" واستقر المعنى لكلمة « أداماس » اليونانية لوصف أقسى وأصلب معدن عرفه الإنسان . أستخدمت كلمة ( ألماس – أداماس ) كمعنى مرادف لكلمة « محال التطويع » أو مستحيل الكسر أي يكسر بصعوبة شديدة ، لكنه من الصعب التخمين والتنبؤ في أية نقطة من التاريخ أصبح العنصر ( محال التطويع ) يقصد به الألماس "" Adamas "" كمعنى مرادف لمعنى العنصر الصلب فربما كان المعنى عنصر الكورندوم أو الياقوت والمعروف كيمائيا باسم ( أكسيد الألومنيوم ) فهو العنصر الثاني بعد الألماس من حيث الصلابة . أما افلاطون الفيلسوف اليوناني القديم فيعرف الفلسفة بمصطلحات الجواهر وكان يقصد بذلك المعنى الألماس ، وذكر أفلاطون الألماس في كتاباته الكثيرة وبخاصة ما جاء في كتابه ( الأحجار ) ومن هنا أخذتها وأقتبستها ونقلتها الحضارات الأخرى من اليونانية كل حضارة بحسب الإدراك والفهم والترجمة للمعنى وليس بحرفيتها ، أما العرب فقد نقلوها كما هي على ما يعتقد؟ ! مع استبدال اللام بالدال وبخاصة في العصر العباسي عندما قام أكبر حركة ترجمة عرفتها الإنسانية فقد شملت تلك الترجمة العلوم والمعارف الإنسانية التي عرفتها الحضارات الأخرى ، بينما كان يعرف قبل ذلك بالدر ، فقد كان العرب يطلقون كلمة الدر على الكثير من الأحجار الكريمة لتشابه ألوانها وصفاتها . أصل كلمة ألماس باللغة العربية لم تأت من الصفة أو النعت ( محال التطويع ) انما جاءت اقتباسا وتحريفا من الكلمة اليونانية كاسم كما جاء في لسان العرب ل ابن منظور وكذلك ابن الأثير والكثير من معاجم اللغة العربية ونذكر منها ما جاء في لسان العرب عن الألماس فقال : إنها معرب أذماس اليونانية وقد حرفوها عند التعريب بقلب الذال إلى للام لتقارب صورتها ومخارجها وتناغمها عند اللفظ وعند الكلام ويقال أيضا بأن قبائل العرب البدو الرحل البدائية في أفريقيا والشرق الأوسط قد استعملوا كلمة أذاماس أو الألماس وكانت تلفظ ( الألماظ أو الألماذ ) ومفردها ألماظة بحسب اللهجة الدراجة في تلك المناطق فعندما وسعوا تجارتهم فيما بينهم وبين الهند وأوروبا استخدموا هذه الأحجار النادرة الوجود للوساطة المالية أو للتبادل التجاري ، كأول عملة مادية عرفها العالم ، وكما تم التداول بالألماس كعملة في شرق الهند وغربها بعدما لوحظ أهميتها للتداول والاستعمال . الألماس في الأساطير . ساد الاعتقاد منذ القدم بأن الألماس يحتوي على خصائص سحرية أسطورية وخرافية وخيالية وعلاجية ، لأن ظاهرة التفسفر phosphorescence في بعض أنواع الألماس يعطية القدرة على التوهج ليلا ، والذي كان في الماضي دليل على قوة الحجر الخارقة ، لذلك اعتقد القدماء بأن الألماس يهدئ الأمراض العقلية ويحمي من النوبات الشيطانية وحتى من الأرواح phantoms والكوابيس الليليه nightmares ، ويعطي دعما غير محدود وشجاعه للمحارب في ساحة المعركة بالإضافة إلى الفضيلة والكرم ، وفي أثناء القضاء في المحاكم فان الامور تسير بجانب من يرتدي ويلبس الألماس wearer's favor ، اما البيوت والحدائق والمزارع التي تلمس زواياها الأربعة بالألماس فأنها تحمى من البرق المدمر والعواصف والآفات blight. انتشرت في الهند القديمة ديانات ومعتقدات خرافيه تقول أن روح الإنسان تمر مراحل تجسيد مثل تجسد ألآلهه على اشكال حيوانات أو بشر ، فالديانة المسيحية مع انها تجسد المسيح في اتحاد الألوهية والناسوتية various incarnations ، إلا أن الأسلوب المسيحي يختلف عن الديانات الهندية القديمة مع ان الفكرة العامه للاتحاد هي نفسها . زعم قدماء الهنود ان الحياة تنفخ في الأحجار الكريمة بمعنى أنها تتجسد وتتحد في الشجر والحيوانات والبشر والألماس واي شيء يمكن للآلهه التجسد فيه وقد شارك الفليسوف اليوناني القديم Plato افلاطون ( عاش بين 427 ق . م - 347 ق . م ) ذو الفلسفة المميزة العذرية والمثالية العقيدة نفسها عن الأحجار الكريمة معتقدا بأنها حية ترزق أو انها كائن حي living beings ، كنتيجه لرد فعل كيمائي يحي ارواحا وهميه vivifying astral spirits ، ثم قسم الفلسوف الأحجار الكريمة إلى قسمين كنماذج ذكرية وأنثوية specimens مدعيا بأنها تتزوج وتنتج . لا يوجد دليل على مكان تعدين الماس الأول هل كان الهند ام في الصين ؟ فقد كان هناك أكثر من مصدر يحدد مكانها إلا انها نضبت جميعها exhausted هذه الايام ، كما أن التاريخ لم يحفظ ايا منها ، اما البوذية فقد ذكرت الألماس في نصوصها البوذيه القديمة Vedic texts وكان يسمى Mani ، لكن الباحثين في علم اللغة Sinologist / linguist من امثال اللغوي الباحث في الديانة البوذية ( Berthold Laufer باحث يهودي ولد في مدينة كولونيا عام 1874 ويعتبر ألماني - أمريكي هاجر إلى الولايات المتحدة بعد أن اتم تعليمة في ألمانيا ومات هناك ) فقد نفى ان يكون الألماس قد ذكر في لغة سنسكريتية أو في الديانة البوذية ، وذلك لان Mani كان مثقوبا ومخرزا مثل مسبحة ( عقد ) أو عقد اللؤلؤ .

[Chunk 3]
الجرانيت أو غرانيت أو الأعبل هو صخر ناري جوفي تكون تحت درجات حرارة عالية . يتشكل الجرانيت أساسا من ثلاثة معادن المرو وسليكات الألومنيوم القلوي والارثوكليز . وتجعل هذه المعادن الجرانيت أبيض أو قرمزيا أو رماديا فاتحا . ويحتوي الجرانيت أيضا على كميات قليلة من المعادن البنية الداكنة أو الخضراء الداكنة أو السوداء مثل ميكا الهورنبلند والبيوتيت . وتتميز حبيبات المعادن في الجرانيت بالضخامة بحيث يمكن التفريق بينها بسهولة . ويبلغ عرض كثير من الذرات 0 , 5 سم . توجد المعادن في الجرانيت متشابكة كالقطع في لعبة القطع المخرمة . ونتيجة لذلك يعتبر الجرانيت صخرة صلبة قوية التحمل ومفيدة في إنشاء المباني . ومعظم الجرانيت يمكنه تحمل عوامل التعرية لقرون ، ويمكن صقله حتى يصير أملس مما يجعله صالحا لبناء الأعمدة ، وشواهد القبور والآثار التي يراد لها أن تعمر طويلا . يصنف الجيولوجيون الجرانيت على أنه صخر ناري . انظر : الصخور النارية . وقد خلصوا إلى أن معظم الجرانيت تكون بوساطة تبلور الصهارة ( المادة الصخرية المذابة ) بالتبريد البطيء . والصهارة لها تكوين الجرانيت الكيميائي نفسه ، ونتجت من انصهار الصخور على مسافة تتراوح بين 25 و 40 كم تحت اليابسة ، في درجة حرارة تتراوح بين 650 و 900م . وترتفع الصهارة لأنها أخف وزنا من الصخور الصلبة المحيطة بها . وتبرد الصهارة كلما ارتفعت . ويبرد معظمها ببطء شديد كاف لتكوين بلورات خشنة تتصلب تحت سطح الأرض . وتتسرب الصهارة في بعض الأحيان من البراكين ، وتبرد بسرعة لتكون بلورات كبيرة ، وتعرف الصخرة الناتجة عن ذلك بالريوليت أو الجرانيت الحممي ، ولها تكوين الجرانيت الكيميائي نفسه إلا أن ذراتها ناعمة . وقد دلت التجربة على أن كثيرا من أنواع الصخور تنتج الجرانيت عندما تنصهر . وتنصهر الصخور على مراحل ، إلا أن المعادن التي تكون الجرانيت تنصهر أولا . وقد يكون من أسباب وجود الجرانيت بكثرة سهولة لانصهار مادته الصخرية . تتكون القارات إلى حد كبير من الجرانيت المدفون تحت الصخور الرسوبية . ويظهر معظم الجرانيت عندما ترتفع الصخور المدفونة بعمق إلى سطح الأرض نتيجة لحركات تكوين الجبال على القشرة الأرضية . وعندما تنكشف قمم الجبال نتيجة لعوامل التعرية تظهر صخور الجرانيت التي تحتها . وصف . تأتي كلمة « جرانيت » من الكلمة اللاتينية "" granum "" ، وهي حبة ، في إشارة إلى البنية الخشنة الحبيبية لصخرة بلورية تماما . جرانيت الصخور تتكون أساسا من الفلسبار ، الكوارتز ، والميكا ، والأمفيبول المعادن ، التي تشكل المتشابكة ، إلى حد ما equigranular مصفوفة من الفلسبار والكوارتز مع متناثرة قتامة البيوتيت الميكا والأمفيبول ( غالبا الهورنبلند ) التي تمتليء بها المعادن اللون أخف وزنا . أحيانا بعض البلورات الفردية ( phenocrysts ) أكبر من groundmass ، وفي هذه الحالة يعرف النسيج باسم البورفيريت . تعرف الصخور الجرانيتية ذات الملمس البورفيري باسم الحجر السماقي الجرانيت . الجرانيتية هو ، وصفي العام الحقل المدى لوالصخور النارية الملونة أخف الحبيبات الخشنة . صخرية مطلوب الفحص لتحديد أنواع معينة من الجرانيتية . يمكن أن يكون لون الجرانيت أبيض أو وردي أو رمادي في الغالب ، حسب معادنها . الفلسبار القلوي في الصوان عادة أورثوكلاز أو ميكروكلينوغالبا ما يكون perthitic . عادة ما يكون بلاجيوجلاز عبارة عن أوليجوكلاز غني بالصوديوم . عادة ما تكون البلورات الظهارية هي الفلسبار القلوي . وتصنف الصخور الجرانيتية وفقا ل مخطط QAPFللالخشنة الحبيبات الصخور الجوفية ويتم تسمية وفقا لنسبة الكوارتز ، القلويات الفلسبار ( أورثوكلاز ، sanidine ، أو ميكروكلين ) وبلاجيوجلاز الفلسبار على النصف AQP الرسم التخطيطي . يحتوي الجرانيت الحقيقي ( وفقاللاتفاقية البترولوجية الحديثة ) على ما بين 20 ٪ و 60 ٪ كوارتز من حيث الحجم ، مع 35 ٪ إلى 90 ٪ من الفلسبار الكلي يتكون من الفلسبار القلوي . تصنف الصخور الجرانيتية الأكثر فقرا في الكوارتز كما syenites أو monzonites ، في حين تصنف الصخور الجرانيتية التي تهيمن عليها بلاجيوجلاز كما granodiorites أو tonalites . يتم تصنيف الصخور الجرانيتية التي تحتوي على أكثر من 90 ٪ من الفلسبار القلوي على أنها جرانيت الفلسبار القلوي . صخور الجرانيت التي تحتوي على أكثر من 60 ٪ كوارتز ، وهو أمر غير شائع ، يتم تصنيفها ببساطة على أنها جرانيتية غنية بالكوارتز أو ، إذا كانت تتكون بالكامل تقريبا من الكوارتز ، فهي كوارتزوليت . يتم تصنيف الجرانيت الحقيقي أيضا من خلال النسبة المئوية للفلدسبار الكلي وهو الفلسبار القلوي . الجرانيت التي يكون الفلسبار فيها من 65 ٪ إلى 90 ٪ الفلسبار القلوي عبارة عن مادة Syenogranites ، في حين أن الفلسبار في monzogranite هو 35 ٪ إلى 65 ٪ الفلسبار القلوي . الجرانيت الذي يحتوي على كل من الميكا المسكوفيت والبيوتايت يسمى ثنائي أو "" اثنين من "" الجرانيت "" الميكا "" . عادة ما تكون الجرانيت ذات الميكا عالية في البوتاسيوم ومنخفضة في بلاجيوجلاز ، وعادة ما تكون من الجرانيت من النوع S أو الجرانيت من النوع A ، كما هو موضح أدناه . جانب آخر من تصنيف الجرانيت هو نسب المعادن المختلفة التي يحتمل أن تشكل الفلسبار . تحتوي معظم الجرانيت على تركيبة بحيث يتم دمج جميع معادنها المصنوعة من الألومنيوم والقلويات ( الصوديوم والبوتاسيوم ) في صورة الفلسبار . هذا هو الحال عندما K 2 O + Na 2 O + CaO > Al 2 O 3 > K 2 O + Na 2 O. توصف هذه الجرانيت بأنها "" عادية "" أو "" معدنية "" . الجرانيت التي لا يوجد فيها ما يكفي من الألمنيوم لتتحد مع جميع الأكاسيد القلوية مثل الفلسبار ( Al 2 O 3 CaO + K 2 O + Na 2 O ) على أنها "" بيرالومين "" ، وتحتوي على معادن غنية بالألمنيوم مثل المسكوفيت . الخصائص الفيزيائية . متوسط كثافة من الجرانيت ما بين 2.65 و 2.75 جم / سم 3 ( 165 و 172 رطل / قدم مكعب ) ، قوة الضغط عادة فوق 200 ميجا باسكال ، ولها لزوجة بالقرب STP هي 3 -6 · 10 20 با · س .",ما هي الخواص التي يمتلكها الإسمنت ؟,تماسكية وتلاصقية بوجود الماء مما يجعله قادرا على ربط مكونات الخرسانة بعضها ببعض,"عذراً، لكن يبدو أن هناك خطأ في السؤال. الإسمنت ليس صخرة أو جرانيت كما تم ذكره في النص المقدم. الإسمنت هو مادة بناء تستخدم لصنع الخرسانة والأسقف وغيرها من المواد الصلبة المستخدمة في البناء.

إليك بعض الخواص الأساسية للإسمنت:

1. الصلابة: يعطي الإسمنت صلابة عالية للمواد التي يتم استخدامها معه، مثل الخرسانة.
2. القوة الضغطية: يمكن أن يكون قويًا جدًا في ضغوط ميكانيكية.
3. الصلابة تحت الحرارة والبرودة: يحافظ على خصائصه الميكانيكية حتى عند درجات حرارة عالية أو منخفضة.
4. التحمل للماء: يمكن أن يتحمل المياه بشكل جيد دون تآكل.
5. الصيانة البسيطة: يمكن تنظيفه بسهولة وتحديثه بطرق مختلفة.

هذه الخواص تمثل الأساس لاستخدام الإسمنت في البناء والتشييد.",0.92,0.9,0.92
"[Chunk 1]
دييغو أوريجويلا هو لاعب كرة قدم إسباني في مركز الوسط ، ولد في 20 يناير 1962 في في إسبانيا . شارك مع منتخب إسبانيا تحت 18 سنة لكرة القدم ومنتخب إسبانيا تحت 21 سنة لكرة القدم ومنتخب إسبانيا لكرة القدم ومنتخب كاتالونيا لكرة القدم . أما مع النوادي ، فقد لعب مع إسبانيول ونادي ساباديل ونادي لاردة .

[Chunk 2]
أنطونيو أوريجويلا هو لاعب كرة قدم إسباني في مركز الوسط ، ولد في 2 ديسمبر 1960 في مدريد في إسبانيا . شارك مع منتخب إسبانيا تحت 21 سنة لكرة القدم ومنتخب إسبانيا تحت 23 سنة لكرة القدم . أما مع النوادي ، فقد لعب مع أتلتيكو مدريد وأتليتيكو بالياريس وإف إس في فرانكفورت ورايو فايكانو وريال مايوركا ونادي سالامانكا ونادي غرناطة .

[Chunk 3]
كارلوس أوريجويلا هو لاعب كرة قدم إكوادوري في مركز الهجوم ، ولد في 14 مارس 1993 في إسمرالداس في الإكوادور . لعب مع .",ما هي المنتخبات التي شارك فيها دييغو أوريجويلا ؟,منتخب إسبانيا تحت 18 سنة لكرة القدم ومنتخب إسبانيا تحت 21 سنة لكرة القدم ومنتخب إسبانيا لكرة القدم ومنتخب كاتالونيا لكرة القدم,منتخب إسبانيا تحت 18 سنة لكرة القدم ومنتخب إسبانيا تحت 21 سنة لكرة القدم ومنتخب إسبانيا لكرة القدم ومنتخب كاتالونيا لكرة القدم.,0.91,0.92,0.92
"[Chunk 1]
نبيه مصطفى بري ( ولد في 28 يناير 1938 ) هو سياسي لبناني يشغل منصب رئيس مجلس النواب منذ 1992 ويقود حركة أمل منذ 1980. ولد في سيراليون ، ونشأ في مدينة تبنين في جنوب لبنان . مارس المحاماة في السيتينيات وانضم إلى حركة أمل بعد تعرفه على موسى الصدر ، وتولى رئاستها في 1980 بعد اختفاء الصدر المفاجئ في ليبيا . تحت قيادته ، تحالفت أمل مع سوريا في الحرب الأهلية اللبنانية ، وخاضت حرب المخيمات ضد الفصائل الفلسطينية وحرب الأخوة ضد حزب الله . عارض بري معاهدة 17 أيار التي أبرمها أمين الجميل مع إسرائيل ، وساهم في إسقاط حكومته من خلال انتفاضة 6 شباط . شارك في إقرار إتفاق الطائف ، وانتخب رئيسا لمجلس النواب للمرة الأولى في 1992 خلفا لحسين الحسيني . إنضم إلىتحالف 8 آذار في 2005. يعد بري أحد أبرز الشخصيات الشيعية في لبنان ، إلا أنه ينتقد بسبب الفساد ودوره في الحرب الأهلية . النشأة . ولد بري في مدينة بو جنوب سيراليون لعائلة شيعة لبنانية ، وتعود أصول والده مصطفى بري إلى بلدة تبنين في جنوب لبنان . تلقى دروسه الإبتدائية في مدرسة تبنين ، ثم انتقل في 1949 إلى بيروت ليبدأ المرحلة المتوسطة . قضى هذه الفترة بين مدرسة حوض الولاية ، المدرسة التكميلية في بنت جبيل بالإضافة الكلية الجعفرية في صور ، ثم حصل على الشهادة المتوسطة في 1952. لاحقا ، عاد إلى بيروت ، ودخل ثانوية الإمام علي بن أبي طالب ، ثم التحق بصف الفلسفة ونال الشهادة الثانوية في 1958. إنتسب بري بعد إنهائه الدراسة الأساسية إلى كلية الحقوق في الجامعة اللبنانية ، ونال إجازة في الحقوق في 1963 ثم أكمل دراساته العليا في جامعة السوربون في باريس . الحياة العملية . في 1963 ، انتخب بري رئيسا للاتحاد الوطني للطلبة اللبنانيين ، وقاد العديد من النشاطات والتظاهرات الطلابية والسياسية . عمل كمحامي في عدة شركات داخل مدينة بيروت ، بعد أن تدرج في مكتب المحامي المعروف عبد الله لحود . تعرف خلال هذه الفترة على موسى الصدر ، وأصبح مقربا منه وساهم في إنشاء المجلس الإسلامي الشيعي الأعلى ، وانتسب إلى حركة المحرومين التي أسسها موسى الصدر . تولى عدة مسؤوليات في الحزب في الجانب الإعلامي والتنسيقي مع باقي الأحزاب . الحرب الأهلية اللبنانية . رئاسة حركة أمل .

[Chunk 2]
نيلسون روليهلاهلا مانديلا ( 18 يوليو 1918 - 5 ديسمبر 2013 ) ، سياسي مناهض لنظام الفصل العنصري في جنوب أفريقيا وثوري شغل منصب رئيس جنوب أفريقيا 1994 -1999. وكان أول رئيس من ذوي البشرة السمراء لجنوب أفريقيا ، انتخب في أول انتخابات متعددة وممثلة لكل الأعراق . ركزت حكومته على تفكيك إرث نظام الفصل العنصري من خلال التصدي للعنصرية المؤسساتية والفقر وعدم المساواة وتعزيز المصالحة العرقية . سياسيا ، هو قومي أفريقي وديمقراطي اشتراكي ، شغل منصب رئيس المؤتمر الوطني الأفريقي ( African National Congress : ANC ) في الفترة من 1991 إلى 1997. كما شغل دوليا ، منصب الأمين العام لحركة عدم الانحياز 1998 -1999. ولد في قبيلة الهوسا ( Xhosa ) للعائلة المالكة تهمبو ( Thembu ). درس مانديلا في جامعة فورت هير وجامعة ويتواترسراند ، حيث درس القانون . عاش في جوهانسبورغ وانخرط في السياسة المناهضة للاستعمار ، وانضم إلى حزب المؤتمر الوطني الأفريقي ، وأصبح عضوا مؤسسا لعصبة الشبيبة التابعة للحزب . بعد وصول الأفريكان القوميين من الحزب الوطني إلى السلطة في عام 1948 وبدأ تنفيذ سياسة الفصل العنصري ، برز على الساحة في عام 1952 في حملة تحد من حزب المؤتمر الوطني الأفريقي ، وانتخب رئيس لفرع حزب المؤتمر الوطني بترانسفال وأشرف على الكونغرس الشعبي لعام 1955. عمل كمحام ، وألقي القبض عليه مرارا وتكرارا لأنشطة مثيرة للفتنة ، وحوكم مع قيادة حزب المؤتمر في محاكمة الخيانة 1956 -1961 وبرئ فيما بعد . كان يحث في البداية على احتجاج غير عنيف ، وبالتعاون مع الحزب الشيوعي في جنوب أفريقيا شارك في تأسيس منظمة رمح الأمة المتشددة ( Umkhonto we Sizwe : MK ) في عام 1961 ، ألقي القبض عليه واتهم بالاعتداء على أهداف حكومية . وفي عام 1962 أدين بالتخريب والتآمر لقلب نظام الحكم ، وحكمت عليه محكمة ريفونيا بالسجن مدى الحياة . مكث مانديلا 27 عاما في السجن ، أولا في جزيرة روبن آيلاند ، ثم في سجن بولسمور وسجن فيكتور فيرستر . وبالموازاة مع فترة السجن ، انتشرت حملة دولية عملت على الضغط من أجل إطلاق سراحه ، الأمر الذي تحقق في عام 1990 وسط حرب أهلية متصاعدة . صار بعدها مانديلا رئيسا لحزب المؤتمر الوطني الأفريقي ونشر سيرته الذاتية وقاد المفاوضات مع الرئيس دي كليرك لإلغاء الفصل العنصري وإقامة انتخابات متعددة الأعراق في عام 1994 ، الانتخابات التي قاد فيها حزب المؤتمر إلى الفوز . انتخب رئيسا وشكل حكومة وحدة وطنية في محاولة لنزع فتيل التوترات العرقية . كرئيس ، أسس دستورا جديدا ولجنة للحقيقة والمصالحة للتحقيق في انتهاكات حقوق الإنسان في الماضي . استمر شكل السياسة الاقتصادية الليبرالية للحكومة ، وعرضت إدارته تدابير لتشجيع الإصلاح الزراعي ومكافحة الفقر وتوسيع نطاق خدمات الرعاية الصحية . دوليا ، توسط بين ليبيا والمملكة المتحدة في قضية تفجير رحلة بان آم 103 ، وأشرف على التدخل العسكري في ليسوتو . امتنع عن الترشح لولاية ثانية ، وخلفه نائبه تابو إيمبيكي ، ليصبح فيما بعد رجلا من حكماء الدولة ، ركز على العمل الخيري في مجال مكافحة الفقر وانتشار الإيدز من خلال مؤسسة نيلسون مانديلا . أثارت فترات حياته الكثير من الجدل ، شجبه اليمينيون وانتقدوا تعاطفه مع الإرهاب والشيوعية . كما تلقى الكثير من الإشادات الدولية لموقفه المناهض للاستعمار وللفصل العنصري ، حيث تلقى أكثر من 250 جائزة ، منها جائزة نوبل للسلام 1993 وميدالية الرئاسة الأمريكية للحرية ووسام لينين من الاتحاد السوفييتي . يتمتع مانديلا بالاحترام العميق في العالم عامة وفي جنوب أفريقيا خاصة ، حيث غالبا ما يشار إليه باسمه في عشيرته ماديبا "" أو تاتا "" ، وفي كثير من الأحيان يوصف بأنه « أبو الأمة ». النشأة . الطفولة ( 1918 -1936 ). ولد مانديلا في 18 يوليو 1918 في قرية مفيتزو Mvezo بمقاطعة أوماتاتا ( Umtatu ) ، بإقليم ترانسكاي في جنوب أفريقيا . سمي « روليهلاهلا » ، ويعني « نازع الأغصان من الشجر » أو بالعامية « المشاكس » ، وفي السنوات اللاحقة أصبح يعرف باسم عشيرته ، ماديبا . أحد أجداده من جهة والده ، نغوبنغوكا Ngubengcuka ، كان حاكما لشعب تيمبو في أراضي ترانسكاي بمقاطعة كيب الشرقية الحديثة في جنوب أفريقيا . هذا الملك ، كان له ابن اسمه "" مانديلا "" هو جد نيلسون ومصدر لقبه . لأن مانديلا لم يكن سوى طفل الملك من زوجة من عشيرة اكزيبا Ixhiba ، أو ما يسمى ب « الفرع الأيسر » ، فكان غير مؤهل ليرث العرش ولكنه اعتبر مستشار الورثة الملكيين . ومع ذلك ، كان والده ، غادلا هنري مفاكانيسوا Gadla Henry Mphakanyiswa ، زعيما محليا ومستشارا للملك ، تم تعيينه في المنصب في عام 1915 ، بعد أن اتهم مجلس حكام أبيض سلفه بالفساد . في عام 1926 ، أقيل غادلا أيضا من منصبه بتهمة الفساد ، قيل لنيلسون أنه فقد وظيفته بسبب وقوفه ضد مطالب المجلس غير المعقولة . كان محب للإله « كاماتا Qamata », كان غادلا متزوج من أربع نسوة ، ولديه أربعة أولاد وتسع بنات ، يعيشون في قرى مختلفة . وكانت والدة نيلسون « نوسيكا فاني » ( Nosekeni Fanny ) هي الزوجة الثالثة ، وهي ابنة انكيداما ( Nkedama ) من « الفرع الأيمن » وعضوا في أمامبفو ( amaMpemvu ) من عشيرة كوسا . في سنواته الأولى ، هيمنت على حياته « العادات والطقوس والمحرمات » شب مانديلا مع اثنين من أخواته في مسكن والدته بقرية Qunu ، وكان يرعى قطعان الماشية صبي ويمضي معظم الوقت في الخارج مع أولاد آخرين . كان والداه أميين ، ولكن والدته التي اعتنقت المسيحية أرسلته إلى المدرسة الميثودية المحلية وهو بعمر سبعة سنين . عمد كميثودي ، وأعطى معلم مانديلا به اسما إنجليزيا هو « نيلسون » كاسم أول . عندما كان مانديلا في التسعة من عمره ، قدم أبوه للعيش معهم في كونو Qunu ، حيث توفي بمرض لم يشخص يعتقد مانديلا أنه من أمراض الرئة . قال في وقت لاحق أنه ورث من والده « التمرد بفخر » و « إحساس عنيد بالعدالة ». أخذته والدته إلى « المكان العظيم » "" Great Place "" قصر في مكيكزوبي Mqhekezweni ، حيث كان تحت رعاية الوصي على عرش تيمبو ، الزعيم يونجينتابا دالينديبو ( Jongintaba Dalindyebo ). ولم يرى أمه مرة أخرى لسنوات عديدة ، ورأى مانديلا أن يونجينتابا وزوجته نو - إنغلاند ( Noengland ) عاملاه وكأنه طفلهما ، بنفس مقام الابن جستيس ( Justice ) والبنت نومافو ( Nomafu ). كان مانديلا يتردد على الكنيسة كل يوم أحد مع الأوصياء ، حتى أصبحت للمسيحية مكانة خاصة في حياته . التحق بمدرسة البعثة الميثودية الواقعة بجانب القصر ، حيث درس اللغة الإنجليزية وكوسا ( Xhosa ) والتاريخ والجغرافيا . فأحب التاريخ الأفريقي ، من خلال استماعه إلى حكايات الزوار المسنين إلى القصر ، وتأثر بالخطاب المعادي للإمبريالية الزعيم Joyi. وفي وقتها كان يعتبر المستعمرين الأوروبيين محسنين وليسوا ظالمين . بعمر 16 سنة ، سافر مع جستيس والعديد من الأولاد الآخرين إلى تايهالارها Tyhalarha للخضوع لطقوس الختان وهو رمز لانتقالهم من الطفولة إلى الرجولة ، وبعد اتمام الطقوس ، سمي ب داليبهونغا "" Dalibunga "". كلاركبري ، هيلدتاون وفورت هير ( 1936 -1940 ).

[Chunk 3]
إسماعيل الأزهري ( 20 أكتوبر 1900 – 26 أغسطس 1969 ) شخصية قومية وسياسية سودانية . كان أول رئيس وزراء للسودان بين عامي 1954 و 1956 ، ورئيس السودان من عام 1965 حتى أطاح به جعفر النميري في عام 1969. نبذة عن حياته . إسماعيل بن السيد أحمد بن السيد إسماعيل بن السيد أحمد الأزهري بن الشيخ إسماعيل الولي ( 1900 -1969 م ). ينتهي نسبه بالشيخ إسماعيل الولي بن عبد الله ، الكردفاني سكنا ، الدفاري البديري الدهمشي العباسي أصلا ونسبا والذي نزحت أسرة والده « عبد الله » من قرية منصوركتي بمنطقة الدبة في الشمالية لمدينة الأبيض حاضرة كردفان . ولإسماعيل الأزهري صلة قرابة بمصطفى البكري بن الشيخ إسماعيل أول من دفن بمقابر البكري بأم درمان وبمحمد المكي أحد رجال الحركة الصوفية بالسودان أول من سكن حي السيد المكي ببيت المال بأم درمان ، وبالشيخ البدوي صاحب القبة المشهورة في حي العباسية بأمدرمان ، وبالأشراف البيلياب والدواليب . شغل منصب رئيس وزراء السودان في الفترة 1954 - 1956 م ورئيس مجلس السيادة في الفترة 1965 - 1969 م رافع علم استقلال السودان . ولد في بيت علم ودين ، تعهده جده لأبيه إسماعيل الأزهري الكبير بن أحمد الأزهري . تلقى تعليمه الأوسط بواد مدني ، كان نابها متفوقا ، التحق بكلية غردون عام 1917 م ولم يكمل تعليمه بها . عمل بالتدريس في مدرسة عطبرة الوسطي وأم درمان ، ثم ابتعث للدراسة في الجامعة الأميركية في بيروت وعاد منها عام 1930 م . عين بكلية غوردون و أسس بها جمعية الآداب والمناظرة . و عندما تكون مؤتمر الخريجين انتخب أمينا عاما له في 1937 م . تزعم حزب الأشقاء الذي كان يدعو للاتحاد مع مصر في مواجهة الدعوة لاستقلال السودان التي ينادي بها حزب الأمة . عارض تكوين المجلس الاستشاري لشمال السودان والجمعية التشريعية . تولى رئاسة الحزب الوطني الاتحادي ( الحزب الإتحادي الديمقراطي حاليا ) عندما توحدت الأحزاب الاتحادية تحته . في عام 1954 م . انتخب رئيسا للوزراء من داخل البرلمان وتحت تأثير الشعور المتنامي بضرورة استقلال السودان أولا وقبل مناقشة الاتحاد مع مصر ، وبمساندة الحركة الاستقلالية تقدم باقتراح إعلان الاستقلال من داخل البرلمان فكان ذلك بالإجماع . تولى منصب رئاسة مجلس السيادة بعد قيام ثورة أكتوبر 1964 م إبان الديمقراطية الثانية . اعتقل عند قيام انقلاب مايو 1969 م بسجن كوبر وعند اشتداد مرضه نقل إلى المستشفى إلى أن توفي بها . لديه كتاب شهير بعنوان :( الطريق إلى البرلمان ) صدر عن دار الثقافة ببيروت . كان متزوجا من السيدة مريم مصطفى سلامة .",هل تولى أشخاص من الطوائف المسيحية منصب رئيس الوزراء قبل التوقيع على الميثاق الوطني ؟,قد تولاه أشخاص ينتمون إلى طوائف مسيحية .,"لا، لم يتوالي أشخاص من الطائفة المسيحية في منصب رئيس وزراء السودان قبل توقيع الميثاق الوطني.",0.5,0.9,0.21
"[Chunk 1]
الأفيون هو مادة مخدرة ، تستخرج من نبات الخشخاش ، وتستخدم لصناعة الهيروين . يتكون ما يقرب من 12 في المائة من الأفيون من المورفين القلوي المسكن ، والذي تتم معالجته كيميائيا لإنتاج الهيروين والمواد الأفيونية الاصطناعية الأخرى للاستخدام الطبي وتجارة المخدرات غير المشروعة . يحتوي اللاتكس ( سائل حليبي ) أيضا على المواد الأفيونية المرتبطة ارتباطا وثيقا مثل الكوديين والثيبين ، والقلويدات غير المسكنة مثل بابافيرين ونوسكابين . الطريقة التقليدية تتطلب عمل مكثف للحصول على مادة اللاتكس بعد خدش قرون البذور غير الناضجة باليد عن طريق آلة حادة ؛ يتسرب اللاتكس ويجف ويتحول إلى بقايا صفراء لزجة يتم كشطها لاحقا وتجفيفها . الإنتاج . كان الأفيون محظورا في العديد من البلدان خلال أوائل القرن العشرين ، مما أدى إلى النمط الحديث لإنتاج الأفيون كسلائف للعقاقيرالاستجمامية غير القانونية أو الأدوية الموصوفة طبيا والتي تخضع لضرائب عالية . في عام 1980 ، تم توفير 2000 طن من الأفيون لجميع الاستخدامات المشروعة وغير القانونية . بلغ الإنتاج العالمي في عام 2006 حوالي 6610 طن متري . حوالي خمس مستوى الإنتاج في عام 1906 منذ ذلك الوقت ، انخفض إنتاج الأفيون . في عام 2002 ، كان سعر كيلوغرام واحد من الأفيون 300 دولار أمريكي للمزارع ، و 800 دولار أمريكي للمشترين في أفغانستان ، و 16000 دولار أمريكي في شوارع أوروبا قبل التحول إلى هيروين . في الآونة الأخيرة ، زاد إنتاج الأفيون بشكل كبير ، حيث تجاوز 5000 طن في عام 2002 ووصل إلى 8600 طن في أفغانستان و 840 طنا في المثلث الذهبي في عام 2014. ومن المتوقع أن يزداد الإنتاج في عام 2015 مع إدخال بذور جديدة ومحسنة إلى أفغانستان . قدرت منظمة الصحة العالمية أن الإنتاج الحالي من الأفيون سوف يحتاج إلى زيادة لخمسة أضعاف لمراعاة الاحتياجات الطبية العالمية الإجمالية استعماله للعلاج . استعمله المداوون العرب بنجاح ونقل عنهم إلى أوروبا . ويرجع الفضل إلى العالم باراسيلسوس في تعريف أوروبا بمنافع الأفيون في العلاج . و في العصور الوسطى استعمل الأفيون على شكل صبغة الأفيون في الكحول لازالة الآلام ولاحداث حالة الانسجام والشعور بالارتفاع عن الواقع . وبدأ تحضير الأدوية المسجلة من الأفيون في القرن التاسع عشر ، حيث استعملت مستحضرات الأفيون في علاج آلام التسنين عند الأطفال وعلاج الكحة والاسهال والزحار ( الدوسنتاريا ) وآلام الروماتيزم . قصة الأفيون مع الصين . ادخل الافيون إلى الصين منذ حوالي ألف عام بعد الميلاد واحتكر تدخينه طبقة الصفوة في البلاد ، وكان نبات الخشخاش يزرع في الهند ويهرب إلى الصين عن طريق كانتون . واحتكرت شركة الهند الشرقية زراعة وتجارة الأفيون الذي كان مصدر ربح عظيم للشركة وللتجار الأوربيين والصينيين . وعندما انتشر إدمان الأفيون بين الشعب الصيني عين الإمبراطور حاكما جديدا لكانتون وقام الحاكم الجديد عام 1838 م بإغراق وإتلاف كل الأفيون الموجود على السفن الإنجليزية . وفي مرة واحدة أتلف 2 , 640 , 000 رطل وقد تسبب ذلك في خسارة شركة الهند الشرقية ، وأدى إلى قيام حرب الأفيون بعد عام واحد ، حيث تمكنت القوات البريطانية بمساعدة أقوى أسطول بحري في العالم في ذلك الوقت من هزيمة 350 مليون صيني ، وتنازل الإمبراطور للإنجليز عن جزيرة هونغ كونغ ، وأعطاهم تعويضات كبيرة ، كما تمتعوا بحقوق عريضة من التجارة وبالذات تجارة الأفيون . وبعد عشر سنوات أخرى قامت حرب الأفيون الثانية حيث أخضعت الصين تماما لنفوذ الأوروبين ، واصبح الصينين تحت وطأة إدمان الأفيون إلى أن تنبه الوطنيون إلى ذلك وحاربوا الأفيون حتى قضوا عليه تماما بعد الحرب العالمية الثانية .

[Chunk 2]
اتفاقية الأفيون الدولية ، الموقعة في لاهاي في 23 يناير عام 1912 أثناء المؤتمر الدولي الأول للأفيون ، والتي كانت أول معاهدة دولية لمكافحة المخدرات . لم تنجح الولايات المتحدة في محاولات لإدراج الحشيش في اتفاقية عام 1912. تم تسجيلها في سلسلة معاهدات عصبة الأمم في 23 يناير 1922. عقدت الولايات المتحدة مؤتمرا مكون من 13 دولة للجنة الأفيون الدولية عام 1909 في شنغهاي ، الصين ، للرد على الانتقادات المتزايدة لتجارة الأفيون . وقعت معاهدة لكل من ألمانيا والولايات المتحدة والصين وفرنسا والمملكة المتحدة وإيطاليا واليابان وبلاد فارس والبرتغال وروسيا وتايلاند . نصت الاتفاقية على ما يلي : « تبذل الدول المتعاقدة كل جهدها للسيطرة على كل من يصنعون ، يستوردون ، يبيعون ، يوزعون ، يصدرون المورفين والكوكايين والأملاح الخاصة بهم ، وكذلك المباني التي يمارس فيها هؤلاء الأشخاص مثل هذه الصناعة أو التجارة ». نفذت الانتفاقية في عام 1915 من قبل الولايات المتحدة وهولندا والصين وهندوراس والنرويج . دخلت حيز التنفيذ على الصعيد العالمي في عام 1919 ، عندما دمجت في معاهدة فرساي . كان الهدف الاساسي للاتفاقية هو فرض قيود على الصادرات بدلا من فرض حظر أو تجريم استخدام وزراعة الأفيون والكوكايين والقنب . وهذا يفسر انسحاب الولايات المتحدة والصين ، اللتين كانت تتجهان نحو مناهج الحظر ، وكذلك بدء المفاوضات التي أدت إلى اتفاقية الأفيون الدولية سنة 1925 في جنيف . تم التوقيع على اتفاقية دولية منقحة لاتفاقية الأفيون الدولية المتعلقة بالمخدرات الخطرة في جنيف في 19 فبراير 1925 ، والتي دخلت حيز التنفيذ في 25 سبتمبر 1938 ، وتم تسجيلها في سلسلة معاهدات عصبة الأمم في نفس اليوم . وقد أدخلت نظام مراقبة إحصائية يشرف عليه مجلس الأفيون المركزي الدائم ، وهو هيئة تابعة لعصبة الأمم . أوصت مصر بدعم من الصين والولايات ، بإضافة حظر على الحشيش إلى الاتفاقية ، واقترحت لجنة فرعية النص التالي : لا يجوز استخدام القنب الهندي والمستحضرات المشتقة منه إلا للأغراض العلاجية والعلمية . ومع ذلك ، فإن الراتينج الخام ( نبات مخدر ) ، الذي يتم استخراجه من قمم الإناث من كانابيس ساتيفا ، إلى جانب المستحضرات المختلفة ( الحشيش ، والشيرا ، والمرجوانا ، والديمبا ، وما إلى ذلك ) التي تشكل أساسها ، ولا تستخدم في الوقت الحالي للإغراض الطبية ، بل فقط عرضة للاستخدام لأغراض ضارة ، بنفس حال المخدرات الأخرى ، لا يجوز إنتاجها أو بيعها أو المتاجرة بها وما إلى ذلك ، تحت أي ظرف من الظروف . اعترضت الهند ودول أخرى على ذلك ، نقلا عن العادات الاجتماية والدينية وانتشار نباتات القنب البرية التي من شأنها أن تجعل من الصعب تنفيذه . وبناء على ذلك ، لم يدخل هذا الحكم في المعاهدة النهائية . تم التوصل إلى حل وسط يحظر تصدير القنب إلى البلدان التي حضرت استخدامه ، ويطلب من الدول المستوردة إصدار شهادات بالموافقة على الاستيراد وتصريح بأن الشحنة كانت مطلوبة « حصريا للأغراض الطبية أو العلمية ». كما طلب من الأطراف « ممارسة رقابة فعالة ذات طبيعة تمنع الاتجار الدولي غير المشروع بالقنب الهندي وخاصة الراتنج ». لا تزال هذه القيود تترك مجالا كبيرا للبلدان للسماح بإنتاج الحشيش والتجارة الداخلية واستخدامه للأغراض الترفيهية . تم استبدال الاتفاقية بحلول عام 1961 إلى ( الاتفاقية الوحيدة للخدرات )

[Chunk 3]
اتفاقية الحد من تصنيع وتنظيم توزيع المخدرات ، هي معاهدة لمكافحة المخدرات صدرت في جنيف في 13 يوليو عام 1931 م . وقد دخلت حيز النفاذ في 9 يوليو من عام 1933 م . نظرة عامة . وقد تم إنشاء مجموعتين من المخدرات ، تتألف المجموعة الأولى مما يلي : المورفين وأملاحه ، بما في ذلك أملاح الاستر مثل ثنائي أسيتات المورفين ( الهيروين ) والمستحضرات المصنوعة مباشرة من الأفيون الخام أو الطبي وتحتوي على أكثر من 20 % من المورفين ؛ الكوكايين وأملاحه ، بما في ذلك المستحضرات المصنوعة مباشرة من ورقة الكوكا وتحتوي على أكثر من 0.1 في المائة من الكوكايين ، وجميع استرات الأكيجونين وأملاحها . ثنائى هيدروهيدروكسى كودينون ( مادة مسجلة باسم اليوكودال عبارة عن ملح ) ، ثنائي هيدروكودايين ( مادة مسجلة باسم الديكوديد عبارة عن ملح ) ، ثنائي هيدرو هيدروكودينون ( مادة مسجلة باسم ديلوديد عبارة عن ملح ) ، استيل ثنائى هيدروكودنيون أو أستيل ديمثيلوثنائي ايدروثيبايين ( مادة مسجلة باسم الأسيديكون عبارة عن ملح ) ، ثنائي هيدرومورفين ( مادة مسجلة باسم بارامورفان عبارة عن ملح ) ، واسترات وأملاح أي من هذه المواد واستراتها ، - ن - أوكسيد المورفين ( الاسم التجاري المسجل باسم جينومورفين ) ، ومشتقات - ن - أوكسيد المورفين ، والمشتقات المورفينية النيتروجينية الخماسية التكافؤ الأخرى . الأكيجونين ومركب ثيبايين وأملاحهم ، والبينزيل مورفين وأيثرات آخرى من المورفين وأملاحهم . باستثناء المستحضر ميثيل مورفين ( كودايين ) والمسكن إيثيل مورفين وأملاحهم . تتألف المجموعة الثانية مما يلي : كانت المجموعة الأولى تخضع لأنظمة أشد صرامة من المجموعة الثانية . فعلى سبيل المثال ، عند تقدير كمية الأدوية المطلوبة للاحتياجات الطبية والعلمية ، كان الهامش لتقلبات الطلب المسموح به لعقاقير الفئة الثانية أكبر منه لعقاقير الفئة الأولى . وفي بعض التقارير أيضا فإنه يكفي بيان موجز للمسائل المتعلقة بعقاقير الفئة الثانية . وكان إنشاء هذه المجموعات الأولية سببا في تطوير نظام جدولة المخدرات القائم اليوم . ولكل من « الاتفاقية الوحيدة للمخدرات » لعام 1961 م و « اتفاقية المؤثرات العقلية » لعام 1971 م جداول زمنية للمواد الخاضعة للرقابة . وتتألف « اتفاقية الأمم المتحدة ضد الاتجار غير المشروع في المخدرات والمؤثرات العقلية » لعام 1988 م من جدولين من السلائف والمواد الكيميائية الخاضعة للرقابة . وقد اتسع نطاق اتفاقية عام 1931 م اتساعا كبيرا من خلال « بروتوكول إخضاع المخدرات للمراقبة الدولية خارج نطاق اتفاقية 13 يوليو 1931 م للحد من تصنيع وتنظيم توزيع المخدرات ». وقد حلت الاتفاقية محل « الاتفاقية الوحيدة للمخدرات » لعام 1961 م . التاريخ . تم عقد المؤتمر في سويسرا بجنيف في 27 مايو 1931 م أو حوالي ذلك .",متى بدأ تحضير الأدوية المسجلة من الأفيون ؟,في القرن التاسع عشر,بدأ تحضير الأدوية المسجلة من الأفيون في القرن التاسع عشر.,0.91,0.9,0.92
"[Chunk 1]
مايك هو لاعب كرة قدم برازيلي في مركز الهجوم ، ولد في 8 مارس 1993 في ساو باولو في البرازيل . لعب مع باوليستا وسبورت ريسيفي وغراميو اساسكو اوداكس اسبورت كلوب ونادي إنترناسيونال ونادي بوتافوغو اس بي .

[Chunk 2]
مايكل ماك هو لاعب كرة قدم بولندي في مركز الهجوم ، ولد في 14 نوفمبر 1991 في سوتشا بسكيتسكا في بولندا . شارك مع منتخب بولندا تحت 21 سنة لكرة القدم . أما مع النوادي ، فقد لعب مع ليخيا غدانسك .

[Chunk 3]
هاري ماك ( بالإنجليزية : Harry Mack ) ، من مواليد ( 17 فبراير 1990 ) المعروف باسم هاري ماك ، هو مغني راب ومنتج أمريكي . عرف بأسلوبه الارتجالي في موسيقى الراب الحرة ، حيث ابتكر أغاني من خلال استخدام الإشارات المرئية من محيطه المباشر ، وكذلك من الكلمات والعبارات التي يقدمها جمهوره من حوله . كان صعوده إلى الشهرة مدفوعا بسلسلة من مقاطعه الحرة التي انتشرت على YouTube ، والعديد من مقاطع الفيديو التي حصل فيها على ملايين المشاهدات عبر YouTube. حياته الشخصية . ولد هاري في بورتلاند بولاية أوريغون الولايات المتحدة الامريكية . في سن ال 12 ، بدأ هو وبعض الأصدقاء من المنطقة تكوين فرقة الراب التي أطلق عليها لقب "" MC Wundur "". استمروا في الأداء معا طوال سنوات دراستهم الثانوية ، وهو الوقت الذي التحق فيه ماك بمدرسة أوليسيس إس جرانت الثانوية ، حيث تابع الإيقاع بالإضافة إلى الاستمرار في موسيقى الراب . بعد تخرجه من المدرسة الثانوية ، ذهب ماك لدراسة طبول الجاز في مدرسة USC Thornton للموسيقى في جامعة جنوب كاليفورنيا . مسيرته المهنية . ظهر هاري في الأضواء لأول مرة في 17 ديسمبر 2016 عندما نشر صديقه الموسيقي جاكوب مان مقطع فيديو بعنوان """" Bounce House "" Car Freestyle. وقام جاكوب مان بنشر المقطع فيديو على YouTube من هذا المشهد الشهير للترويج لإحدى أغانيه بعنوان "" Bounce House "" ، ونشره على YouTube ، وحصل على أكثر من 100 الف مشاهدة في أقل من ساعة . استمر ماك في نشر سلسلتين باستمرار . أولها بعنوان "" Guerilla Bars "" ، وهي سلسلة يقابل ماك الغرباء في الأماكن العامة ، ويصوغ موضوع موسيقى الراب الخاصة به حول ما يراه بالإضافة إلى الكلمات التي يطلب من الجمهور تقديمها . بالإضافة إلى ذلك ، لديه سلسلة أخرى تسمى "" Wordplay Wednesday "". كل ليلة أربعاء ، يقوم ماك بالبث مباشرة على YouTube و يغني لساعات بناء على الكلمات التي يختارها المتابعون . في سبتمبر من عام 2017 ، كان هاري ضيفا على برنامج Ellen DeGeneres Show. كتب جمهورها كلمات عشوائية لهاري على بطاقات جديلة ، وقامت إلين في رفعها واحدة تلو الأخرى ، وقام ماك بربط الكلمات وقام بالغناء من خلال الكلمات التي القيت له على خشبة المسرح أمام جمهور الاستوديو . في نفس العام ، دخل هاري في شراكة مع Red Bull Music. قام بموسيقى الراب في شاطئ البندقية ورصيف سانتا مونيكا ، وأخذ جمهور ريد بول في جولة حرة في لوس أنجلوس . في يونيو من عام 2019 ، ذهب ماك في برنامج "" Inside PBC Boxing "" على قناة Fox Sports وهو ضيف في ذلك اليوم من العرض ، بالإضافة إلى مضيفي العرض . كان هذا ترويجا لنزال باكياو ضد كيث ثورمان التي جرت في 20 يوليو 2019. الألبومات الرسمية . أصدر ماك أول ألبوم استوديو له ، "" Contens under pressuer "" ، في 18 يناير 2019. في عام 2017 اصدر اغناني فردية مثل Proof و Not Ready و "" On Lock. وفي عام 2019 اصدر Napoleon Hill و "" 90 Degrees و Day zero و Cooking up.",أين ولد مايك ؟,ساو باولو في البرازيل,سواط باولو في البرازيل.,0.91,0.91,0.92
"[Chunk 1]
أحمد جمال هو لاعب كرة قدم مصري في مركز الوسط ، ولد في 3 يناير 1994 في محافظة الغربية في مصر . لعب مع نادي بيراميدز .

[Chunk 2]
أحمد جمال سعيد ( مواليد 21 يناير 1989 ) هو ممثل مصري ، عرف لدوره في لقاء على الهواء ( 2004 ) ، مسجون ترانزيت ( 2008 ) وإلا أنا ( 2021 ). وهو حفيد فريد شوقي وهدى سلطان .

[Chunk 3]
أحمد بن عبدالله حميد بالهول الفلاسي ( مواليد 24 نوفمبر 1977 ) هو وزير التربية والتعليم في دولة الإمارات العربية المتحدة . وقد شغل هذا المنصب منذ 22 مايو 2022. ، وهو شخصية إماراتية بارزة في مجال القيادة والتنمية ، أسهم بشكل كبير في تعزيز التقدم والابتكار في دولة الإمارات العربية المتحدة . وهو وزير الدولة السابق للتعليم العالي ووزير الدولة السابق لريادة الأعمال والشركات الصغيرة والمتوسطة . التعليم . حاصل على درجة الدكتوراه من جامعة السير جون موناش في أستراليا ، والماجستير من جامعة ملبورن ، و بكالوريوس هندسة الاتصالات من جامعة خليفة . الحياة المهنية . تتميز سيرته الذاتية بتنوع الخبرات والمسؤوليات التي تولاها على مر السنين ، فقد عمل لدى مجموعة McKinsey & Company. حيث شغل منصب الرئيس التنفيذي لشركة مصدر ، والمدير التنفيذي للاستراتيجية وتطوير قطاع السياحة في دائرة السياحة والتسويق التجاري بدبي ، ونائب رئيس وحدة الصناعة في شركة مبادلة للتنمية . كما تولى منصب المدير التنفيذي للاستراتيجية وتطوير قطاع السياحة في ” دائرة السياحة والتسويق التجاري بدبي “ ، وعضوية اللجنة التنفيذية في ” معهد مصدر للعلوم والتكنولوجيا “ ، وعضوية مجلس إدارة ” بنك الإمارات للتنمية “ بين 2013 و 2016. وسجل براءة اختراع في مكتب براءة الاختراع الأسترالي في الجيل الرابع للهواتف المتحركة . شغل منصب وزير الدولة لشؤون التعليم العالي من فبراير 2016 إلى يوليو 2020. في عام 2017 ، أصبحت الوزارة وزارة دولة للتعليم العالي والمهارات المتقدمة . في 5 يوليو 2020 ، تم تعيينه وزير دولة لريادة الأعمال والشركات الصغيرة والمتوسطة . وهو عضو في مجلس إدارة الشركة الوطنية للتبريد المركزي ش . م . ع . ( تبريد ) ، رئيس الهيئة الاتحادية للموارد البشرية ، رئيس وكالة الإمارات للفضاء ( منذ يونيو 2017 ) ، وكاتب عمود في صحيفة عرب نيوز ، ورئيس الهيئة العامة للرياضة منذ يناير 2021. كما أنه يمثل قطاع الفضاء في اللجنة الوطنية للعلوم والتكنولوجيا والابتكار . بفضل مساهماته الحيوية والمستدامة في القطاع التعليمي والتنمية ، حظي السيد أحمد بلهول الفلاسي بتقدير واعتراف دولي ووطني ، حيث حصل على العديد من الجوائز والتكريمات على مدى مسيرته الحافلة . من إنجازته بينما كان وزير دولة للتعليم العالي والمهارات المتقدمة ورئيسا لوكالة الإمارات للفضاء ، تم تطوير مركبة كوكب المريخ الإماراتية مسبار الأمل وإطلاقها في 19 يوليو 2020 كجزء من مهمة الإمارات لاستكشاف المريخ .",من هو أحمد جمال ؟,لاعب كرة قدم مصري,أحمد جمال لاعب كرة قدم وممثل مصري.,0.9,0.91,0.92
"[Chunk 1]
أحمد العبيدلي صحفي وفنان بحريني . النشأة والتعليم . تلقى تعليما متعدد الفلسفات التربوية : فمن التعليم الأميركي في أثناء دراسته في الجامعة الأميركية في بيروت في بواكير دراسته الجامعية الأولى إلى التعليم التقليدي الإسلامي حين انتمى للمعهد العالي للدراسات الإسلامية التابع لجامعة المقاصد في بيروت فدرس الفقه وأصول الدين وعلوم الحديث الشريف كما درس أسس الديانة المسيحية على يد رجال دين مسيحيين . حصل على دبلوم في البورتريه من مدرسة هيثرلي للفنون الجميلة . درس الفنون الجميلة لنيل درجة البكالوريوس في جامعة هيرتفوردشاير . تلقى تعليما حسب النظام الإنجليزي إبان دراسته لتحضير رسالة الدكتوراه في جامعة كامبريدج . المسيرة المهنية . عمل محاضر في جامعة البحرين وتنوعت اهتماماته بين التاريخ وممارسة الفن والعمل في مجال الحاسوب المتعدد اللغات . كتب في عدد من الصحف العربية في بريطانيا ولبنان والبحرين وكان من الكتاب المؤسسين للمجلة الثقافية المصباح التي برزت في بيروت . عمل باحثا في مدارس عمانية وفي جامعة المقاصد في بيروت وجامعة درم وجامعة كامبريدج في بريطانيا وجامعة البحرين . أسس أثناء دراسته في جامعة كيمبردج وإقامته اللاحقة بها كزميل مساعد مشروعا عرف باسم المؤتمر والمعرض العالمي للحاسوب المتعدد اللغات . أسس مجموعتين فنيتين أثناء وجوده في بريطانيا : فرم ذ إدج ومجموعة جروب 4 آرت وهي تضم مجموعة من الفنانين العرب المقيمين في المهجر . اكتشف أثناء عمله في جامعة المقاصد نسخة كاملة لديوان شعري بقلم الخطاط العربي ياقوت المستعصمي . ينتمي أسلوبه لفترة ما بعد الحداثة من حيث رؤية الفن في أي إبداع كان تجريديا ( كما في أعماله التي تستخدم خامة المنتشرات المائية ) أو واقعيا حديثا كما في أعماله بالزيت أو الجرافيك . المؤلفات . نشر عددا من الكتب باللغتين العربية والإنجليزية تأليفا ومشاركة وترجمة : من بينها : الإمام عزان بن قيس ( 1868 - 1871 ) ومقالات في العلوم وهي مجموعة لمحمد عبد السلام ( المسلم الوحيد الفائز بجائزة نوبل للفيزياء ) وكتاب « البحث عن دلمون » لجفري ببي .

[Chunk 2]
طاهرة قطب الدين ( بالإنجليزية Tahera Qutbuddin ) ولدت في بومباي عام 1964. هي أستاذ الأدب العربي بجامعة شيكاغو . زميلة غوغنهايم ( 2020 ) ، والحائزة على جائزة الشيخ زايد للكتاب في عام 2021 ، اشتهرت بأعمالها في الخطابة العربية واستخدام اللغة العربية في الهند ، وخاصة في تقاليد البهرة الداوودية . حياتها . ولدت طاهرة قطب الدين في بومباي عام 1964 في عائلة تنتمي إلى طائفة البهرة الداوودية . تجمعها صلة قرابة بمحمد برهان الدين ، إحدى الشخصيات القيادية لطائفة البهرة الداوودية . التحقت بمدرسة فيلا تيريزا الثانوية ، وكلية صوفيا للفتيات ، حيث أكملت تعليمها الثانوي عام 1984. تعلمت قطب الدين اللغة العربية من والدها خزيمة قطب الدين حصلت عام 1988 على درجة البكالوريوس من جامعة عين شمس في القاهرة ، وحصلت على درجة الماجستير التمهيدي عام 1990 ، ثم شهادة الماجستير عام 1994 من نفس الجامعة . التحقت بعدها بجامعة هارفارد ونالت هناك شهادة الدكتوراة عام 1999 ، بعد أن كتبت أطروحتها تحت إشراف ولفارت هاينريش ( Wolfhart Heinrichs ). سيرتها العلمية . انضمت قطب الدين عام 2002 إلى طاقم التدريس في قسم لغات وحضارات الشرق الأدنى بجامعة شيكاغو ، حصلت عام 2008 على منحة دراسية من مؤسسة كارنغي في نيويورك ، وعلى منحة زمالة من مؤسسة جون سيمون غوغنهايم عام 2020. من بين أبحاثها المبكرة كانت دراسة اللغة العربية في الهند ، وخاصة بين فرقة البهرة الداوودية ، وتأثيرها على الخطب باللغة الغوجاراتية لطاهر فخر الدين أما دراستها عن "" المؤيد الشيرازي وشعر الدعوة الفاطمي "" ("" Al-Muayyad al-Shirāzī and Fāimid Dawa Poetry : A Case of Commitment "" "" in Classical Arabic Literature "") التي صدرت في لايدن عن دار النشر بريل عام 2005 فهي توسيع لأطروحتها التي تقدمت بها للحصول على درجة الدكتوراه عام 1999. وتعتبر هذه الدراسة ذات أهمية خاصة لأنها أتاحت إطلالة إضافية على التراث المخبأ من كنوز المخطوطات الخاصة بالدعوة الطيبية الإسماعيلية في الهند . لقد أظهرت هذه الدراسة أن المؤيد الشيرازي كان مبتكرا ، ورائدا رئيسيا في تطوير مفهوم الأدب الملتزم ، أي الأدب الذي أنتجه شخص مقتنع بفكر معين ، ويسعى إلى إقناع المجتمع بالحقيقة التي يؤمن بها ، ومصداقية هذا الفكر . لقد بينت هذه الدراسة الهامة أن الشعر الفاطمي قبل الشيرازي كان مشابها من حيث الأسلوب والمضامين لشعر العباسيين ، الذين كان معظم أعلامه وشعرائه من المداحين ، بينما كانت أعمال الشيرازي بالكامل في الترويج للدعوة الفاطمية . كما أوضحت كيف انتقلت تقاليد الإسماعيليين الطيبيين إلى اليمن ، ومنها إلى الهند بعد وفاة الشيرازي ، حيث استمر تأثير شعره على جماعة البهرة الداوودية إلى يومنا هذا . في عام 2013 ، نشرت قطب الدين طبعة من ترجماتها لمجموعة القاضي القضاعي من أقوال وخطب الإمام علي بن أبي طالب ومختارات الجاحظ من الأقوال والحكم المنسوبة إلى أمير المؤمنين الإمام علي . تعتبر هذه الطبعة عملا مستقصيا استندت في إعدادها على مجموعة كبيرة من المنشورات والمخطوطات المتاحة ، على خلاف الترجمات السابقة لهذه النماذج المهمة من الأدب الديني الإسلامي . أشاد النقد الأكاديمي بجودة ترجمة هذه المنتحبات من العربية إلى الإنجليزية ، وأن المترجمة استطاعت أن تنقل بشكل جيد دقة التعبيرات العربية البليغة والاختلافات في معانيها إلى الإنجليزية .

[Chunk 3]
محمد الهادي الحسني أو محمد الهادي بن عبد الوهاب ( المدعو محمد الصالح ) الحسني . من أبرز الشخصيات الدعوية بالجزائر من مواليد 05 سبتمبر 1947 م ببن ياجيس دائرة جيملة ولاية جيجل حياته . • أول أشياخه هو « الشريف مهرهرة » الذي قرأ عليه نصيبا من القرآن الكريم ، وكان يقيم في منزلهم ، ليعلم أبناء الأسرة والقرية بشكل عام . • في سنة 1956 م هدم الجيش الفرنسي منزلهم فانتقل وأسرته إلى مدينة جيجل ، وأدخل « مدرسة قلصده » – وهي عبارة عن حجرة واحدة عديمة التهوية ، كريهة الرائحة . وكان معلمه هو الشيخ « مصطفى عباده » – أحد تلاميذ الإمام ابن باديس -. ثم انتقل إلى مدرسة الحياة للبنات ، وكان يعلمه فيها : الشيخ « عمار مزراق » ، أما المدير فكان العالم الجليل : محمد الطاهر ساحلي ( الجيجلي ) الذي أطلق عليه اسم : ابن باديس الصغير . ( مدرسة الحياة للبنين ، استولى عليها الجيش الفرنسي ، وكلتا المدرستين أسستها جمعية العلماء ). • أتم السلكة الأولى للقرآن الكريم في نهاية 1959 على يد والده – رحمه الله - الذي لا يذكر أنه تعرض للضرب من قبله إلا مرة واحدة لأنه لم يحفظ الورد اليومي من القرآن ، حين آثر اللعب مع أقرانه على ذلك . وكان الوالد يصطحبه إلى المسجد لصلاة الفجر ، ويبقى فيه إلى قرب موعد المدرسة ، يحفظ كلام الله . • بعد مواصلته الدراسة لسنتين ، في المدرسة السالفة الذكر ، ونظرا لظروف متعلقة بالثورة ، لم يتمكن من إجراء امتحان الشهادة الابتدائية ، فبقي يعيد السنة النهائية من التعليم الابتدائي ، ولم يكن له ورفاقه خيار آخر ، فامتحانات الشهادة لم تكن لتجرى ، ومعهد ابن باديس قد أغلق . • بعد استعادة الجزائر للاستقلال ، سجله الوالد في معهد ابن باديس بقسنطينة ، ولكن أخاه الأكبر « محمد الربيع » فضل أن يأخذه إلى مدينة الجزائر ، فسجل في سبتمبر 1962 في مدرسة بحي المرادية « لارودوت » ، وهي أيضا تابعة لجمعية العلماء ، وكان « الشيخ محمد الطاهر ساحلي » قد سلمه شهادة إثبات مستوى وتزكية من مدرسة جيجل . • في بداية 1963 أجريت مسابقة للدخول إلى السنتين الأولى والثانية إعدادي في الثانوية المعربة الأولى في مدينة الجزائر ، وهي ثانوية « ابن خلدون » ، التي كان موقعها في « حي بلكور » ، وهي من تأسيس جمعية العلماء أيضا ، وكان مدير الثانوية هو الشيخ « عبد المجيد حيرش ». كان مستوى التلاميذ وتوجيههم تحكمه وتحدده مادة الإنشاء ، فمن كان إنشاؤه حسنا وجه إلى السنة الثانية ، وإلاسجل في السنة الأولى . وقد نجح إلى السنة الثانية 15 تلميذا ، الحسني واحد منهم . ونظرا لقلة الناجحين إلى السنة الثانية ألحق جميع الممتحنين بالسنة الأولى . • وفي السنة الدراسية 1963 -1964 انتقل إلى ثانوية عبان رمضان لتوفرها على النظام الداخلي ، وكان من أبرز من درس عليهم في هذه السنة ( الثانية إعدادي ) الأستاذ « عبد الحفيظ بدري – رحمه الله -». يشهد الأستاذ وقد بلغ من العمر ما بلغ ، والتقى بطائفة من العلماء في الجزائر وفي غيرها ، واستمع إلى الكثير من العلماء والأدباء ، أنه ما سمع أفصح لسانا من هذا الأستاذ . • في السنة الدراسية 1964 -1965 درس وبعض الزملاء برنامجين في سنة واحدة ، برنامج السنة الثالثة إعدادي وبرنامج السنة الرابعة ، للمشاركة في امتحان شهادة الأهلية ، وكانوا يراجعون الدروس ليلا في دورات المياه ، لأن الأضواء تطفأ على الساعة العاشرة ، وقد وفق الله – سبحانه وتعالى - أغلب زملائه ، فحصلوا على الشهادة وانتقلوا من السنة الثالثة إلى السنة الرابعة إعدادي ، إلا أن إدارة الثانوية التي كانت قد وعدت الطلبة في وقت سابق بأن تسمح لهم الانتقال من السنة الثالثة إعدادي إلى السنة",ما هي الدورة التعليمية التي قام بها بدر الدين عبد الواجد ؟,قام بالتدريس في مدرسة دميركابي العثمانية,لا أعرف,0.2,0.1,0.13
"[Chunk 1]
إن إتش 10 هو فيلم هندي من إخراج نافديب سينغ وكتبه سوديب شارما . ومن النجوم أنوشكا شارما ، ونيل بووبالام ، ودارشان كومار ، وديبتي نافال ورافي جانكال . تم إنتاج "" إن إتش 10 "" بشكل مشترك من قبل كلين سلات فيلمز وفانتوم فيلمز وإروس إنترناشيونال وتميزت بإنتاج شارما لأول مرة . يحكي قصة زوجين شابين تنحرف رحلتهما على الطريق بعد مواجهة مع مجموعة من المجرمين العنيفين . يشير العنوان إلى الطريق السريع الوطني رقم 10 الذي يربط دلهي ببلدة فازيلكا في البنجاب . صمم الفيلم سينغ وكتبه سوديب شارما ، الذي استوحى أفكاره من بعض قضايا جرائم القتل بدافع الشرف الحقيقية . قام بتأليف ألبوم الموسيقى التصويرية كل من سانجيف دارشان وبان تشاكرابورتي وأبهيروشي تشاند وأيوش شريسثا وسافيرا ميهتا وسميرة كوبيكار . عمل أربيند كانابيران كمصور سينمائي للفيلم وكان جابين ميركانت محرره . كان من المقرر أصلا إطلاق "" إن إتش 10 "" في 6 مارس 2015 ، ولكن تم تأجيله لأنه لم يتم إجازته من قبل المجلس الهندي المركزي لتصديق الأفلام . تم إصداره بشكل مسرحي في 13 مارس 2015 لاقى اشادة من النقاد . استمر الفيلم ليصبح ناجحا ، حيث حقق أكثر من 5.3 مليون دولار أمريكي صافي في شباك التذاكر . اعتبارا من يونيو 2018 تم تجديده في التاميل باسم "" جارجاني "". قصة الفيلم . ميرا وأرجون متزوجان ولديهما وظائف في شركة في جورجاون . ذات ليلة ، كانوا يستمتعون بحفل عندما تتلقى ميرا مكالمة هاتفية من مكتبها . تغادر إلى مكتبها لكن البلطجية هاجموها الذين حطموا نافذة سيارتها . تهرب ميرا ولكن الحادث اهتزت ؛ أرجون يشتري بندقية من ميرا . أرجون يقترح رحلة برية بمناسبة عيد ميلاد ميرا القادم ؛ يبدأ الزوجان رحلتهم في اليوم التالي . أثناء توقف عند ضبا على جانب الطريق لتناول طعام الغداء ، وصلت شابة تدعى بينكي وتطلب المساعدة ؛ تخبر بينكي للزوجين أنها وزوجها على وشك القتل . ترى ميرا وأرجون عصابة من الرجال تجمع بينكي وشابا ، وتضربهم وتجرهم إلى سيارتهم . يتدخل أرجون لكن ساتبير ، زعيم العصابة ، يصفعه ويخبره أن بينكي هي أخته . يقود أرجون بعد العصابة ؛ يشهد هو وميرا جرائم الشرف المستمرة : تعرض بينكي والشاب للضرب وتسمم بينكي على يد ساتبير . يهرب أرجون وميرا لكن العصابة تجدهما . بينما تحفر العصابة قبرا لضحاياهم ، يستخدم ساتبير مسدس ميرا وأرجون لإطلاق النار على بينكي والرجل الذي أمامهم . تلا ذلك قتال ويطلق أرجون النار على عضو عصابة يدعى تشوت ويهرب مع ميرا . في الليل ، جرح أحد أفراد العصابة أرجون ؛ ميرا تطلق النار على رجل العصابات ميتا . عند جسر للسكك الحديدية ، تغادر ميرا أرجون للحصول على المساعدة . تجد مركزا للشرطة وتطلب من الضابط المساعدة لكنه يرفضها عندما تقول إنها شهدت جريمة شرف . في الخارج ، قابلت مفتشا في سيارته الرياضية متعددة الاستخدامات وعادوا عائدين للعثور على أرجون . ثم تدرك ميرا أن المفتش متصل بالمهاجمين ؛ تقتل المفتش وتنطلق بسيارته وتطاردها العصابة . تقلب ميرا سيارة الدفع الرباعي وتجد كوخا . يخفي سكان الكوخ ميرا عن أحد أفراد العصابة الذي يأتي يسأل عنها ؛ ينصحون ميرا بطلب المساعدة من "" ساربانش "" ( رئيس ) قرية مجاورة . تعود ميرا المنكوبة بالحزن إلى القرية للانتقام لموت أرجون ؛ كانت تقود السيارة الرياضية متعددة الاستخدامات على أعضاء العصابة وتقتلهم . يصل أماجي ليجد القتلى . أخبرت ميرا بينكي كانت ابنتها التي خرقت القواعد وتحتاج إلى معاقبة . تغادر ميرا القرية مع طلوع الفجر . الإنتاج . التطوير . ظهر المخرج نافديب سينغ لأول مرة مع "" مانوراما ستة أقدام تحت "" في عام 2007 بعد ذلك ، قرأ

[Chunk 2]
« الأخوة جريم » ( بالإنجيليزية : The Brothers Grimm ) هو فيلم خيال ومغامرة أميركي صدر عام 2005 من إخراج تيري جيليام وبطولة مات ديمون وهيث ليدجر ولينا هيدي . يدور الفيلم بصورة خيالية في أوائل القرن التاسع عشر للأخوان جريم الذان يعيشان في ألمانيا الواقعة تحت السيطرة الفرنسية ، يتنقلان من قرية إلى أخرى متظاهرين أنهما يحميان أهل القرية من المخلوقات الشريرة عن طريق إلقاء بعض التعاويذ ، ولكنهما يواجهان في النهاية لعنة سحرية حقيقية من القصص الخيالية ويتطلب الأمر شجاعة حقيقية لمواجهتها بدل من طرد الأرواح الشريرة المزيف . الشخصيات الداعمة في هذا الفيلم هم بيتر ستورمار وجوناثان برايس ومونيكا بيلوتشي . في فبراير 2001 ، باع ايرن كروغر السيناريو إلى شركة الإنتاج ميترو غولدوين ماير ، وبعد توظيف غيليام كمخرج أعيد كتابة النص بواسطة غيليام وطوني غريسوني ولكن كانت الصدمة أن نقابة الكتاب الأميركية لم يشيروا لهما في عملهما أو إعطائهما الفضل بل كان الفضل الكامل لكروغر . انسحبت في النهاية شركة ميترو غولدوين ماير من عملها كموزع لكن ساهمت بتمويل فيلم الأخوان جريم مع شركة الإنتاج ديمنشن فيلمز ، كما تولت الأخيرة مهام التوزيع . تم تصوير الفيلم كاملا في جمهورية التشيك ، ولكن بسبب التوترات التي جرت بين المخرج غيليام والأخوين بوب وهارفي وينشتاين تأخر العرض الأصلي للفيلم حوالي عشرة أشهر حتى صدر أخيرا في 26 أغسطس / أب 2005. وكانت مراجعات الأداء متفاوتة مع 105.3 مليون دولار في شباك التذاكر . الحبكة . في 1811 ، اشتهر الأخوان ويل وجايك في ألمانيا المستعمرة من قبل فرنسا ، بصيد الوحوش . وعندما وصلا إلى كارلستات تم تأجيرهما لتخليص البلدة من شبح الساحرة التي أعدموها حرقا لقيامها بأعمال السحر ورموا عظامها في النهر . في الحقيقة يعمل الأخوان جريم كمحتالان ، يستغلان حكايات الأساطير المحلية ، بالاشتراك مع الممثلين بونست وهيدليك فيختلقون الخرافات عن الوحوش ومن ثم يتغلبون عليها وينقذون القروين لكسب المال منهم . وأثناء احتفالهم في حانة ، قبض الجلاد الإيطالي كافالدي على الأخوين وأحضرهما إلى الجنرال ديلاتومبي القاضي الفرنسي المحلي ، فالجنرال كان قد كشف أعمالهما وطلب مقابل العفو عنهما حل لغز اختفاء عدة فتيات من ماربادين ، إعتقاد منه أن مشعوذين أمثالها بإمكانهما المساعدة . وفي ماربادين ، قادت صيادة تدعى أنجيليكا الأخوين جريم ، وكفالدي ، ورجاله إلى برج في الغابة . في تلك الأثناء بدأت أنجيليكا تتذكر القصة التي أخبرها إياها والدها عن ملكة تورينغين بحيث أن منذ زمن بعيد ، بنى الملك المسيحي شيلديك الأول مدينة في الغابة ، ذبح فيها السكان المحليين الوثنيين ؛ وعندما جاء الطاعون الدملي ، أغلقت الملكة على نفسها في البرج . وفي هذا الوقت أصاب صياد غامض حصان جاك بلعنة ، وعندما عادوا إلى المدينة ابتلع الحصان بوحشية فتاة تدعى السي بالكامل . وفي حين ملاحقتهم للحصان في الغابة تعرض الأخوان جريم وأنجليكا وكافالدي لهجوم من قبل الذئاب _ التي تبين فيما بعد أن أحدها يعرف أنجليكا _ ولكن لسوء الحظ قتل رجال كافالدي على يد الغابة والشجر المتحرك . فيما بعد أخذ كافالدي الأخوين وأنجليكا إلى ديلاتومبي الذي أمر في إعدامهم . وفي حالة من اليأس ، أقنع الأخوان ديلاتومبي أن السحر في الغابة هو في الواقع متمردون ألمان . أرجع ديلاتومبي الأخوان إلى ماربادن وأرسل معهما هيدليك وبونست ولكن كافالدي احتفظ بأنجيليكا كرهينة لضمانة عودتهم وبينما كان جاك يتسلق البرج هرب بونست وهيدليك إلى المدينة . في ذلك الوقت تحولت فتاة تدعى ساشا إلى كعكة زنجبيل بهيئة إنسان مصنوع من تراب وقفزت في بئر . في المقابل ، اكتشف جايك

[Chunk 3]
المستخرج هو فيلم كوميدي أمريكي تم إصداره عام 2009 ، ومن كتابة وإخراج مايك جودج ، ومن بطولة جيسون بيتمان ، وميلا كونيس ، وكريستين ويج ، وبن أفليك ، وجي كي سيمونز ، وكليفتون كولينز جونيور ، وداستن ميليجان . يقال أن الفيلم جزء مصاحب لفيلم جودج "" حيز المكاتب "". تلقى الفيلم مراجعات إيجابية بشكل عام من النقاد ، محققا 10.8 مليون دولار في جميع أنحاء العالم مقابل ميزانية قدرها 8 ملايين دولار . تم إصدار الفيلم بدور العرض في الولايات المتحدة في 4 سبتمبر 2009. القصة . جويل رينولدز هو مالك ومؤسس شركة رينولدز للاستخراج ، وهي شركة مستخرجات نكهات . على الرغم من أن عمله ناجح ، إلا أن زواجه يفتقر إلى العاطفة . وغالبا ما يتحرش به جاره المزعج ، ناثان . في أحد الأيام ، تحدث سلسلة من الحوادث في مصنع الاستخراج ، مما أدى إلى فقدان موظف ، ستيب ، خصية . تقرأ سيندي ، فنانة محتالة ، قصة إخبارية عن الحادث . تدبر خطة للثراء السريع ، وتحصل على وظيفة مؤقتة في المصنع ، وتتلاعب بجويل ليعطيها المزيد من المعلومات عن ستيب . كما تبدأ سلسلة من السرقات الصغيرة من زملائها في العمل ، الذين يتهمون بعضهم البعض علنا بالسرقات . على الرغم من أن ستيب يقرر في البداية عدم مقاضاة الشركة ، يغير رأيه بعد اجتماع مع سيندي ، والتي تعده من أجل لقاءه ومغازلته . تحت تأثير سيندي ، ستيب يعين المحامي جو أدلر . تروق لدي جويل ، حاسبا تلاعب سيندي أنه انجذاب حقيقي له ، فكرة علاقة غرامية معها ؛ ومع ذلك ، فإنه لا يزال يحب زوجته ، ويريد تجنب الأعمال التي من شأنها أن تترك له الندم في وقت لاحق . أثناء زيارته لصديقه دين والشكوى من وضعه ، اقترح دين على جويل أن يستأجر عاهرا لإغواء زوجته ، حتى يتمكن جويل من إقامة علاقة "" إنتقامية "" خالية من الذنب . يرفض جويل الفكرة في البداية ؛ ولكن ، بعد ضعف حكمه بعد تناوله قرص الكيتامين الذي قال له دين بالخطأ أنه زاناكس ، وافق جويل على ذلك . يستأجر الصديقان براد لإغواء زوجته ، سوزي ، في علاقة غرامية ، في حين يتظاهر بأنه منظف حمام السباحة . في الصباح التالي ، يفيق جويل ، ويدرك ما فعله ، ويحاول منع براد من الذهاب إلى منزله ؛ بحلول ذلك الوقت ، بدأ براد وسوزي بالفعل علاقة غرامية . يقع براد في حب سوزي ويريد الهرب معها . بعد تدخين الماريجوانا مع دين وصديقه ويلي ، يحاول جويل الاتصال بسيندي ، لكنه سرعان ما يدرك أنه يتصل برقم ويلي . فقط حينها ، دخلت سيندي إلى الشقة . يكتشف ويلي نوايا جويل ، ويلكمه في وجهه . يجتمع جويل مع أدلر وشركائه لمناقشة شروط التسوية لستيب . ينظم العمال ، معتقدين أن الاجتماع حول شراء المصنع من قبل جنرال ميلز ، إضرابا . محبطا من أسلوب أدلر التفاوضي الصارم وعدم الاحترام المتزايد من موظفيه ، يغادر جويل غاضبا ويذهب إلى البيت — حيث تعترف سوزي بعلاقتها مع براد . يعترف جويل لسوزي بأنه استأجر براد للقيام بذلك ، ثم يغادر بعد أن يتجادل مع زوجته . ينتقل جويل إلى فندق ، حيث يرى سيندي ، تقيم في غرفة أخرى . عندما يذهب إلى غرفتها ، يلاحظ محفظة مسروقة من أحد موظفيه ، جنبا إلى جنب مع الأشياء المسروقة الأخرى ، ويدرك أن سيندي ليست فقط لصة ، ولكن أيضا وراء العديد من مشاكل الشركة . يهدد جويل باستدعاء الشرطة ، لكنه يلين عندما تنهار سيندي بالبكاء . وعدت سيندي بالتحدث مع ستيب وجعله يسقط الدعوى القضائية . في نهاية المطاف ، يقضى الاثنان الليلة معا . في صباح اليوم التالي ، تختفي سيندي ، ولكن تترك الأشياء المسروقة وراءها . يلتقي ستيب",من هم منتجين الفيلم ؟,ويل سميث وجادا بينكيت سميث,كلين سلات فيلمز وفانتوم فيلمز وإروس إنترناشيونال,0.3,0.9,0.22
"[Chunk 1]
محافظة توتشيغي هي محافظة في اليابان تقع في منطقة كانتو من جزيرة هونشو ، عاصمتها هي مدينة أوتسونوميا . تشتهر أوتسونوميا بوجود العديد من محلات أكلة الغيوزا . أيضا في أوتسونوميا يقع أكبر مراكز التسوق في شمال منطقة كانتو وهو بيل مول . كما تشتهر محافظة توتشيغي بموقع نيكو الذي يضم العديد من أضرحة الشنتو القديمة والمعابد البوذية التي وضعتها اليونسكو على لائحة مواقع التراث العالمي . من المواقع الشهيرة الأخرى في توتشيغي منطقة تسمى ناسو تشتهر بمواقع الأونسين والبحيرات المحلية ومنتجعات التزلج . وتمتلك العائلة الإمبراطورية فيلا في منطقة ناسو . نظرة عامة . تقع محافظة توتشيغي بين محافظات الجزء الشمالي من منطقة كانتو وهي على تماس مع محافظة إيباراكي ، محافظة غونما ، محافظة سايتاما ، ومحافظة فوكوشيما . من الممكن تصنيف توتشيغي على أنها من المناطق المعتدلة الرطبة مع تغيرات واسعة في درجة الحرارة . حيث في الشتاء تكون الرياح جافة وقاحلة ، في حين أن فصول الصيف تكون رطبة مع عواصف رعدية متكررة . ازداد عدد السكان حتى عام 2005 ، ولكنها بدأت في الانخفاض في عام 2006 بالترافق مع انخفاض عدد سكان اليابان . يقطن حوالي 500 , 000 شخص في عاصمة المحافظة أوتسونوميا ، والباقون موزعين على 14 مدينة أخرى و 17 بلدة في المحافظة . يقع في وسط المحافظة أكبر سهل مفتوح في منطقة كانتو . تقع قمم شيرانه ( 2578 م ) ، نانتاي ( 2484 م ) وناسوداكه ( 1917 م ) الجبلية في الجزء الشمالي من المحافظة . تنبع أنهار كينوغاوا ، ناكاغاوا ، واتاراسه في المحافظة والتي تتدفق عبر سهل كانتو قبل أن تصب في المحيط الهادي . تعد محافظة توتشغي ذات الترتيب 20 بين محافظات اليابان من حيث المساحة التي تبلغ 6 , 408 كيلومترا مربعا . التاريخ . في أواخر القرن السابع كان موقع محافظة توتشيغي هو مقاطعة شيموتسكه . خلال ذلك الوقت كان بني معبد شيموتسكه - ياكوشي ، مما جعلها العاصمة البوذية في منطقة كانتو .

[Chunk 2]
مستنقع توبيكو هو منطقة مستنقعات تقع شمال باي سيتي ( ميشيغان ) في ميشيغا ، وهي جزء من منطقة الاستجمام في خليج المدينة . Tصنف مستنقع توبيكو معلما مسجلا معلم طبيعي وطني عام 1976 نظرا لحجمه الكبير وحالته المستقرة نسبيا وتنوع الحياة النباتية المائية فيه . يعتبر مستنقع توبيكو أحد أكبر الأراضي الرطبة الساحلية ذات المياه العذبة المتبقية في منطقة البحيرات العظمى ، إذ تبلغ مساحة الأراضي والمروج الرطبة ومستنقعات الكاتيل ومروج السافانا البلوطية قرابة . الموطن . يشمل المستنقع ، ويحتوي على ثلاثة موائل متميزة : مساحة مائية واسعة من المياه المفتوحة ، منطقة واسعة من المستنقعات ، غابة مختلطة من الخشب الصلب . التاريخ . كانت أول ملكية خاصة لمستنقع توبيكو تابعة لمصلحة قطع الأشجار ، بيعت الأرض للعديد من الأفراد الذين شكلوا نادي توبيكو للصيد . عام 1956 ، أدرك العضوان المتبقيان غاي غاربر وفرانك أندرسون أهمية المنطقة باعتبارها محمية طبيعية . تبرع أندرسون بالأرض لولاية ميتشيغان عام 1957 فأصبح توبيكو محمية حكومية للحياة البرية . في وقت لاحق ، حصلت الولاية على الأرض المجاورة وأنشأت منطقة مستنقع توبيكو للألعاب وملجأ للحياة البرية . عام 1995 ، دمجت منطقة الملجأ والألعاب مع متنزه الخليج المجاور .

[Chunk 3]
ضريح توشوغو في نيكو ( باليابانية : = Nikkō Tōshōgū ) من الأضرحة الشنتوية المشهورة في اليابان ، شيد تخليدا للقائد « توكوغاوا إيئه - ياسو » ، مؤسس سلالة التوكوغاوا ، والتي حكمت بلاد اليابان طيلة 250 سنة كاملة . خصص الضريح لأرواح كل من « إيئه - ياسو » وكذا اثنين من كبار القادة التاريخيين في اليابان : « تويوتومي هيده - يوشي » و « ميناموتو نو يوريتومو ». يقع الضريح بالقرب من نيكو ، إحدى المدن الواقعة وسط شمالي جزيرة هونشو ، وكانت المنطقة في لسابق معقلا لعشيرة التوكوغاوا . يضمن الضريح حول عشرة مباني رئيسية ، وأهم ما يميزه عن باقي الضريحات هو كثرة الزخارف والنقوش ، ويمكن تقسيمها حسب وظيفتها الشنتوية أو البوذية . يتواجد الضريح داخل إحدى أجمل الغابات في المنطقة . كان الموقع في أول أمره عبارة عن نصب تذكاري بسيط ، تمت توسعته أثناء عهد حكم أحد الشوغونات من أحفاد « إيئه - ياسو » في النصف الأول من القرن السابع عشر ( ال 17 م ) ، وألحقت به العديد من المباني الجديدة . تم استعمال العديد من القطع الخشبية المنقوشة كما استخدمت رقائق مذهب لزخرفة مبانيه ، لم تعهد هذه الطريقة من قبل في اليابان ، لذا يعتبر الضريح فريد من نوعه . قامت منظمة اليونسكو بإدراج هذا المعلم في قائمة التراث الثقافي العالمي .",ما هي المعالم السياحية الشهيرة في توتشيغي ؟,بوجود العديد من محلات أكلة الغيوزا . أيضا في أوتسونوميا يقع أكبر مراكز التسوق,"مواقع الأونسين ومنتجعات التزلج في منطقة ناسو، وأضرحة شنتو القديمة ومراكز التسوق في أوتسونوميا.",0.8,0.92,0.33
"[Chunk 1]
آتون هو الإله الذي أعلن عنه الملك إخناتون واعتبر إله الشمس الإله الموحد الذي لا شريك له ونور آتون يفيد جميع الأجناس ، يمثل آتون في شكل قرص الشمس ، بأشعتها التي تنتهي بأيد بشرية ، لتمنح الحياة والرخاء للأسرة الملكية ، وبعد وفاة إخناتون ، عاد آمون مرة أخرى ، لمكانته الأولى ، كأحد الأرباب المصرية . التوحيد عند قدماء المصريين . عرف المصريون القدماء التوحيد قبل دعوة التوحيد التي تبناها الملك إخناتون ولكن كان هناك دائما إله مسيطر على باقي الآلهة ، فدعوة التوحيد كانت قائمة منذ عصر تحتمس الرابع وفعلها أخناتون . كان المصريون القدماء يؤمنون بعدة آلهة أخرى بجانب الآلهة الرئيسية . والآلهة الرئيسية هي : فهذه كانت أسماء الإله الأعظم خالق الكون والحياة . فلقد كان قدماء المصريون ينظرون إليه على أنه إله واحد أزلي لم يكن قبله شيء وخالق الآلهة وكل شيء ونظم الدنيا ، إلا أن قدماء المصريين أشركوا به وشاركوا معه آلهة أخرى ، إلا أن الإله آتون ظل بأسمائه القديمة الإله الأكبر لهذه الآلهة . أناشيد آتون . ابتكر إخناتون فكرة جديدة وهي أناشيد للمعبود بدلا من الصلوات له ، وهذه أحد أناشيده : نشيد المشرق . يا من يضيء المشرق بنوره فتملأ الأرض بجمالك أيها الجميل القوى الرائع العلى فوق الأرض

[Chunk 2]
إيزيس هي إلهة رئيسة في الديانة المصرية القديمة والتي انتشرت عبادتها في العالم اليوناني الروماني . ذكرت إيزيس لأول مرة في المملكة المصرية القديمة ( 2686 -2181 ق . م ) كإحدى الشخصيات الرئيسة في أسطورة أوزوريس ، إذ قامت بإحياء زوجها الملك الإلهي المذبوح أوزوريس ، كما أنجبت وريثه حورس وقامت بحمايته . كان يعتقد أن إيزيس ترشد الموتى إلى الحياة الآخرة كما ساعدت أوزوريس ، وكانت تعتبر الأم الإلهية للفرعون إذ كان يشبه بابنها حورس . تمثلت مساعدتها الأمومية في تعويذة الشفاء لمساعدة عامة الشعب . في الأصل لعبت إيزيس دورا صغيرا في الترانيم الملكية وفي شعائر وطقوس المعابد ، إلا إنها كانت أكثر أهمية في طقوس الدفن وفي النصوص السحرية . غالبا ما كانت تمثل في الفن كأنثى بشرية تلبس ما يشبه العرش على رأسها . أثناء المملكة الحديثة ، أخذت السمات التي كانت تتمتع بها حتحور - الإلهة البارزة سابقا - إذ أصبحت إيزيس تمثل وهي تلبس ملابس حتحور ، وعلى رأسها قرص الشمس بين قرني بقرة ، كما كانت تمثل حتحور سابقا . في الألفية الأولى قبل الميلاد أصبح إيزيس وأوزوريس أكثر الآلهة المصرية عبادة ، وأخذت إيزيس العديد من سمات الآلهة الأخرى . بدأ حكام مصر وحكام جيرانها جنوبا في النوبة بناء المعابد المكرسة خصيصا لإيزيس ، كما كان معبدها في فيلة أحد أهم المراكز الدينية للمصريين والنوبيين على حد سواء . كانت قوى إيزيس السحرية أقوى من كل باقي الآلهة ، كما كان يقال أنها تحمي المملكة من أعدائها ، لتحكم السماوات والعالم الطبيعي ، ولتسيطر على القدر نفسه . في الفترة الهلنستية ( 323 -30 ق . م ) عندما حكم اليونانيون مصر ، عبد المصريون واليونانيون إيزيس بالإضافة إلى إله جديد اسمه سيرابيس . انتشرت عبادتهما في عالم البحر المتوسط الأوسع . أسبغ اليونانيون على إيزيس بعض السمات التي تميزت بها الآلهة اليونانية ، مثل اختراع الزواج وحماية السفن في البحر ، وحافظت على روابط قوية بين مصر والآلهة المصرية الأخرى التي انتشرت في العصر الهلنستي مثل أوزوريس وهاربوكراتيس . مع استيعاب روما للثقافة الهلنستية في القرن الأول قبل الميلاد ، أصبحت عبادة إيزيس جزء من الديانة الرومانية . وعلى الرغم من أن عبدتها كانوا جزء صغيرا من الإمبراطورية الرومانية ، إلا أنهم كانوا منتشرين في كل أرجائها . بدأ أتباعها في تطوير بعض المهرجانات مثل مهرجان « ممر إيزيس » ، بالإضافة إلى بعض الاحتفالات الجديدة التي كانت تشبه عبادات الأسرار اليونانية الرومانية . قال بعض الأتباع أنها شملت كل قوى الآلهة الإناث في العالم . انتهت عبادة إيزيس مع انتشار المسيحية في القرنين الرابع والخامس ميلاديا . أثرت عبادتها في المعتقدات والممارسات المسيحية مثل تبجيل مريم ، إلا أن دلائل هذا التأثير لا تزال مبهمة وعليها الكثير من الخلاف . استمرت إيزيس في الظهور في الثقافة الغربية خاصة في التعاليم الباطنية الغربية وفي الوثنية الجديدة غالبا كتشخيص للطبيعة أو الجانب الأنثوي من الألوهية . الإلهة المصرية . الاسم والأصل . في حين ظهرت بعض الآلهة المصرية في آخر عصر ما قبل الأسرات ( قبل 3100 ق . م ) ، إلا أن كلا من إيزيس وزوجها أوزوريس لم يتم ذكرهما بوضوح قبل الأسرة الخامسة ( 2494 -2345 ق . م ). تشير مخطوطة من هذه الفترة إلى إيزيس من عصر الملك ني أوسر رع ، كما تظهر إيزيس بوضوح في نصوص الأهرام ، والتي بدأت كتابتها في نهاية الأسرة على الرغم من أن محتواها لا بد وأن يكون قد تطور قبل هذا بفترة طويلة . تربط العديد من العبارات في نصوص الأهرام إيزيس بمنطقة دلتا النيل قرب بهبيت الحجارة وسمنود ، إذ غالبا بدأت عبادتها هناك . ركز الكثير من الباحثين في اسم إيزيس في محاولة لتحديد أصله . كان اسمها المصري st أو « أست » والذي انحدر منه الاسم القبطي « عسي » ( باللغة القبطية :) ومنه إيزيس وهو الاسم الذي اشتق منه الاسم الحديث . يشتمل الاسم الهيروغليفي على علامة عرش ، والذي ترتديه إيزيس أيضا على رأسها كعلامة على هويتها . يخدم الرمز بكونه رسما صوتيا ، إذ يشكل الجزء « ست » من اسمها ، إلا أنه ربما ارتبط أيضا بالعرش الفعلي . كان اسم العرش في اللغة المصرية هو « ست » أيضا وربما اشترك في المصطلح مع اسم إيزيس . لذلك يقترح عالم المصريات كورت سيثي أن إيزيس كانت في البداية تشيخصا للعروش . يوافق هنري فرانكفورت على ذلك إذ يعتقد أن العرش كان يعتبر أما للملك ، وبالتالي إلهة بسبب قوته في تحويل الرجل إلى ملك . لا يتفق بعض الباحثين مثل يورغن أوسينغ وكلاوس كولمن مع هذا التفسير ، بسبب الاختلافات بين اسم إيزيس وكلمة عرش أو بسبب انعدام الأدلة على أن العرش كان يعتبر إلها . الأدوار . الزوجة والمتفجعة .

[Chunk 3]
آمون ، إله الشمس والريح والخصوبة ؛ أحد الآلهة الرئيسيين في الميثولوجيا المصرية القديمة ( ديانة قدماء المصريين ) ، ومعنى اسمه الخفي . من العسير معرفة كيف كان اسمه ينطق بالضبط لأن الكتابة المصرية القديمة الهيروغليفية كانت تستعمل الحروف الساكنة ( الصوامت ) ، فكان اسمه يكتب « أمن» ومن الممكن أنه كان ينطق « أمن» مع إمالة الكسر إلى الفتح . اللاهوت . إن عبادة آمون ( و أمنرع فيما بعد ) والديانة المرتبطة بهما من أعقد ثيولوجيات مصر القديمة . في أسمى صوره كان أمنرع إلها خفيا مثلما يعني اسمه ، ولكن لاهوتيا فلم يكن الإله وحده خفيا ، بل إن اسمه خفي أيضا وإن شكله لا يمكن إدراكه . بكلمات أخرى إن الغموض المحيط بآمون سببه هو كماله المطلق ، وفي هذا كان مختلفا عن كل الآلهة المصرية الأخرى . كانت قداسته بمكان بحيث أنه ظل منفصلا عن الكون المخلوق . كان مرتبطا بالهواء ولهذا كان قوة خفية ، مما سهل له الترقي كإله أعلى . اعتبر آمون خالقا لنفسه ، ( إلا أن مدرسة هرموبوليس ( الأشمونين \ شمون \ خمنو ) اللاهوتية الأقدم اعتبرته أحد الآلهة في الأجدود ، الثامون المعروف باسمها ) ، كما كانت له القدرة على التجدد وإعادة خلق نفسه التي مثلت بقدرته على التحول إلى أفعى وطرح جلده ، ومع هذا فقد ظل مختلفا عن الخلق ، منفصلا ومستقلا عنه . بتوحده مع رع ، الشمس ، تجلى آمون للخلق ، ولهذا جمع أمنرع في نفسه النقيضين الإلهيين : فهو بصفته آمون كان خفيا وغامضا ومنفصلا عن العالم ، وبصفته رع كان جليا وظاهرا ومانحا للحياة اليومية . بنفس المنطق كان ارتباطه بماعت ، المفهوم المصري للعدل والتوازن في الكون . سهلت طبيعة آمون الخفية اقترانه بالآلهة الأخرى . في طيبة ارتبط آمون بادئ ذي بدء بمونتو ، إلهها القديم ، ثم جاء اقترانه برع ، وتلا ذلك اقترانه بآلهة أخرى ، فعرف بالأسماء أمنرعأتوم وأمنرعمونتو وأمنرعحراختي ومينأمن . وهنا تجب ملاحظة أن آمون لم يكن يندمج في الآلهة الأخرى لخلق إله جديد ، بل كان اقترانه توحدا للقدرة الإلهية . في أوج عبادة آمون -رع ، اقتربت الديانة المصرية كثيرا من كونها ديانة توحيدية ، حيث أصبح الآلهة الآخرون أوجها لقدرته ، أو تجليات له . باختصار أصبح هو الإله الأوحد والأعلى . كانت زوجته أحيانا تدعى أمونت ، الصيغة المؤنثة لآمون ، ولكنها غالبا ما كانت تعرف بالاسم موط ، وكان لها رأس إنسانة مرتدية التاج المزدوج للوجهين القبلي والبحري ، وكان ابنهما هو خونسو ، القمر . معا شكلوا ثالوث طيبة . ذهب البعض إلى أن آمون كان إلها حديثا نسبيا في الديانة المصرية القديمة ، حيث أن عبادته في طيبة - حيث توجد أقدم معابده - لم توثق إلا ابتداء من الأسرة الحادية عشرة ، ولكنه في الحقيقة وجد مذكورا في متون الأهرام التي ترجع لعصر الملك أناس ، الأخير في الأسرة الخامسة ، والتي تظهره كرمز للقوى الخالقة ، متوافقا مع دوره في ثامون آلهة هرموبوليس ، مما يعطي وجوده قدما أكبر . يحتمل أن عبادة آمون بدأت في هرموبوليس ، أو أنه في البداية كان إلها محليا طيبة عندما كانت لا تزال بلدة غير ذات أهمية كبيرة .",ما هي الآلهة الرئيسية عند قدماء المصريين ؟,فهذه كانت أسماء الإله الأعظم خالق الكون والحياة . فلقد كان قدماء المصريون ينظرون إليه على أنه إله واحد أزلي لم يكن قبله شيء وخالق الآلهة وكل شيء ونظم الدنيا,آمون وآتون,0.9,0.91,0.92
"[Chunk 1]
إسبانيا ، رسميا مملكة إسبانيا هي دولة ذات سيادة و عضو في الاتحاد الأوروبي تقع في جنوب غرب أوروبا في شبه الجزيرة الأيبيرية . يحد برها الرئيسي من الجنوب والشرق البحر الأبيض المتوسط باستثناء الحدود البرية الصغيرة مع إقليم ما وراء البحار البريطاني جبل طارق . يحدها من الشمال فرنسا وأندورا وخليج بسكاي ، وإلى الشمال الغربي والغرب المحيط الأطلسي والبرتغال . تضم الأراضي الإسبانية أيضا جزر البليار في البحر الأبيض المتوسط وجزر الكناري في المحيط الأطلسي قبالة الساحل الأفريقي واثنتين من مدن الحكم الذاتي في شمال أفريقيا هما سبتة ومليلية . علاوة على ذلك ، تقع بلدية ييفيا الإسبانية كمكتنف داخل الأراضي الفرنسية . تبلغ مساحتها 504.030 كم وبذلك تكون ثاني أكبر بلد من حيث المساحة في أوروبا الغربية والاتحاد الأوروبي بعد فرنسا . خضعت إسبانيا بسبب موقعها لمؤثرات خارجية كثيرة منذ عصور ما قبل التاريخ وحتى بزوغها كدولة . خرجت إسبانيا كبلد موحد في القرن الخامس عشر وذلك بعد توحيد الممالك الكاثوليكية والسيطرة على كامل شبه الجزيرة الأيبيرية في 1492. من ناحية أخرى ، كانت إسبانيا مصدر نفوذ هام في مناطق أخرى خلال العصور الحديثة ، عندما أصبحت إمبراطورية عالمية خلفت إرثا يضم أكثر من 500 مليون ناطق بالإسبانية ، مما يجعلها ثاني اللغات الأم استخداما . تعد إسبانيا دولة ديمقراطية ذات حكومة برلمانية في ظل نظام ملكي دستوري . وتعد إسبانيا أيضا من البلدان المتقدمة حيث أن اقتصادها المرتبة الرابعة عشر في قائمة أكبر اقتصادات في العالم من حيث الناتج المحلي الإجمالي الاسمي ، كما أن مستويات المعيشة مرتفعة جدا وتقع ( في المرتبة العشرين على مؤشر التنمية البشرية ) ، وأيضا في المرتبة العاشرة من حيث معيار جودة الحياة في العالم في عام 2005. إسبانيا عضو في الأمم المتحدة والاتحاد الأوروبي وحلف شمال الأطلسي ومنظمة التعاون والتنمية الاقتصادية ومنظمة التجارة العالمية . أصل التسمية . كانت إسبانيا تسمى « اسفانية » و « اشبانية » في المصادر العربية القديمة ، على اسم ملك قديم كان اسمه إشبان بن طيطش . لا يزال أصل تسمية إسبانيا بهذا الاسم محط جدل ، فقد يكون الاسم الروماني القديم لأيبيريا ، هسبانيا ، نابعا من الاستخدام الشعري لكلمة هيسبيريا والتي تشير إلى إسبانيا ، والتي بدورها تعكس التصور اليوناني لإيطاليا بأنها « الأرض الغربية » أو « أرض غروب الشمس » ( هيسبيريا ) وبالتالي تكون إسبانيا هسبيريا ألتيما ( أرض الغروب القاصية ) كونها إلى الغرب من إيطاليا . وقد تكون التسمية أيضا اشتقاقا من إسبانية البونيقية والتي تعني « أرض الأرانب » أو « الحافة » ، في إشارة إلى موقع إسبانيا على الطرف الغربي للبحر الأبيض المتوسط ؛ تظهر النقود الرومانية في المنطقة من عهد هادريان شخصية أنثى وأرنب عند قدميها . هناك أيضا اعتقادات بأن كلمة إسبانيا مشتقة من الكلمة الباسكية إزبانا ومعناها « الحافة » أو « الحدود » ، وهي إشارة أخرى إلى حقيقة أن شبه جزيرة أيبيريا تشكل الجنوب الغربي من القارة الأوروبية . بينما يقترح الإنساني أنطونيو دي نبريخا أن كلمة هسبانيا تطورت من كلمة هيسباليس الأيبيرية ، ومعناها « مدينة العالم الغربي ». وفقا لبحث جديد قام به خيسوس لويس كونكيلوس ونشر في عام 2000 باسم غراماتيكا فينيسيا اليمينتال ( القواعد الأساسية الفينيقية ) ، يعود جذر المصطلح - سبان إلى - سبي وهو ما يعني « صهر المعادن ». ولذلك i-spn-ya تعني « الأرض التي يجري صهر المعادن فيها ».

[Chunk 2]
الأندلس المعروفة أيضا في الخطاب الشعبي الغربي خصوصا والعربي والإسلامي أحيانا باسم « إسبانيا الإسلامية » أو « أيبيريا الإسلامية » ، هي إقليم وحضارة إسلامية قروسطية قامت في أوروبا الغربية وتحديدا في شبه الجزيرة الأيبيرية ، على الأراضي التي تشكل اليوم إسبانيا والبرتغال ، وفي ذروة مجدها وقوتها خلال القرن الثامن الميلادي امتدت وصولا إلى سبتمانيا في جنوب فرنسا المعاصرة . غير أن التسمية عادة ما يقصد بها فقط الإشارة إلى الأراضي الأيبيرية التي فتحها المسلمون وبقيت تحت ظل الخلافة الإسلامية والدويلات والإمارات الكثيرة التي قامت في ربوعها وانفصلت عن السلطة المركزية في دمشق ومن ثم بغداد ، منذ سنة 711 م حتى سنة 1492 م حينما سقطت الأندلس بيد اللاتين الإفرنج وأخرج منها المسلمون ، علما أنه طيلة هذه الفترة كانت حدودها تتغير ، فتتقلص ثم تتوسع ، ثم تعود فتتقلص ، وهكذا ، استنادا إلى نتائج الحرب بين المسلمين والإفرنج . قسمت الأندلس إلى خمس وحدات إدارية بعد فتحها واستقرار الحكم الإسلامي فيها ، وتلك الوحدات تقابل تقريبا كلا من : منطقة أندلوسيا ، والجمهورية البرتغالية ، ومنطقة جليقية ( غاليسيا ) ، ومنطقة أراون المعاصرة ؛ ومنطقة قشتالة ، ومملكة ليون ، وكونتية برشلونة ، ومنطقة سبتمانيا التاريخية . أما من الناحية السياسية ، فقد كانت في بادئ الأمر تشكل ولاية من ولايات الدولة الأموية زمن الخليفة الوليد بن عبد الملك ، وبعد انهيار الدولة الأموية وقيام الدولة العباسية ، استقل عبد الرحمن بن معاوية ، وهو أحد أمراء بني أمية الناجين من سيوف العباسيين ، استقل بالأندلس وأسس فيها إمارة قرطبة ، فدامت 179 سنة ، وقام بعدها عبد الرحمن الناصر لدين الله بإعلان الخلافة الأموية عوض الإمارة ، لأسباب سياسية خارجية في الغالب ، وقد تفككت الدولة الأخيرة في نهاية المطاف إلى عدة دويلات وإمارات اشتهرت باسم « الطوائف ». كانت الإمارات والدول الأندلسية المتعاقبة مرتعا خصبا للتحاور والتبادل الثقافي بين المسلمين والمسيحيين واليهود من جهة ، وبين العرب والبربر والقوط والإفرنج من جهة أخرى ، وقد انصهرت هذه المكونات الثقافية في بوتقة واحدة وخرج منها خليط بشري وحضاري ميز الأندلس عن غيرها من الأقاليم الإسلامية ، وجعل لها طابعا فريدا خاصا . كانت الشريعة الإسلامية هي المصدر الأساسي للحكم والقضاء وحل المنازعات ، وترك المسلمون أهل الكتاب من اليهود والنصارى يرجعون إلى شرائعهم الخاصة للتقاضي والتظلم ، لقاء الجزية . شكلت الأندلس منارة للعلم والازدهار في أوروبا القروسطية ، في حين كانت باقي القارة تقبع في الجهل والتخلف ، وأصبحت مدينة قرطبة إحدى أكبر وأهم مدن العالم ، ومركزا حضاريا وثقافيا بارزا في أوروبا وحوض البحر المتوسط والعالم الإسلامي ، منافسة بغداد عاصمة الدولة العباسية والقسطنطينية عاصمة الإمبراطورية البيزنطية . ساهم العلماء الأندلسيون على اختلاف خلفياتهم العرقية والدينية بتقدم مختلف أنواع العلوم في العالمين الإسلامي والمسيحي ، ومن هؤلاء على سبيل المثال : جابر بن أفلح في علم المثلثات ، وإبراهيم بن يحيى الزرقالي في علم الفلك ، وأبو القاسم الزهراوي في الجراحة ، وابن زهر في الصيدلة ، وغيرهم . عاشت الأندلس صراعات مريرة مع الممالك المسيحية الشمالية أغلب تاريخها ، وبعد أن تفككت دولة الخلافة فيها وقامت دويلات ملوك الطوائف ، تشجعت الممالك المسيحية على مهاجمتها وغزو أراضيها ، بقيادة ألفونسو السادس ملك قشتالة ، فانتفضت دولة المرابطين بالمغرب الأقصى لنصرة الأندلس ، وتمكنت من صد الهجمات الإفرنجية والقضاء على استقلال جميع دويلات الطوائف ، فأصبحت الأندلس ولاية من ولايات الدولة المرابطية ، ووريثتها الدولة الموحدية من بعدها . تمكنت الممالك المسيحية الإفرنجية في نهاية المطاف من التفوق على جيرانها المسلمين ، فتمكن ألفونسو السادس من السيطرة على طليطلة سنة 1085 م ، وسرعان ما أخذت باقي المدن الإسلامية تتساقط بيد الإفرنج الواحدة تلو الأخرى ، وفي سنة 1236 م سقطت قرطبة ، وأصبحت إمارة غرناطة خاضعة لسلطان مملكة قشتالة وتدفع لها الجزية لقاء عدم التعرض لها . وفي سنة 1249 م تمكن ألفونسو الثالث ملك البرتغال من انتزاع منطقة الغرب من المسلمين ، الأمر الذي جعل من غرناطة الحصن الوحيد والأخير للمسلمين في الأندلس . وفي يوم 2 ربيع الأول 897 ه الموافق فيه 2 كانون الثاني ( يناير ) 1492 م ، إستسلم أمير غرناطة أبو عبد الله محمد الثاني عشر إلى الإفرنج وسلم المدينة إلى الملكين الكاثوليكيين : إيزابيلا القشتالية وفرناندو الثاني الأراوني ، منهيا بذلك العصر الإسلامي في أيبريا . وقد نزح المسلمون واليهود من الأندلس بأعداد كبيرة ، وتبعثروا في المغرب العربي ومصر والشام والآستانة عاصمة الدولة العثمانية . وكان العثمانيون قد خططوا للهجوم على الأندلس واستردادها ، لكن الخطة لم تطبق لانشغال الأسطول العثماني بفتح قبرص ولعدم التوصل إلى اتفاق مع الدولة السعدية المغربية . تركت الحضارة الأندلسية علامة بارزة في الثقافتين الإسبانية والبرتغالية ، من حيث المطبخ ، والعمارة ، وتخطيط الحدائق ، والملبس ، خصوصا في الأجزاء الجنوبية من تلك البلاد ، كما استعارت اللغتين الإسبانية والبرتغالية الكثير من التعابير والمصطلحات العربية والأمازيغية وأصبحت تشكل جزءا لا يتجزأ من قاموسها . التسمية . ورد في قاموس المعاني أن كلمة «» و «» أصلها بربري ، وقد اقتبسها العرب من الأمازيغ بفعل العشرة والاختلاط والتزاوج بين الطرفين في بلاد المغرب . وقيل : . وقيل أيضا : . اقترح المؤرخون الغربيون ثلاثة أصول محتملة للإسم ، تتفق المصادر العربية والإسلامية مع إحداها على الأقل ، وتقول جميع تلك النظريات أن الاسم ظهر في البداية بعد انهيار الحكم الروماني في شبه الجزيرة الأيبيرية ، غير أن البعض يعارض هذا ، ويقول بأن الاسم سابق على العهد الروماني ، وقد أرفقوا ادعائهم هذا بعدد من الأدلة عبر الاستعانة بخبرات علماء لغويين وعلماء مختصين بدراسة تسميات الأماكن . نظرية الأصل الوندالي . تنص هذه النظرية على أن تسمية « الأندلس » ترجع إلى بعض القبائل الهمجية التي جاءت من شمال إسكندنايا واستقرت في أيبريا فترة من الزمن دامت من سنة 409 م إلى سنة 429 م . ويقال أيضا إن هذه القبائل جاءت من جرمانية . وكانت هذه القبائل تسمى « بالوندال » أو « الندال » ، فسميت هذه البلاد « بانداليسيا » على اسم القبائل التي كانت تعيش فيها ، ومع الأيام حرف إلى « أندوليسيا » فأندلس . يقال بأن صاحب هذه النظرية هو المؤرخ الهولندي المستشرق رينهارت دوزي ، الذي وضعها عندما تفرغ لدراسة اللغة العربية والحضارة الإسلامية في مصر أواسط القرن التاسع عشر . غير أنها تسبق زمانه ، بدليل أنه قام بتفنيدها وإظهار أوجه القصور فيها ، لكنه رغم ذلك يقول باقتناعه بأن أصل الكلمة يأتي من عبارة « ندال » ، وأنه يعتقد بأن هذه كانت تسمية المرفأ الذي انطلق منه الوندال لغزو شمال أفريقيا ، دون أن يشمل شبه الجزيرة بأكملها ، بيد أن موقع هذا المرفأ غير معلوم . نظرية الأصل القوطي الغربي . خلال عقد الثمانينيات من القرن العشرين ، ظهر رأي آخر حول أصل تسمية « الأندلس » على يد المؤرخ هاينز هالم ، الذي رفض نظرية الأصل الوندالي رفضا قاطعا ، وأرجعها إلى أصل قوطي غربي . يقول هالم أن القبائل الجرمانية المرتحلة كانت تقسم الأراضي حديثة الفتح فيما بينها عن طريق القرعة ، كما أنه من المعروف أن أيبريا كان الأجانب يعرفونها زمن القوط الغربيين باسمها اللاتيني ، أي « Gothica Sors » ( نقحرة : ) ، ومعناها : « حصة القوط ». وهكذا ، يفترض هالم أن القوط أطلقوا على بلادهم الجديدة تسمية « بلاد القرعة » وأن ذلك كان بلغتهم الخاصة عوض اللاتينية . غير أن المقابل القوطي لعبارة « Gothica Sors » مختلف على صحته ، لكن هالم أشار إلى أنه تمكن من إعادة صياغته واستنباطه ، وأنه ""* landahlauts "" - ( يستخدم علماء اللغويات العلامة النجمية للإشارة إلى الكلمات المختلف على صحة أصلها أو صياغتها ). اقترح هالم أن يكون هذا المصطلح القوطي المقترح هو أصل التسميتين اللاتينية والعربية لشبه الجزيرة الأيبيرية ، فالاسم اللاتيني كان ترجمة حرفية للاسم القوطي ، بينما برز الاسم العربي نتيجة التقليد الصوتي وتحريف اللفظ بعد أن احتك المسلمون بالقوط . على الرغم من كل ما سلف ، إلا أن هالم فشل في تقديم الأدلة والبراهين الكافية التي تؤيد نظريته ، فلم تؤخذ إلا على سبيل الاستئناس . نظرية الأصل الأطلنطي .

[Chunk 3]
يعود تاريخ اليهود في البرتغال إلى آلاف السنين ، ويرتبط بشكل مباشر مع يهود سفارديون . تنتمي أصولهم إلى الجماعات اليهودية الأثنية التي تنحدر من شبه الجزيرة الإيبيرية ( إسبانيا والبرتغال ). قبل البرتغال . سكن اليهود هذه المنطقة الجغرافية قبل تأسيس دولة البرتغال بوقت طويل ، يعود تاريخهم إلى العصر الروماني ( مقاطعة لوسيتانيا ) ، لا يمكن توثيق الوجود اليهودي في الأراضي البرتغالية قبل عام 482 م . تعرض اليهود للاضطهاد بعد انهيار الإمبراطورية الرومانية ، سيطر القوط الغربيون والممالك المسيحية الأوروبية الأخرى على المنطقة بعد تلك الفترة . كان الفتح الإسلامي للأندلس ( شبه الجزيرة الإيبيرية ) في عام 711 ، وهو ما اعتبره الكثير من السكان اليهود بمثابة تحرير ، وعرف كبداية العصر الذهبي للثقافة اليهودية في شبه الجزيرة الإيبيرية ( الأندلس الإسلامية ). اعتبر اليهود والمسيحيون المستعربون من أهل الذمة في ظل الحكم الإسلامي ، وكان عليهم دفع ضريبة خاصة . سكنت الممالك المسيحية في المناطق الجبلية الشمالية لشبه الجزيرة الإيبيرية ( مملكة أستورياس ) ، وبدأت في القرن الثامن عشر حملة عسكرية طويلة ضد الغزاة المسلمين أدت إلى سقوط الاندلس . أتقن الكثير من اليهود اللغة العربية ، هذا ما استغله المسيحيون اللذين استعانوا باليهود كجواسيس ودبلوماسيين في هذه الحملة التي استغرقت قرونا . أدى ذلك إلى منح اليهود بعض الثقة على الرغم من استمرار التحيز . عصر القرون الوسطى . منح ملك البرتغال أفونسو الأول يحيى بن يحي الثالث منصب المشرف ، وائتمنه على تحصيل الضرائب ، ورشحه كأول حاخام رئيسي للبرتغال ( وهو المنصب الذي يعينه ملك البرتغال دائما ). تأسست المجتمعات اليهودية قبل هذه السنوات ، تعتبر بلدة ليريا التي أسسها الملك أفونسو الأول عام 1135 مثالا على التوسع اليهودي . ساهم السكان اليهود في تطوير الاقتصاد الحضري ، منح الملك أفونسو المواثيق للتجار غير المسيحيين الذين يعيشون في لشبونة ، وألمادا ، وبالميلا ، وألكاسير في عام 1170 ، وهو ما يعتبر إثباتا على دعم اليهود لاقتصاد البرتغال . ضمنت هذه المواثيق حرية الأقليات اليهودية في المدن مثل حرية العبادة واستخدام القوانين التقليدية . استمر احترام هذه المواثيق خلال عهد الملك سانشو الأول ، الذي حمى الجالية اليهودية من أعمال الشغب الصليبية في عام 1189. ساهمت الجالية اليهودية بدعم الاقتصاد البرتغالي ، وتلقى أولئك الذين سرقوا التجار عقابا شديدا ، كان السطو على المسلمين والمسيحيين واليهود متساويا في الخطورة . واصل سانشو الأول ملك البرتغال سياسة والده ، وعين يوسف بن يحيى القائد الأعلى للمملكة . حاول رجال الدين محاربة اليهود في عهد الملك دينيس الأول ملك البرتغال ، لكن حافظ الملك على موقف سلمي مع اليهود . احتل بعض اليهود أماكن بارزة في الحياة السياسية والاقتصادية للبرتغالية ، واستمر ذلك حتى القرن الخامس عشر . كان إسحاق أبرابانيل أمين صندوق ملك البرتغال أفونسو الخامس . ساهم الكثيرون أيضا في دعم الثقافة البرتغالية ، وحافظوا على سمعتهم من الدبلوماسيين والتجار . كانت لشبونة ، وإيفورا موطنا مهما للمجتمعات يهودية . تشكلت محاكم التفتيش في إسبانيا عام 1478 لقمع المهرطقين من اليهود . أمر التاج الإسباني بطرد السكان اليهود بعد غزو غرناطة . كانت البرتغال وجهة معظم اليهود الذين اختاروا مغادرة إسبانيا بعد طردهم في عام 1492. انتقل حوالي 100.000 يهودي إلى مملكة البرتغال المجاورة . تردد سكان البرتغال في قبول اليهود ، اقترح يوحنا الثاني تحصيل ضريبة محددة من كل مهاجر ، ويدفع عمال المعادن وصانعو الدروع نصف هذه الضريبة . عين المسؤولون عن تحصيل الضرائب في خمس نقاط ، وأصدرت الإيصالات التي كانت بمثابة جوازات سفر لدخول البرتغال . نقل المهاجرون إلى مكان آخر بعد ثمانية أشهر ، ودفعوا مقابل ذلك رسوما إضافية . تلقت",ما هي تاريخ إسكوبية ؟,استوطنت أراضي إسكوبية منذ 4000 قبل الميلاد على الأقل . وقد عثر على بقايا التجمعات السكانية في العصر الحجري الحديث في منطقة قلعة إسكوبية التي تشرف على مركز المدينة,المعلومات المقدمة في النص لا تحتوي على تاريخ لإسبوكبية. يبدو أن هناك خطأ في سؤالك حيث يجب أن تكون الإجابة حول تاريخ إسبوكبية بدلاً من إسكوبية. يرجى تقديم مزيد من المعلومات أو إعادة صياغة السؤال لكي أتمكن من مساعدتك بشكل أفضل.,0.2,0.13,0.1
"[Chunk 1]
ديفيد كيركر مارتن ( بالإنجليزية : David Kirker Martin ؛ 1 فبراير 1914 – 10 يناير 1991 ) كان لاعب كرة قدم أيرلندي شمالي محترف لعب كمهاجم ، أكثر ما يتذكره الناس لفتراته في دوري كرة القدم الإنجليزية مع نوتينغهام فورست وولفرهامبتون واندررز ونوتس كاونتي . لعب مع أيرلندا على المستوى الكامل والهواة . بعد اعتزاله كرة القدم ، درب مارتن بيليمينا يونايتد وكاريك رينجرز . في سبتمبر 1933 ، سجل مارتن كلا الهدفين عندما هزمت أيرلندا إسكتلندا 2–1 في بطولة البيت البريطاني . بعد أسبوعين حصل على ثنائية أخرى ، هذه المرة في الدوري الأيرلندي في بلفاست عندما فازوا 3–0 على الدوري الاسكتلندي لكرة القدم . حياته الشخصية . خدم مارتن كطفل عازف في لعبة بنادق الستر الملكية ، حيث حصل على لقبه ، « بوي ». أعاد تجنيده في الجيش البريطاني في وقت مبكر من الحرب العالمية الثانية وأصيب في نورماندي عام 1944. الإنجازات . بلفاست سلتيك

[Chunk 2]
زين الدين يزيد زيدان ( ؛ مواليد 23 يونيو 1972 ) المعروف شعبيا باسم زيزو ، هو لاعب كرة قدم فرنسي محترف سابق لعب كلاعب خط وسط مهاجم . وهو المدير الفني السابق لنادي ريال مدريد . درب مؤخرا ريال مدريد وهو أحد أكثر المدربين نجاحا في العالم . يعتبر على نطاق واسع أحد أعظم اللاعبين في التاريخ ، كان زيدان صانع ألعاب من النخبة اشتهر بأناقته ورؤيته وتمريراته وتحكمه في الكرة وبراعته الفنية . حصل على العديد من الجوائز الفردية كلاعب ، بما في ذلك حصوله على جائزة أفضل لاعب في العالم في أعوام 1998 و 2000 و 2003 ، كما فاز بجائزة الكرة الذهبية لعام 1998. بدأ زيدان مسيرته المهنية في نادي كان قبل أن يثبت نفسه كواحد من أفضل اللاعبين في الدوري الفرنسي مع بوردو . في عام 1996 ، انتقل إلى يوفنتوس حيث فاز معهم بألقاب من بينها لقبان في الدوري الإيطالي . انتقل إلى ريال مدريد مقابل رسوم انتقال قياسية في ذلك الوقت بلغت 77.5 مليون يورو في عام 2001 ، والذي ظل مسجل باسمه على مدار السنوات الثماني التالية . في إسبانيا ، فاز زيدان بالعديد من الألقاب ، بما في ذلك لقب الدوري الإسباني ودوري أبطال أوروبا . في نهائي دوري أبطال أوروبا 2002 ، سجل هدفا بالقدم اليسرى والذي يعتبر أحد أعظم الأهداف في تاريخ المسابقة . لعب مع فرنسا 108 مباراة ، وفاز زيدان بكأس العالم 1998 ، وسجل هدفين في النهائي ، وتم اختياره ضمن فريق كل النجوم . جعله هذا الانتصار بطلا قوميا في فرنسا ، وحصل على وسام جوقة الشرف في عام 1998. وفاز ببطولة أمم أوروبا 2000 ، وحصل على جائزة أفضل لاعب في البطولة . حصل أيضا على الكرة الذهبية لأفضل لاعب في البطولة في كأس العالم 2006 ، على الرغم من طرده السيئ السمعة في المباراة النهائية ضد إيطاليا لتسديدة ضربة رأسية لصدر ماركو ماتيراتزي . اعتزال باعتباره رابع أكثر لاعب مشاركة في تاريخ فرنسا . في عام 2004 ، تم ترشيحه في أفضل 125 لاعب كرة قدم حي ، وهي قائمة أعظم لاعبي العالم على قيد الحياة قام بتجميعها بيليه ، وفي نفس العام تم اختياره كأفضل لاعب كرة قدم أوروبي خلال الخمسين عاما الماضية في استطلاع اليوبيل الذهبي . زيدان هو واحد من ثمانية لاعبين فازوا بكأس العالم ودوري أبطال أوروبا والكرة الذهبية . كان سفيرا لملف قطر الناجح لاستضافة كأس العالم 2022 ، وكانت أول دولة عربية تستضيف البطولة . بعد اعتزاله كلاعب ، انتقل زيدان إلى التدريب ، وبدأ مسيرته التدريبية في ريال مدريد كاستيا . وبقي في المنصب لمدة عامين قبل أن يتولى قيادة الفريق الأول في عام 2016. في أول موسمين ونصف ، أصبح زيدان أول مدرب يفوز بدوري أبطال أوروبا ثلاث مرات متتالية ، وفاز بكأس السوبر الأوروبي وكأس العالم للأندية مرتين لكل منهما ، بالإضافة إلى لقب وحيد لكل من الدوري الإسباني وكأس السوبر الإسباني . أدى هذا النجاح إلى فوز زيدان بجائزة أفضل مدرب كرة قدم للرجال في عام 2017. استقال في 2018 ، لكنه عاد إلى النادي كمدرب في عام 2019 ، وشرع في الفوز بلقب آخر في الدوري الإسباني وكأس السوبر الإسباني . حياته المبكرة وسيرته . ولد زين الدين يزيد زيدان في 23 يونيو 1972 في لا كاستيلان ، مارسيليا ، في جنوب فرنسا . هو الأصغر بين خمسة أشقاء . زيدان مسلم من أصول قبايلية جزائرية . هاجر والداه ، إسماعيل ومليكة ، إلى باريس من قرية أجيمون في منطقة القبائل الناطقة باللغة الأمازيغية في شمال الجزائر في عام 1953 قبل اندلاع ثورة التحرير الجزائرية . وجدت العائلة ، التي استقرت في المناطق الشمالية الصعبة في المدينة باربيس وسان دوني ، القليل من العمل في المنطقة ، وفي منتصف الستينيات انتقلت إلى ضاحية لا كاستيلان الشمالية في مارسيليا في الدائرة السادسة عشرة من مرسيليا . كان والده يعمل كعامل مستودع وحارس ليلي في متجر متعدد الأقسام ، غالبا في الفترة الليلية ، بينما كانت والدته ربة منزل . عاشت العائلة حياة مريحة بشكل معقول وفقا لمعايير الحي ، الذي اشتهر في جميع أنحاء مارسيليا بجرائمه ومعدلات البطالة المرتفعة . يعزو زيدان الفضل في تربيته الصارمة ووالده على أنهما « الضوء الهادي » في حياته المهنية . كان ذلك في كاستيلان حيث كان لزيدان أول مشاركة في كرة القدم ، وانضم إليهم في سن الخامسة في ألعاب كرة القدم التي لعبها أطفال الجوار في ساحة تارتان ، وهي ساحة بمساحة 80 × 12 ياردة كانت بمثابة الساحة الرئيسية للمجمع السكني . في يوليو 2011 ، اختار زيدان لاعبي مارسيليا السابقين بلاش سليشكوفيتش وإنزو فرانسيسكولي وجان بيير بابان كقدوة له أثناء نشأته . في سن العاشرة ، حصل زيدان على أول رخصة لاعب له بعد انضمامه إلى فريق الناشئين في ناد محلي من كاستيلان باسم يو أس سان هنري . بعد أن أمضى عام ونصف في سان هنري يو أس ، انضم زيدان إلى فريق أس أو سبتيم ليه فالون عندما أقنع روبرت سينتينيرو مدرب فريق سيبتيم مدير النادي بجلب زيدان . بقي زيدان مع سبتيم حتى سن الرابعة عشرة ، وفي ذلك الوقت تم اختياره لحضور معسكر تدريبي لمدة ثلاثة أيام في المركز الإقليمي للرياضة والتربية البدنية في آكس أون بروفانس ، أحد معاهد كرة القدم العديدة التي تديرها من قبل الاتحاد الفرنسي لكرة القدم . هنا تم رصد زيدان من قبل كشاف نادي كان واللاعب السابق جان فارود ، الذي أوصى به إلى مدير مركز التدريب بالنادي . عندما كان يبلغ من العمر 14 عاما يشاهد كأس العالم 1986 ، ترك أداء دييغو مارادونا بصمة لا تمحى عليه ، حيث قال زيدان إن مارادونا « كان في مستوى آخر ». مسيرته الكروية . كان . كان ذلك هو المكان الذي لاحظ فيه المدربون الأوائل لزيدان أنه كان فظا وحساسا ، وعرضة لمهاجمة الجماهير الذين أهانوا عرقه أو عائلته . شجعه مدربه الأول ، جان فارود ، على توجيه غضبه والتركيز على لعبته الخاصة . أمضى زيدان أسابيعه الأولى في كان بشكل أساسي في مهمة التنظيف كعقوبة للكم خصم سخر من أصوله في الحي اليهودي . تشكل العنف العرضي الذي كان يظهره طوال مسيرته المهنية من خلال صراع داخلي لكونه جزائريا فرنسيا معلقا بين الثقافات ، والبقاء على قيد الحياة في شوارع لا كاستيلان الصعبة حيث نشأ . ذهب زيدان إلى نادي كان لمدة ستة أسابيع ، لكنه انتهى به الأمر بالبقاء في النادي لمدة أربع سنوات للعب على المستوى الاحترافي . بعد أن ترك عائلته للانضمام إلى مدينة كان ، دعاه مدير مدينة كان جان كلود إيلينو لمغادرة المهجع الذي كان يتقاسمه مع 20 متدربا آخر والقدوم والبقاء معه ومع أسرته . قال زيدان في وقت لاحق أنه أثناء العيش مع الإلينيوس وجد التوازن . لعب زيدان أول مباراة احترافية له مع نادي كان في 18 مايو 1989 في مباراة بالدوري الفرنسي ضد نانت . سجل هدفه الأول للنادي في 10 فبراير 1991 أيضا ضد نانت في الفوز 2–1. بعد المباراة التي أقيمت خلال حفلة لجميع لاعبي كان ، حصل زيدان على سيارة من قبل رئيس كان آلان بيدريتي ، الذي وعده في اليوم الذي سجل فيه هدفه الأول للنادي . على أرض الملعب ، أظهر زيدان تقنية غير عادية على الكرة ، وقدم لمحات عن الموهبة التي من شأنها أن تأخذه إلى قمة اللعبة العالمية . في أول موسم كامل له مع كان ، حصل النادي على أول مركز أوروبي له على الإطلاق بالتأهل لكأس الاتحاد الأوروبي بعد حصوله على المركز الرابع في الدوري . لا يزال هذا هو أعلى إنجاز للنادي في دوري الدرجة الأولى منذ هبوطه للمرة الأولى من الدرجة الأولى في موسم 1948–49. بوردو . انتقل زيدان إلى بوردو في موسم 1992–93 ، وفاز بكأس إنترتوتو 1995 بعد فوزه على كارلسروه ، وحصل على المركز الثاني أمام بايرن ميونخ في كأس الاتحاد الأوروبي 1995–95 ، في أربع سنوات مع النادي . كون مجموعة مميزة في خط الوسط مع بيسنتي ليزارازو وكريستوف دوغاري ، والذين سيصبحون الأساسيين لكل من بوردو والمنتخب الفرنسي 1998. في عام 1995 ، أعرب كيني دالغليش ، مدرب بلاكبيرن روفرز ، عن اهتمامه بالتعاقد مع كل من زيدان ودوغاري ، ورد عليه مالك النادي جاك ووكر « لماذا تريد التعاقد مع زيدان عندما يكون لدينا تيم شيروود؟ » أيضا في بداية موسم 1996 ، وفقا لوكيل كرة القدم باري سيلكمان ، عرض زيدان على نيوكاسل يونايتد مقابل 1.2 مليون جنيه إسترليني ، لكن النادي رفض العرض بعد مشاهدته ، بدعوى أنه لم يكن جيدا بما يكفي لدوري الدرجة الأولى الإنجليزية . في عام 1996 ، حصل زيدان على جائزة أفضل لاعب في الدوري الفرنسي . يوفنتوس . بعد سلسلة من العروض البارزة لكل من بوردو وفرنسا ، قدم لزيدان عروضا للانضمام إلى أفضل الأندية الأوروبية في ربيع عام 1996 ، حيث قرر الانتقال إلى يوفنتوس الفائز بدوري أبطال أوروبا خلال الموسم الماضي . كان تأثير زيدان في إيطاليا فوريا ، حيث فاز بلقب الدوري الإيطالي 1996–97 وكأس الإنتركونتيننتال 1996. حصل على لقب أفضل لاعب أجنبي في الدوري الإيطالي في موسمه الأول . شهد مكانة زيدان المتنامية في الرياضة اختياره في التشكيلة الأوروبية لمواجهة نجوم العالم – التي تضم في خط الهجوم كلا من رونالدو وغابرييل باتيستوتا – في ديسمبر 1997. بصفته صانع الألعاب في يوفنتوس ، لعب زيدان خلف المهاجم أليساندرو دل بييرو مباشرة ، مع قول ديل بييرو ، « كان لزيدان موهبة غير عادية ، مما ساهم في اهتمامه الوحيد بمساعدة الفريق . لم يكن لاعبا أنانيا . كان لديه قدرة فريدة على أن يكون رائعا وأن يكون لاعبا جماعيا . كنت محظوظا باللعب معه .» خسر في نهائي دوري أبطال أوروبا 1997 3–1 أمام بوروسيا دورتموند عندما لم يكن قادرا على ترك انطباع قوي ضد مراقبة بول لامبيرت . في الموسم التالي ، سجل زيدان سبعة أهداف في 32 مباراة في الدوري ليساعد يوفنتوس على الفوز بالدوري الإيطالي 1997–98 وبالتالي الاحتفاظ "" بالسكوديتو "". في أوروبا ، شارك يوفنتوس للمرة الثالثة على التوالي في نهائي دوري أبطال أوروبا ، لكنه خسر المباراة 1–0 أمام ريال مدريد . في عام 1998 ، حصل زيدان على جائزة أفضل لاعب كرة قدم في العالم 1998 من الفيفا ، وفاز بجائزة الكرة الذهبية . احتل يوفنتوس المركز الثاني في الدوري الإيطالي 2000–01 ، لكن تم إقصاؤه من دور المجموعات بدوري أبطال أوروبا ، بعد أن تم إيقاف زيدان بسبب نطحه ليوشين كينتز لاعب هامبورغ . في عام 2001 ، حصل زيدان على جائزة أفضل لاعب أجنبي في الدوري الإيطالي للمرة الثانية . ريال مدريد . في عام 2001 ، انضم زيدان إلى ريال مدريد مقابل رسوم قياسية عالمية قدرها 150 مليار ليرة إيطالية ( حوالي 77.5 مليون يورو بسعر الصرف الثابت ، و 12.8 مليار بيزيتا ) على أقساط ، ووقع عقدا لمدة أربع سنوات . أحدث إضافة لجيل "" الغالاكتيكوس "" ، في موسمه الأول في النادي سجل زيدان هدفا مشهورا في نهائي دوري أبطال أوروبا 2002 ؛ حيث قادم بتسديد كرة بقدمه اليسرى الأضعف من حافة مربع ال 18 ياردة ، في فوز مدريد 2–1 على باير ليفركوزن . تم الإشادة بالهدف كواحد من أعظم الأهداف في تاريخ دوري أبطال أوروبا . شهد حجم الصدمة أن يقوم زيدان بأحد أكثر احتفالاته العاطفية بالأهداف ، حيث ركض نحو خط التماس وهو يصرخ من الفرح . في الموسم التالي ، ساعد زيدان ريال مدريد على الفوز بلقب الدوري الإسباني 2002–03 ، وبدور رئيسي بجانب لويس فيغو في خط الوسط ، وحصل على جائزة أفضل لاعب كرة قدم في العالم . في عام 2004 ، صوته له الجماهير كأفضل لاعب كرة قدم أوروبي في الخمسين عاما الماضية في استطلاع اليوبيل الذهبي للاحتفال بالذكرى الخمسين للاتحاد الأوروبي لكرة القدم . بينما انهى زيدان الموسم الأخير له مع النادي بدون بطولة ، تمتع بالنجاح على المستوى الشخصي بتسجيله أول هاتريك له ، ضد إشبيلية ، في الفوز 4–2 في يناير 2006. أنهى الموسم مع ريال مدريد باعتباره ثاني أفضل هداف ومرر تمريرات حاسمة خلف زملائه في الفريق رونالدو وديفيد بيكهام على التوالي ، بتسعة أهداف وعشر تمريرات حاسمة في 28 مباراة . في 7 مايو 2006 ، لعب زيدان ، الذي أعلن عن خططه للاعتزال بعد نهائيات كأس العالم 2006 ، مباراة الوداع وسجل في التعادل 3–3 ضد فياريال . ارتدى الفريق القمصان التذكارية مع زيدان 2001–2006 تحت شعار النادي . ورفع 80 ألف مشجع داخل ملعب سانتياغو برنابيو لافتة كتب عليها « شكرا على السحر ». في عام 2012 ، شارك زيدان مع ريال مدريد في مباراة كل النجوم ضد مانشستر يونايتد مما أدى إلى فوز الريال 3–2. في أبريل 2013 ، اختاراته "" ماركا "" كلاعب ضمن « أفضل 11 أجنبيا في تاريخ ريال مدريد ». مسيرته الدولية . تعتبر كل من فرنسا والجزائر زيدان مواطنا له . ترددت شائعات بأن المدرب عبد الحميد كرمالي حرم زيدان من الحصول على مركز مع المنتخب الجزائري لأنه شعر أن لاعب الوسط الشاب لم يكن بالسرعة الكافية . ومع ذلك ، نفى زيدان الشائعات في مقابلة في عام 2005 ، قائلا إنه كان سيكون غير مؤهل للعب مع الجزائر لأنه لعب بالفعل مع فرنسا . كان زيدان عضوا في المنتخب الفرنسي تحت 21 سنة الذي فاز بميدالية برونزية في ألعاب البحر الأبيض المتوسط 1993 في لنكدوك روسيون . لعب مباراته الأولى مع فرنسا كبديل في مباراة ودية ضد التشيك في 17 أغسطس 1994 ، والتي انتهت بالتعادل 2–2 بعد أن سجل زيدان هدفين ليساعد فرنسا بعد التأخر 2–0. بعد أن تم إيقاف إيريك كانتونا لمدة عام في يناير 1995 لاعتدائه على مشجع ، تولى زيدان مركز صانع الألعاب . يورو 1996. على الرغم من عدم تألقه خلال البطولة ، وصلت فرنسا إلى دور الأربعة . لم يكن زيدان قد وضع نفسه كلاعب أساسي في المنتخب الفرنسي وكان مستواه متوسطا تماما خلال البطولة بأكملها ، لكنه تمكن من التسجيل في ركلات الترجيح في كل من ربع النهائي ونصف النهائي . أقصيت فرنسا في نصف نهائي بطولة أمم أوروبا 1996 بركلات الترجيح ضد التشيك . كأس العالم 1998. كانت كأس العالم 1998 أول كأس عالم يشارك فيها زيدان . أقيمت البطولة في موطنه فرنسا . فاز المنتخب الفرنسي بجميع المباريات الثلاث في دور المجموعات ، حيث صنع زيدان هدف كريستوف دوغاري في المباراة الافتتاحية ضد جنوب أفريقيا من ركلة ركنية ، وساهم في تسجيل هدف تييري هنري الافتتاحي في المباراة الثانية ضد السعودية . ومع ذلك ، تم طرد زيدان في المباراة الأخيرة لتدخله على فؤاد أنور ، ليصبح أول لاعب فرنسي يحصل على بطاقة حمراء في مباراة نهائيات كأس العالم . بدون صانع ألعابهم ، تقدمت فرنسا بالفوز 1–0 في دور الستة عشر مباراة ضد باراغواي ، وعند عودته ، هزموا إيطاليا 4–3 بركلات الترجيح بعد التعادل السلبي في ربع النهائي . ثم هزمت فرنسا كرواتيا 2–1 في نصف النهائي . على الرغم من أن زيدان قد لعب دورا في إنجازات الفريق ، إلا أنه لم يسجل هدفا حتى ذلك الوقت في كأس العالم . واصل زيدان وفرنسا اللعب ضد حامل اللقب والمرشح المنتخب البرازيلي على ملعب فرنسا في نهائي كأس العالم 1998. سيطرت فرنسا على البرازيل منذ البداية ، حيث سجل زيدان هدفين متشابهين ، كلاهما برأسية من ركلات ركنية نفذهما إيمانويل بوتي ويوري دجوركاييف . بفضل هدفي زيدان ، دخلت فرنسا في استراحة الشوط الأول متقدمة 2–0 على بعد شوط واحد من الفوز بكأس العالم . أضاف بيتي الهدف الثالث في الوقت بدل الضائع ليحقق الفوز 3–0 وأول كأس عالم على الإطلاق لفرنسا . تم اختيار زيدان كأفضل لاعب في المباراة ، وأصبح بطلا قوميا فوريا وحصل على وسام جوقة الشرف في وقت لاحق من ذلك العام . اصطف أكثر من مليون شخص في شارع الشانزلزيه في باريس ، وتركزت الاحتفالات حول قوس النصر . يورو 2000. بعد ذلك بعامين فازت فرنسا ببطولة أمم أوروبا 2000 ، لتصبح أول فريق يفوز بكأس العالم وبطولة أمم أوروبا منذ ألمانيا الغربية في عام 1974. وأنهى زيدان البطولة بهدفين ، الأولى من ركلة حرة ضد إسبانيا في ربع النهائي والهدف الذهبي في نصف النهائي ضد البرتغال من ركلة جزاء . اختار الاتحاد الأوروبي لكرة القدم زيدان كأفضل لاعب في البطولة . يعتقد زيدان نفسه أنه كان في ذروته خلال البطولة ، بينما يقول موقع الاتحاد الأوروبي لكرة القدم : « في بلجيكا وهولندا ، سيطر زيدان على بطولة كبرى بطريقة لم ينجح فيها أي لاعب منذ دييغو مارادونا في عام 1986. من المباراة الافتتاحية ضد الدنمارك إلى في المباراة النهائية ضد إيطاليا ، تألق ' زيزو ' بشكل لامع ، وألقى سحره على خصومه بنقرات ذكية ، وصعوده الساحر ، وسباقاته المتعرجة ، ورؤيته البارعة ». كأس العالم 2002. بصفته حامل لقب كأس العالم وبطولة أمم أوروبا ، دخلت فرنسا كأس العالم 2002 في اليابان وكوريا كمرشحين ، لكن إصابة في الفخذ تعرض لها في مباراة إحماء قبل البطولة منعت زيدان من اللعب في أول مباراتين لفرنسا وبدون سحره للفريق الفرنسي فشل ليسجل في أي من المباراتين . تم إعادته إلى الوراء قبل الأوان للمباراة الثالثة على الرغم من عدم لياقته الكاملة ، لكنه لم يستطع منع فرنسا من الإقصاء المخزي في دور المجموعات دون تسجيل هدف واحد ؛ أسوأ أداء لبطل مدافع في تاريخ المسابقة . يورو 2004. في بطولة أمم أوروبا 2004 ، تصدرت فرنسا مجموعتها بفوزها على إنجلترا وسويسرا ، قبل أن تخرج في ربع النهائي على يد اليونان البطل في نهاية البطولة في خسارة مفاجئة 1–0. في المباراة الافتتاحية ضد إنجلترا ، سجل زيدان ركلة حرة وركلة جزاء في الوقت المحتسب بدل الضائع لتحويل الهزيمة الوشيكة إلى فوز 2–1. بعد أقصى فرنسا ، قرر زيدان أن يعتزل اللعب على المستوى الدولي . كأس العالم 2006. مع الاعتزال الجماعي للاعبين المخضرمين مثل بيسنتي ليزارازو ومارسيل ديسايي وكلود ماكيليلي وليليان تورام ، كافحت فرنسا من أجل التأهل إلى كأس العالم 2006. بناء على طلب المدرب ريمون دومينيك ، تراجع زيدان عن اعتزاله وأعيد على الفور كقائد للفريق . زيدان ، جنبا إلى جنب مع تورام وماكيليلي ، حقق عودته الرسمية لفرنسا الفوز 3–0 على جزر فارو في 3 سبتمبر 2005. ساعد الثلاثي فرنسا على الصعود من المركز الرابع لصدارة مجموعتهم بالتصفيات . في 27 مايو 2006 ، لعب زيدان مباراته رقم 100 مع منتخب فرنسا في مباراة ودية انتهت بالفوز 1–0 أمام المكسيك ، والتي كانت أيضا آخر مباراة له على ملعب فرنسا . وأصبح زيدان رابع لاعب فرنسي يبلغ 100 مباراة دولية بعد ديسايي وتورام وديدييه ديشان . كانت بداية فرنسا بطيئة لنهائيات 2006 ، وبعد إيقافه للمباراة الثالثة من دور المجموعات ، عاد زيدان ليصنع هدفا لباتريك فييرا ويسجل هدفا بنفسه في مباراة الدور الثاني ضد إسبانيا . في ربع النهائي ، نجحت فرنسا في تخطي حامل اللقب البرازيل في إعادة لنهائي 1998 ؛ حيث صنع زيدان الهدف الوحيد في المباراة لتييري هنري واختير كأفضل لاعب في المباراة من قبل الفيفا . واجهت فرنسا البرتغال في نصف النهائي ، وكما حدث في بروكسل قبل ست سنوات ، حسم زيدان المباراة من ركلة الجزاء وأرسل فرنسا إلى نهائي آخر . بعد أن أعلن بالفعل اعتزاله بعد انتهاء عقده مع ريال مدريد في نهاية موسم 2005–06 ، عرف عالم كرة القدم بالفعل أن نهائي كأس العالم الثاني لزيدان سيكون آخر مباراة في مسيرته . بعد سبع دقائق من نهائي كأس العالم 2006 في برلين ، وضع زيدان فرنسا في المقدمة بضربة جزاء على طريقة بانينكا ارتطمت بالعارضة وارتدت بقليل بعد خط المرمى ، ليصبح رابع لاعب في تاريخ كأس العالم يسجل في نهائيين مختلفين ، إلى جانب بيليه وبول برايتنر وفافا ، بالإضافة إلى تعادله في المركز الأول مع فافا وبيليه وجيوف هورست بثلاثة أهداف نهائيات في كأس العالم . كاد أن يسجل الهدف الثاني خلال الشوط الأول من الأشواط الإضافية لكن رأسيته تصدى لها الحارس الإيطالي جانلويجي بوفون . ثم طرد زيدان في الدقيقة 110 من المباراة بعد أن نطح برأسه صدر ماركو ماتيراتزي ، لذلك لم يشارك في ركلات الترجيح التي فازت بها إيطاليا 5–3. كان هذا الطرد هو الرابع عشر في مسيرة زيدان الاحترافية ، وانضم إلى الكاميروني ريغوبرت سونغ باعتبارهما اللاعبان الوحيدان الذان تم طردهم خلال بطولتين منفصلتين من كأس العالم . كما أصبح رابع لاعب يحصل على بطاقة حمراء في نهائي كأس العالم ، بالإضافة إلى كونه أول لاعب يطرد في الأشواط الإضافية . تصدرت تصرفات زيدان عناوين الصحف في جميع أنحاء العالم ، بينما في فرنسا وصفت صحيفة "" لو فيغارو "" نطحته بأنها « مشينة » ، وتساءلت الصفحة الأولى من "" ليكيب "" ، « ماذا يجب أن نقول لأطفالنا ، الذين أصبحت لهم نموذجا إلى الأبد ؟ .. كيف يمكن أن يحدث هذا لرجل مثلك؟ » تلقى زيدان استحسانا لما قدمه من أداء خلال البطولة ، حيث كتب بيب غوارديولا أنه يمارس تأثيرا كبيرا على الفريق لدرجة أن « فرنسا لم تكن غير منظمة أبد ». في اليوم التالي للنهائي ، حصل زيدان على الكرة الذهبية كأفضل لاعب في البطولة . عند عودته إلى فرنسا ، امتلأ ميدان الكونكورد في باريس بالآلاف من المعجبين وهم يلوحون بالأعلام ويهتفون بإيقاعات « زيزو ! زيزو !» ، وتلقى تكريم من الرئيس الفرنسي جاك شيراك . عكست كلمات شيراك شعور الجمهور الفرنسي ، حيث أجريت استطلاعات الرأي في أعقاب الحادث مباشرة تظهر دعما لزيدان : قال 61 ٪ من الفرنسيين إنهم قد سامحوه بالفعل على أفعاله بينما قال 52 ٪ إنهم يتفهمونها . وفقا للصحفي الفرنسي فيليب أوكلير ، فإن أداء زيدان في جولات خروج المغلوب « صنف من بين أفضل ما قدمه بالقميص الأزرق ». بصفته أفضل لاعب في البطولة ، أعطى زيدان الأمل للفريق ، حيث ذكرت صحيفة "" ليبراسيون "" الفرنسية اليومية ، « لمدة شهر ، كانت فرنسا تحلم مع زيدان ». ظل زيدان رمزا للجمهور الفرنسي ، وقال كاتب فرنسي : « من الجيد بالنسبة لنا أن نرى بطلنا القومي غير معصوم من الخطأ ». تم الكشف لاحقا من خلال المقابلات أن ماركو ماتيراتزي أهان أخت زيدان ، مما أدى إلى غضب وردة فعل زيدان العنيفة . في عام 2010 ، قال زيدان إنه « يفضل الموت على الاعتذار » لماتيراتزي عن النطحة في المباراة النهائية ، لكنه اعترف أيضا بأنه « لم يكن بإمكانه العيش مع نفسه أبدا » لو سمح له بالبقاء في الملعب ومساعدة فرنسا على الفوز باللقب . قال لاحقا ، « إذا نظرت إلى البطاقات الحمراء الأربعة عشر التي حصلت عليها في مسيرتي ، فإن اثنتي عشرة منها كانت نتيجة الاستفزاز . هذا ليس مبررا ، هذا ليس عذرا ، لكن شغفي ، أعصابي ودمائي جعلتني أتفاعل ». بعد بطاقته الحمراء في النهائي ، اعتزل زيدان من كرة القدم الاحترافية وأكد أنه لن يتراجع عن قراره . وحكم عليه من قبل الفيفا بالإيقاف ثلاث مباريات بسبب البطاقة الحمراء . وافق على إكمال ثلاثة أيام من خدمة المجتمع مع الأطفال في أحد مشاريع الفيفا الإنسانية . انتهى الأمر بزيدان بالتعادل مع كافو البرازيلي بالرقم القياسي لأكثر البطاقات التي تلقاها لاعب في مباريات كأس العالم بستة بطاقات . مسيرته التدريبية . في نوفمبر 2010 ، تم تعيين زيدان كمستشار خاص للفريق الأول لريال مدريد استجابة لنداء قدمه مدرب ريال مدريد آنذاك جوزيه مورينيو للاعب خط وسط ريال السابق للعمل بشكل وثيق مع الفريق . في دوره الجديد ، كان من المتوقع أن يشارك زيدان في أحداث ووظائف دوري أبطال أوروبا ، وكان من المقرر أيضا أن يسافر مع الفريق الأول على أساس منتظم والمشاركة في التجمعات السابقة للمباراة والدورات التدريبية والاجتماعات مع المدرب الرئيسي . في يوليو 2011 ، أعلن أنه سيصبح المدير الرياضي الجديد لريال مدريد . في عام 2013 ، تم تعيين زيدان مساعدا للمدرب كارلو أنشيلوتي في ريال مدريد . ريال مدريد كاستيا . في يونيو 2014 ، أعلن ريال مدريد أن زيدان سيكون مدربا لفريق ريال مدريد ب ، ريال مدريد كاستيا . في 29 أغسطس ، أبلغ مدير الكرة الاسبانية مركز تعليم المدربين ، ميغيل جالان ، أن زيدان عمل كمدرب رئيسي لريال مدريد كاستيا بدون شارات التدريب اللازمة . وفقا لجالان ، « لا يمكن لأي شخص له علاقة بعالم كرة القدم أن يجهل أن زيدان يتصرف كمدرب لريال مدريد كاستيا هذا الموسم . إنه أمر واقع تم قبوله على نطاق واسع ، كما أظهرت تقارير وسائل الإعلام ، و ريال مدريد لا ينفي ذلك .» بينما يشير التقرير الرسمي للمباراة الافتتاحية لكاستيا في الدرجة الثانية إلى سانتياغو سانشيز كمدرب "" للوس بلانكوس "" وزيدان كمساعد له ، يقول جالان ، « هذا التسلسل الهرمي موجود فقط على الورق . الحقيقة هي عكس ذلك تماما : زيدان هو من يعمل كمدرب رئيسي لريال مدريد كاستيا ، بينما مع كل الاحترام الواجب له كزميل ، فإن دور السيد سانشيز يتلخص أساسا في تقديم الشارات .» ريال مدريد . في 4 يناير 2016 ، أعلن ريال مدريد إقالة المدرب رافاييل بينيتيز وفي نفس اليوم تم تعيين زيدان مدربا جديدا للنادي في عقد لمدة عامين ونصف . أقيمت أول مباراة له كمدرب جديد للنادي بعد خمسة أيام ، عندما فاز ريال مدريد على ديبورتيفو لاكورونيا 5–0 في إحدى مباريات الدوري الإسباني . في أول "" كلاسيكو "" كمدرب ، في 2 أبريل على كامب نو ، قاد زيدان فريقه للفوز 2–1 على برشلونة لينهي برشلونة سلسلة اللاهزيمة في 39 مباراة للغريم . في 4 مايو ، قاد زيدان ريال مدريد إلى حجز مكان في نهائي دوري أبطال أوروبا 2016 بفوزه على مانشستر سيتي 1–0 في مجموع المباراتين . في الدوري الإسباني ، احتل ريال مدريد المركز الثاني بفارق نقطة واحدة فقط عن برشلونة . في نهائي دوري أبطال أوروبا يوم 28 مايو ، انتصر ريال مدريد على غريمة أتلتيكو مدريد بركلات الترجيح ليحصد اللقب الأوروبي الحادي عشر في تاريخ النادي . أصبح زيدان الرجل السابع الذي يفوز بكأس أوروبا ( دوري أبطال أوروبا حاليا ) كلاعب ومدرب وثاني رجل ( بعد ميغيل مونيوز ) يفوز باللقب مع ريال مدريد كلاعب ومدرب ، وأول مدرب فرنسي ، باستثناء الفرنسي الأرجنتيني هيلينيو هيريرا ، يفوز باللقب . في أول موسم كامل له كمدرب ، سجل ريال مدريد رقما قياسيا للنادي في فوزه السادس عشر على التوالي بالدوري الإسباني بفوزه على إسبانيول 2–0 خارج أرضه في 18 سبتمبر 2016 ، متجاوزا الرقم القياسي السابق البالغ 15 في 1960–61 ويعادل الرقم القياسي المتتالي في مجموعة الانتصارات المتتالية في الدوري الاسباني لبرشلونة في 2010–11. في 18 ديسمبر ، فاز ريال مدريد على نادي كاشيما أنتلرز الياباني 4–2 في نهائي كأس العالم للأندية 2016 ، وسجل كريستيانو رونالدو هاتريك . في 12 يناير 2017 ، تعادل ريال مدريد مع إشبيلية في مباراة الإياب من دور ال 16 لكأس الملك ، جعله يفوز بمباراته الأربعين على التوالي دون خسارة – ليحقق رقما قياسيا إسبانيا جديدا ، متغلبا على رقم لويس إنريكي في 39 مباراة دون هزيمة مع برشلونة . قاد زيدان في وقت لاحق مدريد إلى الفوز بلقب الدوري الإسباني ، وهو رقم 33 في تاريخ النادي ، بفوزه على ملقا 2–0. في 3 يونيو 2017 ، قاد زيدان ريال مدريد للفوز بنتيجة 4–1 على يوفنتوس الإيطالي في نهائي دوري أبطال أوروبا 2017 في كارديف ليحقق لقب دوري أبطال أوروبا الثاني عشر في تاريخ النادي . كان هذا الانتصار يعني أن ريال مدريد أصبح أول فريق على الإطلاق يفوز بدوري أبطال أوروبا ( النسخة الحديثة ) مرتين متتاليتين ، بالإضافة إلى تحقيق أول ثنائية لزيدان كمدرب ، والأول للنادي منذ 1956–57. مع فوز ريال مدريد بدوري أبطال أوروبا ، أصبح زيدان ثاني مدرب فقط يفوز بدوري أبطال أوروبا في أول موسمين له في كمدرب ، إلى جانب مدرب ريال مدريد خوسيه فيلالونغا . وفاز لاحقا بكأس السوبر الأوروبي 2017 2–1 ضد مانشستر يونايتد في 8 أغسطس . هذا يعني أن زيدان كان أول مدرب يفوز بكأس السوبر الأوروبي على التوالي منذ أريغو ساكي في ميلان عام 1990. بعد خمسة أيام ، فاز ريال مدريد على برشلونة في كامب نو 1–3 في ذهاب كأس السوبر الإسباني 2017. بعد ثلاثة أيام ، فاز ريال مدريد في مباراة الإياب 2–0 ، 5–1 في مجموع المباراتين ، حيث أنهى تهديف برشلونة المتتالي في "" الكلاسيكو "". ربط هذا اللقب زيدان ببفيسنتي ديل بوسكي كثالث أنجح مدرب لريال مدريد برصيد 7 ألقاب ، بفارق لقب واحد عن لويس مولوني ، لكن لا يزال بعيدا عن ميغيل مونيوز بسبعة ألقاب . شهد نجاح زيدان فوزه بجائزة أفضل مدرب كرة قدم في 2017. في ديسمبر 2017 ، فاز زيدان ببطولته الثامنة كمدرب عندما تغلب ريال على غريميو في كأس العالم للأندية 2017 في الإمارات العربية المتحدة . في 26 مايو ، فاز زيدان بدوري أبطال أوروبا للمرة الثالثة على التوالي ، بفوزه على ليفربول 3–1 في النهائي . أصبح أحد ثلاثة مدربين ، إلى جانب بوب بيزلي وكارلو أنشيلوتي ، فازوا بدوري أبطال أوروبا ثلاث مرات ، بينما أصبح أيضا أول مدرب يفوز باللقب في ثلاثة مواسم متتالية . في 31 مايو ، بعد خمسة أيام من نهائي دوري أبطال أوروبا ، أعلن زيدان استقالته من منصبه كمدرب لريال مدريد ، مشيرا إلى « حاجة النادي للتغيير » كأساس منطقي لرحيله . عودته لريال مدريد . بعد بعض النتائج السيئة لريال مدريد في الأشهر التي تلت رحيل زيدان – وبلغت ذروتها بالإقصاء من الدور نصف النهائي لكأس ملك إسبانيا على أرضه أمام برشلونة ، وخسارة في الدوري أمام نفس الخصم في نفس المكان مما وسع الفجوة إلى 12 نقطة بين الناديين ، وهزيمة غير متوقعة 4–1 أمام أياكس في دوري أبطال أوروبا ، مما أدى إلى نهاية سلسلة طويلة من النجاح المتتالي في تلك البطولة ، كل ذلك في غضون أسبوع – زميله السابق سانتياغو سولاري ( الذي كان في هذا المنصب لمدة خمسة أشهر فقط ، بعد إقالة جولين لوبيتيغي لفترة وجيزة بنفس القدر من المسؤولية ) وعاد زيدان كمدرب لريال مدريد في 11 مارس 2019 ، بعقد حتى صيف 2022. في 16 يوليو 2020 ، فاز زيدان بالدوري للمرة الثانية في مسيرته الإدارية . وقد رحبت وسائل الإعلام الدولية والإسبانية بعقليته الجماعية ، حيث حطم ريال مدريد العديد من الأرقام القياسية ، بما في ذلك عدد الهدافين من الفريق الواحد خلال الموسم والحفاظ على أقل عدد أهداف تلقوها في الدوري منذ 30 عاما ، حيث تمكن 21 من لاعبيه من التسجيل خلال الدوري الإسباني لموسم 2019–20. في 27 مايو 2021 ، أعلن نادي ريال مدريد عبر بيان رسمي أن زيدان قرر إنهاء مسيرته الحالية كمدرب للنادي . وقال النادي : « يجب علينا احترام قراره وإبداء تقديرنا له وامتناننا لمهنيته وتفانيه وشغفه على مدار السنوات الماضية ، ولكل ما يمثله ويعنيه بالنسبة لريال مدريد .» كما أضاف : « زيدان هو أحد أعظم أساطير ريال مدريد وإرثه الأسطوري يتجاوز آفاق كونه مدربا ولاعبا في نادينا .» واختتم قائلا : « يعرف زيدان أنه في قلب ريال مدريد وأن ريال مدريد هو ، وسيظل دائما ، منزله .» في الثقافة الشعبية . حصل زيدان على صفقات مع العديد من الشركات ، بما في ذلك أديداس وليغو وفرانس تليكوم وأورنج وأودي وفولفيك وكريستيان ديور . أكسبته صفقات الرعاية هذه 8.6 مليون يورو بالإضافة إلى راتبه البالغ 6.4 مليون يورو في ريال مدريد في عام 2006 ، بإجمالي 15 مليون يورو ( 20.4 مليون دولار ) ، مما جعله سادس أعلى لاعب كرة قدم دخلا . في عام 2004 ، أدرجت مجلة "" فوربس "" أرباحه البالغة 15.8 مليون دولار للأشهر ال 12 السابقة . في مايو 2010 ، ظهر زيدان في إعلان تجاري للوي فيتون ، ولعب في مباراة كرة قدم مع بيليه ودييغو مارادونا . يظهر زيدان كنجم غلاف للنسخة الأعلى من لعبة الفيديو "" فيفا 20 "". في عام 2005 ، صور صانعا الأفلام فيليب بارينو ودوغلاس جوردون فيلما وثائقيا "" زيدان : صورة القرن الحادي والعشرين "" ، الذي يتبع زيدان خلال مباراة كاملة ، تم تصويره باستخدام 17 كاميرا . قدمت فرقة موغواي الاسكتلندية الموسيقى التصويرية . كان الفيلم الوثائقي جزءا من مهرجان الفيلم الوثائقي ذو الإطار الكامل لعام 2009. في نوفمبر 2006 ، قام زيدان بجولة في بنغلاديش ضيفا على محمد يونس الحائز على جائزة نوبل للسلام . كما زار مسقط رأس والديه الجزائريين والتقى بالرئيس الجزائري عبد العزيز بوتفليقة الذي استقبله رسميا . في عام 2012 ، كشف الفنان الجزائري عادل عبد الصمد عن تمثال برونزي يصور نطحة زيدان لماركو ماتيراتزي في نهائي كأس العالم 2006. في 5 نوفمبر 2006 ، ظهر زيدان في المسلسل الكوميدي الأمريكي "" فاميلي غاي "" ، حيث شوهد وهو ينطح سيدة عجوز في حلقة « إنقاذ الجندي برايان » كمحاكة ساخرة من نطحته لماتيراتزي . كانت هذه النطحة سيئة السمعة أيضا موضوعا لمقال غنائي للروائي البلجيكي جان فيليب توسان بعنوان "" حزن زيدان "" ( 2006 ). في عام 2010 ، ظهرت لقطات لزيدان في الفيديو الموسيقي « واكا واكا » لشاكيرا ، والذي يظهر احتفاله بفوز فرنسا بكأس العالم 1998. في عام 2014 ، تعاون مقدم البرامج الرياضية الأسترالي ليه موراي مع فرقة فودفيل سماش وأدى أغنية تحية لزيدان ، الفيديو المصاحب لأربعة لاعبي كرة قدم يؤدون حيل بالكرة في أقنعة زيدان ، ينتهي أحدهم بنطح حارس ليلي . في عام 2016 ، صنف زيدان كواحد من أكثر 500 مسلم نفوذا في العالم من قبل المركز الملكي للبحوث والدراسات الإسلامية في الأردن ، والذي أشار إلى أن « شخصية زيدان المتواضعة جعلته محبوبا لدى عامة الناس ». حياته الشخصية . في سن ال 17 ، التقى زيدان بزوجته المستقبلية ، فيرونيك فيرنانديز ( ولدت في أفيرون من أصل إسباني ) ، بينما كان يلعب لمدينة كان في موسم 1988–89. تزوجا عام 1994 ولديهما أربعة أبناء : إنزو زيدان فرنانديز ( من مواليد 24 مارس 1995 ) ، ولوكا زيدان فرنانديز ( مواليد 13 مايو 1998 ) ، وثيو زيدان فرنانديز ( مواليد 18 مايو 2002 ) وإلياس زيدان ( من مواليد 26 ديسمبر 2005 ). في 12 يوليو 2019 ، توفي شقيقه الأكبر فريد بمرض السرطان عن عمر يناهز 54 عاما . الإنجازات . كلاعب . بوردو يوفنتوس ريال مدريد فرنسا الفردية كمدرب . ريال مدريد الفردية

[Chunk 3]
تاريخ نادي يوفنتوس يعود إلى أكثر من 120 عاما في كرة القدم النادي الذي يقع مقره في تورينو بإيطاليا ( تأسس عام 1897 ) والذي سيصبح في نهاية المطاف الفريق الأكثر نجاحا في تاريخ كرة القدم الإيطالية وهو من بين نخبة أندية كرة القدم في العالم . "" ليفنتوس هي "" كلمة لاتينية تعني « الشباب ». وفقا للاتحاد الدولي لتاريخ وإحصاءات كرة القدم ، وهو منظمة دولية معترف بها من قبل الفيفا ، كان يوفنتوس أفضل ناد في إيطاليا في القرن العشرين وثاني أنجح ناد أوروبي في نفس الفترة . السنوات المبكرة . تأسس يوفنتوس تحت اسم نادي يوفنتوس الرياضي في أواخر عام 1897 من قبل تلاميذ من مدرسة ماسيمو دازيجليو ليسيوم في تورين ، ومن بينهم الأخوان أوجينيو وإنريكو كانفاري ، ولكن تم تغيير اسمه إلى نادي كرة القدم يوفنتوس بعد ذلك بعامين . انضم النادي إلى بطولة كرة القدم الإيطالية عام 1900. في عام 1904 ، أعاد رجل الأعمال ماجو اجمان مارسان إحياء الشؤون المالية لنادي كرة القدم يوفتوس ، مما جعل من الممكن أيضا نقل ملعب التدريب من ميدان بيزا دي ارمي إلى فيلودروم أومبرتو الأول . خلال هذه الفترة ، ارتدى الفريق اللون الوردي والأسود . عدة . فاز يوفنتوس ببطولة الدوري لأول مرة في عام 1905 أثناء اللعب في ملعب فيلودروم أومبرتو الأول . بحلول هذا الوقت ، تغيرت ألوان النادي إلى خطوط سوداء وبيضاء ، مستوحاة من الجانب الإنجليزي نوتس كاونتي . كان هناك انقسام في النادي في عام 1906 بعد أن فكر بعض الموظفين في نقل يوفنتوس من تورينو . الرئيس ألفريد ديك وكان غير راض عن هذا وغادر مع بعض اللاعبين البارزين لتأسيس مجلس الأعمال الفرنسي تورينيسي ( لاحقا نادي تورينو ) التي ولدت بدورها "" ديربيادورد انيلي تورينو "". قضى يوفنتوس معظم هذه الفترة بشكل مطرد في إعادة البناء بعد الانقسام ، ونجا من الحرب العالمية الأولى . هيمنة الدوري . سيطر مالك شركة فيات ادورد انيللي ، على النادي في عام 1923 وقام ببناء ملعب جديد . ساعد هذا النادي إلى الثاني "" بالدوري الايطالي "" ( بطولة الدوري ) في 1925 -26 الموسم ، بعد فوزه على ألبا روما مع النتيجة الإجمالية لل 01 / 12 ( أنطونيو فوخاك الأهداف الصورة كانت ضرورية في ذلك الموسم ). أسس النادي نفسه كقوة رئيسية في كرة القدم الإيطالية منذ ثلاثينيات القرن الماضي ، ليصبح أول ناد محترف في البلاد والأول مع قاعدة مشجعين لامركزية ، مما قاده للفوز بخمس بطولات إيطالية متتالية في الأول أربعة تحت إدارة كارلو كاركانو وتشكل قلب المنتخب الإيطالي خلال عهد فيتوريو بوزو ، بما في ذلك الفريق بطل العالم عام 1934. مع نجوم مثل رايموندو أورسي ولويجي بيرتوليني وجيوفاني فيراري ولويس مونتي وغيرهم . انتقل يوفنتوس إلى ملعب تورينو الأولمبي ، لكن في بقية الثلاثينيات وأغلب الأربعينيات لم يتمكنوا من استعادة هيمنة البطولة . بعد الحرب العالمية الثانية ، تم تعيين جياني أنييلي رئيسا فخريا . أضاف النادي بطولتين دوريتين إضافيتين إلى اسمه في موسمي 1949–50 و 1951–52 ، وكان الأخير تحت إدارة الإنجليزي جيسي كارفر . تم التوقيع على مهاجمين جديدين خلال الفترة 1957 -1958 : الويلزي جون تشارلز والأرجنتيني الإيطالي عمر سيفوري ، واللعبان جنبا إلى جنب مع العضو المخضرم جيامبيرو بونيبيرتي . شهد ذلك الموسم حصول يوفنتوس على النجمة الذهبية للتميز الرياضي لارتدائها على قمصانهم بعد أن أصبح أول فريق إيطالي يفوز بعشرة ألقاب في الدوري . في نفس الموسم ، أصبح سيفوري أول لاعب في النادي يفوز بجائزة أفضل لاعب في أوروبا . في الموسم التالي ، تغلبوا على فيورنتينا ليكملوا ثنائية الدوري",مع أي منتخب لكرة القدم لعب مارتين يوبانكي ؟,منتخب بيرو,"معلومات منقوصة حول هذا الموضوع لا تمكنني من الإجابة بثقة. يبدو أنك تريد معرفة المنتخب الذي لعب فيه مارتن يوبانكي، ولكن المعلومات المقدمة لا تحتوي على اسمه أو أي ذكر له في سياق كرة القدم أو المنتخبات.",0.1,0.12,0.1
"[Chunk 1]
مانويل بولو وبيرولون ( 1846 -1918 ) كاتب ، ومنظر ، وأكاديمي ، وسياسي إسباني . اشتهر بأنه مؤلف لخمس روايات تقع بين الرومانسية والواقعية ، ومصنفة كجزء من كوستومبريسمو ، وهي تعتبر حاليا أدبيات من الدرجة الثانية . كفيلسوف تمسك بالتوماوية الجديدة وركز في الغالب على مواجهة الكراوسية . في التعليم ، مثل البعثية الكاثوليكية ، التي واجهت بشدة التيار الليبرالي . نشط في السياسة داخل الكارلية ؛ وصلت حياته المهنية إلى ذروتها خلال فترة ولايته 1896 -1898 في مجلس النواب ، وولايته 1907 -1915 في مجلس الشيوخ . عالم وفيلسوف . درس بولو علم النفس والمنطق والأخلاق في كلية تيرويل لمدة 9 سنوات . بعد تعرضه للمضايقات بسبب تعاطفه مع الكارلية ، قرر مغادرة أراغون . بعد عملية التقدم والاختيار الناجحة ، تولى نفس الكرسي في معهد سيغوندا إنسينيانزا في فالنسيا في 1879 ، حيث استمر في التدريس حتى أوائل القرن العشرين . كان عضوا في رابطة الكاتدراتيكوس النوميراريوس ، ونشط في عدد من المؤسسات العلمية الإسبانية والأجنبية . توج حياته المهنية في عام 1908 ، عندما انضم إلى الأكاديمية الملكية للتاريخ . خلال فترة عمله في فالنسيا ، كتب بولو كتبا مدرسية لطلاب الفلسفة : عناصر علم النفس ( 1879 ) ، وعناصر علم النفس ( 1879 ) ، وعناصر الأخلاقيات ( 1880 ) ، وعناصر الأخلاقيات أو الفلسفة الأخلاقية ( 1882 ) ، وعناصر الفلسفة الأخلاقية ( 1889 ) ، والمنطق البسيط ( 1902 ) ، وأساسيات الأخلاقيات ( 1902 ) ، واستخدمت أيضا في مراكز علمية أخرى في جميع أنحاء البلاد . لم يطور أي مساهمة فلسفية أصلية بنفسه ؛ بصرف النظر عن الأعمال المتعلقة بالتاريخ والاستعراضات العامة ، اشتهر بولو بمواجهة بعض الاتجاهات التي تشكل العقلية التعليمية الليبرالية ، وخاصة الكراوسية والداروينية . يصنف موقفه على أنه توماوي جديد أو كاثولكي جديد في الفلسفة والبعثية السياسية التربوية في علم التربية . تطور رفض بولو للكراوسية خلال مسيرته في التدريس ونبع من اهتمامه المتزايد بعلم التربية والتعليم عموما . خلال العقود الأخيرة من القرن التاسع عشر ، أصبحت الكراوسية قوة فلسفية للسياسة الإسبانية الليبرالية ، ويمثلها في الغالب فرانسيسكو غينر ديل ريوس ومعهد ليبر دي إنسينيانزا . كان خصمها الفكري الرئيسي مينينديز وبيلايو . ظل صديقه بولو مؤيدا إلى حد ما ولم يبن نظريته المعادية للكراوسية ، على الرغم من أن قوته أكسبته وصف العدو الكبير للهمجية الكراوسية ، خاصة وأن الكراوسية الإسبانية ، التي تجنبت في البداية المواجهة المباشرة مع الكنيسة ، اتخذت لاحقا أسلوب التحدي الحاسم . دافع بشدة عن النزاهة الكاثوليكية كأساس للتعليم العام ، ومع ذلك أقر بضرورة دمج عناصر من التيار الليبرالي السائد ، حتى أن بعض العلماء أكدوا أن بولو اندمج تماما في نظام التعليم الليبرالي . من السمات المميزة الأخرى لنظرة بولو موقفه تجاه التطور ، على الرغم من اختلاف الآراء حول موقفه . يرى البعض أنها رد فعل كاثوليكي ظلامي نموذجي للتقدم العلمي ، ورفض لاعتباره إشراكية ، وأصولية ، وتقليدية ، وأيديولوجية رجعية . يقترح البعض أن التوماوية الجديدة لم تكن رفضا مفاجئا للتقدم الذي أنتجه العلم ، فقد حاول بولو التوصل إلى نهج تصالحي . على الرغم من أن موقفه من الداروينية يصور على أنه « هجوم عدواني وغير متسامح » ، يرى آخرون أنه يتماشى مع المعايير العلمية للعصر ، وعبارة عن أسئلة منهجية ومنتظمة - مثل تلك المتعلقة بالنقل الوراثي أو أنماط التباين - التي ظلت بلا إجابة حتى عشرينيات القرن العشرين . تشير دراسة مفصلة إلى أن بولو لم يشارك في الخطاب لتحدي نظرية التطور بل لمواجهة العلمانية التي استخدمتها كغطاء ضد النظرة الكاثوليكية الإسبانية . سياسي . بدأ بولو حياته السياسية في عام 1870 ، وتحدث في اجتماعات محلية في سييرا دي ألباراسين . خلال الحرب الكارلية الثالثة ، دعم المتمردين كأوجالاتيرو ، ووضع تحت

[Chunk 2]
خوليو دي أوركويهو إي إيبارا ، كونت أوركويهو ( 1871 – 1950 ) ، والذي اتخذ لنفسه في لغة الباسك اسم "" خوليو أوركيكسوكوا "" ، عالم لسانيات في الباسكية ، وناشط ثقافي ، وسياسي إسباني كارلي . وعمل نائبا برلمانيا عن الكارلية التقليدية ، إذ خدم مرتين في البرلمان الإسباني خلال الفترات 1903 – 1905 ، و 1931 – 1933 ، رغم أنه بلغ ذروة نشاطه السياسي في أواخر حقبة عودة البوربون إلى إسبانيا . وباعتباره عالما ، فقد مثل القوة الدافعة وراء تأسيس العديد من المؤسسات المتخصصة بالباسكية ، لا سيما "" المجلة الدولية للدراسات الباسكية "" ( 1907 ) و "" جمعية الدراسات الباسكية "" ( 1908 ). تخصص إيبارا في علم الأمثال والببليوغرافيا الباسكية . عارض حركة توحيد اللهجات الباسكية التي قادتها شخصيات أكاديمية ، وفضل الانتظار حتى ظهور لغة باسكية معيارية بشكل تلقائي . العائلة وفترة الشباب . ولد خوليو غابرييل أوسبين دي أوركويهو إي إيبارا ، غويكويشيا ، إي أرامباري لعائلة ثرية وبارزة تعود أصولها لمنطقة أيالا . لسنوات عديدة شغل جد خوليو ، سيرابيو أوسبين أوركويهو إي ثاباليغوي ، شغل منصب سكرتير مجلس مدينة بلباو ؛ وكان والد خوليو ، نيكاسيو أدولفو أوسبين أوركويهو غويكويشيا ( 1839 – 1875 ) ، عميد كلية الحقوق المحلية ، ومسؤول مجلس البلدية ، وعمل لمدة قصيرة نائبا في البرلمان الإسباني . في العام 1865 تزوج والده من ماريا ديل روزاريو دي إيبارا إي أرامباري ( 1846 – 1875 ) ، وريثة الأسرة التي كانت جزءا من الأوليغاركية الصناعية الباسكية ؛ فقد هيمنت على 40 % من تعدين خام الحديد في مقاطعة بسكاية . وكان والدها وجد خوليو لأمه واحدا من الزعماء السياسيين المحليين . وشغل منصب رئيس المجلس الإقليمي لمقاطعة بسكاية . وشغل عددا من المناصب الرسمية الأخرى ، بالإضافة إلى رئاسته العديد من الهيئات والشركات التجارية . في العام 1869 انتقل أدولفو وروزاريو إلى ديوستو ، إحدى ضواحي بلباو في ذلك الوقت . استقرا في مسكن لا كافا ، الذي انتهى من بنائه قبل وقت قصير والد روزاريو . أنجب الزوجان 5 أطفال ، ابنتين و 3 أبناء . خلال الحرب الكارلية الثالثة ، غادرت العائلة ديوستو واستقرت في شنت أندر ، حيث فقد خوليو والدته في طفولته المبكرة . وبعد ذلك ، اضطلعت أختها رافاييلا إبارا بمسؤولية الاعتناء بالتعليم المبكر لأبناء أختها . بعد قضائهم فترة وجيزة في لا ريبيرا ، في العام 1878 عادت الأسرة إلى بيت لا كافا ، بعد إصلاحه من أضرار الحرب . في العام 1891 انتقل أدولفو أوركويهو وعائلته إلى بلباو . بقي بيت لا كافا ضمن أملاك رافاييلا وعائلتها . تلقى خوليو تعليمه الثانوي في معهد بلباو . بعد نيله شهادة الثانوية العامة في العام 1887 ، التحق خوليو في نفس العام بقسم الحقوق في كلية اليسوعيين في ديوستو ، التي أنشئت بفضل المساعدات المالية والتنظيمية الهائلة التي قدمتها عائلة إيبارا . توج أوركويهو مسيرته الجامعية بتخرجه في القانون الكنسي والمدني في جامعة سلامنكا في العام 1892. نظرا لحصوله على ثروة كافية من الورث ، فلم يزاول مهنة المحاماة مباشرة . في العام 1894 تزوج أوركويهو من فينسنتا أولاثابال إي ألفاريز دي يولاتي ؛ والتي كان والدها ، تيرسو دي أولاثابال ، زعيم التيار الكارلي في مقاطعة غيبوثكوا وأحد زعماء حزب الوطني . استقر الزوجان في العزبة المقتطعة من أراضي أولاثابال في سان جان دو لوز ، في محافظة لابورد الفرنسية على بعد 8 كيلومترات فحسب من الحدود الإسبانية . لم ينجب خوليو وفيسينتا أبناء . اشتهر العديد من أقارب أوركويهو في ميدان السياسة . كان شقيقه الأكبر أدولفو سياسيا ألفونسيا ، ونائبا ، ورئيس مجلس مقاطعة بسكاية ، وناشرا ومتخصصا في الثقافة الباسكية ؛ وأصبح شقيق خوليو الأصغر ، خوسيه ، سياسيا محافظا ، ونائبا ، وناشرا لجريدة "" غاسيتا

[Chunk 3]
مارسيال أوغوستو غوستينو سولانا غونزاليس كامينو ، ( 1880–1958 ) ، باحث وكاتب وسياسي إسباني . اشتهر بأنه مؤرخ للفلسفة ومؤلف لعمل ضخم عن مفكرين إسبان من القرن السادس عشر ، على الرغم من أنه ساهم أيضا في التاريخ ونظرية القانون واللاهوت . في السياسة ، يعترف به بشكل أساسي كمنظر تقليدي للدولة ، بصرف النظر عن نضاله المتواضع داخل النزعة التكاملية والكارلية . كان نشطا طوال حياته أيضا في العديد من المنظمات الكاثوليكية العلمانية . تسجلت عائلة سولانا لأول مرة في القرن الثالث عشر ، وعاشت في قرية تقع حاليا على مشارف سانتاندير أعضاء من المحلية ، تمت الإشارة إلى ممثليها في وقت لاحق عدة مرات كموظفين مدنيين ودينيين في المنطقة . في منتصف القرن الثامن عشر ، كان سولانا يشغل منصب عمدة في حي سوكابارغا ؛ كان أول من استقر في فيلايسكوزا المجاورة هو الجد الأكبر لمارسيال ، روكي دي سولانا ريو . في أوائل القرن التاسع عشر كان يمتلك بالفعل عددا من العقارات في المقاطعة وترقى إلى منصب نائب كورتيس في العشرينيات من القرن التاسع عشر . ابنه ، بيدرو سولانا كولادو ( 1801 -1868 ) ، خدم كعقيد مشاة وانحاز إلى كارليست أثناء الحرب الكارلية الأولى . كان منفيا ، في أربعينيات القرن التاسع عشر عاد بعد العفو ، لكنه شارك في مؤامرة كارليست عام 1855. ضاعف ابنه ووالد مارسيال ، مارسيال روفو سولانا غونزاليس كامينو ( 1847 -1885 ) ، ثروة الأسرة عبر تجارته في الطحين في كوبا ؛ عند عودته إلى إسبانيا عام 1879 تزوج من ابنة عمه ، إلفيرا إيرين غونزاليس كامينو دي فيلاسكو ( 1861 -1939 ) ، من سلالة لعائلة برجوازية كانتابريا ميسورة الحال . العائلة والشباب . كان هناك العديد من أسلاف كارليست في عائلة سولانا . خدم جده في القوات الشرعية خلال الحرب الكارلية الأولى ، بينما كان عمه الأكبر فرناندو فرنانديز دي فيلاسكو نائبا من كارليست في الستينيات من القرن التاسع عشر وجنديا أثناء الحرب الكارلية الثالثة . في أواخر الثمانينيات من القرن التاسع عشر ، انحاز كلاهما إلى فرع إنتيغريست الانفصالي ، وانضم إليه خال مارسيال ، خوسيه زامانيلو مونريال ، الذي أصبح في التسعينيات من القرن التاسع عشر زعيم التكامل في كانتابريا . في غياب والده الراحل ، كان فيلاسكو وزامانيلو هما اللذان شكلا مارسيال وفقا لنمط التكامل . في البداية لم ينخرط في السياسة ومنذ السنوات الأكاديمية أصبح نشطا جدا في المبادرات الكاثوليكية ؛ أيضا بعد عودته من مدريد إلى سانتاندير استمر سولانا في نفس المسار . في عام 1908 تمت الإشارة إلى سولانا على أنه متحدث عام . وفي عام 1910 انتخب ألكالدي لاكونشا ، المعروف لفرضه غرامات على الإساءة إلى الدين والأخلاق . في عام 1910 أيضا ترشح كممثل لها ومرشحا كاثوليكيا في الكورتيس ، بعد أن فقد سولانا ظل نشطا كمتحدث محلي . في انتخابات 1914 ، وافق في البداية على الترشح كمرشح كاثوليكي ، ولكن لا توجد معلومات عنه في الواقع . في عام 1916 تنافس كمرشح كاثوليكي مشترك مدعوما أيضا من قبل الموريستاس والمحافظين وبرز منتصرا . في فترة ولايته التي تبلغ عامين ، عرف سولانا فقط بقيامه بتعديلات الميزانية لصالح الكنيسة . لا توجد معلومات عن وقوفه في حملة عام 1918 ، على الرغم من أنه في تلك الحملة أبلغ عنه في البداية على أنه مرشح . في عام 1920 ، لوحظ أنه شارك في اجتماع انتخابي دون أي معلومات تتعلق بانتخابات عام 1923. في أواخر العقد الأول من القرن العشرين ، ظهر سولانا بين الناشطين على الصعيد الوطني ، في العشرينيات من القرن الماضي بدأ في نشر المقالات على الصفحة الأولى في صحيفة إنتيغريست . محليا كان",كم مرة خدم خوليو في البرلمان الإسباني ؟,"خدم مرتين في البرلمان الإسباني خلال الفترات 1903 – 1905 ، و 1931 – 1933 ،", served两次于西班牙议会。,0.4,0.1,0.1
"[Chunk 1]
النشاط الجنسي بين الناس هو نوع من الود الحسي الفطري ، يمارس لأسباب عديدة مثل الإنجاب ، الروحانية ، تعبير عن العشق أو الاستمتاع كي تشبع الشهوة ، الشهوة للجنس هو من أحد الدوافع الأساسية لسلوك الإنسان . لكل ثقافة أنواع عديدة من الأساليب كي يصل الشخص إلى الجنس . السلوك الجنسي للإنسان هو السلوك المستخدم لدى الإنسان حين ينشد عن خليل جنسي ، وحين يقبل بزيادة الخلائل ، وبناء علاقات ، تعبير عن العشق ، واللقاء الجنسي . الأنشطة الجنسية البشرية . مدى المفهوم . السلوك الجنسي تعبير شامل ، يتحدث عن السلوك المعروف عامة والسلوك غير المعروف كذلك ، ولذلك يشمل السلوك الجنسي كل من العلاقات الجنسية خارج الزواج أو العلاقات الزوجية وحتى الاغتصاب أو الاعتداء الجنسي . الجنس والحس . ليس هناك فارق واضح بين الاستمتاع الجنسي واللاجنسي للتحسس من جسم شخصا آخر . مثلا ، مسك الأيادي قد يكون له مفهوم جنسي وقد لايكون له ذلك ، حسب الثقافة والحالة . عادة ، الجنس يتعلق ب : علاقات جنسية . الآراء والطبع تختلف حسب إذا المفروض أن يكون هناك علاقة عاطفيه من نوع ما كشيء قبل الجنس .

[Chunk 2]
المثلية الجنسية هي توجه جنسي يتسم بالانجذاب الشعوري ، أو الرومنسي ، أو الجنسي بين أشخاص من نفس الجنس . وقد تعتبر المثلية هوية يشعر بها الإنسان بناء على هذه الميول والتصرفات المصاحبة لها ، بالإضافة إلى الشعور بأنه جزء من جماعة تشاركه هذه الميول . الذكر ذو الميول المثلية يلقب « مثليا » أو « مثلي الجنس » ، أو بالمصطلح التراثي « لوطي ». بينما الأنثى ذات الميول الجنسية المثلية تلقب « مثلية الجنس » أو "" سحاقية "". المثلية ، بالإضافة إلى المغايرة وازدواجية الميول الجنسية هي التصنيفات الرئيسية الثلاث للميول الجنسية عند البشر . فالذي ينجذب للجنس الآخر يلقب « مغايرا » أو بالمصطلح غير الحيادي « سويا » ، بينما الذي ينجذب للجنسين يدعى مزدوج الميول الجنسية . وكانت تعتبر المثلية الجنسية مرض نفسي عند جمعية علم النفس الأمريكية ، لكن تم إزالتها من قائمة الامراض بعد تظاهر النشطاء المثليين والمثليات ، الذين يعتقدون أن النظريات النفسية هي مساهم رئيسي في الوصمة الاجتماعية المناهضة للمثليين جنسيا ، وعطلوا الاجتماعات السنوية لجمعية علم النفس الأمريكية لعام 1970 و 1971. التعريف العام للمثلي جنسيا هو الذي ينجذب بشكل أساسي إلى أشخاص يماثلونه في نوع جنسه ، وقد ينجذب بصورة ضئيلة أو معدومة إلى الجنس الآخر . وليس من الضروري أن يعبر الشخص عن ميوله الجنسية من خلال ممارسة الجنس فعليا . ويصعب على الباحثين تحديد نسبة الأشخاص المثليين الذين قاموا بممارسات جنسية مثلية ، وذلك لأسباب عديدة . وفقا لأكبر الدراسات في العالم الغربي ، فإن الأفراد الذين مارسوا نشاطا جنسيا مع أشخاص من نفس الجنس خلال حياتهم تتراوح نسبتهم من 2 % إلى 10 %. ويقيم العديد من المثليين علاقات مثلية ملتزمة ، وهذه العلاقات تماثل العلاقات المغايرة من حيث الجوانب النفسية الأساسية . بينما فقط مؤخرا سهلت الشروط السياسية واستمارات التعداد السكاني ظهور المثليين العلني وتعدادهم . في العلم والطب لا يعتبر التوجه الجنسي اختيارا ، وإنما تفاعلا معقدا لعوامل بيولوجية وبيئية . ورغم وجود اعتقاد شائع بأن السلوك المثلي هو شذوذ أو اختلال ، فقد أظهرت الأبحاث أن المثلية الجنسية هي إحدى التنوعات الطبيعية في الميول الجنسية الإنسانية . وأنها بذاتها لا تشكل مصدرا للمؤثرات النفسية السلبية على الفرد المثلي . ولقد لوحظ ووثق السلوك الجنسي المثلي أيضا لدى أنواع مختلفة من الحيوانات . لقد كثر ورود العلاقات والممارسات المثلية تاريخيا في الأعمال الأدبية والفنية ، في مختلف الحضارات والمناطق حول العالم ، ومنها في الأدب العربي . وعلى مر التاريخ تراوحت المواقف من العلاقات والنشاطات المثلية بين الإعجاب ، التسامح ، الاستنكار والإدانة ، فالأمر يتعلق بالمعايير السائدة بالنسبة للعلاقات الجنسية في مختلف الثقافات والعصور . فالأديان الإبراهيمية ، مثل اليهودية والمسيحية والإسلام ، تحرم بشكل عام المثلية الجنسية أو السلوك الجنسي المثلي . منذ منتصف القرن العشرين ، بدأ رفع التجريم عن المثلية الجنسية تدريجيا ، وقد ظهرت حركة عالمية منذ نهاية القرن التاسع عشر تهدف لزيادة الاعتراف بالمثليين وتواجدهم العلني والمساواة بحقوقهم الشرعية ، بما فيها حقوق الزواج ، التبني ، العمل ، الخدمة العسكرية ، العناية الطبية ، وكذلك سن تشريعات تكافح التنمر لتحمي القاصرين المثليين . لكن الأوضاع القانونية للعلاقات المثلية تختلف كثيرا بين الدول ، فالزواج المثلي قانوني في بعض الدول ، فيما في دول أخرى تعتبر الممارسات المثلية جريمة يعاقب عليها القانون ، وقد تصل العقوبات إلى الإعدام . هناك فرق بين المثليين جنسيا وبين الذين يشعرون بمغايرة الهوية الجنسية ( ترانزجندر ) وهم الذين يشعرون أنهم ولدوا على الجنس الخطأ ، وبين الذين يريدون تغيير جنسهم ( ترانسكشوال ). فالميول الجنسية هي التوجه الجنسي للشخص ( مثلي ، مزدوج ، مغاير ) بينما الهوية الجنسية أو الجندرية هي شعور الإنسان بانتماءه إلى جنس معين . مصطلحات . المثلية الجنسية ، من المثل ، تعني الانجذاب لأشخاص من جنس مماثل . ولذلك هي تدل على وجود عواطف أو ممارسات جنسية بين أفراد من نفس الجنس . وهي لا تعبر بالضرورة عن السلوك الجنسي للشخص ، إذ هناك مثليون لا يمارسون الجنس مع أشخاص من نفس جنسهم ، وبالمقابل هناك مغايرون يمارسون الجنس المثلي . المصطلح « مثلية جنسية » هو ترجمة للمصطلح ( homosexuality ). وهي كلمة مركبة من اليونانية واللاتينية ، إذ الجزء « هومو » مشتق من الكلمة اليونانية هوموس () ، والتي تعني « نفس » ( ولا علاقة لها بهومو اللاتينية التي تعني « إنسان » أو « رجل »). أول استعمال للمصطلح في المطبوعات كان في منشور ألماني عام 1869 ، كتبه مستحدث المصطلح ، الصحفي النمساوي - الهنغاري كارل ماريا كيرتبيني ، وعرض فيه موقفه ضد البند 143 من القانون البروسي الذي يمنع الممارسات المثلية ( وتم إرجاعه في البند 175 من القانون الجنائي الألماني ). في عام 1879 ، استعمل غوستاف ياغر مصطلحات كيرتبيني في كتابه . وفي عام 1886 ، استعمل ريتشارد فون كرافت إيبنج المصطلحين « هوموسكشوال » ( مثلي الجنس ) و « هتروسكشوال » ( مغاير الجنس ) في كتابه ("" Psychopathia Sexualis "") ، وربما كان قد استعارهما من ياغر . اشتهر كتاب كرافت إيبنج في وسط الأطباء وعامة الناس أيضا لدرجة أن المصطلحين أصبحا مقبولين للإشارة إلى التوجهات الجنسية ، وقد استبدلا المصطلحات الشائعة السابقة . فمثلا خلال آواخر القرن التاسع عشر وأوائل القرن العشرين ، كان يستعمل المصطلح « توجه جنسي عكسي » ، وعلى الأخص من قبل علماء الجنس مثل هافلوك أليس . رغم أن المثلية الجنسية تشير إلى التوجه الجنسي لدى كلا الرجال والنساء ، إلا أن التوجه الجنسي المثلي بين النساء يشار إليه أيضا بالسحاق ، الكلمة المشتقة من السحق . كما أن الكثير من المصطلحات بلغات أخرى تشير إلى المثلية بين النساء بكلمات مشتقة من السحق والاحتكاك . وبالإنجليزية يشار إليها بالمصطلح ( lesbiansim ) ، المشتق من اسم الجزيرة اليونانية لسبوس ، حيث عاشت الشاعرة صافو ، التي كتبت قصائد حب للنساء وعن علاقاتها العاطفية مع النساء . ولذلك يستعمل أحيانا اللقب « صافية » كمرادف للكلمة « سحاقية ».

[Chunk 3]
الجنس قبل الزواج هو نشاط جنسي يمارسه الأشخاص قبل الزواج . يعتبر الجنس قبل الزواج خطيئة في عدد من الأديان ويعتبر قضية أخلاقية وتابو في عدد من الثقافات . منذ بداية الثورة الجنسية في الستينيات ، أصبح الجنس قبل الزواج أمر مقبول من قبل بعض الحركات الليبرالية ، خاصة في الدول الغربية . وجدت دراسة أجرتها مركز بيو للأبحاث في عام 2014 حول الأخلاق العالمية أن ممارسة الجنس قبل الزواج كانت تعتبر غير مقبولة بشكل خاص في "" البلدان ذات الأغلبية المسلمة "" ، مثل ماليزيا ، الأردن ، باكستان ومصر ، حيث كان لكل منها أكثر من 90 ٪ من الرفض ، بينما كان الناس في دول أوروبا الغربية هم الأكثر قبولا . حيث كانت نسبة الرفض من قبل مواطني إسبانيا وألمانيا وفرنسا أقل من 10 %.",ما هو النشاط الجنسي ؟,هو نوع من الود الحسي الفطري,"النشاط الجنسي يشمل العلاقات الجنسية، والأنشطة غير المعروفة، ولذلك يغطي كل أنواع العلاقات الجنسية خارج الزواج أو الزوجية وحتى الاغتصاب.",0.92,0.9,0.9
"[Chunk 1]
عادل نصيف ممثل مصري من مواليد عام 1938 وهو أحد أعضاء فريق ثلاثي أضواء المسرح . قدم على مسرح الجامعة عددا من أشهر الأعمال التراجيدية ، ومنها « عطيل » و « ماكبث » للكاتب البريطاني وليام شكسبير . تقلد رئاسة فرقة « السمر » المسرحية بجامعة عين شمس ، وهي الفرقة التي كانت سببا في تعرفه على رفيق دربه الفنان سمير غانم ، الذي كان رئيسا لفرقة « سمر » المسرحية بجامعة الإسكندرية . وقتها شعر كل منهما أن هناك رابطا مشتركا يجمع بينهما ، ألا وهو حبهما للمسرح وتمتعهما بالقبول الجماهيري ، فقررا التعاون معا في تقديم أعمال للمسرح الجامعي ، فقدما مسرحيات لكبار الأدباء المصريين ومنهم « صلاح عبد الصبور » و « نجيب سرور ». تاريخ تكوين الثلاثي . بدأت القصة في الستينيات كما نشر في مجلة أخر ساعة الصادرة بتاريخ 15 أبريل 1970 , عندما شاهد فؤاد نجل ماري منيب « جورج سيدهم » بالصدفة في إحدى حفلات السمر ؛ حيث أتيح له فرصة الظهور في برنامج « مع الناس » في التليفزيون وقوبل بنجاح وإعجاب المشاهدين ، فطلب فؤاد من جورج تقديم فقرة جديدة . أثناء سير « سيدهم » على كوبري الجلاء التقى بسمير غانم بالصدفة ( سبق وتعرف سمير غانم على جورج أثناء مرحلة مسرحيات الجامعة ) حيث قال له سمير : « أيوة يا عم .. بقينا نظهر في التليفزيون كمان » فرد جورج على سمير رد غير متوقع : « طب إيه رأيك تظهر معايا في التلفزيون » فوافق سمير وبالفعل قدموا فقرة « سلامات حول العالم » ولاقت نجاحا كبيرا وطلب فؤاد المزيد . إتجه « جورج » إلى زميله في كلية الزراعة بجامعة عين شمس عادل نصيف وعرض عليه العمل معه ومع سمير فوافق عادل وبالفعل ظهر الثلاثي « جورج وسمر وعادل » وبدأ الفريق تحت اسم « أولاد غانم » وقدموا فقرة « الشحاتين حول العالم ». بالصدفة أيضا شاهدهم المخرج محمد سالم فأعجب بهم وعرض عليهم أن يقدموا فقرات في « برنامج أضواء المسرح » فوافقوا وكان عادل نصيف هو بطل الإسكتش الشهير « دكتور الحقني ». ظهر الفنان سمير غانم على إحدى القنوات الفضائية في حوار مع الإعلامي عمرو الليثي وقال إن الثلاثي في البداية لم يكن « سمير والضيف وجورج » ، لكنه كان مكونا من الثلاثي « سمير غانم والفنان وحيد سيف والفنان عادل نصيف » ، وقال إن وحيد سيف ترك الفرقة لأنه لم يستطع السفر من الأسكندرية للقاهرة لعمل الحفلات بسبب دراسته وأيضا لأنه كان موظفا في نفس الوقت ، وأن الفنان عادل نصيف ترك الفرقة بسبب إكماله دراسته العليا ، حيث كان يدرس في تخصص علم الحشرات بكلية الزراعة وسفره لبلجيكا من أجل ذلك ، ثم هجرته للبرازيل فيما بعد ، وبالفعل إنفصل عادل نصيف عنهم بعد شهر واحد من انضمام المجموعة لبرنامج أضواء المسرح وحل « الضيف أحمد » محله في الاسكتشات التي كانت تقدم خارج التليفزيون . هاجر عادل نصيف بعد ذلك للبرازيل في العام 1973. توفى في عام 2000 عن عمر يناهز 62 سنة . قائمة أعماله . مسرحية « طبيخ الملايكة » للمخرج حسن عبد السلام عام 1964. فيلم « شاطئ المرح » للمخرج حسام الدين مصطفى عام 1967. مسرحية « حواديت » للمخرج محمد سالم عام 1967. مسرحية « براغيت » للمخرج محمد سالم عام 1967. فيلم قصير « طبول » للمخرج سعيد مرزوق عام 1968. مسرحية « كل واحد وله عفريت » للمخرج الضيف أحمد عام 1970. فيلم « المجانين الثلاثة » للمخرج حسن الصيفي عام 1970. مسرحية « الراجل اللي جوز مراته » للمخرج الضيف أحمد عام 1970. فيلم « مكان للحب » للمخرج سعيد مرزوق عام 1972. فيلم « الخوف » للمخرج سعيد مرزوق عام 1972.

[Chunk 2]
أحمد عادل ( 14 أبريل 1974 -) ، ملحن وموزع مصري ، عرف من بين الموزعين الأبرز على صعيد الوطن العربي . مسيرته . بالرغم من كون أحمد عادل خريج كلية التجارة من جامعة عين شمس إلا أنه عمل في مجال التوزيع الموسيقي ، بدأ مسيرته في مجال التوزيع الموسيقي عام 2001 في ألبوم لايلو لايلو للمطرب ادوارد ، وقد حقق بعد ذلك شهرة من خلال تعاونه مع العديد من الفنانين المعروفين في مجال الطرب والغناء في الوطن العربي حيث بدأت شهرته بعد نجاحه في توزيع أغنية « والله وعملوها الرجالة » عام 2006 م والتي عرضت بعد مباراة نصف نهائي بطولة كأس الأمم الإفريقية وتأهل المنتخب المصري لنهائيات البطولة ، ليوزع بعد ذلك عشرات الأغاني لأكثر من 50 فنانا عربيا كان من تلك الأغاني « الجو جميل » و « فاكرني يا حب » للفنان عمرو دياب ، وأغاني « بعيش » و « 100 وش » و « الله يباركلي فيك » و « حاجات عملتهالك » و « صوتك » و « ضحكتها ما بتهزرش » للفنان تامر حسني بالإضافة للعديد من الأغاني مثل « الناس الرايقة » للفنان أحمد عدوية ورامي عياش ، وأوبريت « تسلم الأيادي » وأغنية « لما أنت قادر على البعاد » للفنانة شيرين عبد الوهاب ، كما وزع أغان لكل من محمد منير ومحمد فؤاد وهاني شاكر ومدحت صالح وهشام عباس وإيهاب توفيق ومحمد محي وخالد سليم وخالد عجاج ونانسي عجرم ووائل جسار وفضل شاكر وصابر الرباعي ولطيفة التونسية ووردة الجزائرية وجنات ومراد بوريقي ونوال الكويتية وفرقة ميامي وأصالة نصري وطلال سلامة والمطربة وعد والمطرب عايض يوسف ويذكر أنه قام بتوزيع آخر أغنية قام بإطلاقها الفنان الراحل عامر منيب وآخرين أيضا . وقد وزع أيضا عددا من الأناشيد الدينية كان أشهرها انشودة « محمد نبينا » والتي أداها الفنان حمادة هلال كما وزع أناشيد لكل من عامر منيب ومحمد فؤاد ومسعود كرتس ، وأناشيد برنامج « رسالة من الله » وبرنامج « كنوز » وتعاونه مع برنامج رامز جلال كما عمل في التوزيع للعديد من الأفلام وشارات المسلسلات كمسلسل ابن أصول والموسيقى التصويرية لكل من مسلسلات الشحرورة والمكتوب على الجبين وبفعل فاعل وسيت كوم شريف ونص .

[Chunk 3]
عادل الأعصر مخرج سينمائي مصري من مواليد 28 فبراير 1955 ، بدأ عمله في الحقل الفني عام 1985 بفيلم « صفقة مع امرأة ». يقوم الأعصر بتدريس دورات في التمثيل ومبادئ الإخراج في اكاديمية دهب للتدريب الاعلامي والفني فاز الأعصر في مهرجان القاهرة السينمائي الدولي الثاني والعشرين عام 1999 بجائزة أفضل فيلم عربي لفيلمه « اختفاء جعفر المصري ». قال المخرج عادل الأعصر عن نفسه : « بعد تخرجي رفضت العمل كمعيد في معهد السينما وعملت مساعدا للإخراج لفترة محدودة مع صلاح أبوسيف في فيلم » الكداب "" ومع نور الدمرداش في التلفزيون واكتسبت الخبرة الأساسية عبر عملي في إخراج الإعلانات والتي كانت تصور باسلوب سينمائي وكان الإعلان يمر بنفس المراحل الخاصة بالفيلم لكنه يظهر في نصف دقيقة فقط وليس في ساعتين وهو الأصعب وفي عام 1981 قررت خوض تجربة الإخراج السينمائي ولم اجد وقتها من يعطيني الفرصة فقررت الإنتاج وكان أول أعمالي فيلم « صفقة مع امرأة » عام 1985 بطولة مديحة كامل وعادل إمام وحسين فهمي ، وحصلت من خلاله على جائزة في مهرجان أسوان الذي كان ينظمه في ذلك الوقت معهد السينما .. "" دموع الشيطان « وهو فيلم سيكو دراما وكان أيضا من إنتاجي ثم فيلم » مخالب امراة "" الذي عرض في مهرجان القاهرة قبل أن يأخذ الصبغة الدولية وحصل على جائزة اعلانية ، وفيلم "" فضيحة العمر "" وهو من أجمل افلامي وحصلت عنه على جائزة أفضل إخراج من مهرجان الإسكندرية وحصلت بطلة الفيلم "" شريهان « على جائزة أفضل ممثلة .. فيلم » عفريت النهار « الذي حصل على 8 جوائز من مهرجان الإسكندرية ». أهم أفلامه . فيلم السقوط عام 1990 ، بطولة مديحة كامل وفاروق الفيشاوي فيلم « الهروب إلى القمة » عام 1996 ، بطولة نور الشريف وإلهام شاهين . فيلم « الجبلاوي » عام 1991 ، بطولة كمال الشناوي وسماح أنور . فيلم « بوابة إبليس » عام 1993 ، بطولة مديحة كامل ومحمود حميدة . فيلم « حفار البحر » عام 2003 ، بطولة فاروق الفيشاوي وفرح . فيلم « نحب عيشة الحرية » عام 2001 ، بطولة إلهام شاهين وماجد المصري . وصلات خارجية . عادل الأعصر عادل الأعصر عادل الأعصر عادل الأعصر",ما هو الفريق الذي كان عادل نصيف عضو فيه ؟,ثلاثي أضواء المسرح,فريق أضواء المسرح.,0.92,0.92,0.91
"[Chunk 1]
زيت قرنفل ( Clove Oil ) هو زيت مطهر للجروح ومضاد للجراثيم ومخفف لآلام الأسنان ويفيد في العدوي التنفسية . الاستخدامات . تستعمل للربو والسعال الديكي ودوار الحركة والبحر والرعشة وآلام الروماتيزم . ويضاف للملينات ليقلل آلامها وتقلصاتها في البطن . أعراض جانبية لاستخدامه . توجد مادة الأوجينول في زيت القرنفل ، تتسبب بإتلاف الأنسجة وتسمم الكبد في حال تناولها بكميات كبيرة .

[Chunk 2]
القرفة هي لحاء نبات شجرة دائمة الخضرة استوائية كثيفة يمكن أن يصل ارتفاعها من عشرة إلى أربعين مترا . موطنها سريلانكا لكن أيضا تزرع في جنوب شرق آسيا ، وأمريكا الجنوبية والهند الغربية . من فصيلة السمروبيات ، ساقها منتصبة تعلو 3 - 5 أمتار ، الأوراق متعاقبة مركبة ، والأزهار صفراء صغيرة ، والثمرة صغيرة تشبه القرنفل . تحتوي قشور القرفة على زيوت طيارة حيث تصل نسبتها إلى 4 %. الاسم . تعرف بالعصور الوسطى لدى العرب باسم الدارصيني على الحقيقة أو دارصيني الصين أو القرفة السيلانية اما اسم القرفة من قرف إي القشر ، وجاء في كتاب اشتقاق الأسماء للأصمعي : ( قشرة الشجرة ، يقال : صبغ فلان ثوبه بقرف السدر ، ويصلح أن يكون (( قرفة )) من التهمة ؛ يقال : من قرفة فلان ؟ فيقال : بنو فلان .). وفي المحيط في اللغة للصحاب بن عباد :( القرف : قشر المقل والسدر ونحوهما .). ولها معاني مشابهة للمعنى الأصلي في كتب اللغة المختلفة . وقيل من اللغة التاميلية : كاروا ) ، الاسم العلمي للقرفة هو ( Cinnamomum zeylanicum J Prel أو Cinnamomum verum أو Cinnamomum zeilanicum Nees ) ، ويسمى بالعامة الدارسين . تأثيراته العلاجية . يفيد مغلي مسحوق لحاء القرفة في الغثيان والقيء والإسهال وآلام العضلات ويزيد من إفراز اللعاب والعصارة المعدية ويخفض ضغط الدم العالي وهو أيضا فاتح للشهية . والقرفة بها مادة تجعل الخلايا الدهنية أكثر استجابة للأنسولين الذي ينظم عملية تكسير السكر في الدم واستهلاكه في الخلايا بالجسم وتحويله لطاقة . وهذه المادة فينولية مضادة للأكسدة وتقلل من الأعراض الجانبية لمرض السكر . ولا توجد في زيت القرفة الذي يضاف على المواد الغذائية . تحذير : زيت القرفة لو وضع على الجلد يلهبه ويحمره ولو أخذ بالفم قد يسبب الغثيان والقيء وقد يسبب تلف الكلى لكن المسحوق لا يضر .

[Chunk 3]
الفلافل وتسمى الطعمية في معظم أنحاء مصر والسودان ، وتسمى الباجية في اليمن . هي عجينة تقلى بالزيت ، شكلها على هيئة كرات ( ازرار ) ، أو دواليب ، أو اقراص ، تصنع من الحمص ، أو الفول ، أو كليهما ، وهي طعام تقليدي في مطبخ الشرق الأوسط ، نشأ على الأرجح في مصر . التسمية . أحد القواميس القبطية يقترح أن الأصل جاء من العبارة ( ) بمعنى « الذي يحتوي على الكثير من الفول »; ومع ذلك ، فإن "" القاموس الاشتقاقي القبطي "" لا يحتوي على الكلمة . كلمة فلافل التي تعود إلى اللهجة المصرية تم عولمتها إلى العديد من اللغات الأخرى وتنتشر في جميع أنحاء العالم كاسم لهذا الطعام . في اللغة الإنجليزية ، تم توثيقها لأول مرة في عام 1941. انتشرت الكلمة وأصبحت تستخدم في لغات أخرى مثل الفارسية "" pilpil "" (). الفلافل تعرف أيضا باسم ( طعمية ، ) في أجزاء عديدة من مصر ; الكلمة مشتقة من تصغير كلمة « طعام » باللغة الفصحى ; وتشير إلى « وحدة » من الجذر السامي في هذه الحالة ( ط ع م ، له علاقة بالطعم أو الطعام ) ، مما يعني « قطعة صغيرة من الطعام » أو « شيء صغير ذو طعم ». ومع ذلك ، في الإسكندرية ، تسمى "" فلافل "". كلمة "" فلافل "" يمكن أن تشير إلى الكرات ( أو الأشكال الأخرى ) أنفسها أو الشطائر التي تحتوي عليها . معلومات غذائية عن الفلافل . تحتوي قطعة الفلافل ( 150 غرام تقريبا ) ، بحسب موقع شهية ، على المعلومات الغذائية التالية : مع عدم احتساب الزيت النباتي . طريقة عملها .",ما هو زيت القرنفل ؟,هو زيت مطهر للجروح ومضاد للجراثيم,زيت قرنفل مطهر للجروح ومضاد للجراثيم ومخفف لآلام الأسنان.,0.92,0.92,0.9
"[Chunk 1]
جاك والتون هو لاعب كرة قدم بريطاني في مركز حراسة المرمى ، ولد في 23 أبريل 1998 في في المملكة المتحدة . لعب مع نادي بارنسلي .

[Chunk 2]
ويلتون هو لاعب كرة قدم برازيلي في مركز الوسط ، ولد في 13 أكتوبر 1947 في بيلو هوريزونتي في البرازيل ، وتوفي في 13 ديسمبر 2009 في فولتا ريدوندا في البرازيل . لعب مع نادي ساو باولو ونادي فلومينينسي ونادي فيتوريا ونادي كوريتيبا ونادي ناوتيكو .

[Chunk 3]
جاك هو فيلم كوميدي دراما أمريكي من إخراج فرانسيس فورد كوبولا وبطولة روبن ويليامز ، دايان لاين ، جينيفر لوبيز ، فران دريشر وبيل كوسبي ، صدر الفيلم في 9 أغسطس 1996.",ما هي جنسية جاك والتون ؟,بريطاني,بريطاني,0.91,0.91,0.9
"[Chunk 1]
المكثف أو السعة ( يطلق عليه أيضا متسعة أو مكثفة ) هو أحد مكونات الدوائر الكهربائية ، وهو أداة تقوم بتخزين الطاقة الكهربائية أو الشحنة الكهربائية لفترة من الزمن على شكل مجال كهربائي ، يتكون من لوحين موصلين يحمل كل منهما شحنة كهربائية متساوية في المقدار ومتعاكسة في الإشارة . ومن ثم تستخدم الشحنة الكهربائية أو تتبدد في الوقت المناسب . ويفصل اللوحين مادة عازلة ( كالهواء مثلا ). عند تركيبه في دائرة كهربية يمكنه تفريغ الشحنة المخزونة فيه لحظيا ، كما يمكن إعادة شحنه . والمكثفات المصنعة لها صفائح معدنية رقيقة موصلة للكهرباء توضع فوق بعضها وبينها طبقات العوازل أو تلف حول بعضها لتصغير حجم المواسع . يطلق على المكثف أيضا اسم مواسعة أو متسعة . وفي اللغة الإنجليزية يستخدم اسم « مواسعة ( Capacitaire )» في الوقت الحالي بشكل أكبر ، فيما كان يشار له بالاسم « مكثف ( Condenser )» في السابق . تعمل المتسعات تحت جهد كهربائي مختلف من بضع عشرات فولت كما في الدوائر الإلكترونية والكهربائية إلى آلاف الفولتات كما في شبكات القدرة الكهربائية . قوانين . تعريف سعة المكثف : أو بالإنجليزية : حيث : "" Q "" الشحنة كولوم "" V "" فرق الجهد فولت . يتضح من ذلك أن سعة المكثف تزيد بزيادة المساحة حيث أن الشحنة تزيد بزيادة مساحة سطح المكثف .

[Chunk 2]
مضخة الشحن هي نوع من محول DC-to-DC الذي يستخدم المكثفات لتخزين الشحن النشط لرفع أو خفض الجهد . تتميز دارات مضخة الشحن بكفاءة عالية ، تصل أحيانا إلى 90 -95 ٪ ، بينما تكون دوائر كهربائية بسيطة . الوصف . تستخدم مضخات الشحن شكلا من أشكال جهاز التبديل للتحكم في توصيل جهد الإمداد عبر الحمل عبر مكثف . في دورة من مرحلتين ، في المرحلة الأولى ، يتم توصيل مكثف عبر الإمداد ، لشحنه بنفس الجهد . في المرحلة الثانية ، يتم إعادة تكوين الدائرة بحيث يكون المكثف في سلسلة مع الإمداد والحمل . هذا يضاعف الجهد عبر الحمل - مجموع العرض الأصلي وجهود المكثف . غالبا ما يتم تنعيم الطبيعة النبضية للإخراج المحول للجهد العالي باستخدام مكثف خرج . تقوم دائرة خارجية أو ثانوية بتشغيل التبديل ، عادة عند عشرات الكيلو هرتز حتى عدة ميغا هرتز . يقلل التردد العالي من مقدار السعة المطلوبة ، حيث يجب تخزين شحنة أقل وإغراقها في دورة أقصر . يمكن لمضخات الشحن مضاعفة الفولتية ، والجهد الثلاثي ، والجهد الكهربي إلى النصف ، والجهد العكسي ، ومضاعفة الفولتية بشكل جزئي أو قياس الفولتية ( مثل × 3 / 2 ، × 4 / 3 ، × 2 / 3 ، وما إلى ذلك ) وتوليد الفولتية التعسفية عن طريق التبديل السريع بين الأوضاع ، اعتمادا على وحدة التحكم وطوبولوجيا الدائرة . يتم استخدامها بشكل شائع في الإلكترونيات منخفضة الطاقة ( مثل الهواتف المحمولة ) لرفع وخفض الفولتية لأجزاء مختلفة من الدوائر - تقليل استهلاك الطاقة عن طريق التحكم في جهد الإمداد بعناية . مصطلحات ل PLL. يستخدم مصطلح "" مضخة الشحن "" أيضا بشكل شائع في دوائر الحلقة المغلقة بالطور ( PLL ) على الرغم من عدم وجود إجراء ضخ متضمن على عكس الدائرة التي تمت مناقشتها أعلاه . مضخة شحن PLL هي مجرد مصدر تيار ثنائي القطب بتبديل . هذا يعني أنه يمكن إخراج نبضات تيار موجبة وسالبة في مرشح حلقة PLL. لا يمكن أن ينتج جهدا أعلى أو أقل من مستويات الطاقة والإمداد الأرضي . مراجع . تطبيق مفهوم المقاوم المكافئ لحساب فقد الطاقة في مضخات الشحن

[Chunk 3]
الإلكترونيات هو مجال يختص بدراسة الشحنات الكهربية ( الإلكترونات المتحركة ) من الموصلات اللافلزية ( غالبا ما يطلق عليها أشباه موصلات ) ، في حين يشير مصطلح الكهرباء إلى تدفق الشحنات الكهربية من خلال موصلات فلزية . على سبيل المثال ، يندرج تدفق الشحنات الكهربية من خلال السليكون - الذي يعد من اللافلزات - تحت إطار « الإلكترونيات » بينما يندرج تدفق الشحنات الكهربية من خلال النحاس - الذي يعد من الفلزات - تحت إطار « الكهرباء ». هذا ، وقد بدأ التمييز بين هذين المصطلحين لأول مرة في حوالي عام 1906 عندما اخترع « لي دي فورست » الصمام الثلاثي ( ترايود ). وحتى عام 1950 كان يطلق على مجال الإلكترونيات اسم « التقنيات اللاسلكية » ؛ وذلك لأنه كان يستخدم في الأساس في التصميمات والنظريات الخاصة بكل من أجهزة الإرسال وأجهزة الاستقبال اللاسلكية والصمامات المفرغة . علاوة على ذلك ، تعتبر دراسة أشباه الموصلات والتكنولوجيا الخاصة بها أحد فروع علم الفيزياء ، بينما يعد تصميم وبناء الدوائر الإلكترونية لحل المشاكل العملية أحد فروع علم هندسة الإلكترونيات . وهذا المقال يركز على الجوانب الهندسية للإلكترونيات . في الاجهزة الحديثة أصبحت الترانزستورات تستخدم بدلا من الصمامات الالكترونية المفرغة . فمثلا الهاتف المحمول يعمل بترانزستورات صغيرة الحجم وخفيفة ، لا تصلح له الصمامات المفرغة فهي كبيرة الحجم ، كما أن الهاتف المحمول يعمل بمركم ذو جهد صغير أقل من 10 فولت ، بينما يحتاج الصمام المفرغ إلى مصدر كهربائي بجهد 150 فولت على الأقل . من دون الترانزستورات لم يكن في وسع الإنسان الذهاب إلى القمر . المكونات والأجهزة الإلكترونية . إن المكونات الإلكترونية عبارة عن ترانزستورات ومكثفات ومقاومات كهربية موصولة في دارة كهربية أو دارات كهربية في نظام الإلكتروني معين لأداء وظيفة معينة ، مثل نقل إشارة أو تخزين إشارة أو بث إشارة . يتم ذلك بمرور إلكترونات آتية من مصدر كهربي ( مثل بطارية ) في الدارة الكهربية وتؤدي الدارة الوظيفة المنوطة بها . النظام الإلكتروني قد يكون هاتف محمول أو مذياع ( راديو ) أو تلفاز أو حاسوب . وعموما ، يتم تصنيع المكونات الإلكترونية بحيث يتم توصيلها ببعضها البعض - بجعلها عادة تلتحم بلوحة دائرة مطبوعة - بهدف إنشاء دائرة إلكترونية لها وظيفة معينة ( على سبيل المثال ، لصنع جهاز استقبال لاسلكي أو مضخم إلكتروني أو مولد ذبذبة ). ويمكن أن توجد المكونات الإلكترونية في صورة فردية بسيطة أو في صورة مجمعة ملتحمة ببعضها البعض أكثر تعقيدا كالتي توجد في الدوائر المتكاملة . هذا ، ومن الأمثلة الشائعة للمكونات الإلكترونية المكثفات والمقاومات والصمامات الثنائية ( دايود ) والترانزستور وغير ذلك . أنواع الدوائر الإلكترونية . دوائر تناظرية ( أنالوج ). تتكون معظم الأجهزة التناظرية ، مثل أجهزة الاستقبال اللاسلكية ، من مجموعات من الدوائر الأساسية . وتستخدم الدوائر التناظرية مدى من الجهد الكهربي المتصل ، وليس المنفصل كما هو الحال في الدوائر الرقمية . ويعد عدد الدوائر التناظرية المختلفة التي تم تصميمها حتى الآن كبيرا جدا ، خاصة وأن مصطلح « الدائرة الإلكترونية » من الممكن أن يطلق على أي شيء بدءا من المكون الواحد وحتى النظم التي تحتوي على آلاف المكونات . في بعض الأحيان ، يطلق على الدوائر التناظرية اسم « الدوائر الخطية » على الرغم من استخدام العديد من المؤثرات غير الخطية في الدوائر التناظرية مثل أجهزة الخلط والتضمين وغيرها . ومن الأمثلة الجيدة على الدوائر التناظرية الصمامات المفرغة ومضخمات الترانزستور ومضخمات التشغيل ومولدات الذبذبة .",ما هي الحلقات الملونة التي تستخدم مع المكثفات والملفات في الصناعات الإلكترونية ؟,في المقاومات تطلى عادة أربعة حلقات ملونة تعطي قدر المقاومة,الحلقات المعدنية.,0.1,0.91,0.3
"[Chunk 1]
كاماكورا ( باليابانية : = Kamakura-shi ) هي مدينة في اليابان ، في وسط جزيرة « هونشو ». تتبع إدرايا « محافظة كاناغاوا ». يبلغ عدد سكانها حوالي 173 , 575 نسمة ( 2008 ). التاريخ . للمدينة تاريخ عريق ، فقد كانت عاصمة لأول شوغونات البلاد ( الحكومة العسكرية ) ، أسسها القائد « ميناموتو نو يوريتومو » واتخذها مقرا مؤقتا لحكومته عام 1180 م ، عندما اشتد الصراع ( على حكم اليابان ) بين عشيرته « ميناموتو » وعشيرة « تائيرا ». بعد انتصاره وتقلده منصب ال « شوغون » سنة 1192 م ، أصبحت المدينة مقره الدائم . تتمتع المدينة بموقع منعزل ، وتساهم التلال المجاورة المحيطة في عزلتها ، كانت « كاماكورا » بعيدة عن الحياة الصاخبة للبلاط الإمبراطوري في « كيوتو ». بعد استيلاء عشيرة « هوجو » على الحكم في اليابان ، استبقى هؤلاء عليها كعاصمة لهم . ساهم الشوغونات في تشييد وتوسيع العديد من المعابد البوذية في « كاماكورا » ، وخضيت معابد « زن » ( مذهب بوذي ) بالاهتمام خاص . فقدت المدينة دورها السياسي سنة 1333 م ، عندما هزم آخر القادة من ال « هوجو » على يد أحد أتباع الإمبراطور « غو - دائيغو » ، وانتهى به الأمر إلى الانتحار . المدينة . تقع كاماكور على ضفاف الباسيفيكي ( المحيط الهادي ) ، جنوبي مدينة يوكوهاما ، ويربط خط حديدي بين المدينتين . تعتبر المدينة اليوم مركزا للاستجمام والتنزه وضاحية سكنية . صناعة الورنيش ( البرنيق ) هي أهم النشاطات المحلية ، يعود تاريخها إلى القرن ال 13 م ، وتتخذ هذه المادة الصمغية كطلاء مختلفة ألوانه تصقل به الدمى اليابانية المشهورة . السياحة . تحتفظ المدنية بالعديد من المعابد والمعالم التي ترجع إلى فترة شوغونية كاماكورا ، ولعل أشهرها هو تمثال بوذا الكبير المصنوع من البرونز ، ويبلغ ارتفاعه 12.8 مترا ، يعود تاريخه إلى 1252 م . على مقربة من الموقع تقع شواطئ شيتشيريغا - هاما ويوئيغا - هاما ( هاما باليابانية : مرادفة لكلمة شاطئ ) ، ويتوافد إليها العديد من السواح ، وغير بعيد عنها يتواجد معبدي كينتشو - جي وإينغاكو - جي البوذيين .

[Chunk 2]
فترة كاماكورا ( باليابانية : ، تلفظ "" كاماكورا جداي "") امتدت ما بين ( 1185 -1333 م .) من فترات التاريخ الياباني . عرفت هذه الفترة ولأول مرة نظام حكم جديد ، أصبح الشوغون الحاكم الأول في البلاد فيما انحسر دور الإمبراطور أكثر . تعتبر الهزيمة التي منيت بها عشيرة التائيرا في معركة دان نو أورا ( 1185 م ) الحدث الفاصل بين فترة هييآن التي انقضت وفترة كاماكورا التي تلتها . انتهت مع الفترة السابقة الفترات التاريخية القديمة للبلاد ، وبدأت مرحلة العصور الوسطى . فترة وصاية شوغون وهوجو على العرش . تمثل فترة كاماكورا إرهاصة مرحلة الانتقال من الأنظمة الاقتصادية القائمة على زراعة الأرض إلى تركيز التقنيات العسكرية المتطورة في أيدي طبقة مقاتلة متخصصة . استلزم الأسياد الولاء التام في خدمات أتباعهم ، الذين منحوا إقطاعات خاصة بهم كمكافأت . مارس هؤلاء الإقطاعيون حكما عسكريا محليا في إقطاعاتهم . بعد أن أرسى ميناموتو يوريتومو دعائم سلطته ، أسس حكومة جديدة في موطن عائلته بكاماكورا . أطلق على حكومته تسمية "" باكوفو "" ( أي ، حكومة الخيمة ) ، ولكن بسبب منح الإمبراطور غو - توبا ليوريتومو لقبا عسكريا رفيعا وعريقا ، سي - ي تايشوغون ، فعادة ما يشار إلى هذه الحكومة في الأدبيات الغربية باسم حكومة شوغون . احتذى يوريتومو نمط عشيرة فوجيوارا في حكم العائلة وكان لديه هيئة إدارية ماندوكورو ، وهيئة من الحاشية ساموراي - دوكورو ، وهيئة تحقيق مونشوجو . على إثر مصادرته إقطاعات في وسط وغرب اليابان ، عين يوريتومو مفوضين لتلك الإقطاعات وحكاما للمقاطعات . بحكم منصبه العسكري الرفيع شوغون ، فقد عمل يوريتومو كبيرا للمفوضين وقائدا عسكريا عاما . لم تكن وصاية شوغون نظاما وطنيا ، على أي حال ، ورغم سيطرتها على مساحات شاسعة من أراضي اليابان ، فقد لقي المفوضون مقاومة شرسة لحكمهم . استمر النظام بحربه ضد عشيرة فوجيوارا الشمالية ، ولكنه لم يتمكن من إخضاع الشمال أو الجنوب تحت سيطرته العسكرية التامة . ومع ذلك ، ففي العام 1189 هزم يوريتومو القائد الرابع لعشيرة فوجيوارا الشمالية ، فوجيوارا نو ياسوهيرا ، وبهذا انتهت فترة ازدهار الشمال التي استمرت لمئة عام . كان مقر البلاط الإمبراطوري القديم في كيوتو ، واستمر نفوذه على الأراضي التي خضعت له ، في حين وجدت العائلات العسكرية التي تشكلت حديثا في كاماكورا مكانا أكثر جاذبية للاستقرار . رغم زخم البداية القوي ، فشل يوريتومو في ترسيخ قيادة عائلته بصورة دائمة ؛ إذ استمرت الخلافات البينية ضمن عائلة ميناموتو ، مع أن يوريتومو قد تخلص من جميع المنافسين لسلطته . عند وفاة يوريتومو المفاجئة في العام 1199 ، تقلد ابنه ميناموتو نو يوريي منصب شوغون والقائد الرمزي لعائلة ميناموتو ، ولكنه لم يستطع فرض قيادته على العائلات المحاربة الأخرى في الشرق . مع بدايات القرن الثالث عشر ، تأسست وصاية على العرش للشوغون على يد هوجو توكيماسا ، من عشيرة هوجو ، وهي فرع لعائلة تايرا التي كانت قد تحالفت مع عائلة ميناموتو في العام 1180. نصب قائد هوجو قائدا للشوغون ، وأطلق عليه في تلك الفترة اسم شيكين ، وفيما بعد ، أنشئت مناصب حظي أصحابها بنفس السلطة ، ولكن تحت اسم توكوسو ورينشو . عادة ما كان شيكين هو نفسه توكوسو ورينشو . في ظل حكم هوجو ، أصبح الوصي على العرش الشوغون مجرد شخصية رمزية لا تتمع بأي سلطة . مع تحول منصب حامي الإمبراطور ( شوغون ) إلى منصب شكلي ، دبت الخلافات بين كيوتو وكاماكورا ، وفي العام 1221 نشبت حرب جوكيو بين الإمبراطور المنعزل غو - توبا والوصي الثاني على العرش هوجو يوشيتوكي . انتصرت قوات هوجو بكل سهولة في الحرب ، وأخضع البلاط الإمبراطوري لحكم الشوغون المباشر . بالتالي ، اكتسب مفوضو الشوغون سلطات مدنية أكبر ، واضطر البلاط الإمبراطوري لطلب موافقة كاماكورا قبل اتخاذ أي إجراء . لم يمنع غياب السلطة السياسية من احتفاظ البلاط الإمبراطوري بسيطرته على مساحات شاسعة من الإقطاعات . تحققت عدة إنجازات إدارية مهمة خلال فترة وصاية هوجو على العرش . في العام 1225 ، أسس الوصي الثالث على العرش هوجو ياسوتوكي مجلس الدولة ، الذي مهد الطريق للقادة العسكريين لممارسة السلطة القضائية والتشريعية في كاماكورا . ترأس الوصي على العرش هوجو المجلس الذي كان شكلا ناجحا من أشكال القيادة الجماعية . عكس اعتماد أول قانون عسكري ياباني ، غوزيباي شيكيموكو ، في العام 1232 عكس التحول العميق من سلطة البلاط إلى المجتمع المعسكر . مع أن الممارسات القضائية في كيوتو ظلت قائمة على المبادئ الكونفوشية المرساة قبل 500 عام من تاريخه ، كان القانون الجديد وثيقة شديدة التقيد بحرفيته ؛ شددت على واجبات المفوضين والحكام المحليين ، وطرحت وسائل لفض النزاعات على الأراضي ، ووضعت لوائح تحكم عمليات التوريث . كان القانون واضحا ووجيزا ، وفرض عقوبات على المخالفين لشروطه ، وبقيت أجزاء منه سارية المفعول على مدار ال 635 عاما التالية . كما هو متوقع ، فإن أدبيات تلك الفترة تنقل صورة عن الطبيعة المضطربة لذلك الزمان . يصف هوجوكي الاضطرابات في تلك الفترة من ناحية المفاهيم البوذية عن الفناء وغرور مشاريع البشر . تروي قصة الهائيكي كيفية صعود وانهيار حكم تيارا ، وتمتلئ بقصص الحروب ومآثر الساموراي . أما الاتجاه الأدبي الثاني الذي كان سائدا ، يعتبر استمرارا لمجموعات الشعر في سلسلة شين كوكين واكاشو ، التي شهدت إصدار عشرين مجلدا بين عامي 1201 و 1205. توسع التعاليم البوذية . خلال فترة كاماكورا ، تأسست ستة مدارس بوذية جديدة ( يصنفها الدارسون باسم « البوذية الجديدة » أو "" شين بوكيو ""): في هذه الفترة ، استمرت المدارس الموجودة سابقا بالازدهار ، والتكيف ، وممارسة التأثير : وهي مدرسة تينداي ، التي أسسها سايتشو ( 767 – 822 ) ، ومدرسة شنيغون التي أسسها كوكاي ( 774 – 835 ) ، والمعابد الكبرى في نارا ؛ والتي يصنفها الدارسون بمجموعها باسم « البوذية القديمة » أو "" كيو بوكيو "". على سبيل المثال ، درس جميع المصلحين الستة المذكورين أعلاه في فترة ما من حياتهم في مدرسة تينداي الواقعة في جبل هيه . « البوذية القديمة » ("" كيو بوكيو ""). طوال فترة كاماكورا ، واصلت الطوائف البوذية الأقدم ، بما فيها مدارس شينغون ، وتينداي ، ومدارس معبد نارا ، مثل كيغون ، وهوسو ، وسانرون ، وريتسو ، واصلت انتشارها وتكيفها مع الاتجاهات السائدة في عصرها . في بداية فترة كاماكورا ، اكتسبت أديرة جبل هيه سطوة سياسية ، وهو ما شكل جاذبية بشكل رئيسي لأولئك القادرين على الاضطلاع بالدراسة المنهجية لتعاليم المدرسة . استمرت طائفة شينغون بطقوسها الباطنية في تلقي الدعم أساسا من العائلات النبيلة في كيوتو . على كل حال ، طغت الشعبية المتزايدة مدارس « كاماكورا » الناشئة على المدارس القديمة ، وخصوصا أنها وجدت لنفسها أتباعا في صفوف حكومة كاماكورا والساموراي المنضوين تحتها . اتسمت الأزمنة التي شهدت بداية فترة كاماكورا بالصراعات السياسية والعسكرية ، والكوارث الطبيعية ، والعلل الاجتماعية التي تعزى إلى حلول عصر الانحطاط ، كما هو مذكور في التعاليم البوذية . أدى النظام الاجتماعي الآفل للاستقراطية والصاعد للطبقات العسكرية والزراعية إلى ظهور أشكال دينية جديدة ، أصلية وبوذية وافدة مع استمرار التأثيرات الهندية والصينية . إضافة إلى ما سبق ، فإن نظام الإقطاع شوين ذي الجذور الممتدة إلى تلك الفترة قد أفضى إلى زيادة في الرخاء وتعلم القراءة والكتابة لدى الفلاحين ، ما أدى بدوره إلى المزيد من الدعم المالي المقدم إلى أساتذة البوذية ودراساتهم . « البوذية الجديدة » ( شين بوكيو ). المؤسسان الأوائل لمدارس بوذية كاماكورا هما هونين وشينران ، اللذان شددا على الإيمان كاعتقاد وعمل ، لا مجرد التزام بالمظاهر . في أواخر القرن الثاني عشر ، سافر دوغين وإيساي إلى الصين ، ولدى عودتهما إلى اليابان ، أسسا في مذهب زين مدرستي سوتو ورينزاي على التوالي . رفض دوغين أي صلات بالسلطات اللادينية ، بينما سعى إيساي حثيثا إلى إنشاء علاقات معها . في حين أن إيساي آمن بأن تعاليم زين قادرة على إعادة إحياء مدرسة تينداي ، فإن هدف دوغين تمثل في مطلق لا يوصف ، بتعاليم زين طاهرة لا ترتبط باعتقادات ولا ممارسات مدرسة تينداي أو غيرها من المدارس البوذية التقليدية ، وتشتمل على توجيهات قليلة لإرشاد الناس بالكيفية المثلى للعيش في عالم علماني . الميناموتو والنظام الجديدة . بعد هزيمة عشيرة ال « تائيرا » ، أحكم « ميناموتو نو يوريتومو » () قبضته على البلاد . بدأ بالتخلص من أخيه ( راجع : ميناموتو نو يوشي - تسونه ) ثم أخذ يشن حملات متتالية على أعدائه حتى دانت له البلاد مع حلول سنة 1189 م . بدأت مدينة « كاماكورا » () شرقي البلاد ، وبعيدا عن تأثير البلاط الإمبراطوري ، تعرف نوعا جديدا من السلطة ، سلطة دنيوية في مقابل سلطة الإمبراطور الدينية ، تستمد هذه السلطة الجديدة شرعيتها من كونها مقرة من طرف الإمبراطور نفسه ، كان الإمبراطور بحاجة إلى ذلك ليحمي نفسه من الغوائل ويتجنب تبعات السلطة . ابتداء من هذا العهد صار المؤرخون يسمون الفترات التاريخية باسم المكان الذي يحتضن بلاط ال « شوغونات » - و ليس الأباطرة كما جرت العادة - ، فالسلطة الفعلية للبلاد أصبحت في أيدي هؤلاء ، وعلى هذا سميت هذه الفترة باسم كاماكورا () وهي المدينة التي احتضنت البلاط الثاني . في العام 1192 م . خلع الإمبراطور على « ميناموتو نو يوريتومو » () لقب « سيئي - تائي - شوغون » () أو « قائد الذين يحاربون البرابرة » ، اختصر اللقب فيما بعد إلى « شوغون » ( و في بعض الترجمات العربية « شوجون »). عرفت الحكومة أو السلطة الجديد باسم « باكوفو » () أو « حكومة الخيمة ». كانت مدينة « كاماكورا » العاصمة الجديدة لهذه الحكومة . أرسى العهد الجديد قواعد إقطاعية جديدة ظلت سائدة حتى الفترة الحديثة . هيمنة الهوجو . لم تعمر عشيرة ال « ميناموتو » في الحكم طويلا . مع حلول سنة 1219 م خلت الساحة من أي من أبناء هذه العائلة ممن تتوفر فيهم أهلية للحكم . كانت الفرصة سانحة أمام عشيرة زوجة « ميناموتو » أو ال « هوجو » () ، فتمكنت من الاستيلاء على لقب « الوصي » والذي أصبح حسب الأعراف الجديدة وراثيا ، بقي اللقب بين أيدي هذه العشيرة حتى سنة 1333 م . أصبح ال « هوجو » يفرضون وصايتهم على ال « شوغونات » ، والذين كانوا بدورهم أوصياء على الأباطرة في « كيوتو ». عرفت الفترة « اضطرابات عهد جوكيو » () ، حاول خلالها الإمبراطور « المنعزل » « غو توبا » أو « توبا الثاني » () أن ينقلب على نظام « الشوغونات ». فشلت المحاولة وكان من نتائجها أن تعززت سلطة « الشوغونات » أكثر بينما اهتزت صورة السلطة « الإمبراطورية » عند الشعب . قام هؤلاء بعدها بسن قانون مدني ثم جنائي من واحد وخمسين نصا ، ظل القانون معمولا به حتى نهاية القرن الرابع عشر . الغزو المغولي . على مدى أكثر من مائة عام ، سيطر ال « هوجو » على كل شيء تقريبا . قام ولاة ورجال هؤلاء في المقاطعات بدورهم بتثبيت وجودهم وهيمنتهم وشكلوا طوائف عسكرية جديدة . في سنة 1274 م . كان المغول قد أتموا سيطرتهم على الصين وكوريا ، فحاولوا أن يخضعوا اليابان . إلا أن المقاومة الشرسة التي أبداها اليابانيون ( و الذين وضعوا ولو لفترة خلافاتهم جانبا ) من جهة والمقادير التي سلطت عاصفة بحرية هوجاء على الأساطيل المغولية على مرتين ، كل ذلك أثنى المغول عن فكرة غزو الأرخبيل . بقيت الذاكرة الشعبية تحتفظ بهذه الذكرى ، فأطلق اليابانيون على هذه الرياح اسم « الرياح الربانية » أو « كامي - كازي » () وكلمة « كامي » () تطلق في اليابان على الموجودات الطبيعية التي يعتقد أن روحا عظيمة تسكنها ، وقد تترجم أحيانا بلفظ « آلهة » ، وتنحدر هذه الكلمة من الديانة الأصلية للبلاد أو « الشنتو » (). فترتي « استعراش كنمو » ثم « نان بوكوشو ». بعد جلاء المغول عن البلاد ، بدأت مشاكل جديدة تطفوا على السطح . تركت الحروب الطاحنة نظام ال « هوجو » هشا ودون موارد . كان الإمبراطور المنفي « غو دائي - غو » () قد توج سنة 1318 م . ثم نفي بسبب محاولته الإطاحة بنظام ال « شوغونات » ، قرر هذا الأخير وهو في المنفى أن يعيد الكرة ، مستغلا حالة الضعف التي يمر بها النظام ، بدأ يجمع حوله الرجال استعدادا لحركة الانقلاب . كان أول من انظم إليه « أشيكاغا تاكا - أوجي » ( ) ح ( 1305 -1358 م .) ، سيد عشيرة ال « أشيكاغا » وأحد القادة الحربيين الذين كلفهم ال « هوجو » باستعادة السيطرة على البلاد . نجحت المحاولة وتم قلب نظام ال « شوغونات » وعادت السلطة إلى الإمبراطور « غو دائي - غو » ، عرفت هذه الفترة باسم « استعراش كنمو » ( إعادة إلى العرش ) س ( 1333 -1336 م .) ، إلا أنها لم تعمر طويلا وانتهت بعد ثلاث سنوات ( من 1333 وحتى 1336 م .). كان « أشيكاغا تاكا - أوجي » ( ) طموحا جدا ، ويبدو أن الإمبراطور أهمل هذا الجانب فلم يقدره كما كان يريد . انتهى الأمر بأن طرد الأخير من عاصمته سنة 1336 م . وتم تعيين إمبراطور جديد ، ثم تلقى « أشيكاغا تاكا - أوجي » مهامه الجديدة ك « شوغون » ابتداء من 1338 م . اتجه الإمبراطور المعزول « غو دائي - غو » إلى مناطق الجبال جنوب نارا ، وأسس بلاطا ثانيا موازيا . كان هذا الحدث بداية الحرب الأهلية بين البلاطين وقد أطلق المؤرخون على هذه الفترة اسم « نان بوكوتشو » أو « فترة البلاطين الجنوبي والشمالي » س ( 1336 -1392 م .) ، انتهت الفترة سنة 1392 م . عندما تصالح ال « شوغون » مع البلاط الجنوبي وقررا توحيد المملكة من جديد . الحياة الفكرية . كانت صورة اليابان في هذه الفترة ( فترة المحاربين ) أكثر بأسا وأكثر عنفا من سابقتها . على أن هذا لم يخف الجوانب الأخرى من هذه الحضارة والتي عرفت عهدا مشرقا . في الجانب الأدبي ، يبدو أن الصراع بين عشيرتي ( أو طائفتي ) « التائيرا » و « الميناموتو » ، ثم السقوط المفجع لأولاهما ، هذه الأحداث أوحت نوع جديد من الكتابة ، قائم على الملاحم والبطولات . من أبرز وأهم الشاهد على هذا الاتجاه ، « قصة الهييكه » أو « هييكه مونوغاتاري » () ح 1220 م . كما أن الشعر عرف دفعة جديدة ، مع ظهور تصانيف جديدة ، والتي كرسها شعراء كان من بينهم « غو توبا » () الإمبراطور أو « فوجي - وار نو سادائي ». كان التيار الثقافي ه متابعة للشعر الإمبراطوري بتأليف شين كوكين واكاشو الذي ألف على 12 مجلد بين 1201 و 1205. الحياة الدينية . عرفت قترة « كاماكورا » حيوية جديدة في الحياة الدينية . قامت العديد من الطوائف الجديدة التي طغت على المدارس الدينية القديمة من أمثال « تنداي » و « شنغون » ، كانت هذه الطوائف تدعوا إلى اختصار المعتقدات والشعائر إلى درجات أبسط من سابقتها والتي اختصر أصحابها في أبناء الطبقة الأرستقراطية . كان هدف هذه الحملة تشجيع الناس ممن لا يؤمنون بالمعتقدات البوذية ، على اعتناق هذه العقيدة . من بين هذه الطوائف والتيارات ، أتباع « آميدا » ( أو بوذا على مذهب أهل اليابان ) ، والتي تم تطوير معتقداتها من طرف الراهبين « جنكو » و « شنران » () ح ( 1173 -1262 ). تقول هذه المعتقدات ببعث الأتباع من هذه الطائفة علي أرض طاهرة بشرط إيمانهم بسلطة « آميدا ». انتشرت هذا المذاهب بسرعة وسط الفئات الشعبية . في نفس الفترة تقريبا ، قامت الطبقة من الرجال المحاربين باعتناق مذهب « زن » () البوذي ، وقد ساعدت المعتقدات والفلسفة التي كانت يدعو إليها هذا المذهب هؤلاء المحاربين في تقوية روحهم القتالية أثناء وجودهم على ساحة القتال . تفرعت بعدها طائفتين عن هذا المذهب ، الأولى « رن زائي » () ، أسسها الراهب البوذي « ميوآن إئيسائي » () ، الثانية « سوتو » أو « سوتو - شو » ( ) ، أسسها الراهب « دوجن زنجي » ( ). ثم سنة 1253 م . قامر راهب آخر هو « نيشيرن » بإنشاء طائفة أخرى هي « اللوتس » ( نسبة إلى الزهرة بهذا الاسم ) أو « نيشي رن » () ، والتي كان لأتباعها دور سياسي أثناء هذه الفترة .

[Chunk 3]
شوغون ( باليابانية : shōgun أو sei-i taishōgun ) هو اللقب الذي كان يطلق على الحاكم العسكري لليابان منذ 1192 م وحتى نهاية فترة إيدو ( 1868 م ). كان شوغون رئيس حكومته التي تسمى « باكوفو »(). تاريخ . فترة هييآن . في الأصل أعطي لقب "" سي تايشوغون "" إلى القادة العسكريين في بداية فترة هييآن والحملات العسكرية ضد إيميشي الذين قاوموا حكم الإمبراطورية في كيوتو . فترة كاماكورا . في أوائل القرن الحادي عشر سيطرت الإقطاعات التي كان على رأسها دايميو ومحمية من قبل الساموراي على سياسة اليابان الداخلية . كانت أقوى عشيرتين هما ميناموتو وتايرا ، تصارعت هاتان العشيرتان للحصول على السيطرة على الحكم الإمبراطوري . هيمنت عشيرة تايرا في الفترة بين 1160 و 1185 ، إلا أنها هزمت على يد عشيرة مينامونو في معركة دان نو أورا البحرية ونتيجة لذلك حصل ميناموتو نو يوريموتو على قوة سياسة في الحكومة المركزية وأسست نظام إقطاعي تمركز في كاماكورا التي حصل فيها الساموراي على قوة سياسية بينما تحول إمبراطور اليابان والطبقة الأرستقراطية في كيوتو إلى سلطة حكم رمزية . في 1192 حصل يوريموتو على لقب سي تايشوغون من الإمبراطور وتطور النظام السياسي بتعاقب الشوغون على رئاسة ما يعرف باسم حكومة الشوغون .",ما هو المنصب الذي تولاه مؤسس كاماكورا ؟,منصب ال « شوغون »,"مؤسس كاماكورا، يوريموتو (مسمى أيضاً ميناموتو نو يوريموتو)، تولى منصب شوغون. كان يوريموتو هو أول شخص حصل على لقب ""سي تايشوغون"" من قبل الإمبراطور الياباني، وهو ما يعني أن كاماكورا كانت بداية للحكم العسكري في اليابان.",0.9,0.9,0.92
"[Chunk 1]
جبال توكسون ( O'odham : Cuk Doag ) هي سلسلة جبلية صغيرة تقع غرب توكسون ، أريزونا . تعد جبال توكسون ، بما في ذلك قنة واسون ، وهي واحدة من أربع سلاسل جبلية بارزة تحيط بحوض توكسون . تقع جبال سانتا كاتالينا في الشمال الشرقي ، وتقع جبال رينكون إلى الشرق من توكسون ، وتقع جبال سانتا ريتا في الجنوب . بالإضافة إلى جبال سيريتا التي تقع جنوبا ، وتقع جبال روسكروغ في الغرب عبر وادي أفرا ، وتقع جبال سيلفر بيل في الشمال الغربي ، وتقع جبال تورتوليتا في الشمال عبر نهر سانتا كروز .

[Chunk 2]
جبال رينكون ( بالأودهمية : Cew Doag ) هي سلسلة جبلية مهمة تقع شرق توكسون ، مقاطعة بيما ، أريزونا ، في الولايات المتحدة . جبال رينكون هي واحدة من خمس سلاسل جبلية تحيط بوادي توكسون . تشمل السلاسل الأخرى الأبرز في المنطقة ، جبال سانتا كاتالينا في الشمال ، وجبال سانتا ريتا من الجنوب ، وجبال توكسون في الغرب ، وجبال تورتوليتا في الشمال الغربي . يفصل ممر ريدنجتون بين جبال رينكون وجبال سانتا كاتالينا . تعتبر جبال رينكون عموما أقل وعورة من جبال سانتا كاتالينا وجبال سانتا ريتا . وتضم جبال رينكون أيضا في سلاسل جبال جزر السماء مادرين في جنوب شرق أريزونا ، وأقصى جنوب غرب نيو مكسيكو ، وشمال سونورا المكسيك . وأعلى قمة في السلسلة هو جبل ميكا ( 8664 قدما ).

[Chunk 3]
جبال سانتا ريتا ( بالأودهمية : To : wa Kuswo Doag )، تقع على بعد حوالي 65 كم ( 40 ميل ) جنوب شرق توكسون ، أريزونا ، وتمتد 42 كم ( 26 ميل ) من الشمال إلى الجنوب ، ثم تتجه إلى الجنوب الشرقي . تندمج مرة أخرى باتجاه الجنوب الشرقي في جبال باتاغونيا ، وتتجه نحو الشمال الغربي والجنوب الشرقي . أعلى نقطة في السلسلة وفي منطقة توكسون ، هو جبل رايتسون ، بارتفاع 9453 قدما ( 2881 مترا ) ، وتحتوي السلسلة على وادي ماديرا كانيون ، أحد مناطق الطيور الرئيسية في العالم . يقع مرصد فريد لورانس ويبل التابع لمؤسسة سميثسونيان على جبل هوبكنز . السلسلة تضم إحدى جزر السماء مادرين . تقع جبال سانتا ريتا في الغالب داخل غابة كورونادو الوطنية . قبل عام 1908 كانت المكون الرئيسي لغابة سانتا ريتا الوطنية ، التي دمجت مع مساحات الغابات الصغيرة الأخرى لتشكيل كورونادو . يقع جزء كبير من السلسلة داخل برية جبل رايتسون ، الذي تديره غابة كورونادو الوطنية . تعرضت جبال سانتا ريتا لحروق شديدة في يوليو 2005 في حريق فلوريدا . تشمل سلاسل الجبال الأخرى المحيطة بوادي توكسون جبال سانتا كاتالينا وجبال رينكون وجبال توكسون وجبال تورتوليتا .",أين تقع جبال سانتا كاتالينا بالنسبة لجبال توكسون ؟,الشمال الشرقي,في الشمال.,0.3,0.91,0.3
"[Chunk 1]
الطقطوقة نوع من الموسيقى شرقي الأصل وجمعها طقطوقات . لقد تعرف الموسيقيون على هذا النوع من أنواع الموسيقى عن طريق توافد بعض الموسيقين الشرقيين وخاصة منهم المصريون والسوريون لإحياء بعض حفلاتهم بالمغرب . والطقطوقة لون من ألوان الغناء العربي عرف بمصر في الأربعينيات من القرن المنصرم . و أشهر هده الطقطوقات ( على بلدي المحبوب ) لسيدة الطرب العربي أم كلثوم و قالب الطقطوقة يتطلب نوعا خاصا في التلحين وكتابة الزجل والإلمام بالقواعد النغمية للمقام الذي تلحن فيه ويراعى فيه الانتقال اللحني حسب ما تقتضيه قاعدة الانتقال المقامي من جهة وحسن تصرف الملحن في إدخال بعض الأنغام العرضية دون المساس بأصل المقام . تسمى في المغرب بالطقطوقة الجبلية خطأو الصحيح العيطة الجبلية لأن الموسيقي الجبلي لا يتوفر على شروط قالب الطقطوقة . كانت مجموعة تؤدي هذا النوع من الموسيقى من سكان الجبال بشمال المغرب ويسمون بجبالة . ولها طابع خاص بهم من حيت الأداء بالعزف على آلة موسيقبة مصنوعة من ظهر السلحفاة وتسمى سويسن . يصاحب العازفين نساء يرتدين اللباس التقليدي لهذه المنطقة من المغرب بحيث يرتدين فوق الملابس السفلى قطعة قماشية تسمى الدزة وعلى رؤسهن مضل هو داخل المغرب للرجال وبهذه الناحية يرتديه حتى النساء . و للمزيد من المعلومات عن الطقطوقة لك بعض المراجع المهمة في شرح القوالب الموسيقية وأنواعها :

[Chunk 2]
تانجرين دريم ( بالإنجليزية : Tangerine Dream ) فريق لعزف الموسيقى الإلكترونية الألمانية أسسها إدغار فروزي عام 1967. شهد الفريق العديد من التغييرات في العازفين على مر السنين ، وكان إدغار فروزي العضو الوحيد المستمر حتى وفاته في يناير 2015. أعضاء الفريق . كان أفضل تشكيل للفريق في منتصف السبعينيات من : إدغار فروزي - كريستوفر فرانك - وبيتر بومان . ( في عام 1979 ، حل يوهانس شمولينج محل بومان ). منذ وفاة فروزي في عام 2015 ، كان الفريق تحت قيادة ثورستين كايشنينج ( خليفة فروزي المختار والعضو الحالي الأطول خدمة مع الفريق ، بعد أن انضم في 2005 ). انضم للفريق أيضا عازف الكمان هوشيكو ياماني الذي انضم في عام 2011 ، وأولريش شناوس الذي انضم في عام 2014 ، وبول فريك الذي انضم في 9 يونيو 2020. موسيقى الفريق . يقدم فريق « تانجرين دريم » مقطوعات موسيقية فقط ( بدون غناء ) ، وتعتبر موسيقاهم عملا رائدا في الإلكترونيكا . كانت ألبوماتهم لها دور محوري في تطوير المشهد الموسيقي الألماني المعروف باسم « الكوني » واستكشفت المزيد من أجهزة التوليف وأجهزة التسلسل . كانت ألبومات الفريق دائما ضمن أفضل 20 ألبوما في المملكة المتحدة . موسيقى الفريق في السينما . حقق الفريق أيضا مسيرة مهنية ناجحة في تأليف الموسيقى التصويرية للأفلام ، مما أدى إلى إنشاء أكثر من 60 مقطوعة موسيقية للأفلام وأهمها : « ساحر » 1977 - « لص » 1981 - « الجندي » 1982 – « عمل خطر » 1983 – « نقطة مضيئة » 1984 – « الاحتفاظ » 1983 – « مشعل النار » 1984 – « أسطورة » 1985 – « ارتفاع الساعة الثالثة » 1987 – « بالقرب من الظلام » 1987 – « أشخاص خجولين » 1987 – « معجزة الميل » 1988. من أواخر التسعينيات إلى العقد الأول من القرن الحادي والعشرين ، واصل الفريق استكشاف أنماط أخرى من الموسيقى الالكترونية ، وكذلك الإلكترونيكا . كان إنتاجهم المسجل غزير ، بما في ذلك أكثر من مائة ألبوم . من بين مشاريع التسجيل الأخرى ، ساعدوا في إنشاء الموسيقى التصويرية للعبة الفيديو « جهاز الإنذار التلقائي الكبير ». كان لأعمال الفريق ، في منتصف السبعينيات ، تأثير عميق في تطوير أنماط الموسيقى الإلكترونية مثل موسيقى « العصر الجديد » ( على الرغم من أن الفريق نفسه لم يعجبه المصطلح ) والموسيقى الإلكترونية الراقصة . أفضل 10 ألبومات . فايدرا ( 1974 ) Phaedra التأمل الإلكتروني ( 1970 ) Electronic Meditation الفا سنتوري ( 1973 ) Alpha Centauri روبيكون ( 1975 ) Rubycon تنجرام ( 1980 ) Tangram الحديقة لي ( 1991 ) The Park is Mine أتيم ( 1973 ) Atem الصحراء الخضراء ( 1986 ) Green Desert دي إم 4 ( 2003 ) DM 4 مارس بولاريس ( 1999 ) Mars Polaris وصلات خارجية . تانجرين دريم ( فريق روك ) تانجرين دريم ( فريق روك ) تانجرين دريم ( فريق روك ) تانجرين دريم ( فريق روك ) تانجرين دريم ( فريق روك ) تانجرين دريم ( فريق روك )

[Chunk 3]
سميح شقير فنان سوري ، عرف بأغانية الوطنية الثورية ، قام سميح شقير بكتابة معظم أغانيه ولحنها جميعا ولم ينتسب سميح شقير إلى أي حزب سياسي بل بقي مستقلا قدم العديد من الأغاني الإنسانية والثورية والعاطفية والسياسية وآخر أعماله كان قرص زماني الذي كتبه بموسيقا شرقية خالصة واعتمد الأسلوب الناقد الساخر ليكون صفعة للزمن الرديء . قدم سميح شقير العديد من الفنانين من أبرزهم الفنانة سهير شقير صاحبة الصوت الأوبرالي الحاد جدا ولحن سميح شقير الموسيقى التصويرية للعديد من المسلسلات والمسرحيات أبرزهم ألحان مسرحية خارج السرب للمرحوم الشاعر والكاتب محمد الماغوط ، وكذلك للشاعر الفلسطيني الراحل محمود درويش . يعتبر سميح شقير الفنان الذي لم يتسن له تسجيل أعماله بشكل جيد وتوزيعها بشكل جيد إلا بعد أن عمت شهرته من المحيط إلى الخليج . أهم أعماله الشعبية أغنية الأمل وأغنية الحصاد ومن أهم أعماله الثورية حصار بيروت ، رمانة ، الجولان ومن أهم أعماله اليسارية الثورية أغنية سانتييغو ، أغنية شيفان ، أغنية محجوب . قام بتسجيل أغنية "" يا حيف وهي أشهر أغنية له على يوتيوب "" بعد حدوث احتجاجات في سورية في 18 آذار . وصف ما حدث في مدينة درعا . السيرة الذاتية . - بدأ بتقديم أغانيه على المسارح العامة . - شارك في المهرجان العالمي للأغنية الملتزمة في الجزائر . - أصدر مجموعته الغنائية الأولى ( لمن أغني ). - أقام العديد من الحفلات الغنائية في سوريا ولبنان . - أصدر مجموعته الغنائية الثانية ( بيدي القيثارة ). - أحيا في ( لندن )( برايتون )( مانشيستر ) أمسيات موسيقية بدعوة من مجلس بلدية لندن ، ضمن فعاليات فنية مناهضة للعنصرية . - أصدر مجموعته الغنائية الثالثة ( حناجركم ).",كيف استطاعت فرقة ثيقيار مزج التراث الشاوي بالموسيقى العصرية ؟,مزجها بالموسيقى العصرية خاصة الروك الذي كان مكتسحا لسوق الموسيقى العالمية بأجمعه,لا أعرف,0.11,0.1,0.1
"[Chunk 1]
إدريس أحمد الأسمر ( 4 ديسمبر 1975 ) هو حارس مرمى مغربي سابق ، لعب لأندية المغرب والسويد واليونان ، ولعب دوليا بين عامي 1998 و 2003 ، فاز بثلاث مباريات دولية مع المنتخب المغربي ، ولعب لبلاده في كأس الأمم الأفريقية عام 1998. مهنة النادي . بدأ لعب كرة القدم مع فريق الدفاع الحسني الجديدي عام 1995 ، ثم انتقل إلى نادي الجيش الملكي لمدة ثلاثة مواسم قبل أن يعود إلى نادي الدفاع لموسم آخر قبل أن ينتقل إلى السويد ليلعب مع فريق الدرجة الثانية نادي ديجرفورس ، وبعد نهاية الموسم وقع عقدا لمدة ثلاث سنوات مع نادي مالمو في سبتمبر 2001. ثم عاد بعد ذلك إلى المغرب ليلعب مع نادي الرجاء ويفوز بلقب الدوري المغربي 2003 -2004 ، وفي سن الثلاثين ، غادر المغرب ليوقع عقدا مع نادي إثنيكوس أستراس الذي يلعب في الدوري اليوناني الدرجة الثانية في يونيو 2006. مهنة دولية . وخاض إدريس ثلاث مباريات مع المنتخب المغربي ، واختير كحارس مرمى احتياطي لنهائيات كأس الأمم الأفريقية 1998.

[Chunk 2]
يوسف أسامة نبيه ( مواليد 7 سبتمبر 2000 ) هو لاعب كرة قدم مصري ، ويلعب حاليا لنادي الزمالك المصري . مسيرته الكروية . الزمالك . موسم 2022 -23. في 7 ديسمبر 2022 ، سجل يوسف أسامة نبيه ، الهدف الرابع لفريقه في شباك طلائع الجيش بالوقت بدل الضائع ممن عمر المباراة التي جمعتهما على ملعب الكلية الحربية ، ضمن منافسات الجولة السادسة لمسابقة الدوري الممتاز . في 16 ديسمبر 2022 ، سجل يوسف أسامة نبيه هدفا قاتلا لفريقه في شباك البنك الأهلى ، بعدما سدد رأسية في الشباك بالدقيقة 96 من عمر المباراة التى جمعتهما باستاد القاهرة ، ضمن مباريات الجولة السابعة من عمر مسابقة الدوري المصرى الممتاز . في 29 ديسمبر 2022 ، سجل يوسف أسامة نبيه ، الهدف الأول في شباك الإسماعيلي في الدقيقة 8 من عمر الشوط الأول ، في المباراة التي اقيمت ضمن لقاءات الجولة العاشرة من عمر مسابقة الدوري المصري الممتاز .

[Chunk 3]
إسماعيل مقدم هو لاعب كرة قدم مغربي محترف ، من مواليد 26 يوليو 1995 ، يلعب في مركز قلب الدفاع في نادي الرجاء الرياضي والمنتخب المغربي . حياته . ولد إسماعيل مقدم في 26 يوليو 1995 في بوزنيقة ، انضم إلى فريق الشباب في الوفاق بوزنيقة قبل أن ينتقل إلى فريق حسنية بنسليمان في عام 2014. مهنة النادي . ظهر لأول مرة في عام 2016 مع نادي وداد تمارة في دوري الدرجة الثانية ، وفي نهاية الموسم حاول الانتقال إلى نادي الفتح الرياضي لكن الصفقة ألغيت . النهضة البركانية . وخلال صيف 2018 ، حاول الانتقال الى نادي الرجاء ولكن لم يقنع المدرب الإسباني خوان كارلوس ؛ وفي أغسطس وقع عقدا مدته أربع سنوات مع نادي النهضة البركانية . سرعان ما أصبح لاعبا أساسيا تحت قيادة منير الجواني ولعب نهائي كأس العرش في 18 نوفمبر 2018 ضد الوداد الفاسي ، حيث سجل خلال ركلات الترجيح وتمكن نادي النهضة من الفوز بأول لقب له . شارك في كأس الكونفيدرالية الإفريقية ، حيث وصل النادي إلى نهائي موسم 2018 -2019 ، ولكن خسر بركلات الترجيح أمام نادي الزمالك ، لعب إسماعيل 16 مباراة فيها ؛ وفي الموسم التالي ، فاز بالبطولة مع النادي على حساب بيراميدز المصري في المباراة النهائية بنتيجة ( 1 -0 ). وشارك في 14 مباراة ، مع تمريرتين مساعدتين ضد فريق زاناكو الزامبي . وفي 20 مايو 2022 ، فاز بكأس الاتحاد للمرة الثانية بفوزه على نادي أورلاندو بيراتس بركلات الترجيح ( التعادل 1 -1 ). الرجاء الرياضي . انضم إلى الرجاء في 15 يوليو 2022 ووقع عقدا لمدة ثلاث سنوات . وفي 19 أكتوبر ، ظهر لأول مرة ضد نادي حسنية أكادير إلى جانب مروان هدهودي في الدفاع . مهنة دولية . في 21 سبتمبر 2019 لعب أول مبارة له مع منتخب المغرب ضد الجزائر بقيادة الحسين عموتة . الإنجازات . النهضة",ما هو نتيجة مباراة الإسماعيلي التي شارك فيها أحمد سيد غريب ؟,"نتيجة 1 -1 ،",لا أعرف,0.92,0.1,0.1
"[Chunk 1]
المسيح عيسى بن مريم ويعرف أيضا باسم « عيسو » بالعبرية القديمة وب « يشوع » بالعبرية المعاصرة وب « يسوع » في العهد الجديد ، هو رسول الله والمسيح في الإسلام ، ويعتبر من أولي العزم من الرسل ، أرسل ليقود بني إسرائيل إلى كتاب مقدس جديد وهو الإنجيل ، ويفضل المسلمون إضافة عبارة « عليه السلام » بعد اسمه ككل الأنبياء توقيرا لهم . الإيمان بعيسى ( وكل الأنبياء والرسل ) ركن من أركان الإيمان ، ولا يصح إسلام شخص بدونه . ذكر عيسى باسمه في القرآن 25 مرة ، بينما ذكر محمد 4 مرات . يذكر القرآن أن عيسى ولدته مريم بنت عمران ، وتعتبر ولادته معجزة ، حيث أنها حملت به وهي عذراء من دون تدخل إنسان ، بأمر من الله . ليؤيد رسالته ، كانت لدى عيسى القدرة على فعل بعض المعجزات كإحياء الموتى وإبراء الأكمه والأبرص بإذن الله . وبحسب القرآن ، فإن عيسى لم يصلب ، ولم يقتل بأي طريقة أخرى ، بل رفعه الله إليه ، كذلك فإن عيسى مسلم مثل كل الرسل في الإسلام ، أي خضع لأمر الله ، ونصح متبعيه أن يختاروا الصراط المستقيم . يرفض الإسلام فكرة الثالوث ، أن عيسى هو إله متجسد ، أو ابن الله أو أنه صلب أو قيامة يسوع . ويذكر القرآن أن عيسى نفسه لم يدع هذه الأشياء ، وأيضا يشير إلى أن عيسى سينفي إدعاءه الألوهية في يوم القيامة . ويشدد القرآن أن عيسى بشر فان ، مثل كل الأنبياء والرسل وأنه اختير لينشر رسالة الله . وتحرم النصوص الإلهية إشراك الله مع غيره ، وأن توحيد الله هو السبيل الوحيد للنجاة . يؤمن المسلمون بأن المسيح عيسى بن مريم هو رسول لبني إسرائيل فقط ليحل لهم بعض الذي حرم عليهم ، وقد آمن برسالته الحواريون وهم طائفة من بني إسرائيل وكفرت طائفة من بني إسرائيل ، وقد أعطاه الله من المعجزات أنه يكلم الناس وهو رضيع ويحيي الموتى بإذن الله ويشفي الأكمه والأبرص بإذن الله ويصنع من الطين على شكل الطير وينفخ به فيكون طيرا بإذن الله . يؤمن اليهود بالمسيح ( المخلص ) آخر الزمان وهو غير المسيح الذي يؤمن به المسيحيون وكذلك بعض طوائف المسلمين مثل الشيعة يؤمنون بالمهدي آخر الزمان وتتشابه فكرة المخلص - المسيح مع فكرة المهدي ويعتقدون أن عيسى بن مريم سيعود للأرض آخر الزمان وتكون مهمته الكبرى قتال المسيح الدجال ( أو المسيخ الدجال ). النسب . من وجهة نظر الدين الإسلامي ولد عيسى بلا أب وأمه هي مريم بنت عمران من آل عمران من بني إسرائيل وقد عاشت أمه في منزل النبي زكريا . يعتقد اليهود أن إيسو / يشوع ( عيسى ) وزكريا من ذرية النبي داوود . صفات عيسى . استنادا إلى عدة أحاديث من النبي محمد ، يمكن وصف عيسى خلقيا هكذا ( رآه محمد في مناسبات مختلفة مثلا في الحلم ، أو في الإسراء والمعراج أو وصفه عندما يصف قدومه الثاني ): قصة عيسى في القرآن . ذكر القرآن قصة عيسى بادئا بولادته ، وتعبد أمه في معبد في القدس ، عندما كانت تحت رعاية النبي زكريا ، الذي كان أبا للنبي يحيى . ثم انتقل إلى قصة حمل مريم بعيسى ، الذي اصطفاها الله على العالمين ، لتحمل بعيسى وهي عذراء . البشارة . كانت مريم داخل المعبد عندما زارها ملك جبريل والذي أحضر إليها بشرى سارة بولادة ابن مقدس . ذكر القرآن أن الله أرسل البشرى عبر جبريل إلى مريم ، أن الله كرمها من بين جميع نساء العالم . أخبر جبريل أيضا مريم أنها ستلد ابنا مقدسا ، يسمى عيسى ، وأنه سيكون نبيا ، وأن الله سينزل عليه الإنجيل . وأخبرها أن عيسى سيتكلم وهو طفل وسيتكلم وهو كهل ، وسيكون من الصالحين . عندما سمعت مريم هذه الأخبار ، سألت جبريل عن كيفية حملها وولادتها وهي لم يمسسها رجل ولم تكن فاسدة . رد جبريل : ( كذلك الله يخلق ما يشاء إذا قضى أمرا فإنما يقول له كن فيكون ). ذكر القرآن أن عيسى خلق بأمر الله ، وقارن خلقه بخلق آدم حيث خلق آدم من دون والدين ، ولكن بأمره ( كن فيكون ). وكانت الإجابة نفسها إلى زكريا ، كيف حملت امرأته إليصابات ، وهي كبيرة في السن . الولادة . ذكر القرآن قصة الولادة العذرية لعيسى عدة مرات . ذكر القرآن أن مريم عندما كانت مسافرة في صحراء بيت لحم ، جاءها ألم المخاض . وأثناء آلامها وضعفها ، فجر الله ماء متدفقا من الأرض تحت قدمها لكي تشرب . وكانت مريم أثناء مخاضها بالقرب من نخلة ، فطلب منها أن تهز جذع النخلة ليتساقط عليها الرطب وتأكل . بكت مريم من ألمها وتمسكت بالنخلة ، حتى سمعت صوتا من تحتها ( فهم البعض على أن هذا الصوت من عيسى الذي لايزال في رحمها ، والآخر على أنه من ملك ) يقول : ( فناداها من تحتها ألا تحزني قد جعل ربك تحتك سريا وهزي إليك بجذع النخلة تساقط عليك رطبا جنيا فكلي واشربي وقري عينا ). ذلك اليوم ، ولدت مريم في وسط الصحراء . بعد أربعين يوما ، حملت مريم ابنها عيسى وعادت إلى الناس . أمرت مريم أن لا تكلم الناس في ذلك اليوم ، حيث سيجعل الله عيسى يتكلم ، حيث يؤمن المسلمون أن عيسى فعلا تكلم في المهد وكانت أول معجزة له . بعد ذلك ، ذهبت مريم إلى المعبد وقد سخر منها رهبان المعابد الآخرون ، لكن زكريا آمن بقصتها وأيدها . اتهم الرهبان مريم بأنها صارت امرأة فاسقة وأنها لمست رجلا غريبا من دون زواج . أجابت مريم بالإشارة إلى ابنها وإخبارهم أن يكلموه . لكن الرهبان غضبوا لأنهم ظنوا أن مريم تستهزئ بهم بطلبها أن يكلموا الرضيع . حينها أنطق الله عيسى من المهد وتكلم عن نبوته قائلا : . الرسالة . حسب النصوص الإسلامية ، عيسى اختير لإيصال رسالة التوحيد والإيمان بالله والخضوع له لبني إسرائيل . إنزال الكتب . يؤمن المسلمون أن الله أنزل على عيسى كتابا مقدسا جديدا يسمى الإنجيل ، وأيضا بالبحث عن الحقيقة في الكتب السابقة مثل التوراة والزبور . تكلم القرآن عن الإنجيل بأنه يبعث في قلوب متبعيه التقوى والتواضع . لكن الرسالة الحقيقية في الإنجيل حرفت وغيرت مرات عديدة في مختلف الأزمان . مذكور عن الإنجيل في القرآن : الحواريون . ذكر في القرآن أن الحواريين ساندوا عيسى برسالته . لم يذكر في القرآن أسماء الحواريين ، ولكن ذكر نماذج من إيصال عيسى الرسالة لهم . وذكر في القرآن أن الحواريين آمنوا : كانت أطول حكاية ذكرها الله عن الحواريين في القرآن عندما طلب الحواريون أن تنزل عليهم مائدة من السماء ، لإثبات أن عيسى فعلا نبي وأنه يوصل الرسالة الحقيقية : الرفع . النصوص الإسلامية ترفض رفضا قاطعا فكرة الصلب أو الموت المنسوب للمسيح عيسى ابن مريم في العهد الجديد . ذكر القرآن أن الناس ( أي اليهود والرومان ) سعوا إلى قتل عيسى ، لكنهم لم يصلبوه أو يقتلوه ولكن « شبه لهم ». يؤمن المسلمون بأن عيسى لم يصلب ولكن توفاه الله ورفعه إليه . مناقشة تفاسير العلماء الذين يرفضون الصلب ، كتبت دائرة المعارف الإسلامية : تفسيرات بديلة . يرى أغلب العلماء الغربيين واليهود والمسيحيين أن عيسى صلب ، لكن المسلمين يرون أن عيسى توفاه الله ورفعه إليه دون أن يقتل أو يصلب ، لكن بدا للذين كفروا من بني إسرائيل أنهم قتلوه . قدومه مرة أخرى . يؤمن كل من اليهود والمسيحيين بفكرة المخلص أو المسيح آخر الزمان وتتشابه هذه الشخصية مع المهدي لدى الشيعة ، ويؤمن المسلمون الشيعة الاثنا عشرية بنزول عيسى بن مريم مرة أخرى للأرض قبل فترة قصيرة من يوم القيامة ، لكن المسلمين الإباضية والزيدية والإسماعيلية يرفضون فكرة نزول عيسى إلى الأرض وشخصية المهدي والدجال لأنها لم ترد في القرآن الكريم ويرفضون معظم روايات الملاحم والفتن آخر الزمان التي وردت في بعض الأحاديث . حسب المعتقد الشيعي الاثنا عشري فإن نزول عيسى سيكون في نصف الحرب بين المهدي المنتظر والمسيح الدجال ومتبعيه . سينزل عيسى عند منارة بيضاء شرق دمشق ، لابسا رداء أصفر ورأسه ممسوح بالزيت ، ثم سينضم للمهدي في محاربة الدجال . سيكون عيسى مسلما ، ويلتزم بالتعاليم الإسلامية . أخيرا ، سيقتل عيسى المسيح الدجال ، وسيصبح كل أهل الكتاب مسلمين . هكذا ستكون الديانة الوحيدة هي الإسلام . وفي صحيح البخاري عن أبي هريرة قال : قال رسول الله صلى الله عليه وسلم : ( لا تقوم الساعة حتى ينزل فيكم ابن مريم حكما مقسطا ، فيكسر الصليب ، ويقتل الخنزير ، ويضع الجزية ، ويفيض المال حتى لا يقبله أحد ). ويرى بعض علماء السنة أن هذا الحديث ضعيف وكذب فعبارة ( يضع الجزية ) تعني شريعة جديدة تخالف شريعة الإسلام ، وإضافة إلى ما ورد في القرآن والحديث أن محمدا خاتم النبيين ، وبالتالي استحالة وجود رسل أو انبياء بعد النبي محمد ، بعد موت المهدي ، سيتولى عيسى القيادة ، وستحل العدالة والسلام . وتشير النصوص الإسلامية إلى ظهور قبيلة يأجوج و مأجوج في ذلك الوقت ، وستعيث الفساد في الأرض . ثم سيستجيب الله لصلوات عيسى ودعائه ، وسيقتلهم بإرسال نوع من الدود إلى مؤخر أعناقهم . سيكون حكم عيسى على الأرض 40 سنة ثم يموت ، ويصلي عليه المسلمون صلاة الجنازة ويدفنونه في المدينة المنورة بالقرب من النبي محمد والخليفة أبوبكر الصديق وعمر بن الخطاب . في الاعتقاد اليهودي . يؤمن اليهود بالمسيح / الماشيح ويعتقدون أنه نبي وملك مستقبلي من ذرية النبي داوود وأنه سيحكم بني إسرائيل ، لكنهم لا يعتبرون عيسى ( يشوع / يسوع ) في الديانة اليهودية كمسيح وشخصية مرسلة من قبل الله ، وهو لدى أغلب الطوائف اليهودية ليس المسيح / الماشيح ولا حتى نبي بوصفه لم يتمم النبؤات الكتابية حوله ، وتعطي الكتب الدينية اليهودية معلومات كثيرة عن المسيح وعن صفاته ، ويرفض اليهود فكرة عودة المسيح إلى الأرض ويعتقدون أن المسيح سيأتي مرة واحدة فقط وسيقوم بإعادة بناء معبد سليمان ( ) ، وترفض الطوائف اليهودية عقيدة الثالوث المسيحية . ولا يؤمن اليهود أن الله يتجسد في صورة إنسان ، مع ذلك فجذور المسيحية تأتي من اليهودية ، التي تتشارك معها في الإيمان بكتاب اليهودية المقدس « التوراة » ، والإيمان في وجود إله خالق واحد ، والإيمان بالمسيح كلمة الله ، والصلاة ، والقراءة من كتاب مقدس . في الاعتقاد المسيحي . في المسيحية ، واعتمادا على العهد الجديد ، فعيسى أو يسوع هو المسيح الذي انتظره اليهود وفيه تحققت نبوءات العهد القديم ، وله عدد وافر من الألقاب ، وهو معصوم ، وكامل ، والوحيد الذي لم يرتكب أي خطيئة ، وقد ولد من عذراء بطريقة إعجازية ، واجترح عجائب ومعجزات عديدة وقدم تعاليما صالحة لكل آن ، لتمثل حياته « إنجيل عمل » ملهم لأتباعه ، وأسس الكنيسة ، ومات على الصليب تكفيرا عن خطايا العالم ، فكان محرر البشرية وبشراها السارة ، ثم قام من بين الأموات ورفع إلى السماء ، بعد أن وعد المؤمنين به أنه سيعود في آخر الزمان ؛ ليكون بذلك كمال الإعتلان الإلهي للبشر ، وختام رسالات السماء ، مفتتحا عهدا جديدا ، بعد سلسلة من العهود السابقة ، ليغدو بذلك طريقه ، الوسيط الوحيد بين الله والإنسان ؛ بعد مرحلة طويلة من الإعداد بدأت منذ آدم وإبراهيم . حسب النظرة اللاهوتية للمسيح ، فإنه يمثل القدرة الإلهية في البشرية ، فهو كلمة الله ، الأزلية ، التي تدرعت بجسد من مريم ، وبالتالي فهو مستحق العبادة . في الاعتقاد الإسلامي . وصف عيسى بأسماء كثيرة في القرآن ، وأكثر اسم ظهر له هو ابن مريم ، وأحيانا بأسماء أخرى . عيسى أيضا ذكر في القرآن كنبي أو رسول الله . المصطلحات مثل وجيه ومبارك وعبد الله كلها استخدمت في القرآن للإشارة إلى عيسى . هناك اسم آخر تكرر وهو المسيح . وهذا لايطابق المفهوم المسيحي للمسيح ، حيث أن الإسلام يعتبر جميع الرسل من ضمنهم عيسى فانون ، ولا يشارك بالألوهية . يشرح المسلمون كلمة المسيح بأنه ممسوح بالزيت ، أو لأنه يمسح على أعين العميان فيشفيهم . الآيات القرآنية تستعمل مصطلح « كلمة الله » والذي يشير إلى أن الله خلق عيسى بكلمة ملفوظة منه ( كن فيكون ) في اللحظة التي حملت مريم بعيسى . ثيولوجيا . يعتبر الإسلام عيسى بشرا ورجل صالح ورسول الله . يرفض الإسلام فكرة أن عيسى إله أو ابن الله . الإيمان بأن عيسى هو الله أو ابن الله يعتبر شركا في الإسلام ، ورفض لوحدانية الله ، وهي خطيئة لا تغتفر ما لم يتداركها بتوبة قبل مماته . ويمكن لكل الخطايا أن تغتفر بالتوبة ، والخضوع لله ( أي اعتناق الإسلام ) حساباتهم من الأعمال الصالحة والخطايا التي تحدد مصير الإنسان يوم القيامة تحسب من ذلك الوقت . وتقول آية من القرآن : معتقد الثالوث المسيحي مرفوض في الإسلام . وجهات نظر الإسلام في عيسى أنه بشر ككل الأنبياء ، يعبد الله وحده ويخضع لرسالته . وبهذا فإن عيسى مسلم ( أي خاضع ومستسلم لرسالة الله ) ككل الأنبياء في الإسلام . الإشارة إلى النبي محمد . يؤمن المسلمون بأن عيسى أشار إلى محمد ، وأعلن أن الرسالة آتية ، ووضعوا هذه القاعدة استنادا لآية قرآنية حيث يتحدث عيسى عن رسول يأتي من بعده اسمه أحمد . ربط الإسلام اسم أحمد بمحمد وكلا الاسمين مصدرهما من الجذر ح م د والذي يعني استحقاق المدح والثناء . ويؤكد المسلمون أن تصريح عيسى موجود في العهد الجديد واضعين ذكر فارقليط ( parakletos ) أنه سيأتي متنبأ بهذا في إنجيل يوحنا . وادعى بعض المعلقون المسلمون أن الكلمة الأصلية لفارقليط هي "" periklutos "" التي تعني الشهير أو اللامع أو المستحق الثناء وهو اسم أحمد ولهذا استبدل المسيحيون الاسم بparakletos. محاولة قتله . ذكر في الآيات القرآنية أن الذين كفروا من بني إسرائيل ( مكروا ) دبروا مكيدة لقتل عيسى بن مريم وقبل محاولتهم قتله توفاه الله ورفعه إليه ، وبدا لهم أنهم قتلوه . الوفاة . ذكر في الآيات القرآنية أن الله توفى عيسى بن مريم ورفعه إليه تسليم عيسى على نفسه يوم ولد ويوم مات ويوم يبعث بعد موته يوم القيامة مشهد من يوم القيامة

[Chunk 2]
مالك بن إسماعيل بن زياد بن درهم ، أبو غسان النهدي ، الكوفي ، من أئمة ورواة االحديث الثقات ، كان فقيها متعبدا صحيح الكتاب . وهو سبط إسماعيل بن حماد بن أبي سليمان الفقيه ، قال أبو حاتم : كان أبو غسان يملي علينا من أصله ، وكان لا يملي حديثا حتى يقرأه ، وكان ينحو ، لم أر بالكوفة أتقن من أبي غسان ، لا أبو نعيم ، ولا غيره ، وأبو غسان أتقن من إسحاق بن منصور ، وهو متقن ثقة ، كان له فضل وصلاح وعبادة ، وصحة حديث واستقامة ، وكانت عليه سجادتان ، كنت إذا نظرت إليه كأنه خرج من قبر - رحمه الله تعالى "" ، مات في ربيع الآخر سنة تسع عشرة ومائتين . أقوال العلماء فيه . أقوال علماء الجرح والتعديل فيه :

[Chunk 3]
مريم بنت عمران هي مريم « العذراء » « الصديقة » أم المسيح عيسى بن مريم ، جاء ذكرها في القرآن في عدة مواضع حتى أن هناك سورة باسمها ، ذكرت كذلك في السنة النبوية مما روي من أحاديث النبي محمد . شهد الله لها بالعفة وطهرها واصطفاها على نساء العالمين ، واصطفاها لمعجزة إلهية تمثلت بحملها بعيسى وولادته من غير أب . روي في كمالها عن النبي محمد أنه قال : ( رواه البخاري ومسلم ). ولادتها . روي أن حنة بنت فاقوذا زوجة عمران كانت عاقرا لم تلد ، إلى أن عجزت ، فبينما هي في ظل شجرة أبصرت بطائر يطعم فرخا له ، فتحركت عاطفتها للولد وتمنته فقالت : يا رب إن لك علي نذرا ، شكرا لك ، إن رزقتني ولدا أن أتصدق به على بيت المقدس فيكون من خدمه . . وقد استجاب لها الله سبحانه ، فحملت ، وأثناء حملها توفي زوجها عمران . أولى الامتحانات أن أمها ، التي كانت ترجو أن ترزق غلاما لتهبه لخدمة بيت المقدس رزقت بنتا ، والبنت لا تقوم بالخدمة في المسجد كما يقوم الرجل ، وأسفت حنة واعتذرت لله عز وجل فقالت : . لكن الله سبحانه وتعالى قبل من حنة النذر ، وجعله نذرا مباركا وهذا ما أشار إليه القرآن الكريم : . نشأتها . ولدت مريم يتيمة فقد توفي والدها عمران وهي في بطن أمها حنة بنت فاقوذا . فكانت أمها لا تستطيع تربيتها لكبر سنها . فكان كل شخص يريد أن يحظى بكفالتها فعمران أبو مريم كان معلمهم ومن درسهم دينهم وذا أفضال عليهم . فاتفقوا أن يقفوا على مجرى النهر ويرموا أقلامهم ( اختاروا القلم لأن أبو مريم كان يعلمهم بالقلم ). آخر قلم يبقى في النهر دون أن ينجرف هو الذي يكفلها . فرموا أقلامهم وجرفت أقلامهم ووقف قلم زكريا أي أنه لم يكن آخر واحد ولكن وقف تماما في النهر . فرموا مرة ثانية وحدث نفس ماحدث في المرة الأولى أي أن قلم زكريا وقف في",ما هو الحديث الذي ذكر فيه النبي غيسي بن مريم ؟,"وفي صحيح البخاري عن أبي هريرة قال : قال رسول الله صلى الله عليه وسلم : ( لا تقوم الساعة حتى ينزل فيكم ابن مريم حكما مقسطا ، فيكسر الصليب ، ويقتل الخنزير ، ويضع الجزية ، ويفيض المال حتى لا يقبله أحد ).","من خلال البحث في المعلومات الواردة في النص، لا يوجد تحديد واضح لحديث معين ذُكر فيه النبي محمد (صلوات الله عليه) أو عيسى (Jesus) بن مريم. النص يتحدث عن سيرة مريم بنت عمران وذكر بعض الأحاديث والآيات القرآنية المتعلقة بها، لكنه لم يذكر حديثاً خاصاً مع النبي محمد حول عيسى بن مريم.",0.4,0.13,0.14
"[Chunk 1]
كريس هاوسر هو لاعب كرة قدم أمريكي في مركز الدفاع ، ولد في 9 مارس 1973 في بيير في الولايات المتحدة . لعب مع تامبا باي موتيني ووسترن ماس بيونيرز .

[Chunk 2]
كريس هاميلتون هو مدرب كرة قدم ولاعب كرة قدم بريطاني في مركز الوسط ، ولد في 21 نوفمبر 1987 في ألمانيا . لعب مع .

[Chunk 3]
كريس هاني ( 28 يونيو 1942 - 10 أبريل 1993 ) كان سياسي وزعيم الحزب الشيوعي الجنوب أفريقي ورئيس أركان تنظيم رمح الأمة الجناح العسكري لحزب المؤتمر الوطني الأفريقي وكان معارض شرس لحكومة الأبارتايد حتى أغتيل على يد مهاجر بولندي في 10 أبريل 1993.",من هو كريس هاوسر ؟,لاعب كرة,كريس هاوسر لاعب كرة قدم أمريكي في مركز الدفاع.,0.92,0.92,0.9
"[Chunk 1]
بوشيدو ( باليابانية : = طريق المحارب ) هي مجموعة من القوانين الأخلاقية التي كان يتبعها المحاربون ( بوشي ) في اليابان أثناء العصور الوسطى ، تم تدوينها أثناء فترة إيدو ( 1603 -1867 م ) ، تأثرت هذه التعاليم بمذهب زن البوذي والعقيدة الكونفشيوسية . تدوين التعاليم . كان « ياماغا سوكو » ع ( 1622 -1685 م ) أول من تعرض لمبادئ ال « بوشيدو » وفسرها في مجموعة رسائله . ساوى الأخير بين رجل الساموراي من جهة والرجل الفاضل حسب تصور الفلسفة الكونفشيوسية ، كان يعتقد أن دور هؤلاء المحاربين هو أن يصبحوا مثلا أعلى في الفضائل والأخلاق الرفيعة بالنسبة للطبقات الدنيا من الشعب . من غير أن يغفل دور إحدى الفضائل الأساسية في الكونفشيوسية : الإحسان أو البر ، قام « سوكو » بإبراز فضيلة الاستقامة ، وجعلها فريضة أساسية ، وواجبا . يعتبر كتاب ال « هاغاكوره » ( تحت ظلال الأوراق ) والذي صنفه عام 1716 م ، أحد المحاربين من مقاطعة ساغا : ياماموتو تسونيموتو ، أحد أهم المصنفات التي تتناول تعاليم البوشيدو . يقوم الكتاب بإبراز فضائل الساموراي ، والذي يتوجب عليه أن يضع حياته لخدمة سيده ، والتضحية بها إذا تطلب الأمر ذلك . التعاليم . تعرضت تعاليم البوشيدو إلى جانبين من حياة المحاربين ، معايشتهم للحروب والقتال من جهة ثم الحياة العامة اليومية من جهة أخرى . تركز تعاليم البوشيدو على تنمية الروح المعنوية القتالية للمحارب ، وكذا الحالة البدنية والمهارات القتالية ، تحفز هذه التعاليم المحاربين على إبداء الشجاعة أمام الخصم ، والتحلي بالإخلاص ، الأمانة وروح التضحية ، هذا في الجانب الحربي ، إلا أنها تناولت حياتهم اليومية أيضا من خلال حثهم على التحلي بالأدب ، التواضع تجاه الآخرين ، البساطة ، السخاء والزهد والتقشف وغير ذلك من الخصال الحميدة . على غرار التعاليم الكونفشيوسية شدد البوشيدو على طاعة الوالدين ، كما اعتبر أن أقصى درجات الشرف هي أن يخدم المحارب سيده بإخلاص حتى مماته . غير أنه يتوجب على الساموراي الالتزام المطلق بطاعة سيده ، ولو على حساب الضرر الذي يمكن أن يلحق بوالديه وأهله . يفترض على المحارب أن يتخذ بعض القرارات الحاسمة ، وبالأخص إذا تعارضت بعض هذه المبادئ فيما بينها ( الواجب والولاء مثلا ). قد يضطر إلى رفض الامتثال إلى السلطة ، إذ أن عليه أن يضع واجباته قبل كل شيء ، حتى لو كلفه ذلك الخروج عن القانون . في بعض الحالات يتوجب على الساموراي أن يثبت إخلاصه - ويحافظ على شرفه - ويكفر عن أخطاءه ضد حاكميه عن طريق وضع حد لحياته ( سيبوكو ). تم حصر الفضائل الأساسية التي يتوجب على المحاربين التحلي بها ، في سبعة أمور وهي : تأثيره على الفن والأدب . قام مؤلفو مسرحيات نو ، كابوكي وبونراكو ، بالإضافة إلى كتاب الروايات ، باقتباس بعض الأحداث الواقعية التي عايشها بعض المحاربين ، على غرار مغامرات ال « رونين » السبعة والأربعين ، والذين قاموا بالانتقام لسيدهم « أكو » ، بعد أن أجبره أعدائه على الانتحار بالسيبوكو ( عن طريق شق البطن ) ، تم القبض عليهم في النهاية وتقرر أن يتم معاقبتهم عن طريق إجبارهم على الانتحار طواعية على طريقة سيدهم . كان سرد تلك الوقائع يتم مع إبراز الحالة الملحمية والمغامرات البطولية التي تترتب عن التزام المحاربين بهذه التعاليم الأخلاقية .

[Chunk 2]
الكونفوشية ( بالصينية :): هي مجموعة من المعتقدات والمبادئ في الفلسفة الصينية ، طورت عن طريق تعاليم كونفيشيوس () وأتباعه ، تتمحور في مجملها حول الأخلاق والآداب ، طريقة إدارة الحكم والعلاقات الاجتماعية . أثرت الكونفشيوسية في منهج حياة الصينيين ، حددت لهم أنماط الحياة وسلم القيم الاجتماعية ، كما وفرت المبادئ الأساسية التي قامت عليها النظريات والمؤسسات السياسية في الصين . انطلاقا من الصين ، انتشرت هذه المدرسة إلى كوريا ، ثم إلى اليابان وفيتنام ، أصبحت ركيزة ثابتة في ثقافة شعوب شرق آسيا . عندما تم ادخالها إلى المجتمعات الغربية ، جلبت الكونفشيوسية انتباه العديد من الفلاسفة الغربيين . مقدمة . رغم أن الكونفشيوسية أصبحت المذهب الرسمي للدولة الصينية القديمة ، لم تشق هذه طريقها حتى تصبح ديانة بالمعنى المعروف ، كان يعوزها وجود هياكل أساسية ، وطبقة من الكهنوتية ( رجال الدين ). حظي كونفيشيوس () بمكانة رفيعة لدى رجال أهل العلم في الصين ، كانوا يطلقون عليه ألقاب ال « معلم » وال « حكيم » ، إلا أن تبجيلهم إياه لم يرق أبدا إلى درجة التأليه ( من الألوهية ). يبدو أن بعض المؤرخين في الغرب أساء فهم هذا التصور ، نظرا لملازمة مفهوم عبادة الأسلاف للديانة الصينية . لم يكن كونفيشيوس () نفسه يدعي أنه إله . عكس الديانات الأخرى ، لم تكن المعابد التي شيدت على شرف كونفيشيوس أماكن لتجميع طوائف من الأتباع المنتمين ، ولكن مبان عمومية مخصصة لمراسيم سنوية وبالأخص يوم عيد ميلاد كونفيشيوس . بسبب الطبيعية الأساسية الدنيوية ( لادينية ) لهذه الفلسفة ، فشلت كل المحاولات التي كانت تهدف لأن تجعل من الكونفيشيوسية عقيدة دينية . العقائد . النظرية واللاهوت . تدور الكونفوشية حول السعي إلى وحدة الذات الفردية وإله السماء ( تيان ) ، أو مثلما يقال ، حول العلاقة بين الإنسانية والسماء . مبدأ السماء ( لي وداو ) ، تنظيم الخلق ومصدر السلطة الإلهية ، أحادي في بنيته . قد يدرك الأفراد إنسانيتهم ، ويتحدون مع السماء من خلال التأمل في مثل هذا النظام . يمتد هذا التحول في الذات ليشمل الأسرة والمجتمع لخلق مجتمع ائتماني متناغم . درس جويل ثورفال الكونفوشية كدين مدني منتشر في الصين المعاصرة ، فخلص إلى أنها تعبر عن نفسها في العبادة الواسعة الانتشار لخمسة كيانات كونية : السماء والأرض ( دي ) ، والسيادية أو الحكومة ( جون ) ، والأسلاف ( سين ) ، والأسياد ( شي ). السماء ليست بعضا من الوجود المسبق في العالم الزمني . وفقا للباحث ستيفان فويكتونغ ، في علم الكونيات الصينية ، وهو ليس كونفوشوسيا فحسب ، بل تشترك فيه جميع الأديان الصينية ، « يخلق الكون نفسه من فوضى أولية من الطاقة المادية » ( هاندون وسي ) ، وينظم من خلال قطبية يين ويانغ الذي يميز أي شيء والحياة . بالتالي فالخلق هو تنظيم مستمر ، فهو ليس خلق من لا شيء . يين ويانغ هما الخفي والمرئي ، المتقبل والنشط ، وعديم الشكل والمشكل ؛ ويميزان الدورة السنوية ( الشتاء والصيف ) ، والمشهد ( المظلل والمشرق ) ، والجنسين ( الإناث والذكور ) ، بل وحتى التاريخ الاجتماعي السياسي ( الفوضى والنظام ). تهتم الكونفوشية بإيجاد « طرق وسط » بين اليين واليانغ في كل شكل جديد للعالم . توفق الكونفوشية بين كل من القطبين الداخلي والخارجي للتهذيب الروحي ، أي تهذيب الذات والخلاص في العالم ، التي جمعت في المثل العليا « خشنة من الداخل طيبة من الخارج ». تترجم الرن إلى « الإنسانية » أو الجوهر السليم للإنسان ، وهي رمز العقل الرحيم ، إنها الفضيلة الممنوحة من السماء وفي الوقت نفسه الوسائل التي يمكن للإنسان أن يحقق بها وحدانية مع السماء بفهمه لأصله وبالتالي الجوهر الإلهي . تعرف في داتونغ شو أنها « تشكيل جسد واحد مع كل الأشياء » و « عندما لا تفصل الذات عن الآخرين .. يثار التعاطف والتراحم ». تيان والآلهة . يشير تيان ، وهو مفهوم رئيسي في الاعتقاد الصيني ، إلى « إله السماء » ، القطب الشمالي في السماء ونجومها المغزلية ، والطبيعة الأرضية وقوانينها التي تأتي من السماء ، إلى « السماء والأرض » ( أي ، « كل الأشياء ») ، وإلى القوى المذهلة خارج سيطرة الإنسان . هناك مثل هذا العدد من الاستخدامات في الاعتقاد الصيني إذ لا يمكن إعطاء ترجمة واحدة في الإنجليزية .

[Chunk 3]
البوذية هي ديانة دارمية وتعتبر من الديانات الرئيسية في العالم ، حيث تعتبر رابع أكبر ديانة في العالم بعد المسيحية والإسلام والهندوسية . ويصل تعداد أتباعها إلى أكثر من 520 مليون نسمة ، أي أكثر من 7 % من سكان العالم . ويعرف أتباعها باسم "" البوذيين "" ؛ وجذر كلمة بوذية تأتي من كلمة البوذية نسبة إلى مؤسسها غوتاما بودا . أسست عن طريق التعاليم التي تركها بوذا ' المتيقظ "". نشأت البوذية في شمالي الهند وتدريجيا انتشرت في أنحاء آسيا والتيبت فسريلانكا ثم إلى الصين ومنغوليا وكوريا فاليابان . تتمحور العقيدة البوذية حول 3 أمور ( الجواهر الثلاث ): أولها ، الإيمان ببوذا كمعلم مستنير للعقيدة البوذية ، ثانيها ، الإيمان ب « دارما » ، وهي تعاليم بوذا وتسمى هذه التعاليم بالحقيقة ، ثالثها وآخرها ، المجتمع البوذي . تعني كلمة بوذا بلغة بالي الهندية القديمة ، « الرجل المتيقظ » ( وتترجم أحيانا بكلمة المستنير ). تجدر الإشارة إلى أن اللفظ الأصلي لمؤسس الديانة البوذية ( بوذا ) هو « بودا » ، بالدال ، وليس بالذال . مقدمة . كانت البوذية في الأصل حركة رهبانية نشأت داخل التقاليد البراهمانية ، تحولت عن مسارها عندما قام بوذا بإنكار المبادئ الأساسية في الفلسفة الهندوسية ، بالإضافة إلى رفضه وصاية السلطة الكهنوتية ، كما لم يرد أن يعترف بأهلية كتابات الفيدا ، وكذا مظاهر وطقوس عبادة الآلهات التي كانت تقوم عليها . كانت التعاليم الجديدة التي بشر بها موجهة للرجال والنساء وإلى كل الطبقات الاجتماعية بدون استثناء . كان بوذا يرفض المبدأ القائل بأن القيمة الروحية للإنسان تتحدد عند ولادته ( نظام الطبقات الاجتماعية الهندوسي ). تتواجد البوذية اليوم في صورتين : العقيدة الأصلية المسماة « ثيرافادا » ( أو « هينايانا ») ومعناها « العربة الصغيرة » ، ثم ال « ماهايانا » أو « العربة الكبيرة ». انتشرت البوذية في بلدان عديدة : الهند وسريلانكا وتايلاند وكمبوديا وبورما ولاوس ، ويسود مذهب « ثيرافادا » في هذه الدول ، فيما انتشر مذهب « ماهايانا » في كل من الصين واليابان وتايوان والتبت والنيبال ومنغوليا وكوريا وفيتنام وبعض الأجزاء من الهند . يتواجد في العالم حوالي 150 مليون إلى 300 مليون شخص من معتنقي هذه الديانة . تعتبر عملية إحصاء عدد المنتسبين لهذه الديانة في البلدان الآسيوية مشكلة عويصة نظرا لتعود الناس على اعتناق خليط من المعتقدات في آن واحد ، كما أن بعض البلدان مثل الصين تمنع إجراء مثل هذه الإحصاءات نظرا لحساسية الموضوع الديني . التأسيس وأبرز الشخصيات . أسسها سدهارتا جوتاما الملقب ببوذا (*) 560 – 480 ق . م وبوذا تعني المستنير ويلقب أيضا بسكيا موني ومعناه المعتكف . وقد نشأ بوذا في بلدة على حدود نيبال ، وكان أميرا فشب مترفا في النعيم وتزوج في التاسعة عشرة من عمره ولما بلغ السادسة والعشرين هجر زوجته منصرفا إلى الزهد والتقشف والخشونة في المعيشة والتأمل في الكون ورياضة النفس وعزم على أن يعمل على تخليص الإنسان من آلامه التي منبعها الشهوات ثم دعا إلى تبني وجهة نظره حيث تبعه أناس كثيرون . اجتمع أتباع بوذا بعد وفاته في مؤتمر كبير في قرية راجاجراها عام 483 ق . م لإزالة الخلاف بين أتباع المذهب (*) ولتدوين تعاليم بوذا خشية ضياع أصولها وعهدوا بذلك إلى ثلاثة رهبان (*) هم : العقيدة الأصلية . الأصول الأولى للبوذية .",ما هو تأثير التعاليم الكونفشيوسية على البوشيدو وما القيم التي يشتركان فيها ؟,"على طاعة الوالدين ، كما اعتبر أن أقصى درجات الشرف هي أن يخدم المحارب سيده بإخلاص حتى مماته . غير أنه يتوجب على الساموراي الالتزام المطلق بطاعة سيده ، ولو على حساب الضرر الذي يمكن أن يلحق بوالديه وأهله .","القيم الكونفشيوسية تشترك في الاحترام والولاء والشرف، وتعتبر هذه العناصر أساساً في تعاليم البوشيدو.",0.8,0.9,0.8
"[Chunk 1]
ولد بطل ( بالإنجليزية : Born a Champion ) دراما لفنون الدفاع عن النفس الأمريكية لعام 2021 من إخراج أليكس راناريفيلو وكتبه شون باتريك فلانيري وراناريفيلو . ومن النجوم فلانيري ودينيس كويد وكاترينا بودين . يضم الفيلم أيضا مقاتل فنون القتال المختلطة إدسون باربوزا ، مع ظهور رينزو جرايسي وميكي غال . يروي الفيلم قصة ميكي كيلي ، أحد أوائل من حاز الحزام الأسود في أمريكا ، في بطولة ( MMA ) الغير مصرح بها . صدر الفيلم في 22 يناير 2021. طاقم التمثيل . شون باتريك فلانيري : في دور ميكي كيلي كاترينا بودين : في دور ليلى دينيس كويد : في دور ميسون موريس كومبتي : في دور روسكو كوري جراهام : في دور بورشمان كوستاس مانديلور : في دور ديميتريس رينو ويلسون : في دور تيري بيتمان علي أفشار : في دور الشيخ إدسون باربوزا : في دور ماركو بلين ملخص أحداث الفيلم . تم تعيين ميكي كيلي ( شون باتريك فلانيري ) ، خبير البحرية السابق في مشاة البحرية وفي الرياضة البرازيلية الجوجيتسو ، لتعليم ابن شيخ ثري فنون الدفاع عن النفس ، ولكن أثناء إقامته في دبي ، يصادف ليلى ( كاترينا بودين ) ، وهي مساعدة قانونية في المدينة مع بعض العملاء . يقع الاثنان في الحب بعد وقت قصير ويتزوجان . لكن الحياة في الولايات المتحدة صعبة ، ولتغطية نفقاتهم ، يوافق ميكي على قتال خطير تحت الأرض على غرار ( MMA ) الذي يضعه ضد ماركو بلين ( إدسون باربوزا ) ، وهو مقاتل شاب متهور يتجاهل القواعد القليلة ويتغلب على ميكي بشكل سيئ بما يكفي لفصل شبكية عينه . يتسرب شريط هذا القتال عبر الإنترنت ، بعد سنوات ، ويظهر الاهتمام في إعادة مباراة مثلها . لكن لا ميكي ولا عائلته يريدون المخاطرة بالعواقب الطبية لمعركة سيئة . إنتاج الفيلم . أعلنت شركة « أفلام فورست » عزمها على تصوير فيلم « ولد بطل » ثم أعيد الإعلان عن تصويره ولكن تحت عنوان « ميكي كيلي » في يوليو 2019. كما تم الإعلان عن أن الإخراج تم إسناده للمخرج أليكس راناريفيلو ، والممثلين شون باتريك فلانيري وكاترينا بودين ودينيس كويد ( الشخصيات المركزية في الفيلم ). عمل فلانيري أيضا كأحد منتجي الفيلم وشارك في كتابة السيناريو جنبا إلى جنب مع المخرج راناريفيلو . تم التصوير في بيتالوما ، كاليفورنيا خلال صيف 2019 وانتهى في أغسطس من نفس العام . صدر الفيلم في إصدار محدود في دور عرض مختارة بالولايات المتحدة في 22 يناير 2021 وأصبح متاحا عبر الفيديو عند الطلب في نفس اليوم . وتم إصداره على البلو راي و ( DVD ) في 26 يناير 2021. استقبال الفيلم . كتب موقع بيج سكرين – جود بوك : « يتم سرد القصة من وجهة نظر مقابلة واحدة مع شخص يتحدث الإنجليزية بشكل معتدل . كان التصوير السينمائي لائقا ، لكن النتيجة كانت ضعيفة . يعطي المقطع الدعائي بعض لقطات لمشاة البحرية ولا تظهر في الفيلم ». كتب تشاد كروز على موقع بوليت بروف أكشن : « لا يمكنني أن أوصي بهذا الفيلم بما يكفي لمحبي لعبة القتال ولأي شخص قرر أنه يريد أكثر من مجرد » جيد بما فيه الكفاية «. أنهم يستحقون الأفضل ويرفضون قبول أقل من ذلك ». كتب مارك دو جراف على موقع ماركس رماركس : « يمكنني أن أتفق بصدق على أن » ولد بطل « على الرغم من نقاطه الإضافية يفتقر إلى أي نكهة فريدة وأصالة لسحب نفسه من سلة الصفقات حيث من المحتمل أن ينتهي بها الأمر بالعديد من أفلام ( MMA ) الفاشلة الأخرى . ومع ذلك ، حتى هؤلاء يمكن أن يتمتع بها البعض ». وصلات خارجية . ولد بطل ( فيلم ) ولد بطل ( فيلم ) ولد بطل ( فيلم ) ولد

[Chunk 2]
الأبطال هو فيلم كوميدي رياضي أمريكي لعام 2023 ، من إخراج بوبي فارلي ، ومن سيناريو مارك ريزو ، ومن بطولة وودي هارلسون ، وكايتلين أولسون وإيرني هدسون وشيش مارين ، الفيلم إعادة إنتاج باللغة الإنجليزية للفيلم الإسباني عام 2018 الذي يحمل نفس الاسم .

[Chunk 3]
المدافعين هو فيلم بطل خارق روسي من إخراج سارك أندريسيان وبطولة سيباستيان سيساك ، أنطون بامباشني ، سانجار مادي وألينا لانينا ، صدر الفيلم في 23 فبراير 2017. نبذة . خلال الحرب الباردة ، تنظيم يدعى ( الوطني ) يؤلف فريق من الأبطال الخارقين ، والذي يشتمل على أفراد من جمهوريات الاتحاد السوفيتي المختلفة . يضطر الأبطال الخارقون لإخفاء هوياتهم وقدراتهم على مدار سنوات عدة ، لكن في الأوقات العصيبة لا بد وأن يكشفوا عن أنفسهم من جديد .",متي صدر فيلم ولد بطل ؟,22 يناير 2021,22 يناير 2021,0.9,0.91,0.91
"[Chunk 1]
الدولة الطولونية أو الإمارة الطولونية أو دولة بني طولون ، وتعرف اختصارا وفي الخطاب الشعبي باسم الطولونيون ، هي إمارة إسلامية أسسها أحمد بن طولون التغزغزي التركي في مصر ، وتمددت لاحقا باتجاه الشام ، لتكون بذلك أول دويلة تنفصل سياسيا عن الدولة العباسية وتتفرد سلالتها بحكم الديار المصرية والشامية . قامت الدولة الطولونية خلال زمن تعاظم قوة الترك في الدولة العباسية وسيطرة الحرس التركي على مقاليد الأمور ، وهو ذاته العصر الذي كان يشهد نموا في النزعة الشعوبية وتغلب نزعة الانفصال على شعوب وولاة الدولة مترامية الأطراف ، فكان قيام الدولة الطولونية إحدى النتائج الحتمية لتنامي هذا الفكر . نشأ مؤسس هذه السلالة ، أحمد بن طولون ، نشأة عسكرية في سامراء التي كانت حاضرة الخلافة الإسلامية حينها ، ولما عين الخليفة أبو عبد الله المعتز بالله الأمير بايكباك التركي واليا على مصر في سنة 254 ه الموافقة لسنة 868 م ، وقع اختيار بايكباك على ابن زوجته أحمد بن طولون ليكون نائبا عنه في حكم الولاية . ومنذ أن قدم ابن طولون مصر ، عمل على ترسيخ حكمه فيها . وكان يتخلص من سلطة الوالي الأصيل بإغرائه بالمال والهدايا التي كان يرسلها إليه . وعندما طلب إليه الخليفة أبو إسحق محمد المهتدي بالله أن يتولى إخضاع عامل فلسطين المتمرد على الدولة ، سنحت له الفرصة التي كان ينتظرها ، فقد أنشأ ابن طولون جيشا كبيرا من المماليك الترك والروم والزنوج ودعم حكمه به . وقد أخذ من الجند والناس البيعة لنفسه على أن يعادوا من عاداه ويوالوا من والاه . وبفضل هذا الجيش استطاع أن يقضي على الفتن الداخلية التي قامت ضده ، واستطاع أن يرفض طلب ولي عهد الخليفة أبا أحمد طلحة بن جعفر الموفق بالله الذي كان يستعجله إرسال المال ليستعين به على القضاء على ثورة الزنج بالبصرة . ومنذ ذلك الوقت أصبحت دولة ابن طولون مستقلة سياسيا عن الخلافة العباسية . وعندما طلب الخليفة إلى ابن طولون أن يتخلى عن منصبه إلى « أماجور » والي الشام ، رفض ابن طولون ذلك ، وتوجه إلى الشام وضمها إلى مصر . لم يفكر ابن طولون بعد استقلاله السياسي عن الخلافة ، بالانفصال الديني عنها لأن الخلافة مثلت في نظره وفي نظر جمهور المسلمين ضرورة دينية لاستمرار الوحدة الإسلامية ، ولأنها تشكل رمزا يربط أجزاء العالم الإسلامي المختلفة ، فحرص على أن يستمر الدعاء للخليفة العباسي على منابر المساجد في مصر والشام ، واعترف بسلطته الروحية والدينية . وشرع أحمد بن طولون في القيام بأعمال عمرانية تعبر عن مدى اهتمامه الشديد بمصر ، وتعكس تطلعاته إلى إقامة إمارته الخاصة ، فأسس ضاحية للفسطاط هي القطائع اتخذها عاصمة لإمارته ، وبنى فيها مسجده المشهور ، وقوى الجبهة الداخلية من خلال تنمية موارد الثروة ، ومضاعفة الدخل في ميادين الإنتاج ، وأصلح أقنية الري ، والسدود الخربة . وبعد وفاة ابن طولون جاء ابنه خمارويه الذي لم تفلح دولة الخلافة في أن تزيح حكمه عن الشام ، فاضطرت إلى أن تعقد معه معاهدة صلح ضمنت للدولة الطولونية حكم مصر والشام مقابل جزية تؤديها . وبعد خمارويه الذي مات اغتيالا في دمشق ، تولى الحكم ولداه أبو العساكر جيش ثم هرون . ولم يكن هرون قادرا على مقاومة هجمات القرامطة الذين أخذوا يغيرون على المدن الشامية ، فاضطر الخليفة أبو أحمد علي المكتفي بالله إلى أن ينقذ دمشق من القرامطة بجيوش يرسلها من العراق . وكان انتصار المكتفي على القرامطة تجربة ناجحة دفعته إلى أن يتخلص من الحكم الطولوني العاجز ، فوجه قواته البحرية والبرية إلى مصر ، فدخلت الفسطاط وأزالت الحكم الطولوني الذي دام 37 سنة ، وأعادت مصر إلى كنف الدولة العباسية . خلفية تاريخية . ظهور الشعوبية في الدولة العباسية . « الشعوبية » نزعة ترمي إلى تفضيل « الشعوب » الأعجمية على « القبائل » العربية . ولعل أصل هذه التسمية يعود إلى ما فهمه بعض المفسرين من الآية القرآنية : ، فقالوا أن « شعوبا » تعني « الشعوب المتحضرة ». وقد ظهرت هذه النزعة في الدولة العباسية لأسباب كثيرة أبرزها التنوع العرقي في الدولة العباسية متناثرة الأطراف ، واستخدام الخلفاء العباسيين للعجم في قصورهم وفي أجهزة الدولة . فقد اعتمد العباسيون في تأسيس دولتهم على الفرس الناقمين على الأمويين ، بعد أن كان الأمويون يعتمدون على العنصر العربي في إدارة دولتهم وقيادة جيوشهم . وقد كافأ الخلفاء العباسيون الأولون أنصارهم من الفرس فجعلوهم وزراء وقادة . ولكن هؤلاء الخلفاء لم يلبثوا أن أدركوا أن نفوذ الوزراء الفرس قد فاق نفوذهم ، فتخلصوا منهم : هكذا فعل أبو جعفر المنصور عندما قتل وزيره أبا مسلم الخراساني ، وهكذا فعل هرون الرشيد عندما فتك بوزيره جعفر بن يحيى البرمكي ونكل بأسرته . وقد غذى هذا الصراع السياسي بين الفرس والعرب في مطلع العهد العباسي نزعة « شعوبية » ترمي إلى تفضيل الشعوب غير العربية على العرب ، وتقول إن هذه الشعوب تتفوق على العرب في الحضارة ، وفي الأدب ، والشعر . وقام جدال طويل بين طرفي النزاع ، وانتصر لكل فريق أبناؤه من الشعراء والمؤلفين والساسة . وهذا الانشقاق بين رعايا الدولة أدى إلى ولادة أولى الحركات الانفصالية عن الدولة العباسية ، بقيادة القائد العسكري طاهر بن الحسين الذي أنشأ الدولة الطاهرية في خراسان سنة 821 م . ومن العوامل الداخلية التي شجعت على انتشار الحركات الانفصالية ، اتساع رقعة الدولة العباسية ، حتى غدت إمبراطورية تبسط جناحيها على كافة أنحاء المنطقة الممتدة من حدود الصين وصولا إلى المغرب الأوسط في شمال أفريقيا . ولكن هذا الاتساع في المساحة ، بدلا من أن يكون عامل قوة في كيان الدولة ، انقلب إلى عامل ضعف فساعد على تفسخها وتفككها ، ذلك أن بعد المسافة بين أجزاء الدولة وبين عاصمتها ، وصعوبة المواصلات في ذلك الزمن ، جعلا الولاة في البلاد النائية يتجاوزون سلطاتهم ويستقلون بشؤون ولاياتهم دون أن يخشوا الجيوش القادمة من عاصمة الخلافة لإخماد حركاتهم الانفصالية ، والتي لم تكن تصل إلا بعد فوات الأوان . وساعد ضعف الخلفاء العوامل السابقة على أن تبرز وتقوى وتعمل عملها في إضعاف الدولة ، فاستغل الولاة هذا الضعف ، وقد بلغ الأمر ببعضهم أن أقاموا في بغداد وأوفدوا نوابا عنهم لإدارة ولاياتهم ، ولم يلبث هؤلاء النواب أن تطلعوا إلى الاستقلال بهذه الولايات ، وجعلوا مناصبهم وراثية في أبنائهم . وهكذا نشأت دويلات لا يربطها بالخلافة العباسية إلا تبعية اسمية . استخدام الترك في أجهزة الدولة العباسية . كان الأمويون أول من استقدم الترك من بلادهم بعد اعتناقهم الإسلام ، واستخدموهم في الجيوش وأجهزة الدولة . وبعد سقوط الدولة الأموية وقيام الدولة العباسية على أنقاضها واستقرار دعائمها في عهد أبي جعفر المنصور ، برز عدد من الشخصيات التركية الذين كان عددهم يزداد شيئا فشيئا بتوافدهم على دار الخلافة ، فاستخدمهم الخلفاء العباسيون في العصر العباسي الأول في قصورهم وائتمنوهم على أسرارهم ، وأسندوا إليهم أمر سلامتهم الشخصية . وكان أبو جعفر المنصور أول خليفة عباسي اتخذ الترك بطانة وموظفين ، فقرب حمادا التركي ووثق به وجعله من خاصته وأمناء سره . وبلغت ثقته به حدا أنه كان لا يأمن أحدا على أسرار سجلات الدولة غيره ، وكان يصر المفتاح في كم قميصه . ونفر أبو جعفر المنصور من استخدام العرب في قصوره ، ولم يرض بأن يعمل في خدمة قصره أو حرمه ، أحد من العرب ، وفضل عليهم عناصر أخرى كالترك . وهو أول من ولاهم الحجابة ، فاختار حمادا التركي حاجبا له بعد أن توطدت دعائم الدولة ، كما ولاه السواد . واستخدم أبو عبد الله محمد المهدي عددا من الترك في قصوره مثل شاكر التركي ، وهو أحد قادة الجيش في فارس ، وفرج الخادم الذي برز في عهد هرون الرشيد فيما بعد ، ويحيى بن داود الخرسي الذي ولاه مصر في سنة 162 ه الموافقة لسنة 778 م . وأدى الجند الترك في عهده دورا بارزا في محاربة الخوارج عندما ثاروا بقيادة عبد السلام اليشكري في سنة 160 ه الموافقة لسنة 776 م في باجرما . وتوسع هرون الرشيد في استخدام الترك في قصوره ودوائره وجيشه ، فكان أبو سليم فرج الخادم التركي أحد قادة جيشه ، وقد طلب منه الخليفة تعمير مدينة طرسوس وإكمال بنائها وذلك في سنة 170 ه الموافقة لسنة 786 م ، ومسرور الخادم الذي يعد بحق من أقرب الناس إلى هرون الرشيد الذي وثق به ثقة تفوق الوصف ، وقد أسند إليه مهمة التخلص من أبرز شخصية برمكية في دار الخلافة العباسية ، وأقربها إلى نفس الخليفة ، وهو جعفر بن يحيى البرمكي ، فنفذ مسرور المهمة بدقة . وضمت حاشية الرشيد بعض الترك ، واستخدم الجواري من فرغانة وأشروسنة وغيرهما ، وأضحى بعضهن محظيات ، مثل ماردة بنت شبيب ، أم المعتصم ، التي تعد من أحظى النساء لدى الرشيد ، وهي تركية . وتوسع أبو جعفر عبد الله المأمون في استخدام الترك في قصوره وجيوشه ، واستقدمهم من بلاد ما وراء النهر بعد أن دخلوا في الإسلام . وازدحمت وفودهم على بابه ، وكان يبالغ في إكرام من يرد بابه من ملوك الترك . ووصل بعض هؤلاء الترك إلى مناصب قيادية ، منهم طولون ، والد أحمد مؤسس الدولة الطولونية ، وكاوس وقد عينه المأمون واليا على أشروسنة ، وابنه الأفشين حيدر الذي يعد من كبار قادة المأمون وأحد الذين قدموا خدمات جليلة للدولة بما قاموا به من قمع العديد من الثورات . ولما بويع للمعتصم بالخلافة ، كان الصراع بين العرب والفرس ، الذين حظوا بعطف المأمون خلال السنوات الأولى من خلافته ، قد بلغ مبلغا مرتفعا ، واختلت التوازنات بين العناصر التي تكونت منها الدولة العباسية ، وقامت حركات مناهضة للدولة ذات خلفيات فارسية ، فبدأت ثقة المعتصم بالفرس تضعف . ومن جهة أخرى ، لم يركن المعتصم إلى العنصر العربي ، ولم يثق بالعرب نظرا لكثرة تقلبهم واضطرابهم وقيامهم ضد الخلفاء ، بالإضافة إلى أنهم فقدوا كثيرا من مقومات قوتهم السياسية والعسكرية فأصبحوا أقل خطورة وأضعف شأنا . حملت هذه المعطيات المعتصم على أن يوكل أمر سلامته الشخصية إلى فرقة من العنصر التركي ، لا سيما أن طباع هؤلاء النفسية والجسدية تتوافق مع مهتمهم . وأضحى لهذا العنصر أثر كبير في الحياة السياسية والاجتماعية ، وأصبح الحرس التركي دعامة من دعائم الخلافة أيام حكمه ، من واقع الحفاظ على دولته والإبقاء على خلافته في ظل الصراع العربي - الفارسي ، فاستخدم الترك في الجيش على نطاق واسع وجعلهم تحت إمرة قادة منهم ، مسددا بذلك ضربة عنيفة للقادة والجند العرب ، ولسياسة أبي جعفر المنصور التقليدية التي كانت تستهدف حفظ التوازن في الجيش بين الفرق العربية والفرق الأعجمية ، وأسكن المعتصم الترك مدينة سامراء التي بناها خصيصا لهم .

[Chunk 2]
ملوك الطوائف هي فترة تاريخية في الأندلس ؛ بدأت عام 422 ه ، عندما أعلن الوزير أبو الحزم بن جهور سقوط الدولة الأموية في الأندلس ، ما شجع أمراء الأندلس ببناء دويلات منفصلة ، وتأسيس أسرة حاكمة من أهله وذويه . في العقدين 1020 ، و : 1030 م ، بعد سقوط الخلافة ، نشأ ملوك الطوائف الذين قسموا الدولة إلى 22 دويلة ؛ منها : غرناطة وإشبيلية ، وألمرية وبلنسية ، وطليطلة وسرقسطة ، والبرازين والبداجوز ، ودانية والبليار ومورور . وبينما ورثت تلك الدويلات ثراء الخلافة ، كان فيها عدم استقرار الحكم ، والتناحر المستمر فيما بينها ، وهما سببان رئيسيان في جعلها فريسة لمسيحيي الشمال ، ووصل الأمر إلى أن ملوك الطوائف كانوا يدفعون الجزية للملك ألفونسو السادس ، وكانوا يستعينون به على بعضهم البعض . ممالك الطوائف . الفترة الثالثة ( القرن 13 م ). بالإضافة إلى ذلك ، ولكن لا تعتبر عادة من ملوك الطوائف ، وهي : موقف المتوكل على الله بن الأفطس . كان كل ملوك الطوائف الموجودين في هذه الفترة يدفعون الجزية لألفونسو السادس ومن معه ، إلا أمير مملكة بطليوس المتوكل بن الأفطس ؛ فإنه كان لا يدفع جزية للنصارى ، فأرسل له ألفونسو السادس رسالة شديدة اللهجة ، يطالبه فيها بدفع الجزية ، كما يدفعها أمراء الممالك الإسلامية المجاورة ، فأرسل له رسالة يقول فيها : « وصل إلينا من عظيم الروم كتاب مدع في المقادير وأحكام العزيز القدير ، يرعد ويبرق ، ويجمع تارة ثم يفرق ، ويهدد بجنوده المتوافرة وأحواله المتظاهرة ، ولو علم أن لله جنودا أعز بهم الإسلام ، وأظهر بهم دين نبيه محمد عليه الصلاة والسلام ، أعزة على الكافرين ، يجاهدون في سبيل الله ، ولا يخافون ، بالتقوى يعرفون ، وبالتوبة يتضرعون ، ولئن لمعت من خلف الروم بارقة فبإذن الله ، وليعلم المؤمنين ، وليميز الله الخبيث من الطيب ، ويعلم المنافقين . أما تعييرك للمسلمين فيما وهى من أحوالهم ، فبالذنوب المركومة ، ولو اتفقت كلمتنا مع سائرنا من الأملاك لعلمت أي مصاب أذقناك ؛ كما كانت آباؤك تتجرعه ، وبالأمس كانت قطيعة المنصور على سلفك ، لما أجبر أجدادك على دفع الجزية ، حتى أهدى جدك إحدى بناته إليه . أما نحن ؛ إن قلت أعدادنا ، وعدم من المخلوقين استمدادنا ، فما بيننا وبينك بحر نخوضه ، ولا صعب نروده ؛ ليس بيننا وبينك إلا السيوف ، تشهد بحدها رقاب قومك ، وجلاد تبصرها في ليلك ونهارك ، وبالله وملائكته المسومين نتقوى عليك ونستعين ؛ ليس لنا سوى الله مطلب ، ولا لنا إلى غيره مهرب ، وما تتربصون بنا إلا إحدى الحسنيين : نصر عليكم ؛ فيا لها من نعمة ومنة ، أو شهادة في سبيل الله ؛ فيا لها من جنة ، وفي الله العوض مما به هددت ، وفرج يفرج بما نددت ويقطع بما أعددت ». وختم رسالته وأرسلها إلى ألفونسو السادس ، الذي لم يستطع أن يرد ، وما استطاع أن يرسل له جيشا ليحاربه . موقف المعتمد بن عباد .

[Chunk 3]
الدولة العثمانية ، أو الدولة العلية العثمانية ( بالتركية العثمانية : دولت عليه عثمانيه ؛ بالتركية الحديثة : Yüce Osmanlı Devleti ) ، أو الخلافة العثمانية ، هي دولة إسلامية أسسها عثمان الأول بن أرطغرل ، واستمرت قائمة لأكثر من 600 سنة ، وبالتحديد من 27 يوليو 1299 م حتى 29 أكتوبر 1923 م . نشأت الدولة العثمانية بداية كإمارة حدود تركمانية تعمل في خدمة سلطنة سلاجقة الروم ، وترد الغارات البيزنطية عن ديار الإسلام ، وبعد سقوط السلطنة سالفة الذكر استقلت الإمارات التركمانية التابعة لها ، بما فيها الإمارة العثمانية ، التي قدر لها أن تبتلع سائر الإمارات بمرور الوقت . عبر العثمانيون إلى أوروبا الشرقية لأول مرة بعد سنة 1354 م ، وخلال السنوات اللاحقة تمكن العثمانيون من فتح أغلب البلاد البلقانية ، فتحولت إمارتهم الصغيرة إلى دولة كبيرة ، وكانت أول دولة إسلامية تتخذ لها موطئ قدم في البلقان ، كما قدر للعثمانيين أن يفتتحوا القسطنطينية سنة 1453 م ، ويسقطوا الإمبراطورية البيزنطية بعد أن عاشت أحد عشر قرنا ونيفا ، وذلك تحت قيادة السلطان محمد الفاتح . بلغت الدولة العثمانية ذروة مجدها وقوتها خلال القرنين السادس عشر والسابع عشر ؛ فامتدت أراضيها لتشمل أنحاء واسعة من قارات العالم القديم الثلاث : أوروبا وآسيا وأفريقيا ؛ حيث خضع لها كامل آسيا الصغرى ، وأجزاء كبيرة من جنوب شرق أوروبا ، وغربي آسيا ، وشمالي أفريقيا . وصل عدد الولايات العثمانية إلى 29 ولاية ، وكان للدولة سيادة اسمية على عدد من الدول والإمارات المجاورة في أوروبا ، التي أضحى بعضها يشكل جزءا فعليا من الدولة مع مرور الزمن ، بينما حصل بعضها الآخر على نوع من الاستقلال الذاتي . وعندما ضم العثمانيون الشام ومصر والحجاز سنة 1517 م ، وأسقطوا الدولة المملوكية بعد أن شاخت وتراجعت قوتها ، تنازل آخر الخلفاء العباسيين المقيم في القاهرة محمد المتوكل على الله عن الخلافة للسلطان سليم الأول ، ومنذ ذلك الحين أصبح سلاطين آل عثمان خلفاء المسلمين . كما كان للدولة العثمانية سيادة على بضع دول بعيدة ، إما بحكم كونها دولا إسلامية تتبع شرعا سلطان آل عثمان كونه يحمل لقب « أمير المؤمنين » و « خليفة المسلمين » ؛ كما في حالة سلطنة آتشيه السومطرية ، التي أعلنت ولاءها للسلطان في سنة 1565 م ، أو عن طريق استحواذها عليها لفترة مؤقتة ؛ كما في حالة جزيرة « أنزاروت » في المحيط الأطلسي ، والتي فتحها العثمانيون سنة 1585 م . أضحت الدولة العثمانية في عهد السلطان سليمان الأول « القانوني » ( حكم منذ عام 1520 م حتى عام 1566 م ) ، قوة عظمى من الناحيتين السياسية والعسكرية ، وأصبحت عاصمتها القسطنطينية تلعب دور همزة الوصل بين العالمين : الأوروبي المسيحي والشرقي الإسلامي ، كما كان لها سيطرة مطلقة على البحار : المتوسط والأحمر والأسود والعربي ، بالإضافة للمحيط الهندي . كان التوجه الأكاديمي السابق ينص على أنه بعد انتهاء عهد السلطان سالف الذكر ، الذي يعد عصر الدولة العثمانية الذهبي ، أصيبت الدولة بالضعف والتفسخ ، وأخذت تفقد ممتلكاتها شيئا فشيئا ، على الرغم من أنها عرفت فترات من الانتعاش والإصلاح ، إلا أنها لم تكن كافية لإعادتها إلى وضعها السابق ، غير أن التوجه المعاصر يخالف هذا الرأي ؛ إذ حافظت الدولة على اقتصادها القوي والمرن ، وأبقت على مجتمعها متماسكا طيلة القرن السابع عشر ، وشطرا من القرن الثامن عشر . لكن ، بداية من سنة 1740 م ، أخذت الدولة العثمانية تتراجع وتتخلف عن ركب الحضارة ، وعاشت فترة طويلة من الخمود والركود الثقافي والحضاري ، فيما أخذ خصومها يتفوقون عليها عسكريا وعلميا ، وفي مقدمتهم مملكة هابسبورغ النمساوية والإمبراطورية الروسية . عانت الدولة العثمانية من خسائر عسكرية قاتلة على يد خصومها الأوروبيين والروس خلال أواخر القرن الثامن عشر وأوائل القرن التاسع عشر ، وتغلغلت القوى الأوروبية في البلاد العثمانية ، وتدخلت في شؤون الدولة ، وفرض بعضها الحماية على الأقليات الدينية ، مما أدى إلى ازدياد أوضاع الدولة سوءا . وقد حثت هذه الحالة السلاطين العثمانيين كي يتصرفوا ويحاولوا انتشال السلطنة مما آلت إليه ، فكان أن أطلقت التنظيمات التي طالت الجيش والإدارة والتعليم وجوانب الحياة ، فألبست الدولة حلة معاصرة ، وتماسكت وأصبحت أكثر قوة وتنظيما من ذي قبل ، رغم أنها لم تسترجع البلاد التي خسرتها لصالح الغرب وروسيا ، بل خسرت مزيدا منها ، وخصوصا في البلقان . تحول نظام الحكم في الدولة العثمانية من الملكي المطلق إلى الملكي الدستوري في بدايات عهد السلطان عبد الحميد الثاني ، بعد أن افتتح المجلس العمومي ، وتمثلت فيه كل الولايات عن طريق نواب منتخبين ، ووضع هؤلاء دستورا للدولة . لكن ما لبث السلطان أن عطل العمل بالدستور لأسباب مختلفة ، فعادت البلاد إلى النظام الملكي المطلق طيلة 33 سنة ، عرفت باسم « العهد الحميدي » ، الذي تميز بكونه آخر عهد سلطاني فعلي ؛ نظرا لأن عبد الحميد الثاني كان آخر سلطان فعلي للدولة ، كون من تلوه كانوا مجردين من القوة السياسية . وقد تميز العهد الحميدي بتوسع نطاق التعليم ، وازدياد المؤسسات التعليمية في الدولة ، وازدياد الانفتاح على الغرب ، كما برزت فيه المطامع الصهيونية بأرض فلسطين ، وظهرت الأزمة الأرمينية . أعيد العمل بالدستور العثماني سنة 1908 م ، وسيطر حزب الاتحاد والترقي على أغلب مقاعد البرلمان ، فعادت السلطنة للنظام الملكي الدستوري ، وبقيت كذلك حتى انهارت بعد عشر سنوات . شاركت الدولة العثمانية بالحرب العالمية الأولى إلى جانب الإمبراطورية الألمانية ، في محاولة لكسر عزلتها السياسية المفروضة عليها من قبل الدول الأوروبية منذ العهد الحميدي ، وعلى الرغم من تمكنها من الصمود على عدة جبهات عانت من الثورات الداخلية التي أشعلتها الحركات القومية في الداخل العثماني ، ردا على عنصرية حزب الاتحاد والترقي من جهة ، وبسبب التحريض الأجنبي من جهة أخرى ، وفي نهاية المطاف لم تتمكن السلطنة من الصمود بوجه القوى العظمى ، فاستسلمت للحلفاء سنة 1918 م . انتهت الدولة العثمانية بصفتها السياسية بتاريخ 1 نوفمبر سنة 1922 م ، وأزيلت بوصفها دولة قائمة بحكم القانون في 24 يوليو سنة 1923 م ، بعد توقيعها على معاهدة لوزان ، وزالت نهائيا في 29 أكتوبر من نفس السنة عند قيام الجمهورية التركية ، التي تعتبر حاليا الوريث الشرعي للدولة العثمانية . كما أدى سقوط الدولة العثمانية إلى ولادة معظم دول الشرق الأوسط المعاصرة ، بعد أن اقتسمت المملكة المتحدة وفرنسا التركة العثمانية في العراق والشام ، بعد أن انتزعت منها سابقا مصر وبلاد المغرب . عرفت الدولة العثمانية بأسماء مختلفة في اللغة العربية ، لعل أبرزها هو « الدولة العلية » ، وهو اختصار لاسمها الرسمي « الدولة العلية العثمانية » ، كذلك كان يطلق عليها محليا في العديد من الدول العربية ، وخصوصا بلاد الشام ومصر ، « الدولة العثملية » ، اشتقاقا من كلمة "" عثملى "" - "" Osmanlı "" التركية ، التي تعني « عثماني ». ومن الأسماء الأخرى التي أضيفت للأسماء العربية نقلا من تلك الأوروبية : « الإمبراطورية العثمانية » ( بالتركية : Osmanlı İmparatorluğu ) ، كذلك يطلق البعض عليها تسمية « السلطنة العثمانية » ، و « دولة آل عثمان ». تركت الدولة العثمانية إرثا حضاريا غنيا في البلاد العربية وفي البلقان ؛ إذ دخلت عدة كلمات ومصطلحات تركية إلى اللغة العربية وغيرها من اللغات التي كانت شائعة في الدولة العثمانية ، وامتزجت مع المعاجم اللغوية المحلية ، وأصبحت بمرور الزمن تشكل جزءا مهما منها ، ونزلت الكثير من العائلات والأسر التركية في البلاد العربية والأوروبية الشرقية ، وتمازجت مع أهلها وذابت في وسطهم بمرور الزمن ، وكان انتشار الإسلام في أوروبا الشرقية إحدى النتائج الحتمية للفتوحات العثمانية في تلك البلاد . كما ترك العثمانيون عدة آثار معمارية شهيرة في المشرق العربي والبلقان ، فضلا عن تركيا نفسها ، كما دخلت عدة مأكولات ومشروبات تركية عثمانية إلى المطابخ البلقانية والعربية . بالمقابل ، تأثرت الثقافة التركية بالثقافتين العربية والفارسية تأثرا كبيرا خلال هذه الفترة ، لدرجة أن 88 % من مصطلحات اللغة التركية العثمانية كانت ذات أصول عربية وفارسية ، وكانت هذه اللغة سالفة الذكر ضحية سقوط الدولة العثمانية ؛ إذ زالت تدريجيا بعد ذلك ما إن قامت الجمهورية التركية ، بعد أن أزيلت منها المصطلحات الفارسية والعربية ، وطعمت بمصطلحات تركية خالصة ، فتحولت إلى اللغة التركية المعاصرة . تركت سياسة الاتحاديين ، بالإضافة إلى الاستعمار الغربي الذي تلا سقوط الدولة العثمانية ، العلاقة العثمانية العربية في حالة جدال ؛ فقد زعم الغرب والعديد من المؤرخين العرب والبلقانيين الذين داروا في فلكهم ، أن العثمانيين كانوا مستعمرين للبلاد العربية والبلقانية ، فيما أنكر آخرون هذا الكلام ، على اعتبار أن العثمانيين يشكلون امتدادا للدول الإسلامية السابقة ، وأنهم ساروا على نهجهم ، وأن وصولهم إلى شرقي أوروبا قضى على استغلالية الملوك لشعوبهم ، وأقام مقامها الحرية الفردية ، وقضى على التدخل الكاثوليكي في شؤون الأرثوذكس . التاريخ . أصل العثمانيين وموطنهم الأول . العثمانيون قوم من الترك ؛ ينسبون إثنيا إلى العرق الأصفر أو المغولي ، وهو عرق تنسب إليه شعوب آسيا الشرقية كالمغول والصينيين وغيرهم . عاش الترك قبائل وعشائر عدة ، وكان موطنهم الأول بوادي آسيا الوسطى ، ما بين جبال آلطاي شرقا وبحر قزوين غربا ، فأصل العثمانيين يعود لقبيلة من قبائل الترك هي « قبيلة قايى ». عندما استولى المغول بقيادة جنكيز خان على خراسان ، نزحت وزعيمها « كندز ألب » نحو المراعي شمالي غربي أرمينيا قرب مدينة خلاط . وعاشوا هنالك زمنا ، دلت عليهم أحجار وقبور تنسب لأجداد بني عثمان ، سوى ذلك ، لا يعلم من سياسة أمرهم إلا حكايات وأخبار ، هي للأساطير أقرب منها للحقيقة . ويستفاد من المعلومات المتوافرة أن هذه القبيلة تركت منطقة خلاط حوالي سنة 1229 م تحت ضغط الأحداث العسكرية التي شهدتها المنطقة ، بفعل الحروب التي أثارها السلطان جلال الدين الخوارزمي ، وهبطت إلى حوض نهر دجلة . قيام الدولة العثمانية ( 1299–1453 ).",كيف كانت توسعت الدولة الطولونية ؟,"وتمددت لاحقا باتجاه الشام ، لتكون بذلك أول دويلة تنفصل سياسيا عن الدولة العباسية وتتفرد سلالتها بحكم الديار المصرية والشامية","عذراً، لكن هناك خطأ في السؤال. لا يوجد أي دولة طولونية معروفة تاريخياً. يبدو أنك قد وردت معلومات عن الدولة العثمانية أو ربما كانت هناك أخطاء في الترجمة أو المعلومات الواردة.

بناءً على المعلومات المقدمة، فإن الإجابة الصحيحة ستكون حول توسعة الدولة العثمانية وليس الدولة الطولونية. 

الدولة العثمانية امتدت بشكل كبير عبر الشرق الأوسط وشمال أفريقيا خلال فترة حكمها من 1299 إلى 1923، حيث:

1. امتدت سيطرتها من شرق أوروبا حتى بلاد الشام (سوريا ولبنان والأردن).
2. غزت مصر في عام 1517.
3. احتلت الأناضول وشمال العراق وأجزاء كبيرة من الهند.
4. امتدت إلى الجزء الغربي من إفريقيا، بما في ذلك جنوب أفريقيا.
5. كانت لها سيطرة محدودة على أجزاء من شرق آسيا، مثل الصين والهند.

هذه التوسعات أدت إلى تشكيل ما أصبح يعرف بـ ""الإمبراطورية العثمانية""، والتي تعتبر أكبر دولة عربية تاريخياً في المنطقة.",0.44,0.1,0.3
"[Chunk 1]
جامعة ولاية بيلاروسيا ؛ هي جامعة في مينسك ، بيلاروسيا . تأسست في 30 أكتوبر 1921. تاريخ . في 25 فبراير 1919 ، قررت اللجنة التنفيذية المركزية لجمهورية بيلاروسيا الاشتراكية السوفياتية إنشاء أول جامعة وطنية في بيلاروسيا . ومع ذلك ، أدى احتلال الجيش البولندي لمينسك إلى تأخير هذه الخطط ، وافتتحت الجامعة فعليا في 30 أكتوبر 1921. في البداية ، كانت الجامعة تتألف من ثلاث كليات ( عمال ، وطب ، وعلوم إنسانية ) التحق بها ما مجموعه 1 ، 390 طالبا . ضمت الكلية 14 أستاذا و 49 محاضرا و 10 مدرسين مساعدين ، تم نقل معظمهم من جامعة موسكو الحكومية وجامعة قازان وجامعة تاراس شفتشينكو الوطنية في كييف . في عام 1922 ، تم إنشاء الكلية التربوية . وتخرجت الدفعة الأولى التي ضمت 34 اقتصاديا و 26 محاميا عام 1925. بدأت الجامعة بتقديم برامج الدراسات العليا عام 1927. بدأ بناء الحرم الجامعي في خريف نفس العام . في عام 1928 ، شاركت الجامعة بنشاط في إنشاء معهد الثقافة البيلاروسية الذي أعيد تنظيمه لاحقا في أكاديمية العلوم البيلاروسية . بحلول عام 1930 ، كانت الجامعة تتكون من ست كليات : العمال والطب والتربوية والاقتصاد الوطني والقانون والتنمية السوفيتية والتكنولوجيا الكيميائية . توسعت هيئة التدريس والموظفين لتشمل 49 أستاذا و 51 أستاذا مساعدا و 44 محاضرا وأكثر من 300 باحث . في مايو 1931 ، قررت مفوضية الشعب للتعليم في جمهورية بيلوروسيا الاشتراكية السوفياتية إعادة تنظيم بعض كليات جامعة بيلاروسيا الحكومية في مؤسسات جديدة للتعليم العالي : معهد مينسك الطبي ، المعهد التربوي العالي ، معهد الاقتصاد الوطني ، المعهد البيلاروسي للفنون التطبيقية ، ومعهد مينسك للقانون ( أعيد دمجه في جامعة بيلاروسيا الحكومية باسم كلية الحقوق عام 1955 ). في عام 1941 ، تألفت الجامعة من ست كليات : الكيمياء ، والفيزياء والرياضيات ، وعلم الأحياء ، والتاريخ ، والجغرافيا ، واللغات . كانت هناك أيضا كلية عمالية توفر تعليما بدوام جزئي لموظفي المصانع والمصانع بدوام كامل ، بالإضافة إلى أقسام اللغة البولندية واليديشية بدوام جزئي . التحق بالجامعة 1337 طالبا جامعيا و 60 طالب دراسات عليا ؛ ضمت الكلية 17 أستاذا و 41 أستاذا مساعدا وأكثر من 90 محاضرا . بعد احتلال ألمانيا النازية لمينسك في يونيو 1941 ، تم إجلاء بعض الطلاب وأعضاء هيئة التدريس إلى الشرق ، لكن أكثر من 450 انضموا إلى الجيش السوفيتي أو الألوية الحزبية . خلال الحرب العالمية الثانية ، تم تدمير العديد من المباني الجامعية ، بينما استخدم الألمان المباني الأخرى كمستشفيات ومكاتب . في مايو 1943 ، أعيد افتتاح جامعة ولاية بيلاروسيا في بلدة سكودنيا ، 12 كم شمال غرب موسكو . تم التبرع بالمعدات والكتب المدرسية والوسائل التعليمية وحوالي 18000 مجلد من المؤلفات العلمية للجامعة من قبل مؤسسات التعليم العالي في موسكو . في أكتوبر 1943 ، التحق حوالي 300 طالب . عادت الجامعة إلى مينسك في صيف عام 1944 واستؤنفت الدراسة . تم افتتاح نصب تذكاري للطلاب وأعضاء هيئة التدريس والموظفين الذين ماتوا في الحرب العالمية الثانية في الحرم الجامعي في عام 1975. في عام 1949 ، تم تسمية الجامعة على اسم فلاديمير لينين للاحتفال بالذكرى الثلاثين لجمهورية بيلوروسيا الاشتراكية السوفياتية . تم ترميم مرافق أبحاث ما قبل الحرب في الغالب بحلول أوائل الخمسينيات من القرن الماضي . بحلول عام 1957 ، كانت الجامعة تتكون من سبع كليات . بلغ عدد أعضاء هيئة التدريس 29 أستاذا و 160 أستاذا مساعدا و 150 مدرسا . في عام 1957 ، تم تعيين عالم التحليل الطيفي البارز أنطون سيانكا عميدا لجامعة ولاية بيلاروسيا . قاد الجامعة لمدة 15 عاما وأشرف على توسعها الكبير . في عام 1958 ، تم تقسيم كلية الفيزياء والرياضيات إلى قسمين ، كليتي الفيزياء والرياضيات .

[Chunk 2]
فلاديمير إيفانوفيتش فورونكوف ( ؛ 21 يونيو 1953 ) موظف في السلك الدبلوماسي الروسي ، شغل منذ عام 2011 منصب الممثل الدائم لروسيا لدى المنظمات الدولية في فيينا . وفي يونيو 2017 ، عينته الأمم المتحدة أول وكيل وزارة لمكتب الأمم المتحدة الجديد لمكافحة الإرهاب . النشأة والتعلم . ولد فلاديمير في موسكو ، وهو ابن أستاذي تاريخ . فكان أبوه ، إيفان ألكساندروفيتش فورونكوف ( 1921 -1983 ) ، رئيسا لقسم في جامعة موسكو الحكومية ( MSU ) ، وكانت أمه تدرس في معهد الدراسات الآسيوية والأفريقية في جامعة ولاية ميشيغان . حصل فلاديمير فورونكوف على درجات البكالوريوس والماجستير والدكتوراه في التاريخ من جامعة ولاية ميشيغان . وفي 1974 -75 و 1977 -78 درس في جامعة وارسو . تتعلق أطروحته بحزب الفلاحين البولندي في 1918 -1922. يجيد اللغتين الإنجليزية والبولندية . مسار مهني . بعد حصوله على الدكتوراه ، التحق فورونكوف بمعهد الاقتصاد في الأكاديمية السوفيتية للعلوم وأصبح مترجما بولنديا للجنة المركزية ، مترجما لرئيس الحزب المركزي ليونيد بريجنيف وكونستانتين تشيرنينكو . التحق فلاديمير بوزارة الخارجية السوفيتية في عام 1989 وعمل حتى عام 1994 ملحقا صحفيا في بولندا في السفارة السوفيتية ثم الروسية . ومنذ 1994 شغل مناصب مختلفة في وزارة الخارجية في موسكو وبولندا وفيينا . ومن عام 2008 إلى عام 2011 ، شغل منصب مدير إدارة التعاون الأوروبي في الوزارة . وفي عام 2011 ، عين ممثلا دائما للاتحاد الروسي لدى الأمم المتحدة والمنظمات الدولية الأخرى في فيينا . في يونيو 2017 ، عين الأمين العام للأمم المتحدة أنطونيو غوتيريش فلاديمير ليكون أول وكيل أمين عام لمكتب الأمم المتحدة لمكافحة الإرهاب ، الذي أنشئ في 15 يونيو 2017. وكان من المتوقع أن يحصل روسي على هذا المنصب ، إذ كانت لروسيا الأولوية لتسلم المنصب ، لأنها كانت العضو الدائم الوحيد في مجلس الأمن التابع للأمم المتحدة الذي لم يكن لأحد من مواطنيها منصب رئيسي في الأمم المتحدة . الحياة الشخصية . فلاديمير متزوج من إيرينا بافلوفنا فورونكوفا ، وله بنت ، اسمها داريا . حصل في عام 2002 ، على وسام الاستحقاق من بولندا .

[Chunk 3]
جامعة أموسوف شمال شرق الاتحادية المعروفة سابقا باسم جامعة ياكوتسك الحكومية هي أكبر مؤسسة للتعليم العالي في شمال شرق روسيا وهي واحدة من الجامعات الفيدرالية العشر . يوجد لدى الجامعة أربعة مقار جامعية حيث يقع المقر الرئيسي في ياكوتسك بسيبيريا ومقرات أخري في ميرني ونريونغري وأنادير في أوكروغ تشوكوتكا . يبلغ عدد الطلاب الجامعيين أكثر من 16000 طالب ، بينما تضم أكثر من 500 طالب في الدراسات العليا . يعمل في الجامعة 1600 عضو أكاديمي . من بين هؤلاء 200 حاصل على درجة دكتوراه ، 800 مرشح للحصول على درجة علمية . هناك 15 معهدا و 9 كليات و 3 فروع جامعية في ميرني و نريونغري و أنادير و 5 معاهد بحثية رئيسية . 119 دورة درجة متاحة للطلاب . تحتوي الجامعة علي 9 مباني و 12 مبنى سكني تقع معظمها في الحرم الجامعي . يوجد في المكتبة 1 ، 500 ، 000 كتاب ودورية ومواد أخرى . يوجد بالجامعة محطة جيولوجيا ميدانية ، ومتحف للآثار والإثنوغرافيا ، وحديقة نباتية . يوجد ملعب وحمام سباحة ومركز اجتماعي . يتمتع الطلاب والموظفون بإمكانية الوصول المجاني إلى شبكة وايفاي في جميع مباني الجامعة وقاعات الإقامة . التاريخ . تأسست الجامعة رسميا في أبريل 2010 تحت مسمي جامعة ولاية أموسوف ياكوتسك ، الجامعة التي لها 75 عاما من التاريخ . تحمل الجامعة اسم مكسيم كيروفيتش أموسوف ، رجل دولة بارز ، وأحد مؤسسي دولة ياقوتيا وقيرغيزستان . أدت الإصلاحات الأخيرة في الاتحاد الروسي إلى إنشاء شبكة جديدة من الجامعات الفيدرالية . هذا الاتجاه نحو الاندماج والتحديث في التعليم الجامعي العالي هو أمر نموذجي في العديد من البلدان . كما تظهر التجربة الدولية ، فإن الدعم المالي الإضافي من الحكومة يعزز الجودة العالية للتعليم والأداء العالي في التصنيفات الدولية . من المقرر أن تصبح الجامعة مركزا استراتيجيا لتشكيل فضاء ثقافي وعلمي وتعليمي مشترك ، بناء على قيم الثقافة الأصلية لشعوب شمال شرق روسيا ، مما يوفر تعليما شخصيا عالي الجودة في مجتمع متعدد الأعراق البيئة . تمت الموافقة على برنامج تطوير الجامعة حتى عام 2020 من قبل فلاديمير بوتين في 7 أكتوبر 2010. وتم تحديد المجالات ذات الأولوية التالية : في جميع مجالات الأنشطة الجامعية ، تم الشروع في تحولات واسعة النطاق ، في المقام الأول لإنشاء أساس علمي ومنهجي موحد . تم وضع خطة شاملة للانتقال إلى نظام تعليمي من مستويين ، والجوانب العلمية والمنهجية لبرامج التعليم الأساسي ، وبرامج الماجستير المبتكرة جاهزة للتنفيذ ، ويتم إعادة هيكلة جميع أقسام التعليم .",من كان عميدا لجامعة ولاية بيلاروسيا في عام 1957 ؟,عالم التحليل الطيفي البارز أنطون سيانكا,أنطون سيانكا,0.92,0.9,0.91
"[Chunk 1]
إسماعيل بن القاسم بن سويد العنزي أبو إسحاق ، وهناك رأيان في نسبه ، الأول أنه مولى عنزة والثاني « أنه عنزي صليبة وهذا قول ابنه محمد وما تأخذ به عدد من الدراسات الأكاديمية » ، ولد في عين التمر سنة 130 ه / 747 م . ثم انتقل إلى الكوفة ، كان بائعا للجرار ، مال إلى العلم والأدب ونظم الشعر حتى نبغ فيه ، ثم انتقل إلى بغداد ، واتصل بالخلفاء ، فمدح الخليفة المهدي والهادي وهارون الرشيد . يعد من مقدمي المولدين ، من طبقة بشار بن برد وأبي نواس وأمثالهما . كان يجيد القول في الزهد والمديح وأكثر أنواع الشعر في عصره . سبب تسميته . أبو العتاهية كنية غلبت عليه لما عرف به في شبابه من مجون ، وقيل أطلقها عليه الخليفة المهدي بقوله : « أراك متخلطا متعتها » ، وقيل بل كان له ولد اسمه « عتاهية » وأنكر بعضهم ذلك ، وقيل لحبه المجون والخلاغة في أوائل حياته ، ثم كف عن ذلك ومال إلى التنسك والزهد ، وانصرف عن ملذات الدنيا والحياة ، وشغل بخواطر الموت ، ودعا الناس إلى التزود من دار الفناء إلى دار البقاء . اتصاله بالخلفاء . كان أبو العتاهية في بدء أمره يبيع الجرار ، ثم قدم من الكوفة إلى بغداد مع إبراهيم الموصلي ، ثم افترقا ونزل الحيرة ، ولم يكن الخليفة المهدي قد سمع بذكره حتى قدم بغداد ، فاستدعاه إلى قصره ، واستمع إلى شعره فأعجب به ونال رضاه ، وعلت مكانته عنده ، واتفق أن عرف ( عتبة ) جارية الخليفة المهدي . فأولع بها وطفق يذكرها في شعره ، فغضب الخليفة المهدي وحبسه ، ثم لما توفي المهدي هجر الشعر مدة ، فبلغ ذلك الخليفة هارون الرشيد ، فسجنه مع أحد المتهمين ممن حكم عليه بالقتل ، فلما قتل أمامه قيل له هل تعود إلى الشعر أو يفعل بك مثله ، فقبل أن يعود إلى الشعر ، لكن الرشيد أبطأ في إخراجه من السجن فكتب إليه يقول : فرق له ، ووقع في رقعته : لا بأس عليك ، فاطمأن إلى ذلك . ثم تمادى مكثه في الحبس فكتب إليه : فأمر بإطلاقه . ، ولكن أبو العتاهية آثر العزلة والزهد في الدنيا والتذكير بالآخرة ، وسخر شعرة لهذا الغرض ، وبقي على ذلك مدة خلافة الرشيد والأمين وأكثر أيام المأمون حتى وفاته سنة 211 ه . ببغداد . ويتميز شعره بسهولة الألفاظ ووضوح المعاني ، ويمثل روحية فقير هجر الحياة وملذاتها وسلك طريق الآخرة . اتهامه بالزندقة . رمي أبو العتاهية كغيره من الشعراء والأدباء بتهمة الزندقة والمانوية ، مع ما بينهم من التفاوت في ثبوتها واعترافهم بها ، إلا أن أبو العتاهية يختلف كثيرا عن غيره ، فقد سخر شعره لرد تلك التهم ونفيها عن نفسه ، وهذه التهم وإن كانت قليلة في المصادر المتقدمة ، كما في الأغاني للأصفهاني ، وطبقات الشعراء لابن المعتز ، إلا أن بعض كتاب التاريخ في العصر الحديث أشاعوا تلك التهم وحاولوا اثباتها وصرفها عن سياقها وواقعها التاريخي دون أن يوردوا نفيه لها من خلال شعره ، وأنها في الحقيقة كانت تعبر عن فترة متقدمة يسيرة من حياته قبل أن يتحول عنها . ومن اللافت للنظر أن الأصفهاني نفسه أورد دفاع أبو العتاهية عن نفسه حيث قال : "" زعم الناس أني زنديق ، والله ماديني إلى الله إلا التوحيد ، فقيل له : فقل شيئا نتحدث به عنك ؛ فقال : وقال في الإيمان بالقضاء والقدر واليوم الآخر :

[Chunk 2]
محمد بن عبد الوهاب بن سليمان التميمي ( 1115 - 1206 ه ) ( 1703 م - 1791 م ) عالم دين سني حنبلي ، يعتبره البعض من مجددي الدين الإسلامي في شبه الجزيرة العربية حيث شرع في دعوة المسلمين للتخلص من البدع والخرافات ونبذ الشرك التي انتشرت في أطراف الدولة العثمانية حول ولاية الحجاز وولاية اليمن والربع الخالي . ولد في العيينة وسط نجد سنة 1115 ه الموافق من عام 1703 م ، لأسرة ينسب إليها عدد من علماء الدين ، كان جده سليمان بن علي بن مشرف من أشهر العلماء في الجزيرة العربية في عصره ، وكذلك كان والده عالما فقيها على مذهب الإمام أحمد بن حنبل وأحد القضاة المعروفين ، فقد تولى القضاء في عدة جهات ؛ مثل : العيينة وحريملاء ، وكان عمه الشيخ إبراهيم بن سليمان من مشاهير العلماء في تلك البلاد . تعلم القرآن الكريم وحفظه عن ظهر قلب وعمره عشر سنين وقرأ على أبيه في الفقه ، وتذكر مصادر الترجمة أنه كان مشهورا حينئذ بحدة ذهنه وسرعة حفظه وحبه للمطالعة في كتب التفسير والحديث وكلام العلماء في أصل الإسلام حتى إن أباه كان يتعجب من فهمه ويقول : لقد استفدت من ولدي محمد فوائد من الأحكام . سافر إلى مكة والمدينة لتحصيل المزيد من العلم والتقى في سفره بالعديد من العلماء ، ودرس على يد الشيخ عبد الله بن سيف والشيخ محمد حياة السندي ، والشيخ علي أفندي الداغستاني الدمشقي فأخذ عنهم بقية علومه ، ثم توجه إلى الأحساء فأخذ عن شيوخها كالشيخ عبد اللطيف العفالقي الأحسائي ، وزار البصرة ودرس على الشيخ محمد المجموعي البصري ، وأنكر على بعض العلماء ما سمعه من الآراء التي لا تتفق مع الإسلام ، وشرع في الدعوة إلى العودة إلى ما كان عليه النبي وأصحابه . توفي في الدرعية وكان ابتداء المرض به في شوال ، ثم كانت وفاته في يوم الاثنين من آخر الشهر في عام 1206 ه . الروضة ( 2 / 154 ) النشأة . نسبه وأسرته . هو محمد بن عبد الوهاب بن سليمان بن علي بن محمد بن أحمد بن راشد بن بريد بن محمد بن مشرف بن عمر بن معضاد بن ريس بن زاخر بن محمد بن علوي بن وهيب بن قاسم بن موسى بن مسعود بن عقبه بن سنيع بن نهشل بن شداد بن زهير بن شهاب بن ربيعة بن أبي سود بن مالك بن حنظلة بن مالك بن زيد مناة بن تميم بن مر . من المشارفة آل مشرف من المعاضيد من فخذ آل زاخر من قبيلة الوهبة من بني حنظلة من قبيلة بني تميم فيقال له ( المشرفي ) نسبة إلى جده مشرف وأسرته آل مشرف ، ويقال : ( الوهيبي ) نسبة إلى جده وهيب . أما والدته ؛ فهي ابنة محمد بن عزاز المشرفي الوهيبي التميمي . زوجته . بعد أن خرج محمد بن عبد الوهاب من بلدة حريملاء ، توجه تلقاء بلدة العيينة ، فتلقاه أميرها عثمان بن حمد بن معمر وزوجه عمته الجوهرة بنت عبد الله بن معمر .

[Chunk 3]
"" الشيخ "" أبو إسحاق إبراهيم بن محمد بن إبراهيم بن يوسف أطفيش ( 1305 ه - 1385 ه ) ( 1888 م - 1965 ). هو رجل دين وأديب وفقيه إباضي جزائري من أهل بني يسقن في وادي ميزاب ، كان من كبار العاملين في سبيل وحدة المسلمين كما في تعبير بعض من ترجموا له . وانتقل في مرحلة من مراحل حياته إلى تونس للدراسة في الزيتونة ، وشارك في حركة تونس الوطنية بزعامة عبد العزيز الثعالبي ، ولا سيما في مقاومة الفرنسيين مما اضطرهم لإبعاده إلى مصر . وفي مصر أنشأ مجلة المنهاج ، وعمل في دار الكتب المصرية ، فشارك في تحقيق بعض كتب التراث ، ثم كان ممثلا عن لدولة إمامة عمان في جامعة الدول العربية ، ورئيسا لوفدها الرسمي في هيئة الأمم المتحدة ، وكان قبل ذلك قد أسس أول مكتب سياسي لعمان في القاهرة . كان أطفيش يكتب المقالات ، وله العديد من المقالات السياسية والاجتماعية كانت تنشر في بعض المجلات والصحف المصرية . ولادته ونشأته . ولد ببلدة بني يزقن من قرى وادي ميزاب جنوب الجزائر ، في أحضان عائلة كريمة متدينة ، أنجبت للعالم الإسلامي عالما فذا من علماء الجزائر وهو عمه قطب الأئمة الحاج محمد بن يوسف اطفيش ( ت : 1914 م ). حياته . أتم إبراهيم حفظ القرآن في الحادية عشرة من عمره ، ثم أخذ مبادئ العلوم العربية والشرعية على يد عمه القطب أمحمد بن يوسف اطفيش في مسقط رأسه ، ثم عن المصلح العالم عبد القادر المجاوي بالجزائر العاصمة . في سنة 1917 م يمم تونس ضمن بعثة علمية ، فالتحق بجامع الزيتونة ، وكان مثار إعجاب مشايخه ، ذكاء وأخلاقا وسعة علم . وما لبث أن استهوته السياسة بأجوائها الحماسية الوطنية ، فأصبح عضوا بارزا في حزب الدستور التونسي بزعامة عبد العزيز الثعالبي صحبة زملائه في البعثة أبي اليقظان ، ومحمد الثميني ، وصالح بن يحي . عرف أبو إسحاق في الأوساط السياسية والثقافية بكرهه الشديد للاستعمار الفرنسي الذي نفاه من الجزائر إلى تونس ، وعرف بنشاطه ذاك في الأوساط التونسية ، وما لبث أن جاءه قرار النفي والإبعاد من السلطات الفرنسية على أن يختار أي بلد يشاء ، فاختار مصر التي وصلها في 23 فبراير 1923 م ، وهي نفس الفترة التي نفي فيها كل من الأمير خالد بن عبد القادر الجزائري ، وعبد العزيز الثعالبي الذين تربطهما بأبي إسحاق روابط العمل الوطني . في مصر تزوج بنت المفكر والكاتب قاسم بن سعيد بن قاسم بن سليمان الشماخي المسماة سبيعة . أصل قاسم من جربة بتونس وأصل العائلة الشماخية من يفرن بليبيا . أنجب منها جميع أبنائه الخمسة وأختا لهم ، وقد قضت زوجته آخر أيامها في ميزاب بالجزائر بعد وفاة زوجها ( دفن في مقبرة الشماخي ) مع ابنها الربيع ، ودفنت هناك . وفي القاهرة وجد المجال واسعا للعمل الوطني ، فنشط في ميدان السياسة والفكر وقام بأعمال جليلة في الصحافة ، وتحقيق التراث ، والتأليف ، إلى جانب نشاطه الاجتماعي مع الجمعيات الخيرية ذات التوجه الإصلاحي الإسلامي . أعماله ونشاطاته .",من هو أبو العتاهية ؟,كان أبو العتاهية في بدء أمره يبيع الجرار,"أبو العتاهية كان شاعراً وبائعاً للجرار، ملّك العلم والأدب، نبغ في الشعر، وكان من أهل الزهد والتأمل.",0.91,0.91,0.91
"[Chunk 1]
أونيروكريتيكا أو تعبير الرؤيا و هي أطروحة يونانية قديمة حول تعبير الرؤيا كتبها أرطميدورس الإفسي في القرن الثاني الميلادي ، وهي أول عمل يوناني موجود حول هذا الموضوع ، يتألف من خمسة كتب . وكانت الأجزاء الثلاثة الأولى مخصصة للجمهور العام ، حيث تتضمن معالجة شاملة لموضوع الأحلام ، بينما كتب الجزآن الأخيران للاستخدام الخاص لابن الكاتب ، وهو مبتدئ في تفسير الأحلام . وقد نقش أرطميدورس اسمه على الكتاب "" أرطميدورس الإفسي من دالديس "" ، على الرغم من أنه ولد في إفسس ، ليحتفل بمكان ولادة والدته في ليديا والذي كان مجهولا . يقترح أرطميدورس أن الأحلام فريدة لكل فرد ، وأن حياة الشخص اليقظة ستؤثر على الرموز في أحلامه . ويظهر أنه يدرك قدرة العقل الحالم على استخدام الاستعارات في رسائله . ميشيل فوكو ، الذي يناقش أونيروكريتيكا في """" هوس الذات "" ، الجزء الثالث من سلسلته "" تاريخ الجنسانية """" ( 1976 -1984 ) ، يصف النص كدليل عملي وتجريبي . ووفقا لفوكو ، يكشف العمل عن أنماط ثقافية بارزة تتعلق ب "" التجربة الأخلاقية للمحرضات الجنسية "". الكتب . تقسم الكتب الثلاثة الأولى الأحلام إلى مجموعات رئيسية . يخصص الكتاب الأول لتشريح ونشاط الجسم البشري : 82 قسما يفسر ظهور المواضيع مثل حجم الرأس والأكل والنشاط الجنسي في الأحلام . على سبيل المثال ، يذكر القسم 52 ، بشأن نشاط واحد للجسم : "" جميع الأدوات التي تقطع وتقسم الأشياء إلى نصفين تدل على الخلافات والفصائل والإصابات .. وتشير الأدوات التي تسطح السطوح إلى نهاية العداوات "". يتناول الكتاب الثاني الأشياء والأحداث في العالم الطبيعي ، مثل الطقس والحيوانات والآلهة والطيران . ويشمل القسم المتعلق بالحيوانات الثدييات ( المنزلية والبرية ) والكائنات البحرية والزواحف وتلك التي تطير . وهكذا ، في الفصل 12 نجد : "" هناك تشابه بين جميع الحيوانات البرية وأعدائنا . يدل الذئب على عدو عنيف .. أما الثعلب فيشير إلى أن العدو لن يهاجم علنا ولكنه سيخطط بمكر ."" أما الكتاب الثالث هو منوع . ينتقل أرطميدورس من محتوى الأحلام إلى منهجية تعبير الرؤيا في الكتاب الرابع ، الذي يوجهه إلى ابنه . ويقول أن المترجم يحتاج إلى معرفة خلفية الحالم ، مثل مهنته وصحته ووضعه وعاداته وعمره . يجب مراعاة مدى ممكنية محتوى الحلم ، والتي لا يمكن القيام بها دون الرجوع إلى الحالم . يجب على المترجم معرفة كيف يشعر الموضوع بكل جزء من الحلم . وفي الكتاب الخامس ، يقدم أرتيميدوروس 95 حلما آخر جمعها ، ليستخدمها ابنه كمادة تدريبية . يؤكد أرطميدورس على الطبيعة التجريبية لأبحاثه ، "" لم أعتمد على أي نظرية بسيطة للاحتمالات ولكن بالأحرى على الخبرة وشهادة الإنجازات الفعلية للأحلام ."" أخذته أبحاثه إلى مدن في اليونان وإيطاليا وجزرها الكبيرة وآسيا الصغرى . ويشير إلى أنه راجع جميع المؤلفات المتوفرة حول الأحلام ، وأنه قضى سنوات في التشاور مع المترجمين الشفويين .

[Chunk 2]
الفلسفة ( لغويا من اليونانية ، ، philosophia ، والتي تعني حرفيا « حب الحكمة ») هي دراسة الأسئلة العامة والأساسية عن الوجود والمعرفة والقيم والعقل والاستدلال واللغة . غالبا ما تطرح مثل هذه الأسئلة كمسائل لدراستها أو حلها . ربما صاغ مصطلح « فيلسوف ( محب الحكمة )» هو الفيلسوف وعالم الرياضيات فيثاغورس ( 570 - 495 قبل الميلاد ). تشمل الأساليب الفلسفية الاستجواب والمناقشة النقدية والحجة المنطقية والعرض المنهجي . تشمل الأسئلة الفلسفية الكلاسيكية : هل من الممكن معرفة أي شيء وإثباته ؟ ما هو الأكثر واقعية ؟ يطرح الفلاسفة أيضا أسئلة أكثر عملية وملموسة مثل : هل هناك طريقة أفضل للعيش ؟ هل من الأفضل أن تكون عادلا أو غير عادل ( إذا كان بإمكان المرء أن يفلت من العقاب ) ؟ هل لدى البشر إرادة حرة ؟ تاريخيا ، « الفلسفة » تشمل أي مجموعة من المعرفة . من وقت الفيلسوف اليوناني القديم أرسطو إلى القرن التاسع عشر ، شملت « الفلسفة الطبيعية » علم الفلك والطب والفيزياء . على سبيل المثال ، أصبحت المبادئ الرياضية للفلسفة الطبيعية التي وضعها إسحاق نيوتن في عام 1687 مصنفة لاحقا ككتاب في الفيزياء . في القرن التاسع عشر ، قاد نمو جامعات الأبحاث الحديثة الفلسفة الأكاديمية وغيرها من التخصصات إلى الاحتراف والتخصص . في العصر الحديث ، أصبحت بعض التحقيقات التي كانت جزءا تقليديا من الفلسفة من التخصصات الأكاديمية المنفصلة ، بما في ذلك علم النفس وعلم الاجتماع واللغويات والاقتصاد . ظلت التحقيقات الأخرى المرتبطة ارتباطا وثيقا بالفن أو العلوم أو السياسة أو غيرها من المساعي جزءا من الفلسفة . على سبيل المثال ، هل الجمال موضوعي أو ذاتي ؟ هل هناك العديد من الأساليب العلمية أو طريقة واحدة فقط ؟ هل اليوتوبيا السياسية حلم يبعث على الأمل أو خيال ميئوس منه ؟ الحقول الفرعية الرئيسية تشمل الفلسفة الأكاديمية الميتافيزيقيا (« المعنية بالطبيعة الأساسية للواقع والوجود ») ، نظرية المعرفة ( حول « طبيعة وأسباب المعرفة وحدودها وصلاحيتها ») ، والأخلاقيات ، وعلم الجمال والفلسفة السياسية والمنطق وفلسفة العلوم . مقدمة . المعرفة . تقليديا ، يشير مصطلح « الفلسفة » إلى أي مجموعة من المعرفة . وبهذا المعنى ، ترتبط الفلسفة ارتباطا وثيقا بالدين والرياضيات والعلوم الطبيعية والتعليم والسياسة . تم تصنيف مبادئ نيوتن التي سميت الأصول الرياضية للفلسفة الطبيعية الذي كتب في عام 1687 ، في العقود الأخيرة ككتاب للفيزياء . استخدم مصطلح « الفلسفة الطبيعية » لأنه كان يشمل التخصصات التي أصبحت مرتبطة فيما بعد بعلوم مثل علم الفلك والطب والفيزياء . في الجزء الأول من الكتاب الأول من الأكاديميين ، قدم شيشرون تقسيم الفلسفة إلى المنطق والفيزياء والأخلاق . لقد كان ينسخ تقسيم الأبيقور لمذهبه إلى الشريعة والفيزياء والأخلاق . في القسم الثالث عشر من كتابه الأول عن حياة وآراء الفلاسفة البارزين ، أسس ديوجين لايرتيوس ، المؤرخ في القرن الثالث ، أول مؤرخ للفلسفة ، التقسيم التقليدي للبحث الفلسفي إلى ثلاثة أجزاء : هذا التقسيم ليس قديما ولكنه تغير . انقسمت الفلسفة الطبيعية إلى العلوم الطبيعية المختلفة ، وخاصة علم الفلك والفيزياء والكيمياء وعلم الأحياء وعلم الكونيات . ولدت الفلسفة الأخلاقية العلوم الاجتماعية ، لكنها لا تزال تشمل نظرية القيمة ( بما في ذلك الجماليات والأخلاق والفلسفة السياسية ، وما إلى ذلك ). ولدت الفلسفة الميتافيزيقية العلوم الشكلية مثل المنطق والرياضيات وفلسفة العلوم ، لكنها ما زالت تشمل نظرية المعرفة وعلم الكونيات وغيرها . التقدم الفلسفي . العديد من المناقشات الفلسفية التي بدأت في العصور القديمة لا تزال تناقش اليوم . يدعي كولين ماكغين وآخرون أنه لم يحدث تقدم فلسفي خلال الفترة المعاصرة . على النقيض من ذلك ، يرى ديفيد تشالمرز وغيرهم تقدما في الفلسفة مشابها للتقدم في العلوم ، بينما قال تالبوت بروير إن « التقدم » هو المعيار الخاطئ الذي يتم من خلاله الحكم على النشاط الفلسفي .

[Chunk 3]
تنص نظرية الجسد المتاح لمرة واحدة المفسرة للشيخوخة على أن الكائنات الحية تتقدم في العمر نتيجة المقايضة التطورية بين النمو والتكاثر واستمرار عملية ترميم الدنا . تدعي النظرية التي صاغها توم كيركوود أن الكائن الحي يملك كمية محدودة فقط من الموارد المخصصة لعملياته الخلوية المختلفة . لذلك ، ستؤدي زيادة الاستثمار في النمو والتكاثر إلى تقليل عمليات ترميم الحمض النووي ، مما يؤدي إلى زيادة الضرر الخلوي وقصر القسيمات الطرفية وتراكم الطفرات وضعف الخلايا الجذعية ، وهذا ما يقود بالنهاية إلى الهرم - أو الشيخوخة . ظهرت العديد من النماذج الحيوانية والبشرية الداعمة لهذه النظرية ، ولكن لا تزال بعض أجزائها موضعا للجدل . تعتبر المفاضلة التطورية بين النمو والشيخوخة من الأمور المدروسة بشكل جيد ، ولكن لم تحظ العلاقة بين التكاثر والشيخوخة بإجماع علمي ، وما يزال جزء كبير من الآليات الخلوية غير مكتشف لغاية الآن . خلفية ونبذة تاريخية . اقترح عالم الأحياء البريطاني توماس كيركوود لأول مرة نظرية الجسد المتاح لمرة واحدة في مراجعة لمجلة نيتشر عام 1977. استلهم كيركوود فكرته من نظرية كارثة الخطأ التي كتبها ليزلي أورغل ونشرها قبل أربعة عشر عام في 1963. يعتقد أورغل أن عملية الشيخوخة نشأت بسبب الطفرات المكتسبة أثناء عملية النسخ . طور كيركوود نظرية الجسد المتاح لمرة واحدة ليصل عمل أورغل مع علم الوراثة التطوري . المبادئ . تفترض نظرية الجسد المتاح لمرة واحدة وجود مفاضلة بين الموارد المخصصة لعمليات الترميم الجسدية وتلك المخصصة للإنجاب . سيكون انخفاض الاستثمار في ترميم الحمض النووي ضارا من الناحية التطورية ؛ فقد يموت الكائن الحي قبل وصوله لسن الإنجاب . ومع ذلك ، يعتبر الإفراط في الترميم ضارا أيضا من الناحية التطورية ؛ بسبب ارتفاع احتمال موت نسل المرء قبل الوصول لسن الإنجاب . لذلك ، يكون تقسيم الموارد أفضل حل للتوفيق بين تلك العمليات . ومع ذلك ، يعتقد الباحثون أن هذا الحل يضر بأنظمة الترميم الجسدية ، وهذا يؤدي إلى تلف الخلايا والشيخوخة التدريجية . يمكن تصنيف تكاليف الترميم إلى ثلاث مجموعات : ( 1 ) تكاليف التحمل المتزايد للأجزاء غير المتجددة . ( 2 ) تكاليف تجديد الخلايا . ( 3 ) تكاليف الترميم داخل الخلوي . باختصار ، تعتبر الشيخوخة الثمن الذي ندفعه لزيادة القوة الإنجابية خلال فترة الشباب . آليات . النمو والترميم الجسدي . أجريت الكثير من الأبحاث حول التأثيرات المضادة لزيادة النمو على طول فترة الحياة ، وخاصة تأثيرات عامل النمو شبيه الانسولين -1. يرتبط هذا الهرمون بمستقبلات خلوية ليحفز بذلك سلسلة من عمليات الفسفرة ( شلال فسفرة ). يسفر الشلال عن فسفرة الكينازات لبروتينات فوكس وإلغاء تنشيطها . يؤدي تعطيل بروتينات فوكس إلى خسارة التعبير عن الجينات المشاركة في الاستجابة للإجهاد التأكسدي المنتج لمضادات التأكسد وبروتينات شابرون وبروتينات الصدمة الحرارية . بالإضافة إلى ذلك ، يحفز امتصاص عامل النمو شبيه الانسولين -1 مسار هدف الثدييات من الراباميسين الذي ينشط تخليق البروتين ( وبالتالي النمو ) من خلال زيادة تنظيم S 6 K 1 المعزز للترجمة ، كما يمنع امتصاصه الالتهام الذاتي ؛ وهي عملية ضرورية لإعادة تدوير المنتجات الخلوية التالفة . يؤدي تراجع الالتهام الذاتي إلى التنكس العصبي وتراكم البروتينات والشيخوخة المبكرة . أخيرا ، أشارت الدراسات أيضا إلى دور مسار هدف الثدييات من الراباميسين في تغيير الاستجابة المناعية وتحفيز مثبطات الكيناز المعتمدة على السيكلين – كالبروتين بي 16 وبي 21. يغير ما سبق بيئة الخلايا الجذعية ويساهم في استهلاكها ؛ وهي نظرية أخرى مفسرة لشيخوخة . التكاثر والترميم الجسدي . يقلل التكاثر طول فترة حياة الكائنات متعددة الخلايا ، ولكن ما تزال الآلية الدقيقة المسؤولة عن هذا التأثير غير واضحة . بينت العديد من الأمثلة هذه العلاقة العكسية ،","ما هي أطروحة "" أونيروكريتيكا "" ؟","هي أطروحة يونانية قديمة حول تعبير الرؤيا كتبها أرطميدورس الإفسي في القرن الثاني الميلادي ، وهي أول عمل يوناني موجود حول هذا الموضوع ، يتألف من خمسة كتب","أونيروكريتيكا هي أطروحة يونانية حول تعبير الأحلام، كتبها أرطميدورس الإفسي.",0.9,0.91,0.9
"[Chunk 1]
سرقة الفن ، التي تسمى أحيانا الاختطاف الفني ، هي سرقة اللوحات أو المنحوتات أو غيرها من أشكال الفن البصري من المعارض أو المتاحف أو المواقع العامة والخاصة . غالبا ما يعاد بيع المسروقات أو يستخدمها المجرمون ضمانا لتأمين القروض . تسترد نسبة صغيرة من الفن المسروق بما يقدر بنحو 10 %. تدير العديد من الدول فرق شرطة للتحقيق في سرقة الفن والتجارة غير المشروعة في الفن والآثار المسروقة . تشمل بعض قضايا السرقة الفنية سرقة لوحة الموناليزا من متحف اللوفر في عام 1911 بواسطة الموظف فينتشنزو بيروجيا . والسرقة الأخرى هي سرقة لوحة الصرخة ، التي سرقت من متحف مونش في عام 2004 ، ولكنها استعيدت في عام 2006. حدثت أكبر سرقة فنية من حيث القيمة في متحف إيزابيلا ستيورات غاردنر في بوسطن ، عندما سرق 13 عملا فنيا ، تبلغ قيمتها مجتمعة 500 مليون دولار في عام 1990. ولا تزال القضية دون حل . السرقة الفردية . العديد من اللصوص مدفوعون بحقيقة أن القطع الفنية القيمة تساوي ملايين الدولارات وتزن بضعة كيلوغرامات فقط على الأكثر . أيضا ، تتمتع معظم المتاحف البارزة بإجراءات أمنية مشددة للغاية ، ولكن العديد من الأماكن التي تحتوي على مجموعات فنية بملايين الدولارات لديها تدابير أمنية سيئة بطريقة غير متناسبة . وهذا يجعلها عرضة للسرقات الأكثر تعقيدا بالقليل من التخريب وبالاستيلاء النموذجي ، ولكنها توفرعائدا محتملا كبيرا . يستهدف اللصوص أحيانا الأعمال بناء على أساس إلمامهم بالفنان ، بدلا من سمعة الفنان في عالم الفن أو القيمة النظرية للعمل . لسوء حظ اللصوص ، من الصعب للغاية بيع الأعمال الفنية الأكثر شهرة والقيمة دون الوقوع ، لأنه من شبه المؤكد أن أي مشتر مهتم سيعرف أن العمل مسروق والإعلان عنه مخاطرة إذ يمكن لأي شخص أن يتصل بالسلطات . من الصعب أيضا على المشتري عرض العمل للزوار دون الاعتراف بأنه مسروق ، وهكذا يتجاوز الكثير موضوع امتلاك الفن . وبدلا من ذلك تحتجز العديد من الأعمال الفنية الشهيرة للحصول على فدية من المالك الشرعي ، وحتى إعادتها دون فدية بسبب نقص العملاء في السوق السوداء . تخاطر العودة للحصول على فدية أيضا بنصب كمين . بالنسبة لأولئك الذين لديهم مجموعات كبيرة ، مثل ماركز تشولموندلي في قاعة هوتون ، فإن خطر السرقة لا يكاد يذكر وليس قابلا للتفاوض . سرقت لوحة البطة البيضاء لجان باتيست أودري من مجموعة تشولموندلي في قاعة هوتون عام 1990. ولا تزال اللوحة مفقودة . إجراءات احتياطية في المتاحف . يمكن للمتاحف اتخاذ العديد من الإجراءات لمنع سرقة الأعمال الفنية ، بما في ذلك وجود مرشدين أو حراس لمشاهدة العناصر المعروضة ، وتجنب المواقف التي تحظر فيها خطوط رؤية الكاميرا الأمنية ، وتثبيت اللوحات على الجدران باستخدام أسلاك معلقة ليست رفيعة للغاية وذات أقفال . إدراك سرقة الفن . ترعى مؤسسة سميثسونيان المؤتمر الوطني لحماية الممتلكات الثقافية ، الذي يعقد سنويا في واشنطن العاصمة دي سي . يستهدف المؤتمر المهنيين في مجال حماية الممتلكات الثقافية . منذ عام 1996 ، نشرت شبكة أمن المتاحف التي تتخذ من هولندا مقرا لها الأخبار والمعلومات المتعلقة بقضايا فقدان الممتلكات الثقافية واستردادها . منذ تأسيسها ، جمعت شبكة أمن المتاحف ونشرت أكثر من 45000 تقرير عن الحوادث المتعلقة بالممتلكات الثقافية . حصل مؤسس شبكة أمن المتاحف ، تون كريمرز ، على جائزة روبرت بيرك للمؤتمر الوطني لحماية الممتلكات الثقافية . شهد عام 2007 تأسيس جمعية البحوث في الجرائم المرتكبة ضد الفن ( أركا ). أركا هو مجمع تفكير غير ربحي مخصص بشكل أساسي لرفع إدراك الجريمة الفنية ( تزوير الفن والتخريب وكذلك السرقة ) بصفته موضوعا أكاديميا .

[Chunk 2]
بورتريه شاب هي لوحة زيتية للفنان الإيطالي رفائيل يعتقد بأنها بورتريه ذاتي . خلال الحرب العالمية الثانية سرقها النازيون من بولندا . يعتبرها العديد من المؤرخين أهم لوحة مفقودة منذ الحرب العالمية الثانية .

[Chunk 3]
متحف إيزابيلا ستيوارت غاردنر هو متحف للفنون يقع في بوسطن في ولاية ماساتشوستس . يضم مجموعة كبيرة من الأعمال الفنية من أوروبا وآسيا والولايات المتحدة . تشمل مجموعته لوحات ومنحوتات ومفروشات وزخرفيات . تأسس المتحف على يد إيزابيلا ستيوارت غاردنر ، التي أوصت أن تعرض مجموعتها الفنية دائما في سبيل « تعليم الجمهور وتمتعه بها إلى الأبد ». سرقة متحف ايزابيلا ستيوارت غارنر . في وقت مبكر من صباح يوم 18 مارس 1990 ، سرق لصان متنكرين بزي ضباط شرطة المتحف ثم تم سرقة ثلاثة عشر عملا تبلغ قيمتها حوالي 500 مليون دولار ، . من بين الأعمال كانت الحفلة الموسيقية ( منذحوالي 1664 ) ، وهي واحدة من 34 لوحة فقط عرفها يوهانس فيرمير ويعتقد أنها اللوحة الأكثر قيمة غير المستردة بأكثر من 200 مليون دولار . مفقود أيضا هو العاصفة على بحيرة طبريا ( 1633 ) ، المنظر البحري الوحيد المعروف لرامبرانت . لم يتم استرداد الأعمال . عرض المتحف في البداية مكافأة قدرها 5 ملايين دولار مقابل معلومات تؤدي إلى استعادة الفن ، تضاعفت في مايو 2017 إلى 10 ملايين دولار . يتم وضع إطارات فارغة معلقة في معرض الغرفة الهولندية كعناصر نائبة للأعمال المفقودة . حير اختيار الأعمال المسروقة الخبراء ، حيث توجد أعمال فنية أكثر قيمة في المتحف . وفقا لمكتب التحقيقات الفيدرالي ، تم نقل العمل الفني المسروق عبر المنطقة وعرضه للبيع في فيلادلفيا خلال أوائل القرن الحادي والعشرين . ويعتقد هؤلاء اللصوص أعضاء في منظمة إجرامية مقرها في منتصف المحيط الأطلسي و نيو انغلاند . انتهى قانون التقادم على السرقة ولكن يمكن توجيه تهم جنائية إذا تبين أن الفرد يمتلك ممتلكات مسروقه أعظم سرقة لوحات معروفة في التاريخ",ما هي إحدى اللوحات المشهورة التي تمت سرقتها في هذه السرقة ؟,"الحفلة الموسيقية,لوحة الموناليزا.",الحفلة الموسيقية وعاصفة بحيرة طبريا.,0.8,0.91,0.7
"[Chunk 1]
الساموراي السبعة ( "" شيتشينين نو ساموراي "") هو فيلم ياباني بالأبيض والأسود قام « أكيرا كوروساوا » بإخراجه عام 1954 م . الإنتاج . أنتجت استوديوهات « توهو » اليابانية الفيلم ، وبلغت تكاليفه حوالي 300 مليون ين ، وهي قيمة ضخمة آنذاك . طالت مدة تصويره أكثر من اللازم وتوقفت عدة مرات بسبب تجاوز الميزانية الأصلية ، إلا أن الفيلم أخرج في النهاية . بلغت مدة الفيلم في نسخته الأصلية حوالي الثلاث ساعات ونصف الساعة ، فقامت استوديوهات « توهو » المنتجة باستقطاع حوالي ساعة كاملة منه ، حقق الفيلم نجاحا تجاريا كبيرا في اليابان والعالم ، ويصعب اليوم القول إذا كان لحركة « توهو » دور في ذلك أم لا . الأسلوب . يصنف الفيلم ضمن الأفلام التاريخية الحربية اليابانية ، وهو نوع كان شائعا في السينما اليابانية ، إلا أن « كوروساوا » أعطى روحا جديدة لهذا النوع من الأفلام ، فقد كان أول من صور المعارك بطريقة واقعية عنيفة ، كانت الأفلام السابقة تتميز بحركة مشاهدها البطيئة . انقطع العمل الجديد مع الأفلام السابقة من حيث الأسلوب المتكلف الخارج عن المألوف في معالجة المشاهد الدرامية ، فقد جاءت نهاية رجال الساموراي عن طريق طلقة نارية وليس بضربة سيف كما جرت العادة ، وهو أمر لم يتعود عليه جمهور المشاهدين ، استعاد لاحقا المخرج الإيطالي « سيرجيو ليوني » الأسلوب نفسه في أفلام رعاة البقر . قام المخرج الأمريكي « جون ستورغس » باقتباس القصة في فيلمه « العظماء السبعة » ( 1960 م ). القصة . اعتادت مجموعة من قطاع الطرق الصعاليك التهجم على القرى النائية وسلب أهلها ، في إحدى المرات قرر القرويون وضع حد لهذه الهجمات ، فأرسلوا بعضا منهم للبحث عن رجال ساموراي يمكنهم القبول بتولي مهمة الدفاع عن القرية . بعد أخذ ورد استطاعوا اقناع « كامبيي » ( ويقوم بدوره « تاكاشي شيمورا ») وهو ساموراي مخضرم ، فقام بتجنيد خمسة رجال آخرين ثم انضاف إلى الفرقة « كيكتشييو » (« توشيرو ميفوني ») وهو شخص خفيف الروح وذو شخصية عفوية مندفعة . معا قام رجال الساموراي بتدريب القرويين على قواعد القتال والدفاع عن النفس ، لتبدأ بعدها المعركة مع الصعاليك . انتهت أحداث الفيلم بالقضاء على العصابة فيما قتل بعض الساموراي والقرويين أثناء المعركة .

[Chunk 2]
يعرف الكاتب والمخرج الإيراني الكبير عباس كياروستامي باستخدامه الخاص للتقنيات والموضوعات التي يمكن التعرف عليها على الفور من خلال مشاهدة أفلامه وهي كالتالي : الأسلوب السينمائي على الرغم من مقارنة عباس كياروستامي بأشخاص في المجال مثل الهندي ساتياجيت راي ، الإيطالي فيتوريو ديسيكا والفرنسيان إريك رومر وجاك تاتي ، فإن أفلامه تمثل أسلوبا فريدا لها أسلوب بين ، غالبا بتقنيات ابتكرها كياروستامي بنفسه ، والتي أطلق عليها اسم "" أسلوب كياروستامي السينمائي "" و "" الأسلوب الكياروستامي "". أثناء تصوير عباس كياوستامي لفيلمه الأول "" "" نان وكوه "" "" أي بالعربية : الخبز والزقاق ، اختلف كياروستامي مع مصوره السينمائي المتمرس حول كيفية تصوير الصبي والكلب المهاجم . كان المصور ينوي أن يأخذ انطباعات منفصلة عن نهج الصبي . خطط المصور لالتقاط لقطات مقربة للصبي أثناء دخوله وإغلاق الباب ، متبوعا بالكلب . كان رأي كياروستامي أنه إذا تم تصوير هذه المشاهد الثلاثة معا ، فسيكون التأثير أعمق وسيخلق حالة من القلق . استغرق تصوير نفس المشهد أربعين يوما . قال كياروستامي لاحقا إن تقسيم المشاهد قد يعطل إيقاع ومحتوى بنية الفيلم ، مشيرا إلى أنه يحب تصوير المشهد كوحدة واحدة وهذا سيكون أمر مميز . على عكس المخرجين الآخرين في المجال ، فهو غير مهتم بتطوير مهارته في الإخراج من خلال عرض مشاهد قتالية باهظة الثمن ومتطرفة أو مشاهد مطاردة متقنة في الإنتاج . بدلا من ذلك ، حاول استخدام وسيلة الفيلم بطريقته الفريدة . قال ما يلي عن وجهة نظر تصويره السينمائي في مجال صناعة الأفلام : أسس عباس كياروستامي أسلوبه الخاص عندما ابتكر ثلاثية الزلازل الخاصة به . ومع ذلك ، كان يجرب طرقا جديدة في صناعة الأفلام باستخدام طرق مختلفة للإخراج . تم تصوير معظم الفيلم 10 ، على سبيل المثال ، في سيارة المتحركة ، لم يكن فيها كياروستامي حاضرا بنفسه . وعمل على تقديم النصائح اللازمة للممثلين ووضع الكاميرا في لوحة القيادة ثم صورهم أثناء قيادتهم للسيارة في أنحاء العاصمة الإيرانية طهران . يمكن للكاميرا أن تتحرك ، باستخدام سلسلة من اللقطات المقربة الشديدة ، لتصوير وجوه الأشخاص وهم يمارسون أنشطتهم اليومية العادية . تقدم الأفلام التي أخرجها عباس كياروستامي تعريفا آخر للفيلم . وفقا لأساتذة الأفلام والسينما ، مثل جمشيد أكرمي ، على عكس العديد من صانعي الأفلام المعاصرين الآخرين ، حاول عباس كياروستامي باستمرار تقديم تعريف جديد لمفهوم الفيلم من خلال إجبار الجمهور على أن يكون أكثر تفاعلا . في السنوات الأخيرة ، قام أيضا بتقليص حجم أفلامه بشكل تدريجي ، والذي جعل أكرمي يعتقد أن كياروستامي يقلل من إنتاجه السينمائي من جهد جماعي إلى ملف شخصي فني بسيط . فيما يتعلق بأسلوبه البسيط الفريد ، يقول عباس كياروستامي عن نفسه : من السمات الخاصة للأفلام التي يخرجها عباس كياروستامي أنه في بعض أعماله توجد إشارات إلى أعماله الأخرى . ويجادل ستيفن برانسفورد بأن أفلام كياروستامي لا تحتوي على إشارات إلى أعمال المخرجين الآخرين ، ولكنها تحتوي على العديد من الإشارات إلى عمله الخاص . يجادل برانسفورد بأن أفلام كياروستامي غالبا ما تشكل احتجاجا مستمرا : فيلم عباس كياروستامي يردد جزئيا صدى لفيلم سابق له ، ويكشف عن نقاطه العمياء . التحليل النمطي . في السنوات الماضية ، تم نشر العديد من الكتب أو الدراسات بعدة لغات كالفرنسية والألمانية والإنجليزية واليابانية حول أسلوب كياروستامي السينمائي . وفي كتاب كياروستامي ، سينما الشعر والحداثة ، الذي نشر في النمسا ، قام بتحليل أحد أشكال أسلوب كياروستامي السينمائي . لعبت الخلفية المرئية ل Kiarostami دورا رئيسيا في تطوير الجماليات وتراكمت الدقة البصرية . كان التأطير والمنظور وتأثيرات

[Chunk 3]
بينما نعيش ، هو فيلم دراما وكوميديا سويدي أخرجه وكتب نصه المخرج البوركينابي داني كوياتي وأنتجه هذا الأخير بالاشتراك مع ماريا لارسون غوربيون وجولين سيري . يعد هذا الفيلم أول فيلم سويدي يخرجه داني كوياتي . الفيلم من بطولة طاقم تمثيل مكون من كل من جوزيت بوشيل مينغو وآذم كانياما وRichard Sseruwagi ، إلى جانب ماريكا يندستروم وستين ليونغرين وفيليب ليثنر في أدوار ثانوية . صورت جميع مشاهد الفيلم في مدينة مالمو السويدية .",كيف تم تصوير الفيلم ؟,آيفون 7 بلس,تم تصوير الفيلم باستخدام تقنيات خارقة وتقسيم المشاهد كوحدة واحدة.,0.3,0.92,0.21
