retrieved_context,question,reference,response,faithfullness,answer_relevance,answer_correctness
"[Chunk 1]
الأشخاص: جمال احمد حمزة خاشقجي
المنظمات: قناة العرب الاخبارية
الأماكن: السعودية، المدينة المنورة
التواريخ: 13 اكتوبر 1958، 2 اكتوبر 2018
النص: جمال أحمد حمزة خاشقجي ( 13 أكتوبر 1958 ، المدينة المنورة - 2 أكتوبر 2018 ) ، صحفي وإعلامي سعودي ، رأس عدة مناصب لعدد من الصحف في السعودية ، وتقلد منصب مستشار ، كما أنه مدير عام قناة العرب الإخبارية سابقا

[Chunk 2]
الأشخاص: جمال احمد حمزة خاشقجي
المنظمات: قناة العرب الاخبارية
الأماكن: السعودية، المدينة المنورة
التواريخ: 13 اكتوبر 1958، 2 اكتوبر 2018
النص: جمال أحمد حمزة خاشقجي ( 13 أكتوبر 1958 ، المدينة المنورة - 2 أكتوبر 2018 ) ، صحفي وإعلامي سعودي ، رأس عدة مناصب لعدد من الصحف في السعودية ، وتقلد منصب مستشار ، كما أنه مدير عام قناة العرب الإخبارية سابقا .

[Chunk 3]
المنظمات: الجمهورية التركية، الروم
الأماكن: اضول، البل، رق العربي، والان، والمش، وشمال افريقيا
التواريخ: 22 م
النص: هو زعيم عشيرة قايى التركية وعامل سلاجقة الروم على إحدى إمارات الثغور الأناضولية ومؤسس السلالة العثمانية التي حكمت البلقان والأناضول والمشرق العربي وشمال أفريقيا طيلة 600 عام إلى أن انقضى أجلها مع إعلان قيام الجمهورية التركية سنة 1922 م",من هو جمال أحمد حمزة خاشقجي ؟,صحفي وإعلامي,"صحفي وإعلامي سعودي، رأس عدة مناصب لعدد من الصحف في السعودية، وتقلد منصب مستشار، كما أنه مدير عام قناة العرب الإخبارية سابقا.",0.92,0.91,0.93
"[Chunk 1]
المنظمات: للدولة السعودية، واشنطن بوست
التواريخ: 2017
النص: ويكتب عمودا في صحيفة واشنطن بوست منذ 2017 ، وصف في الصحف وأجهزة الاعلام العالمية بأنه "" وفي للدولة السعودية "" و "" منتقد لسياساتها ""

[Chunk 2]
الأشخاص: جي كوداما، كونا، ي شينشا، يرو ياماموتو
المنظمات: استد، انيم، نن سندي، ون تي في، يو طوكيو، يومي
الأماكن: اليابان
التواريخ: 18 يونيو 1994، 8 اغسطس 2017
النص: ففي 8 أغسطس 2017 وصلت مانغا المحقق كونان إلى الفصل 1000 من فصول السلسلة تنشر المانغا أسبوعيا في مجلة شونن سندي الأسبوعية منذ 18 يونيو 1994 ، ثم يتم إنتاج حلقات الأنمي الخاصة بها بواسطة استديو طوكيو موفي شينشا ، ويخرج الحلقات كينجي كوداما وياسويشيرو ياماموتو وتعرض في اليابان على قناة نيبون تي في وقناة يوميؤوري وقناة أنيماكس

[Chunk 3]
الأشخاص: ld joh، دونالد جون ترامب
المنظمات: للولايات المتحدة الامريكية
الأماكن: الولايات المتحدة
التواريخ: 14 يونيو 1946، 20 يناير 2017
النص: دونالد جون ترامب ( بالإنجليزية Donald John Trump ) ( ولد في 14 يونيو 1946 ) هو الرئيس الخامس والأربعون للولايات المتحدة الأمريكية والحالي منذ 20 يناير 2017 ، وهو أيضا رجل أعمال وملياردير أمريكي ، وشخصية تلفزيونية ومؤلف أمريكي ورئيس منظمة ترامب ، والتي يقع مقرها في الولايات المتحدة أسس ترامب وأدار عدة مشاريع وشركات ومنتجعات ترفيهية ، التي تدير العديد من الكازينوهات ، الفنادق ، ملاعب الغولف ، والمنشآت الأخرى في جميع أنحاء العالم ، ساعد نمط حياته ونشر علامته التجارية وطريقته الصريحة بالتعامل مع السياسة في الحديث",في أي صحيفة قام بكتابة عمود منذ عام 2017 ؟,واشنطن بوست,كتب عمودا في صحيفة واشنطن بوست منذ 2017.,0.66,0.93,0.91
"[Chunk 1]
الأشخاص: خاشقجي، سلمان بن عبد العزيز، محمد بن سلمان
المنظمات: الحكومة السعودية
الأماكن: السعودية، اليمن
التواريخ: سبتمبر 2017
النص: غادر خاشقجي السعودية في سبتمبر 2017 ، وكتب بعد ذلك مقالات صحفية انتقد فيها الحكومة السعودية انتقد خاشقجي بصورة كبيرة ولي العهد السعودي محمد بن سلمان ، والملك سلمان بن عبد العزيز وكذلك عارض التدخل العسكري في اليمن

[Chunk 2]
الأشخاص: جمال احمد حمزة خاشقجي
المنظمات: قناة العرب الاخبارية
الأماكن: السعودية، المدينة المنورة
التواريخ: 13 اكتوبر 1958، 2 اكتوبر 2018
النص: جمال أحمد حمزة خاشقجي ( 13 أكتوبر 1958 ، المدينة المنورة - 2 أكتوبر 2018 ) ، صحفي وإعلامي سعودي ، رأس عدة مناصب لعدد من الصحف في السعودية ، وتقلد منصب مستشار ، كما أنه مدير عام قناة العرب الإخبارية سابقا .

[Chunk 3]
الأشخاص: جمال احمد حمزة خاشقجي
المنظمات: قناة العرب الاخبارية
الأماكن: السعودية، المدينة المنورة
التواريخ: 13 اكتوبر 1958، 2 اكتوبر 2018
النص: جمال أحمد حمزة خاشقجي ( 13 أكتوبر 1958 ، المدينة المنورة - 2 أكتوبر 2018 ) ، صحفي وإعلامي سعودي ، رأس عدة مناصب لعدد من الصحف في السعودية ، وتقلد منصب مستشار ، كما أنه مدير عام قناة العرب الإخبارية سابقا",متى غادر خاشقجي السعودية ؟,"في سبتمبر 2017 ،",غادر خاشقجي السعودية في سبتمبر 2017.,0.92,0.92,0.93
"[Chunk 1]
المنظمات: المملكة العربية السعودية
الأماكن: الجنوب الغربي من قارة اسيا، السعودية، الشرق الاوسط، شبه الجزيرة العربية
النص: السعودية ورسميا المملكة العربية السعودية هي أكبر دولة في الشرق الأوسط وتقع تحديدا في الجنوب الغربي من قارة آسيا وتشكل الجزء الأكبر من شبه الجزيرة العربية إذ تبلغ مساحتها حوالي مليوني كيلومتر مربع

[Chunk 2]
المنظمات: المملكة العربية السعودية
الأماكن: الجنوب الغربي من قارة اسيا، الشرق الاوسط، شبه الجزيرة العربية
النص: السعودية أو ( رسميا المملكة العربية السعودية ) هي دولة عربية ، وتعد أكبر دولة في الشرق الأوسط وتقع تحديدا في الجنوب الغربي من قارة آسيا وتشكل الجزء الأكبر من شبه الجزيرة العربية إذ تبلغ مساحتها حوالي مليوني كيلومتر مربع

[Chunk 3]
الأماكن: السعودية، ايران، بالشرق الاوسط، غرب اسيا
النص: وهي ثاني أكبر دول بالشرق الأوسط من حيث عدد السكان بعد مصر باجمالي 81 مليون نسمة وكذلك ثاني أكبر بلدان الشرق الاوسط مساحة بعد السعودية بمساحة تبلغ 1 ، 648 ، 195 كم 2 ما يجعلها تحتل المرتبة الثامنة عشر بين بلدان في العالم من حيث المساحة تتميز ايران بموقع جيوسياسي يجعلها نقطة التقاء لثلاث مجالات آسيوية ( غرب آسيا ووسطها وجنوبها )",أي دولة هي أكبر دولة في الشرق الأوسط ؟,المملكة العربية السعودية ),السعودية.,0.93,0.91,0.91
"[Chunk 1]
المنظمات: الدولة العثمانية، كس بيكو
الأماكن: البحر المتوسط، البحر الميت، بحيرة طبريا، سان ريمو، سورية، فلسطين، لبنان، والاردن، يج العقبة
النص: عقب الحرب العالمية الأولى وتبعاتها من سقوط الدولة العثمانية التي كانت تسيطر على فلسطين ومعاهدة سيفر ومؤتمر سان ريمو واتفاقية سايكس بيكو ، رسمت حدود الإنتداب البريطاني على فلسطين ، فكانت الحدود تمتد بشكل طولي من الشمال إلى الجنوب على نحو أربع درجات عرض ، حيث تمتد بين دائرتي عرض 29 , 30 و 33 , 15 شمالا وبين خطي الطول 34 , 15 و 35 , 40 شرقا ، بمساحة 26 , 990 كم 2 ، بما في ذلك بحيرة طبريا ونصف البحر الميت يحدها من الغرب البحر المتوسط بساحل طوله 224 كم ، ومن الشرق سورية والأردن ، ومن الشمال لبنان ، ومن الجنوب مصر وخليج العقبة

[Chunk 2]
المنظمات: الدولة العثمانية، كس بيكو
الأماكن: البحر المتوسط، البحر الميت، بحيرة طبريا، سان ريمو، سورية، فلسطين، لبنان، والاردن، يج العقبة
النص: عقب الحرب العالمية الأولى وتبعاتها من سقوط الدولة العثمانية التي كانت تسيطر على فلسطين ومعاهدة سيفر ومؤتمر سان ريمو واتفاقية سايكس بيكو ، رسمت حدود الإنتداب البريطاني على فلسطين ، فكانت الحدود تمتد بشكل طولي من الشمال إلى الجنوب على نحو أربع درجات عرض ، حيث تمتد بين دائرتي عرض 29 , 30 و 33 , 15 شمالا وبين خطي الطول 34 , 15 و 35 , 40 شرقا ، بمساحة 26 , 990 كم 2 ، بما في ذلك بحيرة طبريا ونصف البحر الميت يحدها من الغرب البحر المتوسط بساحل طوله 224 كم ، ومن الشرق سورية والأردن ، ومن الشمال لبنان ، ومن الجنوب مصر وخليج العقبة

[Chunk 3]
الأماكن: الجنوب الغربي، الشام، دي عربة، والشرق
النص: أما باقي الحدود فهي امتداد لبادية الشام في الشمال والشرق وصحراء النفوذ في الجنوب ، ووادي عربة إلى الجنوب الغربي",ما هي الحدود في الشمال ؟,يحدها من الشمال العراق والأردن,"تمتد الحدود في الشمال بين دائرتي عرض 29 , 30 شمالا.",0.6,0.7,0.33
"[Chunk 1]
الأشخاص: ابراهيم باشا، تركي بن عبد الله بن محمد، محمد بن سعود
المنظمات: ال سعود، السعودية، حايل
الأماكن: الجزيرة العربية، الدر، الرياض، المملكة السعودية
التواريخ: 115، 130، 189، 8 ه، عام 1233 ه / 1818 م
النص: حكم آل سعود تاريخيا في نجد ومناطق واسعة من الجزيرة العربية أكثر من مرة ، وتعتبر المملكة السعودية الحالية نتاجا ووارثة لتلك الكيانات التاريخية ، أول تلك الكيانات إمارة الدرعية التي أسسها محمد بن سعود سنة 1157 ه / 1744 وظلت حتى قاد إبراهيم باشا جيش والي مصر العثماني في حملة للقضاء عليها عام 1233 ه / 1818 م ، ويشار إلى تلك المرحلة باسم "" الدولة السعودية الأولى "" ، ولكن لم يطل الوقت بعد سقوط الدولة الأولى حتى أقام تركي بن عبد الله بن محمد إمارة جديدة لآل سعود في نجد ، اتخذت من الرياض عاصمة واستمرت حتى انتزع حكام إمارة حائل إمارة الرياض من آل سعود سنة 1308 ه / 1891 ، ويشار إلى تلك المرحلة ب "" الدولة السعودية الثانية ""

[Chunk 2]
الأشخاص: عبد العزيز ال سعود
المنظمات: العربية، رشيد، مملكة الحجاز
الأماكن: الحجاز، الرياض، السعودية، المملكة، طنة نجد
التواريخ: 1 ه / 23 سبتمبر 1932، 131، 135، 190، 9 ه، يناير من عام 1926
النص: لاحقا استرد عبد العزيز آل سعود الشاب سنة 1319 ه / 1902 إمارة الرياض من يد آل رشيد ، وتوسع مسيطرا على كامل نجد 1921 وتسمت بسلطنة نجد حتى نجح عبد العزيز بانتزاع مملكة الحجاز من يد الهاشميين ، فنصب ملكا على الحجاز في يناير من عام 1926 ، وبعدها بعام غير لقبه من سلطان نجد إلى ملك نجد ، وسميت المناطق التي يسيطر عليها مملكة الحجاز ونجد وملحقاتها ، وظلت بذلك الاسم حتى وحد عبد العزيز جميع المناطق التي يسيطر عليها في كيان واحد ، وكان ذلك في 1351 ه / 23 سبتمبر 1932 وأعلن اسمها "" المملكة العربية السعودية ""

[Chunk 3]
المنظمات: المملكة العربية السعودية
الأماكن: الجنوب الغربي من قارة اسيا، الشرق الاوسط، شبه الجزيرة العربية
النص: السعودية أو ( رسميا المملكة العربية السعودية ) هي دولة عربية ، وتعد أكبر دولة في الشرق الأوسط وتقع تحديدا في الجنوب الغربي من قارة آسيا وتشكل الجزء الأكبر من شبه الجزيرة العربية إذ تبلغ مساحتها حوالي مليوني كيلومتر مربع",ما هي الكيانات الأولى في المملكة العربية السعودية ؟,أول تلك الكيانات إمارة الدرعية,"كما هو مذكور في السياق، الكيانات الأولى في المملكة العربية السعودية هي إمارة الدرعية التي أسسها محمد بن سعود سنة 1157 ه / 1744.",0.93,0.93,0.91
"[Chunk 1]
الأماكن: الركن الشمالي الشرقي من قارة افريقيا، جمهورية مصر العربية، شبه جزيرة سيناء، قارة اسيا
النص: مصر أو ( رسميا جمهورية مصر العربية ) هي دولة عربية تقع في الركن الشمالي الشرقي من قارة أفريقيا ، ولديها امتداد آسيوي ، حيث تقع شبه جزيرة سيناء داخل قارة آسيا فهي دولة عابرة للقارات ، قدر عدد سكانها ب 104 مليون نسمة ، ليكون ترتيبها الثالثة عشر بين دول العالم بعدد السكان والأكثر سكانا عربيا

[Chunk 2]
المنظمات: السودان، جمهورية مصر العربية
الأماكن: اسراييل، البحرين الابيض والاحمر، الركن الشمالي الشرقي من قارة افريقيا، الشمال الشرقي، العربية، جمهورية، شبه جزيرة سيناء، فلسطين، قارة اسيا، ليبيا، وقطاع غزة
النص: مصر أو رسميا جمهورية مصر العربية هي دولة عربية تقع في الركن الشمالي الشرقي من قارة أفريقيا ، ولديها امتداد آسيوي ، حيث تقع شبه جزيرة سيناء داخل قارة آسيا فهي دولة عابرة للقارات ، قدر عدد سكانها ب 104 مليون نسمة ، ليكون ترتيبها الثالثة عشر بين دول العالم بعدد السكان والأكثر سكانا عربيا ولجمهورية مصر العربية سواحل طويلة على البحرين الأبيض والأحمر ، وتشترك بحدود مع سبعة دول وكيانات فيحدها في الشمال الشرقي منطقة فلسطين ( إسرائيل وقطاع غزة ) بطول 265 كم ، ويحدها من الغرب ليبيا على امتداد خط بطول 1115 كم ، كما تشترك مع السودان بأطول حدود برية لها بطول 1280 كم

[Chunk 3]
الأماكن: الشرق الاوسط، غربي اسيا، وشبه جزيرة سيناء، ي افريقيا
النص: تقع في قلب الشرق الأوسط وتصل بين غربي آسيا وشمالي أفريقيا بوقوعها وشبه جزيرة سيناء عند نقطة التقاء القارتين",أين تقع مصر ؟,"تقع في الركن الشمالي الشرقي من قارة أفريقيا ،","تقع مصر في الركن الشمالي الشرقي من قارة أفريقيا، ولديها امتداد آسيوي حيث تقع شبه جزيرة سيناء داخل قارة آسيا.",0.92,0.91,0.91
"[Chunk 1]
المنظمات: السودان، جمهورية مصر العربية
الأماكن: اسراييل، البحرين الابيض والاحمر، الركن الشمالي الشرقي من قارة افريقيا، الشمال الشرقي، العربية، جمهورية، شبه جزيرة سيناء، فلسطين، قارة اسيا، ليبيا، وقطاع غزة
النص: مصر أو رسميا جمهورية مصر العربية هي دولة عربية تقع في الركن الشمالي الشرقي من قارة أفريقيا ، ولديها امتداد آسيوي ، حيث تقع شبه جزيرة سيناء داخل قارة آسيا فهي دولة عابرة للقارات ، قدر عدد سكانها ب 104 مليون نسمة ، ليكون ترتيبها الثالثة عشر بين دول العالم بعدد السكان والأكثر سكانا عربيا ولجمهورية مصر العربية سواحل طويلة على البحرين الأبيض والأحمر ، وتشترك بحدود مع سبعة دول وكيانات فيحدها في الشمال الشرقي منطقة فلسطين ( إسرائيل وقطاع غزة ) بطول 265 كم ، ويحدها من الغرب ليبيا على امتداد خط بطول 1115 كم ، كما تشترك مع السودان بأطول حدود برية لها بطول 1280 كم

[Chunk 2]
المنظمات: الجمهورية التونسية
الأماكن: البحر الابيض المتوسط، الجزاير، الجنوب الشرقي ليبيا، تونس، شمال افريقيا
النص: تونس ، رسميا الجمهورية التونسية ، هي دولة تقع في شمال أفريقيا يحدها من الشمال والشرق البحر الأبيض المتوسط ومن الجنوب الشرقي ليبيا ( 459 كم ) ومن الغرب الجزائر ( 965 كم )

[Chunk 3]
المنظمات: الدولة العثمانية، كس بيكو
الأماكن: البحر المتوسط، البحر الميت، بحيرة طبريا، سان ريمو، سورية، فلسطين، لبنان، والاردن، يج العقبة
النص: عقب الحرب العالمية الأولى وتبعاتها من سقوط الدولة العثمانية التي كانت تسيطر على فلسطين ومعاهدة سيفر ومؤتمر سان ريمو واتفاقية سايكس بيكو ، رسمت حدود الإنتداب البريطاني على فلسطين ، فكانت الحدود تمتد بشكل طولي من الشمال إلى الجنوب على نحو أربع درجات عرض ، حيث تمتد بين دائرتي عرض 29 , 30 و 33 , 15 شمالا وبين خطي الطول 34 , 15 و 35 , 40 شرقا ، بمساحة 26 , 990 كم 2 ، بما في ذلك بحيرة طبريا ونصف البحر الميت يحدها من الغرب البحر المتوسط بساحل طوله 224 كم ، ومن الشرق سورية والأردن ، ومن الشمال لبنان ، ومن الجنوب مصر وخليج العقبة",ما طول الحدود الليبية ؟,"1115 كم ،",1115 كيلومتر.,0.76,0.92,0.93
"[Chunk 1]
الأماكن: الاسكندرية، الحض، القاهرة، وادي النيل والدلتا
النص: ويتركز أغلب سكان مصر في وادي النيل وفي الحضر ويشكل وادي النيل والدلتا أقل من 4 % من المساحة الكلية للبلاد أي حوالي 33000 كم 2 ، وأكبر الكتل السكانية هي القاهرة الكبرى التي بها تقريبا ربع السكان ، تليها الإسكندرية

[Chunk 2]
المنظمات: السودان، جمهورية مصر العربية
الأماكن: اسراييل، البحرين الابيض والاحمر، الركن الشمالي الشرقي من قارة افريقيا، الشمال الشرقي، العربية، جمهورية، شبه جزيرة سيناء، فلسطين، قارة اسيا، ليبيا، وقطاع غزة
النص: مصر أو رسميا جمهورية مصر العربية هي دولة عربية تقع في الركن الشمالي الشرقي من قارة أفريقيا ، ولديها امتداد آسيوي ، حيث تقع شبه جزيرة سيناء داخل قارة آسيا فهي دولة عابرة للقارات ، قدر عدد سكانها ب 104 مليون نسمة ، ليكون ترتيبها الثالثة عشر بين دول العالم بعدد السكان والأكثر سكانا عربيا ولجمهورية مصر العربية سواحل طويلة على البحرين الأبيض والأحمر ، وتشترك بحدود مع سبعة دول وكيانات فيحدها في الشمال الشرقي منطقة فلسطين ( إسرائيل وقطاع غزة ) بطول 265 كم ، ويحدها من الغرب ليبيا على امتداد خط بطول 1115 كم ، كما تشترك مع السودان بأطول حدود برية لها بطول 1280 كم

[Chunk 3]
الأماكن: الركن الشمالي الشرقي من قارة افريقيا، جمهورية مصر العربية، شبه جزيرة سيناء، قارة اسيا
النص: مصر أو ( رسميا جمهورية مصر العربية ) هي دولة عربية تقع في الركن الشمالي الشرقي من قارة أفريقيا ، ولديها امتداد آسيوي ، حيث تقع شبه جزيرة سيناء داخل قارة آسيا فهي دولة عابرة للقارات ، قدر عدد سكانها ب 104 مليون نسمة ، ليكون ترتيبها الثالثة عشر بين دول العالم بعدد السكان والأكثر سكانا عربيا",أين تتركز الغالبية العظمى من سكان مصر ؟,مصر في وادي النيل وفي الحضر,يتركز أغلب سكان مصر في وادي النيل وفي الحضر.,0.93,0.92,0.92
"[Chunk 1]
الأشخاص: عيسى بن مريم
المنظمات: اسراييل
النص: المسيح عيسى بن مريم ويعرف أيضا بيشوع بالعبرية و بيسوع في العهد الجديد ، هو رسول الله والمسيح في الإسلام ، ويعتبر من أولي العزم من الرسل ، أرسل ليقود بني إسرائيل إلى كتاب مقدس جديد وهو الإنجيل ، ويفضل المسلمون إضافة عبارة "" عليه السلام "" بعد اسمه ككل الأنبياء توقيرا لهم .

[Chunk 2]
الأشخاص: عيسى بن مريم، محمد
المنظمات: اسراييل
النص: المسيح عيسى بن مريم ويعرف أيضا بيشوع بالعبرية و بيسوع في العهد الجديد ، هو رسول الله والمسيح في الإسلام ، ويعتبر من أولي العزم من الرسل ، أرسل ليقود بني إسرائيل إلى كتاب مقدس جديد وهو الإنجيل ، ويفضل المسلمون إضافة عبارة "" عليه السلام "" بعد اسمه ككل الأنبياء توقيرا لهم الإيمان بعيسى ( وكل الأنبياء والرسل ) ركن من أركان الإيمان ، ولا يصح إسلام شخص بدونه ذكر عيسى باسمه في القرآن 25 مرة ، بينما ذكر محمد 4 مرات

[Chunk 3]
الأشخاص: ابو سفيان بن حرب، طلحة بن عبيد الله، محمد، وسعيد بن زيد
الأماكن: الحور، الشام، العش، المدينة
التواريخ: الاخرة، جمادى الاولى
النص: خرج رسول الإسلام محمد في شهري جمادى الأولى وجمادى الآخرة سنة 2 ه في مئة وخمسين أو مئتين من المهاجرين لاعتراض عير لقريش ذاهبة من مكة إلى الشام ، فلما وصل مكانا يسمى "" ذا العشيرة "" وجد العير قد فاتته بأيام فلما اقترب رجوع العير من الشام إلى مكة ، بعث الرسول محمد طلحة بن عبيد الله وسعيد بن زيد إلى الشمال ليقوما باكتشاف خبرها ، فوصلا إلى منطقة تسمى الحوراء ، ومكثا حتى مر بهما أبو سفيان بن حرب بالعير ، فأسرعا إلى المدينة وأخبرا الرسول محمدا بالخبر",من هو رسول الله ؟,أبو القاسم محمد بن عبد الله بن عبد المطلب,رَسُولَ اللَّهِ مُحَمَّدٌ.,0.8,0.91,0.92
"[Chunk 1]
الأشخاص: محمد
التواريخ: شهر ربيع الاول
النص: عند ذكر اسمه ، يلحق المسلمون عبارة « صلى الله عليه وسلم » مع إضافة « وآله » و « وصحبه » في بعض الأحيان ، لما جاء في القرآن والسنة النبوية مما يحثهم على الصلاة عليه ترك محمد أثرا كبيرا في نفوس المسلمين ، وكثرت مظاهر محبتهم وتعظيمهم له باتباعهم لأمره وأسلوب حياته وتعبده لله ، واحتفالهم بمولده في شهر ربيع الأول ، وقيامهم بحفظ أقواله وأفعاله وصفاته وجمع ذلك في كتب عرفت بكتب السيرة والحديث النبوي

[Chunk 2]
الأشخاص: عيسى بن مريم
المنظمات: اسراييل
النص: المسيح عيسى بن مريم ويعرف أيضا بيشوع بالعبرية و بيسوع في العهد الجديد ، هو رسول الله والمسيح في الإسلام ، ويعتبر من أولي العزم من الرسل ، أرسل ليقود بني إسرائيل إلى كتاب مقدس جديد وهو الإنجيل ، ويفضل المسلمون إضافة عبارة "" عليه السلام "" بعد اسمه ككل الأنبياء توقيرا لهم .

[Chunk 3]
الأشخاص: عيسى بن مريم، محمد
المنظمات: اسراييل
النص: المسيح عيسى بن مريم ويعرف أيضا بيشوع بالعبرية و بيسوع في العهد الجديد ، هو رسول الله والمسيح في الإسلام ، ويعتبر من أولي العزم من الرسل ، أرسل ليقود بني إسرائيل إلى كتاب مقدس جديد وهو الإنجيل ، ويفضل المسلمون إضافة عبارة "" عليه السلام "" بعد اسمه ككل الأنبياء توقيرا لهم الإيمان بعيسى ( وكل الأنبياء والرسل ) ركن من أركان الإيمان ، ولا يصح إسلام شخص بدونه ذكر عيسى باسمه في القرآن 25 مرة ، بينما ذكر محمد 4 مرات",ما هي العبارة التي يلحقها المسلمون عند ذكر الاسم ؟,« صلى الله عليه وسلم »,« صلى الله عليه وسلم » مع إضافة « وآله » و « وصحبه » في بعض الأحيان.,0.8,0.93,0.92
"[Chunk 1]
المنظمات: امية
النص: الدولة الأموية أو الخلافة الأموية أو دولة بني أمية ( 41 - 132 ه / 662 - 750 م ) هي ثاني خلافة في تاريخ الإسلام ، وأكبر دولة في تاريخ الإسلام ، وواحدة من أكبر الدول الحاكمة في التاريخ

[Chunk 2]
الأشخاص: الشافعي، مالك بن انس، محمد بن الحسن الشيباني
المنظمات: العراق
الأماكن: الحجاز، الحرم المكي، المدينة المنورة، اليمن، بغداد، بغزة
التواريخ: 195، 199، عام 150 ه
النص: ولد الشافعي بغزة عام 150 ه ، وانتقلت به أمه إلى مكة وعمره سنتان ، فحفظ القرآن الكريم وهو ابن سبع سنين ، وحفظ الموطأ وهو ابن عشر سنين ، ثم أخذ يطلب العلم في مكة حتى أذن له بالفتيا وهو فتى دون عشرين سنة هاجر الشافعي إلى المدينة المنورة طلبا للعلم عند الإمام مالك بن أنس ، ثم ارتحل إلى اليمن وعمل فيها ، ثم ارتحل إلى بغداد سنة 184 ه ، فطلب العلم فيها عند القاضي محمد بن الحسن الشيباني ، وأخذ يدرس المذهب الحنفي ، وبذلك اجتمع له فقه الحجاز ( المذهب المالكي ) وفقه العراق ( المذهب الحنفي ) عاد الشافعي إلى مكة وأقام فيها تسع سنوات تقريبا ، وأخذ يلقي دروسه في الحرم المكي ، ثم سافر إلى بغداد للمرة الثانية ، فقدمها سنة 195 ه ، وقام بتأليف كتاب الرسالة الذي وضع به الأساس لعلم أصول الفقه ، ثم سافر إلى مصر سنة 199 ه

[Chunk 3]
الأشخاص: ابي طالب، عبد المطلب
النص: ولد يتيم الأب ، وفقد أمه في سن مبكرة فتربى في كنف جده عبد المطلب ، ثم من بعده عمه أبي طالب حيث ترعرع ، وكان في تلك الفترة يعمل بالرعي ثم بالتجارة",متى فقد أمه ؟,أمه في سن مبكرة,في سن مبكرة.,0.5,0.93,0.93
"[Chunk 1]
الأماكن: اقصى غرب شمال افريقيا، الدار البيضاء، الرباط، المملكة المغربية، بالام
النص: المغرب أو ( رسميا المملكة المغربية ) ( بالأمازيغية وتنطق لمغريب ) هي دولة عربية تقع في أقصى غرب شمال أفريقيا عاصمتها الرباط وأكبر مدنها الدار البيضاء التي تعد العاصمة الاقتصادية ، ومن أهم المدن

[Chunk 2]
الأماكن: الشرق الاوسط، غربي اسيا، وشبه جزيرة سيناء، ي افريقيا
النص: تقع في قلب الشرق الأوسط وتصل بين غربي آسيا وشمالي أفريقيا بوقوعها وشبه جزيرة سيناء عند نقطة التقاء القارتين

[Chunk 3]
المنظمات: الجمهورية الاسلامية الموريتانية
الأماكن: السنغال، المغرب والجزاير، شاطي المحيط الاطلسي، شمال افريقيا، شمال غرب افريقيا، صحراء موريتانيا، مالي
النص: موريتانيا أو ( رسميا الجمهورية الإسلامية الموريتانية ) ، هي دولة عربية وأفريقية ، تقع في شمال غرب أفريقيا وعلى شاطئ المحيط الأطلسي ، يحدها من الشمال كل من المغرب والجزائر ، ومن الجنوب السنغال ، ومن الشرق والجنوب مالي ، وكنقطة وصل بين شمال أفريقيا وجنوبها تجمع صحراء موريتانيا الشاسعة منذ آلاف السنين ، بين أعراق وثقافات مختلفة منها عربية وأمازيغية وإفريقية",أين يقع المغرب ؟,تقع في أقصى غرب شمال أفريقيا,يقع المغرب في أقصى غرب شمال أفريقيا.,0.9,0.92,0.92
"[Chunk 1]
المنظمات: اتحاد المغرب العربي، الاتحاد الافريقي، الاتحاد من اجل المتوسط، الامم المتحدة، الحوار المتوسطي، بمجلس الامن، جنة الدولية الاولمبية، حلف شمال الاطلسي، سبعة وسبعون، ظمة الدولية الفرانكوفونية، للامم المتحدة، منظمة الوحدة الافريقية، والل، وجامعة الدول العربية، ومجموعة، ومنظمة التعاون الاسلامي
الأماكن: الصحراء المغربية
التواريخ: 195، 1956، 1958، 1969، 1981، 1989، 1995، 2003، 2004، 2008، ديسمبر 2013، عام 1984، فاتح يناير 2012
النص: المغرب عضو في الأمم المتحدة منذ 1956 وجامعة الدول العربية منذ 1958 واللجنة الدولية الأولمبية منذ 1959 ومنظمة التعاون الإسلامي منذ 1969 والمنظمة الدولية الفرانكوفونية منذ 1981 وهو عضو مؤسس في اتحاد المغرب العربي منذ 1989 ومجموعة الحوار المتوسطي منذ 1995 ومجموعة سبعة وسبعون منذ 2003 ومنظمة حلف شمال الأطلسي كحليف رئيس خارجه منذ 2004 ، ثم الاتحاد من أجل المتوسط سنة 2008 كما تم انتخاب المغرب مؤخرا عضوا جديدا غير دائم بمجلس الأمن التابع للأمم المتحدة لولاية تمتد لسنتين ، ابتداء من فاتح يناير 2012 إلى غاية ديسمبر 2013 ، وعضو في الاتحاد الأفريقي الذي حل محل منظمة الوحدة الأفريقية والتي كان قد سبق وانسحب منها المغرب عام 1984 بسبب رفضها الاعتراف بسيادته على الصحراء المغربية ، بيد أن لها مكانا خاصا في الاتحاد

[Chunk 2]
المنظمات: تون اوكس، منظمة الامم المتحدة
الأماكن: سان فرانسيسكو، كاليفورنيا، واشنطن
التواريخ: 24 اكتوبر 1945
النص: الأمم المتحدة منظمة عالمية تضم في عضويتها جميع دول العالم المستقلة تقريبا تأسست منظمة الأمم المتحدة بتاريخ 24 أكتوبر 1945 في مدينة سان فرانسيسكو ، كاليفورنيا الأمريكية ، تبعا لمؤتمر دومبارتون أوكس الذي عقد في العاصمة واشنطن

[Chunk 3]
المنظمات: تون اوكس، منظمة الامم المتحدة
الأماكن: سان فرانسيسكو، كاليفورنيا، واشنطن
التواريخ: 24 اكتوبر 1945
النص: الأمم المتحدة منظمة عالمية تضم في عضويتها جميع دول العالم المستقلة تقريبا تأسست منظمة الأمم المتحدة بتاريخ 24 أكتوبر 1945 في مدينة سان فرانسيسكو ، كاليفورنيا الأمريكية ، تبعا لمؤتمر دومبارتون أوكس الذي عقد في العاصمة واشنطن",من متى كان المغرب عضوا في الأمم المتحدة ؟,منذ 1956,كان المغرب عضوا في الأمم المتحدة منذ 1956.,0.93,0.93,0.91
"[Chunk 1]
المنظمات: البرلمان، حزب العدالة والتنمية
الأماكن: المغرب
التواريخ: لعام 2011
النص: المغرب دولة ذات نظام ملكي برلماني دستوري ببرلمان يتم انتخابه الانتخابات البرلمانية لعام 2011 تم رصدها من طرف مراقبين دوليين لثاني مرة في المغرب ، وعلى الرغم من ذلك فإن نسبة المشاركة بلغت 45 , 44 % من إجمالي الناخبين ، الرابح في الانتخابات الأخيرة هو حزب العدالة والتنمية بعد حصوله على 125 مقعد في البرلمان ،

[Chunk 2]
الأماكن: اقصى غرب شمال افريقيا، الدار البيضاء، الرباط، المملكة المغربية، بالام
النص: المغرب أو ( رسميا المملكة المغربية ) ( بالأمازيغية وتنطق لمغريب ) هي دولة عربية تقع في أقصى غرب شمال أفريقيا عاصمتها الرباط وأكبر مدنها الدار البيضاء التي تعد العاصمة الاقتصادية ، ومن أهم المدن

[Chunk 3]
المنظمات: اتحاد المغرب العربي، الاتحاد الافريقي، الاتحاد من اجل المتوسط، الامم المتحدة، الحوار المتوسطي، بمجلس الامن، جنة الدولية الاولمبية، حلف شمال الاطلسي، سبعة وسبعون، ظمة الدولية الفرانكوفونية، للامم المتحدة، منظمة الوحدة الافريقية، والل، وجامعة الدول العربية، ومجموعة، ومنظمة التعاون الاسلامي
الأماكن: الصحراء المغربية
التواريخ: 195، 1956، 1958، 1969، 1981، 1989، 1995، 2003، 2004، 2008، ديسمبر 2013، عام 1984، فاتح يناير 2012
النص: المغرب عضو في الأمم المتحدة منذ 1956 وجامعة الدول العربية منذ 1958 واللجنة الدولية الأولمبية منذ 1959 ومنظمة التعاون الإسلامي منذ 1969 والمنظمة الدولية الفرانكوفونية منذ 1981 وهو عضو مؤسس في اتحاد المغرب العربي منذ 1989 ومجموعة الحوار المتوسطي منذ 1995 ومجموعة سبعة وسبعون منذ 2003 ومنظمة حلف شمال الأطلسي كحليف رئيس خارجه منذ 2004 ، ثم الاتحاد من أجل المتوسط سنة 2008 كما تم انتخاب المغرب مؤخرا عضوا جديدا غير دائم بمجلس الأمن التابع للأمم المتحدة لولاية تمتد لسنتين ، ابتداء من فاتح يناير 2012 إلى غاية ديسمبر 2013 ، وعضو في الاتحاد الأفريقي الذي حل محل منظمة الوحدة الأفريقية والتي كان قد سبق وانسحب منها المغرب عام 1984 بسبب رفضها الاعتراف بسيادته على الصحراء المغربية ، بيد أن لها مكانا خاصا في الاتحاد",ما هي الانتخابات التي راقبها مراقبون دوليون للمرة الثانية في المغرب ؟,الانتخابات البرلمانية لعام 2011,الانتخابات البرلمانية لعام 2011.,0.92,0.93,0.93
"[Chunk 1]
الأشخاص: عثمان الاول بن ارطغرل
المنظمات: الامارات، الامارة العثمانية، الخلافة العثمانية، الدولة العثمانية، الدولة العلية، الروم، السلطنة، سلطنة سلاج
التواريخ: 27 يوليو 1299 م، 29 اكتوبر 1923
النص: الدولة العثمانية ، أو الدولة العلية العثمانية ( بالتركية العثمانية دولت عليه عثمانيه بالتركية الحديثة Yüce Osmanlı Devleti ) أو الخلافة العثمانية ، هي إمبراطورية إسلامية أسسها عثمان الأول بن أرطغرل ، واستمرت قائمة لما يقرب من 600 سنة ، وبالتحديد من 27 يوليو 1299 م حتى 29 أكتوبر 1923 م نشأت الدولة العثمانية بداية كإمارة حدود تركمانية تعمل في خدمة سلطنة سلاجقة الروم وترد الغارات البيزنطية عن ديار الإسلام ، وبعد سقوط السلطنة سالفة الذكر استقلت الإمارات التركمانية التابعة لها ، بما فيها الإمارة العثمانية ، التي قدر لها أن تبتلع سائر الإمارات بمرور الوقت

[Chunk 2]
الأشخاص: عثمان الاول بن ارطغرل
المنظمات: الخلافة العثمانية، الدولة العثمانية، الدولة العلية
التواريخ: 27 يوليو 1299 م، 29 اكتوبر 1923
النص: الدولة العثمانية ، أو الدولة العلية العثمانية ( بالتركية العثمانية دولت عليه عثمانيه بالتركية الحديثة Yüce Osmanlı Devleti ) أو الخلافة العثمانية ، هي إمبراطورية إسلامية أسسها عثمان الأول بن أرطغرل ، واستمرت قائمة لما يقرب من 600 سنة ، وبالتحديد من 27 يوليو 1299 م حتى 29 أكتوبر 1923 م

[Chunk 3]
الأشخاص: عثمان
المنظمات: الروم
النص: وحين تغلب المغول على سلاجقة الروم وقضوا على دولتهم ، سارع عثمان إلى إعلان استقلاله عن السلاجقة ، فكان بذلك المؤسس الحقيقي لدولة تركية كبرى نسبت إليه فيما بعد ، فعرفت « بالعثمانية »",من اسس الدولة العثمانية ؟,"عثمان الأول بن أرطغرل ،",عثمان الأول بن أرطغرل.,0.91,0.93,0.92
"[Chunk 1]
الأشخاص: محمد الفاتح
المنظمات: الامبراطورية البيزنطية
الأماكن: البل، القسط، اوروبا الشرقية، ينية
التواريخ: 135، 145، 4 م، السنوات
النص: عبر العثمانيون إلى أوروبا الشرقية لأول مرة بعد سنة 1354 م ، وخلال السنوات اللاحقة تمكن العثمانيون من فتح أغلب البلاد البلقانية ، فتحولت إمارتهم الصغيرة إلى دولة كبيرة ، وكانت أول دولة إسلامية تتخذ لها موطئ قدم في البلقان ، كما قدر للعثمانيين أن يفتتحوا القسطنطينية سنة 1453 م ، ويسقطوا الإمبراطورية البيزنطية بعد أن عاشت أحد عشر قرنا ونيفا ، وذلك تحت قيادة السلطان محمد الفاتح

[Chunk 2]
الأشخاص: عثمان الاول بن ارطغرل
المنظمات: الامارات، الامارة العثمانية، الخلافة العثمانية، الدولة العثمانية، الدولة العلية، الروم، السلطنة، سلطنة سلاج
التواريخ: 27 يوليو 1299 م، 29 اكتوبر 1923
النص: الدولة العثمانية ، أو الدولة العلية العثمانية ( بالتركية العثمانية دولت عليه عثمانيه بالتركية الحديثة Yüce Osmanlı Devleti ) أو الخلافة العثمانية ، هي إمبراطورية إسلامية أسسها عثمان الأول بن أرطغرل ، واستمرت قائمة لما يقرب من 600 سنة ، وبالتحديد من 27 يوليو 1299 م حتى 29 أكتوبر 1923 م نشأت الدولة العثمانية بداية كإمارة حدود تركمانية تعمل في خدمة سلطنة سلاجقة الروم وترد الغارات البيزنطية عن ديار الإسلام ، وبعد سقوط السلطنة سالفة الذكر استقلت الإمارات التركمانية التابعة لها ، بما فيها الإمارة العثمانية ، التي قدر لها أن تبتلع سائر الإمارات بمرور الوقت

[Chunk 3]
الأشخاص: عثمان الاول بن ارطغرل
المنظمات: الخلافة العثمانية، الدولة العثمانية، الدولة العلية
التواريخ: 27 يوليو 1299 م، 29 اكتوبر 1923
النص: الدولة العثمانية ، أو الدولة العلية العثمانية ( بالتركية العثمانية دولت عليه عثمانيه بالتركية الحديثة Yüce Osmanlı Devleti ) أو الخلافة العثمانية ، هي إمبراطورية إسلامية أسسها عثمان الأول بن أرطغرل ، واستمرت قائمة لما يقرب من 600 سنة ، وبالتحديد من 27 يوليو 1299 م حتى 29 أكتوبر 1923 م",متى عبر العثمانيون إلى أوروبا الشرقية لأول مرة ؟,"بعد سنة 1354 م ،",بعد سنة 1354 م.,0.93,0.92,0.91
"[Chunk 1]
المنظمات: الدولة العثمانية
التواريخ: السادس عشر والسابع عشر
النص: بلغت الدولة العثمانية ذروة مجدها وقوتها خلال القرنين السادس عشر والسابع عشر ، فامتدت أراضيها لتشمل أنحاء واسعة من قارات العالم القديم الثلاثة

[Chunk 2]
الأشخاص: عثمان
المنظمات: الدولة العثمانية
التواريخ: عام 1299 م، عام 1517 م، عام 1922 م
النص: سلاطين الدولة العثمانية هم مجموعة من السلاطين الترك المسلمين السنة من آل عثمان حكموا إمبراطورية مترامية الأطراف امتدت أراضيها على ثلاث قارات ، وقد جمعوا بين الخلافة الإسلامية والسلطنة بداية من عام 1517 م ، ودام ملكهم من عام 1299 م إلى عام 1922 م .

[Chunk 3]
الأشخاص: عثمان
المنظمات: الدولة العثمانية
التواريخ: عام 1299 م، عام 1517 م، عام 1922 م
النص: سلاطين الدولة العثمانية هم مجموعة من السلاطين الترك المسلمين السنة من آل عثمان حكموا إمبراطورية مترامية الأطراف امتدت أراضيها على ثلاث قارات ، وقد جمعوا بين الخلافة الإسلامية والسلطنة بداية من عام 1517 م ، ودام ملكهم من عام 1299 م إلى عام 1922 م",ما هي القارات ابتي شملتها أراضي الدولة العثمانية ؟,"أوروبا وآسيا وأفريقيا ،",قارات العالم القديم الثلاثة.,0.91,0.91,0.93
"[Chunk 1]
المنظمات: يونايتد ستيتس اوف اميركا
الأماكن: الولايات المتحدة الامريكية
النص: الولايات المتحدة الأمريكية ( 2 ) ( بالإنجليزية United States of America يونايتد ستيتس أوف أميركا ) هي جمهورية دستورية اتحادية ( 1 ) تضم خمسين ولاية ومنطقة العاصمة الاتحادية

[Chunk 2]
الأماكن: الولايات المتحدة الامريكية
النص: الولايات المتحدة الأمريكية هي جمهورية دستورية اتحادية تضم خمسين ولاية ومنطقة العاصمة الاتحادية

[Chunk 3]
الأماكن: المحيط الهادي، امريكا الشمالية، شنطن، كندا، والمك، يط الاطلسي
النص: تقع معظم البلاد في وسط أمريكا الشمالية ، حيث تقع 48 ولاية وواشنطن العاصمة بين المحيط الهادئ والمحيط الأطلسي وتحدها كندا شمالا والمكسيك جنوبا",ما هو عدد الولايات في الولايات المتحدة الأمريكية ؟,خمسين ولاية,خمسين ولاية.,0.93,0.91,0.91
"[Chunk 1]
الأماكن: الاس، الغربي، كندا، مضيق بيرينغ
النص: تقع ولاية ألاسكا في الشمال الغربي من القارة ، وتحدها كندا شرقا وروسيا غربا عبر مضيق بيرينغ

[Chunk 2]
الأماكن: الشرق الاوسط، غربي اسيا، وشبه جزيرة سيناء، ي افريقيا
النص: تقع في قلب الشرق الأوسط وتصل بين غربي آسيا وشمالي أفريقيا بوقوعها وشبه جزيرة سيناء عند نقطة التقاء القارتين

[Chunk 3]
الأماكن: المحيط الهادي، امريكا الشمالية، شنطن، كندا، والمك، يط الاطلسي
النص: تقع معظم البلاد في وسط أمريكا الشمالية ، حيث تقع 48 ولاية وواشنطن العاصمة بين المحيط الهادئ والمحيط الأطلسي وتحدها كندا شمالا والمكسيك جنوبا",اين تقع ولاية ألاسكا ؟,"الشمال الغربي من القارة ،","تقع ولاية ألاسكا في الشمال الغربي من القارة، وتحدها كندا شرقا وروسيا غربا عبر مضيق بيرينغ.",0.92,0.91,0.93
"[Chunk 1]
المنظمات: الولايات المتحدة
النص: تأتي الولايات المتحدة في المركز الثالث من حيث المساحة ( 3 79 مليون ميل مربع أو 9

[Chunk 2]
الأماكن: الولايات المتحدة
النص: 83 مليون كم ) ، وتحتل المرتبة الثالثة من حيث عدد السكان ( 307 مليون نسمة ) وتتميز الولايات المتحدة بأنها واحدة من أكثر دول العالم تنوعا من حيث العرق والثقافة ، وجاء ذلك نتيجة الهجرة الكبيرة إليها من بلدان مختلفة

[Chunk 3]
المنظمات: يونايتد ستيتس اوف اميركا
الأماكن: الولايات المتحدة الامريكية
النص: الولايات المتحدة الأمريكية ( 2 ) ( بالإنجليزية United States of America يونايتد ستيتس أوف أميركا ) هي جمهورية دستورية اتحادية ( 1 ) تضم خمسين ولاية ومنطقة العاصمة الاتحادية",ما هي مساحة الولايات المتحدة الأمريكية ؟,"( 3.79 مليون ميل مربع أو 9.83 مليون كم ) ،","تأتي الولايات المتحدة في المركز الثالث من حيث المساحة (3,79 مليون ميل مربع أو 9,83 مليون كم).",0.92,0.91,0.93
"[Chunk 1]
الأماكن: اوروبا
التواريخ: 11 نوفمبر 1918، 28 يوليو 1914
النص: الحرب العالمية الأولى ، وتسمى أيضا الحرب العظمى ، كانت حرب عالمية نشبت بداية في أوروبا من 28 يوليو 1914 وانتهت في 11 نوفمبر 1918

[Chunk 2]
الأماكن: اوروبا
التواريخ: 11 نوفمبر 1918، 28 يوليو 1914
النص: الحرب العالمية الأولى ، وتسمى أيضا الحرب العظمى ، كانت حرب عالمية نشبت بداية في أوروبا من 28 يوليو 1914 وانتهت في 11 نوفمبر 1918

[Chunk 3]
الأماكن: اوروبا
التواريخ: الاول من سبتمبر من عام 1939، الثاني من سبتمبر عام 1945
النص: الحرب العالمية الثانية هي حرب دولية بدأت في الأول من سبتمبر من عام 1939 في أوروبا وانتهت في الثاني من سبتمبر عام 1945 ، شاركت فيه الغالبية العظمى من دول العالم منها الدول العظمى في حلفين عسكريين متنازعين هما",متى نشبت الحرب العالمية الأولى ؟,28 يوليو 1914,نشبت الحرب العالمية الأولى في 28 يوليو 1914.,0.91,0.91,0.93
"[Chunk 1]
التواريخ: عام 1918
النص: لقي أكثر من تسعة ملايين مقاتل وسبعة ملايين مدني مصرعهم نتيجة الحرب ، وتعتبر أيضا عامل مساهم في عدد من جرائم الإبادة الجماعية والإنفلونزا الأسبانية عام 1918 ، والذي تسبب في ما بين 50 و 100 مليون حالة وفاة في جميع أنحاء العالم

[Chunk 2]
الأماكن: اوروبا
التواريخ: 11 نوفمبر 1918، 28 يوليو 1914
النص: الحرب العالمية الأولى ، وتسمى أيضا الحرب العظمى ، كانت حرب عالمية نشبت بداية في أوروبا من 28 يوليو 1914 وانتهت في 11 نوفمبر 1918

[Chunk 3]
الأماكن: اوروبا
التواريخ: 11 نوفمبر 1918، 28 يوليو 1914
النص: الحرب العالمية الأولى ، وتسمى أيضا الحرب العظمى ، كانت حرب عالمية نشبت بداية في أوروبا من 28 يوليو 1914 وانتهت في 11 نوفمبر 1918",ما هو عدد القتلى نتيجة الحرب العالمية الأولى ؟,"أكثر من 70 مليون فرد عسكري ،",لقي أكثر من تسعة ملايين مقاتل وسبعة ملايين مدني مصرعهم نتيجة الحرب.,0.92,0.93,0.92
"[Chunk 1]
الأشخاص: ز فرديناند، فران، وي غافر، يلو برينسيب
المنظمات: النمسا
التواريخ: 28 يونيو 1914، يوليو
النص: وفي يوم 28 يونيو 1914 ، قام القومي الصرب بوسني اليوغسلافيوي غافريلو برينسيب باغتيال ولي عهد النمسا الأرشيدوق فرانز فرديناند مع زوجته في سراييفو ، ما أدى إلى نشوب أزمة يوليو

[Chunk 2]
الأشخاص: لويس السادس عشر
التواريخ: يناير 1793
النص: في حدث تاريخي أدى إلى إدانة دولية له ، تم إعدام لويس السادس عشر في يناير 1793

[Chunk 3]
المنظمات: جمهورية النمسا
الأماكن: النمسا، اوروبا الوسطى
النص: النمسا أو رسميا جمهورية النمسا هي جمهورية فيدرالية وبلد غير ساحلي يقع في أوروبا الوسطى",متى قام غافريلو برينسيب باغتيال ولي عهد النمسا فرانز فرديناند ؟,"28 يونيو 1914 ،",28 يونيو 1914.,0.9,0.92,0.93
"[Chunk 1]
الأماكن: اوروبا
التواريخ: الاول من سبتمبر من عام 1939، الثاني من سبتمبر عام 1945
النص: الحرب العالمية الثانية هي حرب دولية بدأت في الأول من سبتمبر من عام 1939 في أوروبا وانتهت في الثاني من سبتمبر عام 1945 ، شاركت فيه الغالبية العظمى من دول العالم منها الدول العظمى في حلفين عسكريين متنازعين هما

[Chunk 2]
الأماكن: اوروبا
التواريخ: الاول من سبتمبر من عام 1939، الثاني من سبتمبر عام 1945
النص: الحرب العالمية الثانية هي حرب دولية بدأت في الأول من سبتمبر من عام 1939 في أوروبا وانتهت في الثاني من سبتمبر عام 1945 ، شاركت فيه الغالبية العظمى من دول العالم منها الدول العظمى في حلفين عسكريين متنازعين هما

[Chunk 3]
النص: تعد الحرب أحد أعنف صراعات في التاريخ ، وتسببت في التمهيد لتغييرات سياسية كبيرة تضمنت ثورات 1917–1923 في العديد من الدول المشتركة ساهمت الصراعات غير المحلولة في نهاية النزاع في بداية الحرب العالمية الثانية بعد عشرين سنة",متى بدأت الحرب العالمية الثانية ؟,في الأول من سبتمبر من عام 1939,بدأت الحرب العالمية الثانية في الأول من سبتمبر من عام 1939.,0.91,0.92,0.91
"[Chunk 1]
الأماكن: هيروشيما
النص: تميزت الحرب العالمية الثانية بعدد كبير من القتلى المدنيين ، القصف الاستراتيجي الذي أودى بحياة حوالي مليون شخص ، ومنه القنبلتان الذريتان اللتان ألقيتا على هيروشيما وناغازاكي ، أدت الحرب إلى وقوع ما بين 50 و 85 مليون قتيل حسب التقديرات لذلك تعد الحرب العالمية الثانية أكثر الحروب دموية في تاريخ البشرية

[Chunk 2]
التواريخ: عام 1918
النص: لقي أكثر من تسعة ملايين مقاتل وسبعة ملايين مدني مصرعهم نتيجة الحرب ، وتعتبر أيضا عامل مساهم في عدد من جرائم الإبادة الجماعية والإنفلونزا الأسبانية عام 1918 ، والذي تسبب في ما بين 50 و 100 مليون حالة وفاة في جميع أنحاء العالم

[Chunk 3]
الأماكن: اوروبا
التواريخ: الاول من سبتمبر من عام 1939، الثاني من سبتمبر عام 1945
النص: الحرب العالمية الثانية هي حرب دولية بدأت في الأول من سبتمبر من عام 1939 في أوروبا وانتهت في الثاني من سبتمبر عام 1945 ، شاركت فيه الغالبية العظمى من دول العالم منها الدول العظمى في حلفين عسكريين متنازعين هما",ما هو عدد القتلى نتيجة الحرب العالمية الثانية ؟,ما بين 50 و 85 مليون قتيل,"حسب السياق، عدد القتلى نتيجة الحرب العالمية الثانية ما بين 50 و 85 مليون قتيل.",0.93,0.92,0.93
"[Chunk 1]
المنظمات: الامبراطورية اليابانية، المانيا، بولندا، جمهورية الصين، فرنسا، والمملكة المتحدة
الأماكن: اسيا، والمح، يط الهادي
التواريخ: 7 يوليو 1937، الاول من سبتمبر عام 1939
النص: كانت الإمبراطورية اليابانية قد أعلنت الحرب على جمهورية الصين في 7 يوليو 1937 ، حيث هدفت إلى السيطرة على آسيا والمحيط الهادي ، إلا أن البداية الفعلية للحرب تعتبر في الأول من سبتمبر عام 1939 ، وذلك عندما قامت ألمانيا باجتياح بولندا ، وتوالت بعدها إعلانات الحرب على ألمانيا من قبل فرنسا والمملكة المتحدة

[Chunk 2]
المنظمات: الصين
الأماكن: ا رنم، الشعبية، الصين، جمهورية، ين غونغهيغو
النص: الصين ( بالصينية المبسطة تشونغوا بالصينية التقليدية ) المعروفة رسميا باسم جمهورية الصين الشعبية ( بالصينية المبسطة تشونغهوا رنمين غونغهيغو بالصينية التقليدية ) هي الدولة الأكثر سكانا في العالم حيث يقطنها أكثر من 1 338 مليار نسمة

[Chunk 3]
الأماكن: اوروبا
التواريخ: 11 نوفمبر 1918، 28 يوليو 1914
النص: الحرب العالمية الأولى ، وتسمى أيضا الحرب العظمى ، كانت حرب عالمية نشبت بداية في أوروبا من 28 يوليو 1914 وانتهت في 11 نوفمبر 1918",متى اعلنت الإمبراطورية اليابانية الحرب على جمهورية الصين ؟,"7 يوليو 1937 ،",7 يوليو 1937.,0.91,0.91,0.92
"[Chunk 1]
المنظمات: الاتحاد الدولي لكرة القدم، روسيا
التواريخ: 14 يونيو، 15 يوليو من عام 2018
النص: كأس العالم 2018 هي البطولة الحادية والعشرون من بطولات كأس العالم لفرق الرجال الوطنية ، والمقامة تحت رعاية الاتحاد الدولي لكرة القدم ، وقد استضافتها روسيا في الفترة ما بين 14 يونيو ولغاية 15 يوليو من عام 2018

[Chunk 2]
المنظمات: الاتحاد الدولي لكرة القدم، روسيا
التواريخ: 14 يونيو، 15 يوليو من عام 2018
النص: كأس العالم 2018 هي البطولة الحادية والعشرون من بطولات كأس العالم لفرق الرجال الوطنية ، والمقامة تحت رعاية الاتحاد الدولي لكرة القدم ، وقد استضافتها روسيا في الفترة ما بين 14 يونيو ولغاية 15 يوليو من عام 2018

[Chunk 3]
الأماكن: موسكو
النص: وتجرى مباريات كأس العالم 2018 في 11 مدينة روسية واحتضنت العاصمة موسكو مباراة الافتتاح وستستضيف المباراة النهائية كذلك",أين أقيم كأس العالم 2018 ؟,روسيا,"روسيا،specifically Moscow.",0.92,0.93,0.92
"[Chunk 1]
الأماكن: المانيا
التواريخ: 2006
النص: بطولة كأس العالم من أكثر الأحداث الرياضية مشاهدة على مستوى العالم ، ففي نهائي كأس العالم لكرة القدم 2006 ، الذي أقيم في ألمانيا ، قدر عدد من تابع المباراة النهائية ب 715 مليون شخص

[Chunk 2]
الأماكن: القارة الاوروبية، المانيا، اوروبا الشرقية
النص: وهي النسخة الأولى من بطولات كأس العالم التي أقيمت في أوروبا الشرقية ، وكذلك هي المرة الأولى التي تستضيف بها القارة الأوروبية منافسات البطولة بعد بطولة كأس العالم 2006 والتي أقيمت في ألمانيا

[Chunk 3]
المنظمات: الاتحاد الدولي لكرة القدم، روسيا
التواريخ: 14 يونيو، 15 يوليو من عام 2018
النص: كأس العالم 2018 هي البطولة الحادية والعشرون من بطولات كأس العالم لفرق الرجال الوطنية ، والمقامة تحت رعاية الاتحاد الدولي لكرة القدم ، وقد استضافتها روسيا في الفترة ما بين 14 يونيو ولغاية 15 يوليو من عام 2018",أين أقيمت بطولة كأس العالم 2006 ؟,ألمانيا .,ألمانيا.,0.92,0.93,0.92
"[Chunk 1]
الأماكن: روسيا، غرب جبال الاورال
النص: ومن الملاحظ أن المدن المستضيفة لمنافسات البطولة هي جلها مدن روسيا الأوروبية ، وهي التي تقع في الجانب الغربي من روسيا ، وتحديدا في غرب جبال الأورال

[Chunk 2]
الأماكن: موسكو
النص: وتجرى مباريات كأس العالم 2018 في 11 مدينة روسية واحتضنت العاصمة موسكو مباراة الافتتاح وستستضيف المباراة النهائية كذلك

[Chunk 3]
الأماكن: القارة الاوروبية، المانيا، اوروبا الشرقية
النص: وهي النسخة الأولى من بطولات كأس العالم التي أقيمت في أوروبا الشرقية ، وكذلك هي المرة الأولى التي تستضيف بها القارة الأوروبية منافسات البطولة بعد بطولة كأس العالم 2006 والتي أقيمت في ألمانيا",أين تقع المدن المستضيفة لمنافسات البطولة ؟,"الجانب الغربي من روسيا ،","المدن المستضيفة لمنافسات البطولة هي جلها مدن روسيا الأوروبية، وتقع في الجانب الغربي من روسيا، غرب جبال الأورال.",0.91,0.91,0.92
"[Chunk 1]
الأشخاص: ابو محمد عبد الله العاضد لدين الله، بدر الدين الجمالي، صلاح الدين
الأماكن: بمصر
التواريخ: 117
النص: استمرت الدولة الفاطمية تنازع حتى سنة 1171 م عندما استقل صلاح الدين الأيوبي بمصر بعد وفاة آخر الخلفاء الفاطميين ، وهو أبو محمد عبد الله العاضد لدين الله ، وأزال سلطتهم الإسمية بعد أن كانت سلطتهم الفعلية قد زالت منذ عهد الوزير بدر الدين الجمالي

[Chunk 2]
الأشخاص: المظ، صلاح الدين، مروان بن يعقوب الدويني التكريتي، يوسف بن ايوب بن شاذي
المنظمات: الدولة
الأماكن: والحج، والشام، واليمن
النص: الملك الناصر أبو المظفر صلاح الدين والدنيا يوسف بن أيوب بن شاذي بن مروان بن يعقوب الدويني التكريتي ( 532 - 589 ه / 1138 - 1193 م ) ، المشهور بلقب صلاح الدين الأيوبي قائد عسكري أسس الدولة الأيوبية التي وحدت مصر والشام والحجاز وتهامة واليمن في ظل الراية العباسية ، بعد أن قضى على الخلافة الفاطمية التي استمرت 262 سنة .

[Chunk 3]
الأشخاص: المظ، صلاح الدين، مروان بن يعقوب الدويني التكريتي، يوسف بن ايوب بن شاذي
الأماكن: والحج، والشام، واليمن
النص: الملك الناصر أبو المظفر صلاح الدين والدنيا يوسف بن أيوب بن شاذي بن مروان بن يعقوب الدويني التكريتي ( 532 - 589 ه / 1138 - 1193 م ) ، المشهور بلقب صلاح الدين الأيوبي قائد عسكري أسس الدولة الأيوبية التي وحدت مصر والشام والحجاز وتهامة واليمن في ظل الراية العباسية ، بعد أن قضى على الخلافة الفاطمية التي استمرت 262 سنة",كم استمرت الخلافة الفاطمية ؟,262,استمرت الخلافة الفاطمية 262 سنة.,0.93,0.93,0.92
"[Chunk 1]
الأشخاص: صلاح الدين
المنظمات: جيش بيت المقدس
الأماكن: القدس، فلسطين، ولبنان
التواريخ: اواخر القرن الحادي عشر
النص: قاد صلاح الدين عدة حملات ومعارك ضد الفرنجة وغيرهم من الصليبيين الأوروبيين في سبيل استعادة الأراضي المقدسة التي كان الصليبيون قد استولوا عليها في أواخر القرن الحادي عشر ، وقد تمكن في نهاية المطاف من استعادة معظم أراضي فلسطين ولبنان بما فيها مدينة القدس ، بعد أن هزم جيش بيت المقدس هزيمة منكرة في معركة حطين

[Chunk 2]
المنظمات: اسراييل، وسوريا
الأماكن: اسراييل، الاردن، الضفة الغربية، سوريا، شبه جزيرة سيناء، ضبة الجولان، قطاع غزة
التواريخ: عام 1973
النص: حرب أكتوبر "" حرب العاشر من رمضان "" كما تعرف في مصر أو حرب تشرين التحريرية كما تعرف في سوريا أو حرب يوم الغفران ( بالعبرية ، ميلخمت يوم كيبور ) كما تعرف في إسرائيل ، هي حرب شنتها كل من مصر وسوريا على إسرائيل عام 1973 وهي رابع الحروب العربية الإسرائيلية بعد حرب 1948 ( حرب فلسطين ) وحرب 1956 ( حرب السويس ) وحرب 1967 ( حرب الستة أيام ) ، وكانت إسرائيل في الحرب الثالثة قد احتلت شبه جزيرة سيناء من مصر وهضبة الجولان من سوريا إلى جانب الضفة الغربية من الأردن بالإضافة إلى قطاع غزة الخاضع آنذاك لحكم عسكري مصري

[Chunk 3]
المنظمات: القوات الاسراييلية، وسوريا
الأماكن: اسراييل، الاردن، الضفة الغربية، سوريا، شبه جزيرة سيناء، ضبة الجولان، قطاع غزة
التواريخ: 10 رمضان 1393 ه، 6 اكتوبر / تشرين الاول 1973، عام 1973، يوم السبت
النص: حرب أكتوبر "" حرب العاشر من رمضان "" كما تعرف في مصر أو حرب تشرين التحريرية كما تعرف في سوريا أو حرب يوم الغفران كما تعرف في إسرائيل ، هي حرب شنتها كل من مصر وسوريا على إسرائيل عام 1973 وهي رابع الحروب العربية الإسرائيلية بعد حرب 1948 ( حرب فلسطين ) وحرب 1956 ( حرب السويس ) وحرب 1967 ( حرب الستة أيام ) ، وكانت إسرائيل في الحرب الثالثة قد احتلت شبه جزيرة سيناء من مصر وهضبة الجولان من سوريا إلى جانب الضفة الغربية من الأردن بالإضافة إلى قطاع غزة الخاضع آنذاك لحكم عسكري مصري بدأت الحرب يوم السبت 6 أكتوبر / تشرين الأول 1973 م الموافق 10 رمضان 1393 ه بتنسيق هجومين مفاجئين ومتزامنين على القوات الإسرائيلية",في أي معركة هزم صلاح الدين الأيوبي جيش بيت المقدس ؟,معركة حطين .,حطين.,0.45,0.91,0.92
"[Chunk 1]
الأشخاص: صلاح الدين، عبد القادر الجيلاني
الأماكن: ببغداد
النص: كان صلاح الدين يقول بمذهب أهل السنة والجماعة ، وروي أن عبد القادر الجيلاني دعا له عندما رآه بالبركة فيه ، خلال "" زيارة خفية "" لنجم الدين أيوب وأسرته ببغداد سنة 533 ه / 1138 م ، وهذا يفسر أتباعه الطريقة القادرية فيما بعد وبعض العلماء كالمقريزي ، وبعض المؤرخين المتأخرين قالوا

[Chunk 2]
الأشخاص: المظ، صلاح الدين، مروان بن يعقوب الدويني التكريتي، يوسف بن ايوب بن شاذي
المنظمات: الدولة
الأماكن: والحج، والشام، واليمن
النص: الملك الناصر أبو المظفر صلاح الدين والدنيا يوسف بن أيوب بن شاذي بن مروان بن يعقوب الدويني التكريتي ( 532 - 589 ه / 1138 - 1193 م ) ، المشهور بلقب صلاح الدين الأيوبي قائد عسكري أسس الدولة الأيوبية التي وحدت مصر والشام والحجاز وتهامة واليمن في ظل الراية العباسية ، بعد أن قضى على الخلافة الفاطمية التي استمرت 262 سنة .

[Chunk 3]
الأشخاص: المظ، صلاح الدين، مروان بن يعقوب الدويني التكريتي، يوسف بن ايوب بن شاذي
الأماكن: والحج، والشام، واليمن
النص: الملك الناصر أبو المظفر صلاح الدين والدنيا يوسف بن أيوب بن شاذي بن مروان بن يعقوب الدويني التكريتي ( 532 - 589 ه / 1138 - 1193 م ) ، المشهور بلقب صلاح الدين الأيوبي قائد عسكري أسس الدولة الأيوبية التي وحدت مصر والشام والحجاز وتهامة واليمن في ظل الراية العباسية ، بعد أن قضى على الخلافة الفاطمية التي استمرت 262 سنة",بأي مذهب كان يقول صلاح الدين الأيوبي ؟,"بمذهب أهل السنة والجماعة ،",كان صلاح الدين الأيوبي يقول بمذهب أهل السنة والجماعة.,0.93,0.91,0.92
"[Chunk 1]
المنظمات: العراق
الأماكن: الخليج العربي، بالك، بغداد، جمهورية العراق، رى عراق، غرب اسيا، والعراق
النص: العراق ( رسميا جمهورية العراق ) ، و ( بالكردية كمارى عراق ) ، هو جمهورية برلمانية اتحادية وفقا لدستور العراق ، ويتكون من ثمان عشرة محافظة رسميا ، وتسع عشرة محافظة بحكم الأمر الواقع ( محافظة حلبجة ) ، عاصمته بغداد ، والعراق أحد دول غرب آسيا المطلة على الخليج العربي

[Chunk 2]
المنظمات: العراق
الأماكن: الخليج العربي، بالك، بغداد، جمهورية العراق، رى عراق، غرب اسيا، والعراق
النص: العراق أو ( رسميا جمهورية العراق ) ، و ( بالكردية كمارى عراق ) ، هي دولة عربية ، وتعد جمهورية برلمانية اتحادية وفقا لدستور العراق ، وتتكون من ثمان عشرة محافظة رسميا ، وتسع عشرة محافظة بحكم الأمر الواقع ( محافظة حلبجة ) ، عاصمته بغداد ، والعراق أحد دول غرب آسيا المطلة على الخليج العربي

[Chunk 3]
الأماكن: طهران
النص: طهران هي العاصمة ، وأكبر مدينة في البلاد والوسط السياسي والثقافي والتجاري والصناعي للأمة",ماهي عاصمة العراق ؟,"بغداد ،",بغداد.,0.93,0.92,0.92
"[Chunk 1]
المنظمات: العربية، بالسعودية
الأماكن: البحر الاحمر، البحرين، الجنوب الشرقي، الخليج العربي، الشمال الشرقي، العراق، الكويت، المتحدة، اليمن، جسر الملك فهد، والاردن، والامارات
النص: يحدها من الشمال العراق والأردن وتحدها الكويت من الشمال الشرقي ، ومن الشرق تحدها كل من قطر والإمارات العربية المتحدة بالإضافة إلى البحرين التي ترتبط بالسعودية من خلال جسر الملك فهد الواقع على الخليج العربي ، ومن الجنوب تحدها اليمن ، وعمان من الجنوب الشرقي ، كما يحدها البحر الأحمر من جهة الغرب

[Chunk 2]
المنظمات: جمهورية التشيك
الأماكن: الشمال والمجر، شتاين، والمانيا، وايطاليا، وفين، ويسرا
النص: تحدها جمهورية التشيك وألمانيا في الشمال والمجر وسلوفاكيا إلى الشرق وسلوفينيا وإيطاليا من الجنوب ، وسويسرا وليختنشتاين من الغرب

[Chunk 3]
المنظمات: جامعة الدول العربية، ومنظمة الموتمر الاسلامي، ومنظمة اوبك
الأماكن: الكويت، ايران، تركيا، سوريا، والاردن، والمملكة العربية السعودية
النص: يحده من الجنوب الكويت والمملكة العربية السعودية ، ومن الشمال تركيا ، ومن الغرب سوريا والأردن ، ومن الشرق إيران ، وهو عضو في جامعة الدول العربية ومنظمة المؤتمر الإسلامي ومنظمة أوبك",ما الدول التي تحد العراق من الجنوب ؟,"الكويت والمملكة العربية السعودية ،",يحد العراق اليمن من الجنوب.,0.4,0.93,0.31
"[Chunk 1]
المنظمات: العراقية
الأماكن: الجمهورية، العراق، والشر، وترك
التواريخ: 2016
النص: يقدر عدد سكان الجمهورية العراقية في 2016 م بحوالي 37 , 547 , 686 نسمة ، وتصل نسبة العرب من 75 % إلى 80 % من الشعب العراقي ، والأكراد إلى 15 % من الشعب ، أما ال ( 5 %-10 %) الباقية فمن ، وتركمان العراق وأقليات أخرى وهي المندائيين ، والأرمن ، والشركس ، وإيرانيين ، وشبك ، وأيزيديين ، والكاولية ، وغالبية سكان العراق مسلمين وتصل نسبتهم إلى 95 % من السكان وهناك جدل حول نسبة الشيعة والسنة في البلاد ، وكلا الطائفتين تدعي إنها تشكل الأغلبية العددية ، دون وجود تعداد عام للسكان وبإشراف دولي وتؤكد الهيئات الدولية أن ثقلهما متقارب ومتوازن

[Chunk 2]
المنظمات: العراق
الأماكن: الخليج العربي، بالك، بغداد، جمهورية العراق، رى عراق، غرب اسيا، والعراق
النص: العراق ( رسميا جمهورية العراق ) ، و ( بالكردية كمارى عراق ) ، هو جمهورية برلمانية اتحادية وفقا لدستور العراق ، ويتكون من ثمان عشرة محافظة رسميا ، وتسع عشرة محافظة بحكم الأمر الواقع ( محافظة حلبجة ) ، عاصمته بغداد ، والعراق أحد دول غرب آسيا المطلة على الخليج العربي

[Chunk 3]
المنظمات: العراق
الأماكن: الخليج العربي، بالك، بغداد، جمهورية العراق، رى عراق، غرب اسيا، والعراق
النص: العراق أو ( رسميا جمهورية العراق ) ، و ( بالكردية كمارى عراق ) ، هي دولة عربية ، وتعد جمهورية برلمانية اتحادية وفقا لدستور العراق ، وتتكون من ثمان عشرة محافظة رسميا ، وتسع عشرة محافظة بحكم الأمر الواقع ( محافظة حلبجة ) ، عاصمته بغداد ، والعراق أحد دول غرب آسيا المطلة على الخليج العربي",بكم يقدر عدد سكان العراق ؟,"بحوالي 37 , 547 , 686 نسمة ،","يقدر عدد سكان الجمهورية العراقية في 2016 م بحوالي 37,547,686 نسمة.",0.93,0.91,0.7
"[Chunk 1]
الأشخاص: ert einstein، البرت اينشتاين
التواريخ: 14 مارس 1879، 18 ابريل 1955، عام 1921
النص: ألبرت أينشتاين ( بالألمانية Albert Einstein ) ( 14 مارس 1879 – 18 أبريل 1955 ) عالم فيزياء ألماني المولد ، ( حيث تخلى عن الجنسية الألمانية لاحقا ) سويسري وأمريكي الجنسية ، من أبوين يهوديين ، وهو يشتهر بأب النسبية كونه واضع النسبية الخاصة والنسبية العامة الشهيرتين اللتين كانتا اللبنة الأولى للفيزياء النظرية الحديثة ، ولقد حاز في عام 1921 على جائزة نوبل في الفيزياء عن ورقة بحثية عن التأثير الكهروضوئي ، ضمن ثلاثمائة ورقة علمية أخرى له في تكافؤ المادة والطاقة وميكانيكا الكم وغيرها ، وأدت استنتاجاته المبرهنة إلى تفسير العديد من الظواهر العلمية التي فشلت الفيزياء الكلاسيكية في إثباتها

[Chunk 2]
الأشخاص: البرت اينشتاين
التواريخ: 14 مارس 1879، 18 ابريل 1955، عام 1921
النص: ألبرت أينشتاين ( 14 مارس 1879 – 18 أبريل 1955 ) عالم فيزياء ألماني المولد ، ( حيث تخلى عن الجنسية الألمانية لاحقا ) سويسري وأمريكي الجنسية ، من أبوين يهوديين ، وهو يشتهر بأب النسبية كونه واضع النسبية الخاصة والنسبية العامة الشهيرتين اللتين كانتا اللبنة الأولى للفيزياء النظرية الحديثة ، ولقد حاز في عام 1921 على جائزة نوبل في الفيزياء عن ورقة بحثية عن التأثير الكهروضوئي ، ضمن ثلاثمائة ورقة علمية أخرى له في تكافؤ المادة والطاقة وميكانيكا الكم وغيرها ، وأدت استنتاجاته المبرهنة إلى تفسير العديد من الظواهر العلمية التي فشلت الفيزياء الكلاسيكية في إثباتها

[Chunk 3]
الأشخاص: شتاين
المنظمات: اكاديمية العلوم البروسية
الأماكن: برلين
النص: قام أينشتاين بتدريس الفيزياء النظرية في زيورخ بين عامي ( 1912 - 1914 ) قبل أن يغادر إلى برلين ، حيث انتخب في أكاديمية العلوم البروسية",في أي علم ولد ألبرت أينشتاين ؟,1879,ولد ألبرت أينشتاين في الفيزياء.,0.92,0.93,0.34
"[Chunk 1]
الأشخاص: ert einstein، البرت اينشتاين
التواريخ: 14 مارس 1879، 18 ابريل 1955، عام 1921
النص: ألبرت أينشتاين ( بالألمانية Albert Einstein ) ( 14 مارس 1879 – 18 أبريل 1955 ) عالم فيزياء ألماني المولد ، ( حيث تخلى عن الجنسية الألمانية لاحقا ) سويسري وأمريكي الجنسية ، من أبوين يهوديين ، وهو يشتهر بأب النسبية كونه واضع النسبية الخاصة والنسبية العامة الشهيرتين اللتين كانتا اللبنة الأولى للفيزياء النظرية الحديثة ، ولقد حاز في عام 1921 على جائزة نوبل في الفيزياء عن ورقة بحثية عن التأثير الكهروضوئي ، ضمن ثلاثمائة ورقة علمية أخرى له في تكافؤ المادة والطاقة وميكانيكا الكم وغيرها ، وأدت استنتاجاته المبرهنة إلى تفسير العديد من الظواهر العلمية التي فشلت الفيزياء الكلاسيكية في إثباتها

[Chunk 2]
الأشخاص: البرت اينشتاين
التواريخ: 14 مارس 1879، 18 ابريل 1955، عام 1921
النص: ألبرت أينشتاين ( 14 مارس 1879 – 18 أبريل 1955 ) عالم فيزياء ألماني المولد ، ( حيث تخلى عن الجنسية الألمانية لاحقا ) سويسري وأمريكي الجنسية ، من أبوين يهوديين ، وهو يشتهر بأب النسبية كونه واضع النسبية الخاصة والنسبية العامة الشهيرتين اللتين كانتا اللبنة الأولى للفيزياء النظرية الحديثة ، ولقد حاز في عام 1921 على جائزة نوبل في الفيزياء عن ورقة بحثية عن التأثير الكهروضوئي ، ضمن ثلاثمائة ورقة علمية أخرى له في تكافؤ المادة والطاقة وميكانيكا الكم وغيرها ، وأدت استنتاجاته المبرهنة إلى تفسير العديد من الظواهر العلمية التي فشلت الفيزياء الكلاسيكية في إثباتها

[Chunk 3]
النص: أدت تجاربه وملاحظاته خلال هذه الرحلة إلى استنتاج بأن التفاوتات الاقتصادية متأصلة بالمنطقة ، والتي كانت نتيجة الرأسمالية الاحتكارية والاستعمار الجديد والإمبريالية",إلى ماذا أدت الاستنتاجات المبرهنة لألبرت أينشتاين ؟,تفسير العديد من الظواهر العلمية التي فشلت الفيزياء الكلاسيكية في إثباتها .,أدت استنتاجاته المبرهنة إلى تفسير العديد من الظواهر العلمية التي فشلت الفيزياء الكلاسيكية في إثباتها.,0.93,0.92,0.91
"[Chunk 1]
الأشخاص: شتاين
المنظمات: المدرسة التقنية الفدرالية السويسرية
الأماكن: سويسرا
التواريخ: 189، عام 1900
النص: عاش أينشتاين في سويسرا بين عامي ( 1895 - 1914 ) ، باستثناء عام واحد في براغ ، وحصل على دبلومه الأكاديمي من المدرسة التقنية الفدرالية السويسرية في زيورخ في عام 1900

[Chunk 2]
الأشخاص: شتاين
المنظمات: اكاديمية العلوم البروسية
الأماكن: برلين
النص: قام أينشتاين بتدريس الفيزياء النظرية في زيورخ بين عامي ( 1912 - 1914 ) قبل أن يغادر إلى برلين ، حيث انتخب في أكاديمية العلوم البروسية

[Chunk 3]
الأشخاص: البرت اينشتاين
التواريخ: 14 مارس 1879، 18 ابريل 1955، عام 1921
النص: ألبرت أينشتاين ( 14 مارس 1879 – 18 أبريل 1955 ) عالم فيزياء ألماني المولد ، ( حيث تخلى عن الجنسية الألمانية لاحقا ) سويسري وأمريكي الجنسية ، من أبوين يهوديين ، وهو يشتهر بأب النسبية كونه واضع النسبية الخاصة والنسبية العامة الشهيرتين اللتين كانتا اللبنة الأولى للفيزياء النظرية الحديثة ، ولقد حاز في عام 1921 على جائزة نوبل في الفيزياء عن ورقة بحثية عن التأثير الكهروضوئي ، ضمن ثلاثمائة ورقة علمية أخرى له في تكافؤ المادة والطاقة وميكانيكا الكم وغيرها ، وأدت استنتاجاته المبرهنة إلى تفسير العديد من الظواهر العلمية التي فشلت الفيزياء الكلاسيكية في إثباتها",من أي مدرسة حصل أبرت أينشتاين على دبلومه الأكاديمي ؟,المدرسة التقنية الفدرالية السويسرية في زيورخ,حصل البرت اينشتاين على دبلومه الأكاديمي من المدرسة التقنية الفدرالية السويسرية في زيورخ في عام 1900.,0.93,0.91,0.92
"[Chunk 1]
الأماكن: الربع الجنوبي الشرقي من، سلطنة عمان، شبه الجزيرة العربية، غرب اسيا
النص: عمان أو ( رسميا سلطنة عمان ) ، هي دولة عربية تقع في غرب آسيا وتشكل المرتبة الثالثة من حيث المساحة في شبه الجزيرة العربية وتقع سلطنة عمان في الربع الجنوبي الشرقي من شبه الجزيرة العربية وتغطي مساحة اجمالية تبلغ 309 500 كم

[Chunk 2]
النص: 002 000 كيلومتر مربع والمساحة المأهولة تبلغ 78990 كم 2 بنسبة 7 8 % من المساحة الكلية

[Chunk 3]
الأماكن: الاردن، العراق، تركيا، فلسطين، والبحر الابيض المتوسط، ولبنان
النص: يحدها شمالا تركيا ، وشرقا العراق ، وجنوبا الأردن ، وغربا فلسطين ، ولبنان ، والبحر الأبيض المتوسط ، بمساحة 185180 كم مربع ، وتضاريس وغطاء نباتي وحيواني متنوع ، ومناخ متراوح بين متوسطي ، وشبه جاف",كم تبلغ المساحة الإجمالية لعمان ؟,309.500 كم .,309 500 كيلومتر مربع.,0.66,0.92,0.91
"[Chunk 1]
المنظمات: السلطنة، المملكة المتحدة، سلطنة عمان، والبر
الأماكن: الامارات، الخليج العربي، المحيط الهندي، ستان، مسقط، مضيق باب السلام، والمح، وايران، وباك
التواريخ: القرن 19، القرن 20، اواخر القرن 15
النص: من أواخر القرن 15 كانت سلطنة عمان إمبراطورية قوية تتنافس مع المملكة المتحدة والبرتغال على النفوذ في منطقة الخليج العربي والمحيط الهندي في ذروتها في القرن 19 النفوذ العماني وسيطرته التي تمتد عبر مضيق باب السلام إلى العصر الحديث الإمارات وباكستان وإيران وجنوبا حتى زنجبار كما إنخفضت قوتها في القرن 20 جاءت السلطنة تحت تأثير المملكة المتحدة وتاريخيا كانت مسقط الميناء التجاري الرئيسي في منطقة الخليج العربي ، مسقط كانت أيضا من بين أهم الموانئ التجارية في المحيط الهندي .

[Chunk 2]
الأماكن: الربع الجنوبي الشرقي من، سلطنة عمان، شبه الجزيرة العربية، غرب اسيا
النص: عمان أو ( رسميا سلطنة عمان ) ، هي دولة عربية تقع في غرب آسيا وتشكل المرتبة الثالثة من حيث المساحة في شبه الجزيرة العربية وتقع سلطنة عمان في الربع الجنوبي الشرقي من شبه الجزيرة العربية وتغطي مساحة اجمالية تبلغ 309 500 كم

[Chunk 3]
الأماكن: ساحل المحيط الاطلسي
التواريخ: اواخر القرن الخامس عشر
النص: مع حلول أواخر القرن الخامس عشر بدأت الحملات البريطانية والفرنسية استكشاف المنطقة ومن ثم استوطنتها على طول ساحل المحيط الأطلسي","على ماذا كانت تتنافس سلطنة عمان ، المملكة المتحدة و البرتغال ، في أواخر القرن 15 ؟",النفوذ في منطقة الخليج العربي والمحيط الهندي,كانت سلطنة عمان تتنافس مع المملكة المتحدة والبرتغال على النفوذ في منطقة الخليج العربي والمحيط الهندي في ذروتها في القرن 19.,0.8,0.91,0.92
"[Chunk 1]
الأماكن: الربع الجنوبي الشرقي من، سلطنة عمان، شبه الجزيرة العربية، غرب اسيا
النص: عمان أو ( رسميا سلطنة عمان ) ، هي دولة عربية تقع في غرب آسيا وتشكل المرتبة الثالثة من حيث المساحة في شبه الجزيرة العربية وتقع سلطنة عمان في الربع الجنوبي الشرقي من شبه الجزيرة العربية وتغطي مساحة اجمالية تبلغ 309 500 كم

[Chunk 2]
الأشخاص: عبد الله بن الحسين، م الصوري
المنظمات: امارة الشرق العربي، امارة شرقي، مملكة بيت المقدس
الأماكن: trans jordan، تران، س جوردن، شرقي الاردن، وموا
النص: فقد عرف لأول مرة في العهد الصليبي ، وأن أول تسمية بهذا المعنى نقلها وليم الصوري ، مؤرخ مملكة بيت المقدس اللاتينية ، فقد أطلق عليها "" ultra jordanem "" وذكر أنها تشمل بلاد جلعاد ، وعمون ، ومؤاب ، ويطلق عليها أحيانا اسم ترانس جوردن "" trans Jordan "" التي تعني بلاد ما وراء النهر ، عبر الأردن ، أو شرقي الأردن أيضا ، وعندما أسس الملك عبد الله بن الحسين الإمارة الأردنية أطلق على البلاد اسم إمارة الشرق العربي ثم استقلت الإمارة تحت اسم إمارة شرقي الأردن

[Chunk 3]
الأماكن: ام النار، بلاد الرافدين، جبل النحاس، عمان
التواريخ: العام 1800 عام قبل الميلاد
النص: يعتقد أن مجان الواردة في الكتابات السومرية تشير إلى عمان الغالب أن عمان كانت محطة وصل مهمة للقوافل التجارية وعرفت هذه المنطقة التاريخية باسم جبل النحاس ولها إرتباط بثقافة أم النار وصلات تجارية مع بلاد الرافدين ولا يعرف الكثير عن طبيعة النظم في تلك المستوطنات الصغيرة واختفت مجان من النصوص السومرية مبكرا في العام 1800 عام قبل الميلاد",بأي إسم عرفت عمان ؟,باسم جبل النحاس,عرفت عمان باسم جبل النحاس.,0.4,0.92,0.91
"[Chunk 1]
المنظمات: الجمهورية العربية السورية
الأماكن: الشرق الاوسط، دمشق، سوريا، سورية، غرب اسيا
التواريخ: 1961
النص: سورية أو سوريا ، واسمها الرسمي الجمهورية العربية السورية منذ 1961 ، هي جمهورية مركزية ، مؤلفة من 14 محافظة ، عاصمتها مدينة دمشق ، تقع ضمن منطقة الشرق الأوسط في غرب آسيا

[Chunk 2]
المنظمات: الجمهورية العربية السورية
الأماكن: الشرق الاوسط، دمشق، سوريا، سورية، غرب اسيا
التواريخ: 1961
النص: سورية أو سوريا ، أو ( رسميا الجمهورية العربية السورية ) منذ 1961 ، هي دولة عربية تعد جمهورية مركزية ، مؤلفة من 14 محافظة ، عاصمتها مدينة دمشق ، تقع ضمن منطقة الشرق الأوسط في غرب آسيا

[Chunk 3]
الأماكن: دمشق، سوريا
التواريخ: القرن الحادي عشر بعد الميلاد، القرن الحادي عشر قبل الميلاد
النص: وجدت آثار بشرية في سوريا تعود لآلاف السنين ، ومدينة دمشق تعتبر أقدم مدينة في العالم ، وتحوي البلاد العديد من المستوطنات البشرية الممتدة منذ العصر الحجري ، ازدهرت البلاد في العصور القديمة لخصوبة تربتها ، وبوصفها طريقا للقوافل التجارية أو الجيوش ، وقامت فيها إمبراطوريات متعاقبة قوية اشتملت أغلبها على الهلال الخصيب برمته ، وبرزت منذ القرن الحادي عشر قبل الميلاد الحضارة الآرامية التي استمرت هوية البلاد الحضارية الأساسية حتى استعراب غالبيتها مع حلول القرن الحادي عشر بعد الميلاد",ماهي عاصمة سوريا ؟,"دمشق ،",عاصمتها مدينة دمشق.,0.91,0.93,0.91
"[Chunk 1]
المنظمات: الجمهورية اللبنانية
الأماكن: اسراييل، البحر الابيض المتوسط، الشرق الاوسط، سوريا، غرب القارة الاسيوية، لبنان، وفلسطين المحتلة
النص: لبنان أو ( رسميا الجمهورية اللبنانية ) ، هي دولة عربية واقعة في الشرق الأوسط في غرب القارة الآسيوية تحدها سوريا من الشمال والشرق ، وفلسطين المحتلة - إسرائيل من الجنوب ، وتطل من جهة الغرب على البحر الأبيض المتوسط

[Chunk 2]
المنظمات: الجمهورية العربية السورية
الأماكن: الشرق الاوسط، دمشق، سوريا، سورية، غرب اسيا
التواريخ: 1961
النص: سورية أو سوريا ، أو ( رسميا الجمهورية العربية السورية ) منذ 1961 ، هي دولة عربية تعد جمهورية مركزية ، مؤلفة من 14 محافظة ، عاصمتها مدينة دمشق ، تقع ضمن منطقة الشرق الأوسط في غرب آسيا

[Chunk 3]
المنظمات: العربية، بالسعودية
الأماكن: البحر الاحمر، البحرين، الجنوب الشرقي، الخليج العربي، الشمال الشرقي، العراق، الكويت، المتحدة، اليمن، جسر الملك فهد، والاردن، والامارات
النص: يحدها من الشمال العراق والأردن وتحدها الكويت من الشمال الشرقي ، ومن الشرق تحدها كل من قطر والإمارات العربية المتحدة بالإضافة إلى البحرين التي ترتبط بالسعودية من خلال جسر الملك فهد الواقع على الخليج العربي ، ومن الجنوب تحدها اليمن ، وعمان من الجنوب الشرقي ، كما يحدها البحر الأحمر من جهة الغرب",ماهي الدولة التي تحد سوريا جنوبا ؟,"الأردن ،",لبنان.,0.8,0.93,0.3
"[Chunk 1]
الأماكن: دمشق، سوريا
التواريخ: القرن الحادي عشر بعد الميلاد، القرن الحادي عشر قبل الميلاد
النص: وجدت آثار بشرية في سوريا تعود لآلاف السنين ، ومدينة دمشق تعتبر أقدم مدينة في العالم ، وتحوي البلاد العديد من المستوطنات البشرية الممتدة منذ العصر الحجري ، ازدهرت البلاد في العصور القديمة لخصوبة تربتها ، وبوصفها طريقا للقوافل التجارية أو الجيوش ، وقامت فيها إمبراطوريات متعاقبة قوية اشتملت أغلبها على الهلال الخصيب برمته ، وبرزت منذ القرن الحادي عشر قبل الميلاد الحضارة الآرامية التي استمرت هوية البلاد الحضارية الأساسية حتى استعراب غالبيتها مع حلول القرن الحادي عشر بعد الميلاد

[Chunk 2]
المنظمات: الجمهورية العربية السورية
الأماكن: الشرق الاوسط، دمشق، سوريا، سورية، غرب اسيا
التواريخ: 1961
النص: سورية أو سوريا ، أو ( رسميا الجمهورية العربية السورية ) منذ 1961 ، هي دولة عربية تعد جمهورية مركزية ، مؤلفة من 14 محافظة ، عاصمتها مدينة دمشق ، تقع ضمن منطقة الشرق الأوسط في غرب آسيا

[Chunk 3]
المنظمات: الجمهورية العربية السورية
الأماكن: الشرق الاوسط، دمشق، سوريا، سورية، غرب اسيا
التواريخ: 1961
النص: سورية أو سوريا ، واسمها الرسمي الجمهورية العربية السورية منذ 1961 ، هي جمهورية مركزية ، مؤلفة من 14 محافظة ، عاصمتها مدينة دمشق ، تقع ضمن منطقة الشرق الأوسط في غرب آسيا",ماذا تعتبر مدينة دمشق ؟,"أقدم مدينة في العالم ،",مدينة دمشق تعتبر أقدم مدينة في العالم.,0.93,0.91,0.91
"[Chunk 1]
الأماكن: باله، جمهورية الهند، جنوب اسيا، ندية
النص: الهند رسميا جمهورية الهند ( بالهندية ) ، هي جمهورية تقع في جنوب آسيا تعد سابع أكبر بلد من حيث المساحة الجغرافية ، والثانية من حيث عدد السكان ، وهي الجمهورية الديموقراطية الأكثر ازدحاما بالسكان في العالم

[Chunk 2]
الأماكن: باله، جمهورية الهند، جنوب اسيا، ندية
النص: الهند رسميا جمهورية الهند ( بالهندية ) ، هي جمهورية تقع في جنوب آسيا تعد سابع أكبر بلد من حيث المساحة الجغرافية ، والثانية من حيث عدد السكان ، وهي الجمهورية الديموقراطية الأكثر ازدحاما بالسكان في العالم

[Chunk 3]
المنظمات: الحزب الشيوعي الصيني
الأماكن: شرق اسيا
النص: ) هي الدولة الأكثر سكانا في العالم حيث يقطنها أكثر من 1 338 مليار نسمة تقع في شرق آسيا ويحكمها الحزب الشيوعي الصيني في ظل نظام الحزب الواحد",اين تقع جمهورية الهند ؟,تقع في جنوب آسيا .,تقع جمهورية الهند في جنوب آسيا.,0.92,0.92,0.93
"[Chunk 1]
الأماكن: شبه القارة الهندية، وادي السند
النص: تعد الهند مهد حضارة وادي السند ومنطقة طريق التجارة التاريخية والعديد من الإمبراطوريات كانت شبه القارة الهندية معروفة بثراوتها التجارية والثقافية لفترة كبيرة من تاريخها الطويل

[Chunk 2]
الأماكن: شبه القارة الهندية، وادي السند
النص: تعد الهند مهد حضارة وادي السند ومنطقة طريق التجارة التاريخية والعديد من الإمبراطوريات كانت شبه القارة الهندية معروفة بثراوتها التجارية والثقافية لفترة كبيرة من تاريخها الطويل

[Chunk 3]
المنظمات: المملكة المتحدة، الهند الشرقية
الأماكن: الهند
التواريخ: القرن الثامن عشر، عام 1947، منتصف القرن التاسع عشر، منتصف القرن العشرين
النص: تاريخيا ، أسندت إدارة الهند إلى شركة الهند الشرقية البريطانية في وقت مبكر من القرن الثامن عشر ، ثم استعمرت من قبل المملكة المتحدة في الفترة من منتصف القرن التاسع عشر إلى منتصف القرن العشرين ، ثم استقلت الهند في عام 1947 بعد حركة الكفاح من أجل الاستقلال التي تميزت على نطاق واسع بالمقاومة غير العنيفة",بماذا كانت تشتهر الهند فى تاريخها ؟,كانت شبه القارة الهندية معروفة بثراوتها التجارية والثقافية لفترة كبيرة من تاريخها الطويل .,تشتهر الهند بثراوتها التجارية والثقافية لفترة كبيرة من تاريخها الطويل.,0.92,0.91,0.92
"[Chunk 1]
الأماكن: الهند
النص: على الصعيد الإداري تعد الهند جمهورية فيدرالية ، تتألف من 28 ولاية وسبعة أقاليم اتحادية مع وجود نظام برلماني ديموقراطي

[Chunk 2]
الأماكن: باله، جمهورية الهند، جنوب اسيا، ندية
النص: الهند رسميا جمهورية الهند ( بالهندية ) ، هي جمهورية تقع في جنوب آسيا تعد سابع أكبر بلد من حيث المساحة الجغرافية ، والثانية من حيث عدد السكان ، وهي الجمهورية الديموقراطية الأكثر ازدحاما بالسكان في العالم

[Chunk 3]
الأماكن: باله، جمهورية الهند، جنوب اسيا، ندية
النص: الهند رسميا جمهورية الهند ( بالهندية ) ، هي جمهورية تقع في جنوب آسيا تعد سابع أكبر بلد من حيث المساحة الجغرافية ، والثانية من حيث عدد السكان ، وهي الجمهورية الديموقراطية الأكثر ازدحاما بالسكان في العالم",كم ولاية فى الهند ؟,تتألف من 28 ولاية,28 ولاية.,0.93,0.92,0.93
"[Chunk 1]
الأماكن: اسراييل، بالي، بلاد الشام، غرب اسيا، غرب الاردن، فة الغربية، فلسطين، والض، وقطاع غزة
النص: فلسطين ( بالعبرية أو حسب السياق ، باليونانية ) هي منطقة جغرافية في غرب آسيا عادة ما تشمل إسرائيل ، والضفة الغربية ، وقطاع غزة ، وفي بعض التعاريف ، بعض أجزاء من غرب الأردن مشكلة الجزء الجنوبي الغربي من بلاد الشام

[Chunk 2]
الأماكن: اسراييل، بالي، بلاد الشام، غرب اسيا، غرب الاردن، فة الغربية، فلسطين، والض، وقطاع غزة
النص: فلسطين ( بالعبرية أو حسب السياق ، باليونانية ) هي منطقة جغرافية في غرب آسيا عادة ما تشمل إسرائيل ، والضفة الغربية ، وقطاع غزة ، وفي بعض التعاريف ، بعض أجزاء من غرب الأردن مشكلة الجزء الجنوبي الغربي من بلاد الشام

[Chunk 3]
الأماكن: اسراييل، بالي، بلاد الشام، غرب اسيا، غرب الاردن، فة الغربية، فلسطين، والض، وقطاع غزة
النص: فلسطين ( بالعبرية أو حسب السياق ، باليونانية ) هي منطقة جغرافية في غرب آسيا عادة ما تشمل إسرائيل ، والضفة الغربية ، وقطاع غزة ، وفي بعض التعاريف ، بعض أجزاء من غرب الأردن مشكلة الجزء الجنوبي الغربي من بلاد الشام",اين تقع فلسطين ؟,في غرب آسيا,"فلسطين هي منطقة جغرافية في غرب آسيا عادة ما تشمل إسرائيل، والضفة الغربية، وقطاع غزة، وفي بعض التعاريف، بعض أجزاء من غرب الأردن مشكلة الجزء الجنوبي الغربي من بلاد الشام.",0.91,0.92,0.93
"[Chunk 1]
الأماكن: اسراييل، بالي، بلاد الشام، غرب اسيا، غرب الاردن، فة الغربية، فلسطين، والض، وقطاع غزة
النص: فلسطين ( بالعبرية أو حسب السياق ، باليونانية ) هي منطقة جغرافية في غرب آسيا عادة ما تشمل إسرائيل ، والضفة الغربية ، وقطاع غزة ، وفي بعض التعاريف ، بعض أجزاء من غرب الأردن مشكلة الجزء الجنوبي الغربي من بلاد الشام

[Chunk 2]
الأماكن: اسراييل، بالي، بلاد الشام، غرب اسيا، غرب الاردن، فة الغربية، فلسطين، والض، وقطاع غزة
النص: فلسطين ( بالعبرية أو حسب السياق ، باليونانية ) هي منطقة جغرافية في غرب آسيا عادة ما تشمل إسرائيل ، والضفة الغربية ، وقطاع غزة ، وفي بعض التعاريف ، بعض أجزاء من غرب الأردن مشكلة الجزء الجنوبي الغربي من بلاد الشام

[Chunk 3]
الأماكن: اسراييل، بالي، بلاد الشام، غرب اسيا، غرب الاردن، فة الغربية، فلسطين، والض، وقطاع غزة
النص: فلسطين ( بالعبرية أو حسب السياق ، باليونانية ) هي منطقة جغرافية في غرب آسيا عادة ما تشمل إسرائيل ، والضفة الغربية ، وقطاع غزة ، وفي بعض التعاريف ، بعض أجزاء من غرب الأردن مشكلة الجزء الجنوبي الغربي من بلاد الشام",ماذا تسمى فلسطين باليونانية ؟,باليونانية : ),"تسمى فلسطين باليونانية ""Παλαιστίνη"" (Palastīnē).",0.92,0.8,0.8
"[Chunk 1]
المنظمات: الدولة العثمانية، كس بيكو
الأماكن: البحر المتوسط، البحر الميت، بحيرة طبريا، سان ريمو، سورية، فلسطين، لبنان، والاردن، يج العقبة
النص: عقب الحرب العالمية الأولى وتبعاتها من سقوط الدولة العثمانية التي كانت تسيطر على فلسطين ومعاهدة سيفر ومؤتمر سان ريمو واتفاقية سايكس بيكو ، رسمت حدود الإنتداب البريطاني على فلسطين ، فكانت الحدود تمتد بشكل طولي من الشمال إلى الجنوب على نحو أربع درجات عرض ، حيث تمتد بين دائرتي عرض 29 , 30 و 33 , 15 شمالا وبين خطي الطول 34 , 15 و 35 , 40 شرقا ، بمساحة 26 , 990 كم 2 ، بما في ذلك بحيرة طبريا ونصف البحر الميت يحدها من الغرب البحر المتوسط بساحل طوله 224 كم ، ومن الشرق سورية والأردن ، ومن الشمال لبنان ، ومن الجنوب مصر وخليج العقبة

[Chunk 2]
المنظمات: الدولة العثمانية، كس بيكو
الأماكن: البحر المتوسط، البحر الميت، بحيرة طبريا، سان ريمو، سورية، فلسطين، لبنان، والاردن، يج العقبة
النص: عقب الحرب العالمية الأولى وتبعاتها من سقوط الدولة العثمانية التي كانت تسيطر على فلسطين ومعاهدة سيفر ومؤتمر سان ريمو واتفاقية سايكس بيكو ، رسمت حدود الإنتداب البريطاني على فلسطين ، فكانت الحدود تمتد بشكل طولي من الشمال إلى الجنوب على نحو أربع درجات عرض ، حيث تمتد بين دائرتي عرض 29 , 30 و 33 , 15 شمالا وبين خطي الطول 34 , 15 و 35 , 40 شرقا ، بمساحة 26 , 990 كم 2 ، بما في ذلك بحيرة طبريا ونصف البحر الميت يحدها من الغرب البحر المتوسط بساحل طوله 224 كم ، ومن الشرق سورية والأردن ، ومن الشمال لبنان ، ومن الجنوب مصر وخليج العقبة

[Chunk 3]
المنظمات: العربية، بالسعودية
الأماكن: البحر الاحمر، البحرين، الجنوب الشرقي، الخليج العربي، الشمال الشرقي، العراق، الكويت، المتحدة، اليمن، جسر الملك فهد، والاردن، والامارات
النص: يحدها من الشمال العراق والأردن وتحدها الكويت من الشمال الشرقي ، ومن الشرق تحدها كل من قطر والإمارات العربية المتحدة بالإضافة إلى البحرين التي ترتبط بالسعودية من خلال جسر الملك فهد الواقع على الخليج العربي ، ومن الجنوب تحدها اليمن ، وعمان من الجنوب الشرقي ، كما يحدها البحر الأحمر من جهة الغرب",ما الدول التى تقع على شرق حدود الانتداب البريطانى ؟,"سورية والأردن ،",سوريا والأردن.,0.8,0.92,0.92
"[Chunk 1]
النص: السرطان ( بالإنجليزية Cancer ) هو مجموعة من الأمراض التي تتميز خلاياها بالعدائية Aggressive ( وهو النمو والانقسام الخلوي غير المحدود ) ، هذه الخلايا المنقسمة لها القدرة على غزو Invasion الأنسجة المجاورة وتدميرها ، أو الانتقال إلى أنسجة بعيدة في عملية نطلق عليها اسم النقلية

[Chunk 2]
النص: السرطان ( بالإنجليزية Cancer ) هو مجموعة من الأمراض التي تتميز خلاياها بالعدائية Aggressive ( وهو النمو والانقسام الخلوي غير المحدود ) ، هذه الخلايا المنقسمة لها القدرة على غزو Invasion الأنسجة المجاورة وتدميرها ، أو الانتقال إلى أنسجة بعيدة في عملية نطلق عليها اسم النقلية السرطان هو نمو الخلايا وانتشارها بشكل لا يمكن التحكم فيه

[Chunk 3]
النص: السرطان هو مجموعة من الأمراض التي تتميز خلاياها بالعدائية Aggressive ( وهو النمو والانقسام الخلوي غير المحدود ) ، هذه الخلايا المنقسمة لها القدرة على غزو Invasion الأنسجة المجاورة وتدميرها ، أو الانتقال إلى أنسجة بعيدة في عملية نطلق عليها اسم النقلية",ما اسم السرطان بالانجليزية ؟,Cancer ),Cancer.,0.93,0.91,0.93
"[Chunk 1]
النص: وهذه القدرات هي صفات الورم الخبيث على عكس الورم الحميد ، والذي يتميز بنمو محدد وعدم القدرة على الغزو وليس له القدرة على الانتقال أو النقلية كما يمكن أن يتطور الورم الحميد إلى سرطان خبيث في بعض الأحيان

[Chunk 2]
النص: في البداية تكون الحديبة غير متمايزة ولاحقا تتطور إما إلى القضيب أو البظر ، وهذا يتعلق بوجود أو عدم وحود البروتين العامل المحدد للخصية tdf ، المرمز بواسطة جين واحد في كروموسوم Y

[Chunk 3]
النص: من ثم ، يمكن أن ينتقل هذا الفيروس من خلال الاتصال الجنسي غير الآمن سواء الشرجي أو المهبلي أو الفموي ، أو من خلال عملية نقل الدم ، أو من خلال إبر الحقن الملوثة بهذا الفيروس ، أو يمكن أن ينتقل من الأم إلى جنينها خلال مرحلة الحمل أو الولادة أو الرضاعة أو من خلال أي عملية تعرض أخرى لأي من السوائل الجسدية سالفة الذكر",الى ماذا يمكن للورم الخبيث ان يتطور ؟,إلى سرطان خبيث في بعض الأحيان .,يمكن للورم الخبيث أن يتطور إلى سرطان خبيث في بعض الأحيان. (النص: والذي يتميز بنمو محدد وعدم القدرة على الغزو وليس له القدرة على الانتقال أو النقلية كما يمكن أن يتطور الورم الحميد إلى سرطان خبيث في بعض الأحيان),0.77,0.91,0.92
"[Chunk 1]
النص: يستطيع السرطان أن يصيب كل المراحل العمرية عند الإنسان حتى الأجنة ، ولكن تزيد مخاطر الإصابة به كلما تقدم الإنسان في العمر

[Chunk 2]
النص: الشباب و كبار السن أكثر الفئات شيوعا للإصابة بالمرض ويعتبر الجرب المخدش شائعا في الدول النامية والمناطق الإستوائية أيضا

[Chunk 3]
النص: السرطان ( بالإنجليزية Cancer ) هو مجموعة من الأمراض التي تتميز خلاياها بالعدائية Aggressive ( وهو النمو والانقسام الخلوي غير المحدود ) ، هذه الخلايا المنقسمة لها القدرة على غزو Invasion الأنسجة المجاورة وتدميرها ، أو الانتقال إلى أنسجة بعيدة في عملية نطلق عليها اسم النقلية السرطان هو نمو الخلايا وانتشارها بشكل لا يمكن التحكم فيه",ما المراحل العمرية التى يستطيع السرطان اصابتها ؟,"يستطيع السرطان أن يصيب كل المراحل العمرية عند الإنسان حتى الأجنة ،",يستطيع السرطان أن يصيب كل المراحل العمرية عند الإنسان حتى الأجنة.,0.92,0.93,0.91
"[Chunk 1]
الأشخاص: تامر حسني، شيرين عبد الوهاب، محمد محيي
الأماكن: القاهرة
التواريخ: 8 اكتوبر 1980، صيف عام 2002، عام 2000، عام 2002
النص: شيرين عبد الوهاب ( 8 أكتوبر 1980 ) ، مغنية مصرية ولدت في القاهرة ، بدأت مشوارها الفني أوائل عام 2002 بأغنية اه يا ليل ولكنها لم تكن أول أغانيها حيث ظهرت مع المطرب محمد محي في دويتو غنائي بعنوان "" بحبك "" في عام 2000 و كانت الأغنية ضمن ألبوم "" صورة و دمعة "" للفنان محمد محيي ، و لكن انطلاقتها الحقيقية كانت مع تامر حسني ، الذي كان وجه جديد أيضا ، في ألبوم غنائي مشترك بعنوان "" فري ميكس 3 "" في صيف عام 2002

[Chunk 2]
الأشخاص: تامر حسني، شيرين بنت محيميد، محمد محيي
الأماكن: حوش بيتنا
التواريخ: 8 اكتوبر 1980، صيف عام 2002، عام 2000، عام 2002
النص: شيرين بنت محيميد ( 8 أكتوبر 1980 ) ، مغنية مصرية ولدت في [ حوش بيتنا ]] ، بدأت مشوارها الفني أوائل عام 2002 بأغنية زغرطي يا انشراح الي قاي احسن من الي ر ولكنها لم تكن أول أغانيها حيث ظهرت مع المطرب محمد محي في دويتو غنائي بعنوان "" بحبك "" في عام 2000 و كانت الأغنية ضمن ألبوم "" صورة و دمعة "" للفنان محمد محيي ، و لكن انطلاقتها الحقيقية كانت مع تامر حسني ، الذي كان وجه جديد أيضا ، في ألبوم غنائي مشترك بعنوان "" فري ميكس 3 "" في صيف عام 2002

[Chunk 3]
التواريخ: 30 ديسمبر 1898 م، 4 مايو 1908
النص: تضاربت مصادر تاريخ ميلادها الدقيق ، فبعض المصادر تشير إلى أن تاريخ ميلادها يعود لتاريخ 30 ديسمبر 1898 م ، ومصادر أخرى ترجح أن ميلادها يرجع لتاريخ 4 مايو 1908 م وهو المذكور في سجل مواليد المحافظة",متى ولدت شيرين عبد الوهاب ؟,( 8 أكتوبر 1980,"لا توجد معلومات مباشرة عن تاريخ الميلادexact لشيرين عبد الوهاب في السياق، ولكن هناك مصادر مختلفة تشير إلى أن ميلادها يعود EITHER إلى 30 ديسمبر 1898 م أو 4 مايو 1908 م. Therefore, the answer is: لا يمكن تحديد تاريخ الميلاد الدقيق لشيرين عبد الوهاب من خلال السياق.",0.88,0.93,0.92
"[Chunk 1]
الأشخاص: تامر حسني، شيرين بنت محيميد، محمد محيي
الأماكن: حوش بيتنا
التواريخ: 8 اكتوبر 1980، صيف عام 2002، عام 2000، عام 2002
النص: شيرين بنت محيميد ( 8 أكتوبر 1980 ) ، مغنية مصرية ولدت في [ حوش بيتنا ]] ، بدأت مشوارها الفني أوائل عام 2002 بأغنية زغرطي يا انشراح الي قاي احسن من الي ر ولكنها لم تكن أول أغانيها حيث ظهرت مع المطرب محمد محي في دويتو غنائي بعنوان "" بحبك "" في عام 2000 و كانت الأغنية ضمن ألبوم "" صورة و دمعة "" للفنان محمد محيي ، و لكن انطلاقتها الحقيقية كانت مع تامر حسني ، الذي كان وجه جديد أيضا ، في ألبوم غنائي مشترك بعنوان "" فري ميكس 3 "" في صيف عام 2002

[Chunk 2]
الأشخاص: تامر حسني، شيرين عبد الوهاب، محمد محيي
الأماكن: القاهرة
التواريخ: 8 اكتوبر 1980، صيف عام 2002، عام 2000، عام 2002
النص: شيرين عبد الوهاب ( 8 أكتوبر 1980 ) ، مغنية مصرية ولدت في القاهرة ، بدأت مشوارها الفني أوائل عام 2002 بأغنية اه يا ليل ولكنها لم تكن أول أغانيها حيث ظهرت مع المطرب محمد محي في دويتو غنائي بعنوان "" بحبك "" في عام 2000 و كانت الأغنية ضمن ألبوم "" صورة و دمعة "" للفنان محمد محيي ، و لكن انطلاقتها الحقيقية كانت مع تامر حسني ، الذي كان وجه جديد أيضا ، في ألبوم غنائي مشترك بعنوان "" فري ميكس 3 "" في صيف عام 2002

[Chunk 3]
الأشخاص: خالد
النص: وذات مرة سمعت أباها يعلم أخيها خالد الغناء ، حيث كان يصطحبه ليغني معه في الإحتفالات ، فعندما سمع ما تعلمته انبهر من قوة نبرتها ، فطلب منها أن تنضم معه لدروس الغناء ، وبدأت الغناء بسن الثانية عشر وذلك بعدما كان يصطحبها والدها إلى الحفلات لتغني معه وكانت تغني وهي تلبس العقال وملابس الأولاد",متى بدات شيرين مشوارها الغنائى ؟,أوائل عام 2002,بدأت شيرين بنت محيميد (أو شيرين عبد الوهاب) مشوارها الفني أوائل عام 2002 بأغنية زغرطي يا انشراح الي قاي احسن من الي ر.,0.93,0.92,0.91
"[Chunk 1]
الأشخاص: شيرين، محمد مصطفى، مريم وهنا
النص: تزوجت شيرين من الملحن والموزع الموسيقي محمد مصطفى ولها ابنتين منه هما مريم وهناء ، غير أنها انفصلت عنه بعد زواج استمر لمدة 5 سنوات

[Chunk 2]
الأشخاص: حسام حبيب
المنظمات: الجر
الأماكن: بالقاهرة
التواريخ: 3 مارس 2016، 7 ابريل 2018
النص: وبعد ذلك بثلاث أيام 3 مارس 2016 تنشر مجلة الجرس الإلكترونية تسجيل صوتيا بصوتها تعلن الفنانة بواسطته تراجعها عن الإعتزال إحتراما لجمهورها الذين طالبوها بالرجوع للساحة وفي 7 أبريل 2018 تزوجت من المطرب المصري حسام حبيب بالقاهرة

[Chunk 3]
الأشخاص: تامر حسني، شيرين عبد الوهاب، محمد محيي
الأماكن: القاهرة
التواريخ: 8 اكتوبر 1980، صيف عام 2002، عام 2000، عام 2002
النص: شيرين عبد الوهاب ( 8 أكتوبر 1980 ) ، مغنية مصرية ولدت في القاهرة ، بدأت مشوارها الفني أوائل عام 2002 بأغنية اه يا ليل ولكنها لم تكن أول أغانيها حيث ظهرت مع المطرب محمد محي في دويتو غنائي بعنوان "" بحبك "" في عام 2000 و كانت الأغنية ضمن ألبوم "" صورة و دمعة "" للفنان محمد محيي ، و لكن انطلاقتها الحقيقية كانت مع تامر حسني ، الذي كان وجه جديد أيضا ، في ألبوم غنائي مشترك بعنوان "" فري ميكس 3 "" في صيف عام 2002",متى تزوجت شيرين ؟,7 أبريل 2018,"لم تذكر السيرة الذاتية لشيرين في السياق أنهاتزوجت، بل ذكر أنها انفصلت عن زوجها محمد مصطفى بعد زواج استمر لمدة 5 سنوات. quindi، الإجابة هي: لم تزوج شيرين.",0.91,0.31,0.33
"[Chunk 1]
الأشخاص: غونغهيغو
المنظمات: الصين
الأماكن: الشعبية، الصين، جمهورية
النص: الصين ( بالصينية المبسطة تشونغوا بالصينية التقليدية ) المعروفة رسميا باسم جمهورية الصين الشعبية ( بالصينية المبسطة تشونغهوا رنمين غونغهيغو بالصينية التقليدية

[Chunk 2]
المنظمات: الصين
الأماكن: الشعبية، الصين، جمهورية
النص: الصين ( بالصينية المبسطة بالصينية التقليدية ) المعروفة رسميا باسم جمهورية الصين الشعبية ( بالصينية المبسطة بالصينية التقليدية

[Chunk 3]
المنظمات: الصين
الأماكن: ا رنم، الشعبية، الصين، جمهورية، ين غونغهيغو
النص: الصين ( بالصينية المبسطة تشونغوا بالصينية التقليدية ) المعروفة رسميا باسم جمهورية الصين الشعبية ( بالصينية المبسطة تشونغهوا رنمين غونغهيغو بالصينية التقليدية ) هي الدولة الأكثر سكانا في العالم حيث يقطنها أكثر من 1 338 مليار نسمة",ما اسم الصين فى اللغة الصينية ؟,تشونغهوا,الصين المعروفة رسميا باسم جمهورية الصين الشعبية ( بالصينية المبسطة تشونغهوا رنمين غونغهيغو بالصينية التقليدية ).,0.91,0.93,0.93
"[Chunk 1]
المنظمات: الحزب الشيوعي الصيني
الأماكن: شرق اسيا
النص: ) هي الدولة الأكثر سكانا في العالم حيث يقطنها أكثر من 1 338 مليار نسمة تقع في شرق آسيا ويحكمها الحزب الشيوعي الصيني في ظل نظام الحزب الواحد

[Chunk 2]
المنظمات: الصين
الأماكن: ا رنم، الشعبية، الصين، جمهورية، ين غونغهيغو
النص: الصين ( بالصينية المبسطة تشونغوا بالصينية التقليدية ) المعروفة رسميا باسم جمهورية الصين الشعبية ( بالصينية المبسطة تشونغهوا رنمين غونغهيغو بالصينية التقليدية ) هي الدولة الأكثر سكانا في العالم حيث يقطنها أكثر من 1 338 مليار نسمة

[Chunk 3]
الأماكن: الصين، بكين، هونغ كونغ
النص: تتألف الصين من أكثر من 22 مقاطعة وخمس مناطق ذاتية الحكم وأربع بلديات تدار مباشرة ( بكين وتيانجين وشانغهاي وتشونغتشينغ واثنتان من مناطق عالية الحكم الذاتي هما هونغ كونغ وماكاو عاصمة البلاد هي مدينة بكين",اين تقع الصين ؟,شرق آسيا,تقع الصين في شرق آسيا.,0.92,0.93,0.92
"[Chunk 1]
المنظمات: جمهورية الصين الشعبية
النص: تمتد البلاد على مساحة 9 6 مليون كيلومتر مربع ( 3 7 مليون ميل مربع ) ، حيث تعد جمهورية الصين الشعبية ثالث أو رابع أكبر من المساحة الإجمالية ( اعتمادا على تعريف ما هو مدرج في هذا المجموع ) ، وثاني أكبرها وفقا لمساحة البر

[Chunk 2]
المنظمات: جمهورية الصين الشعبية
النص: 6 مليون كيلومتر مربع ( 3 7 مليون ميل مربع ) ، حيث تعد جمهورية الصين الشعبية ثالث أو رابع أكبر من المساحة الإجمالية ( اعتمادا على تعريف ما هو مدرج في هذا المجموع ) ، وثاني أكبرها وفقا لمساحة البر

[Chunk 3]
المنظمات: الصين
الأماكن: ا رنم، الشعبية، الصين، جمهورية، ين غونغهيغو
النص: الصين ( بالصينية المبسطة تشونغوا بالصينية التقليدية ) المعروفة رسميا باسم جمهورية الصين الشعبية ( بالصينية المبسطة تشونغهوا رنمين غونغهيغو بالصينية التقليدية ) هي الدولة الأكثر سكانا في العالم حيث يقطنها أكثر من 1 338 مليار نسمة",ما ترتيب الصين من حيث المساحة ؟,ثالث أو رابع أكبر من المساحة الإجمالية,"تعد جمهورية الصين الشعبية ثالث أو رابع أكبر من المساحة الإجمالية، وثاني أكبرها وفقا لمساحة البر.",0.91,0.92,0.93
"[Chunk 1]
النص: كرة القدم هي رياضة جماعية تلعب بين فريقين يتكون كل منهما من أحد عشر لاعبا بكرة مكورة

[Chunk 2]
النص: كرة القدم هي رياضة جماعية تلعب بين فريقين يتكون كل منهما من أحد عشر لاعبا بكرة مكورة

[Chunk 3]
النص: كرة القدم هي رياضة جماعية تلعب بين فريقين يتكون كل منهما من أحد عشر لاعبا بكرة مكورة",ما هو عدد الاعيبين في فرقة كرة القدم ؟,رياضة جماعية تلعب بين فريقين يتكون كل منهما من أحد عشر لاعبا,يبلغ عدد اللاعبين في فرق كرة القدم أحد عشر لاعبا.,0.92,0.92,0.93
"[Chunk 1]
النص: كرة القدم هي رياضة جماعية تلعب بين فريقين يتكون كل منهما من أحد عشر لاعبا بكرة مكورة

[Chunk 2]
النص: كرة القدم هي رياضة جماعية تلعب بين فريقين يتكون كل منهما من أحد عشر لاعبا بكرة مكورة

[Chunk 3]
النص: كرة القدم هي رياضة جماعية تلعب بين فريقين يتكون كل منهما من أحد عشر لاعبا بكرة مكورة",هل كرة القدم رياضة جماعية او فردية ؟,كرة القدم هي رياضة جماعية,كررية جماعية.,0.93,0.91,0.92
"[Chunk 1]
النص: حارس المرمى هو اللاعب الوحيد الذي يسمح له أن يلمس الكرة بيديه أو ذراعيه ، بشرط أن يكون داخل منطقة الجزاء يستخدم اللاعبون غير الحارس أرجلهم غالبا في الهجوم أو تمرير الكرة ويمكنهم أيضا استخدام رأسهم لضرب الكرة

[Chunk 2]
النص: حارس المرمى هو اللاعب الوحيد الذي يسمح له أن يلمس الكرة بيديه أو ذراعيه ، بشرط أن يكون داخل منطقة الجزاء يستخدم اللاعبون غير الحارس أرجلهم غالبا في الهجوم أو تمرير الكرة ويمكنهم أيضا استخدام رأسهم لضرب الكرة

[Chunk 3]
الأشخاص: برون، رونالدو، لويس نازاريو دي ليما
الأماكن: البرازيل، ريو دي جانيرو
التواريخ: 22 سبتمبر عام 1976، فبراير عام 2011
النص: رونالدو لويس نازاريو دي ليما ( بالبرتغالية Ronaldo Luís Nazário de Lima) ، المعروف اختصارا برونالدو ، ويعرف أيضا بلقبه "" الظاهرة "" هو لاعب كرة قدم برازيلي سابق اعتزل لعب كرة القدم في فبراير عام 2011 ، ولد يوم 22 سبتمبر عام 1976 في مدينة ريو دي جانيرو في موطنه البرازيل",من هو اللاعب الذي يسمح له بلمس الكرة بيديه ؟,"حارس المرمى هو اللاعب الوحيد الذي يسمح له أن يلمس الكرة بيديه أو ذراعيه ،",الحارس المرمى.,0.87,0.93,0.92
"[Chunk 1]
المنظمات: القوات الاسراييلية، وسوريا
الأماكن: اسراييل، الاردن، الضفة الغربية، سوريا، شبه جزيرة سيناء، ضبة الجولان، قطاع غزة
التواريخ: 10 رمضان 1393 ه، 6 اكتوبر / تشرين الاول 1973، عام 1973، يوم السبت
النص: حرب أكتوبر "" حرب العاشر من رمضان "" كما تعرف في مصر أو حرب تشرين التحريرية كما تعرف في سوريا أو حرب يوم الغفران كما تعرف في إسرائيل ، هي حرب شنتها كل من مصر وسوريا على إسرائيل عام 1973 وهي رابع الحروب العربية الإسرائيلية بعد حرب 1948 ( حرب فلسطين ) وحرب 1956 ( حرب السويس ) وحرب 1967 ( حرب الستة أيام ) ، وكانت إسرائيل في الحرب الثالثة قد احتلت شبه جزيرة سيناء من مصر وهضبة الجولان من سوريا إلى جانب الضفة الغربية من الأردن بالإضافة إلى قطاع غزة الخاضع آنذاك لحكم عسكري مصري بدأت الحرب يوم السبت 6 أكتوبر / تشرين الأول 1973 م الموافق 10 رمضان 1393 ه بتنسيق هجومين مفاجئين ومتزامنين على القوات الإسرائيلية

[Chunk 2]
المنظمات: اسراييل، القوات السورية، القوات المسلحة المصرية والسورية، القوات المصرية، وسوريا
الأماكن: اسراييل، الاردن، الضفة الغربية، خط بارليف، سهل الحولة، سوريا، شبه جزيرة سيناء، ضبة الجولان، قطاع غزة، قناة السويس، يرة طبريا
التواريخ: عام 1973
النص: حرب أكتوبر "" حرب العاشر من رمضان "" كما تعرف في مصر أو حرب تشرين التحريرية كما تعرف في سوريا أو حرب يوم الغفران ( بالعبرية ، ميلخمت يوم كيبور ) كما تعرف في إسرائيل ، هي حرب شنتها كل من مصر وسوريا على إسرائيل عام 1973 وهي رابع الحروب العربية الإسرائيلية بعد حرب 1948 ( حرب فلسطين ) وحرب 1956 ( حرب السويس ) وحرب 1967 ( حرب الستة أيام ) ، وكانت إسرائيل في الحرب الثالثة قد احتلت شبه جزيرة سيناء من مصر وهضبة الجولان من سوريا إلى جانب الضفة الغربية من الأردن بالإضافة إلى قطاع غزة الخاضع آنذاك لحكم عسكري مصري عقب بدء الهجوم حققت القوات المسلحة المصرية والسورية أهدافها من شن الحرب على إسرائيل ، وكانت هناك إنجازات ملموسة في الأيام الأولى للمعارك ، فعبرت القوات المصرية قناة السويس بنجاح وحطمت حصون خط بارليف وتوغلت 20 كم شرقا داخل سيناء ، فيما تمكنت القوات السورية من الدخول إلى عمق هضبة الجولان وصولا إلى سهل الحولة وبحيرة طبريا

[Chunk 3]
المنظمات: اسراييل، وسوريا
الأماكن: اسراييل، الاردن، الضفة الغربية، سوريا، شبه جزيرة سيناء، ضبة الجولان، قطاع غزة
التواريخ: عام 1973
النص: حرب أكتوبر "" حرب العاشر من رمضان "" كما تعرف في مصر أو حرب تشرين التحريرية كما تعرف في سوريا أو حرب يوم الغفران ( بالعبرية ، ميلخمت يوم كيبور ) كما تعرف في إسرائيل ، هي حرب شنتها كل من مصر وسوريا على إسرائيل عام 1973 وهي رابع الحروب العربية الإسرائيلية بعد حرب 1948 ( حرب فلسطين ) وحرب 1956 ( حرب السويس ) وحرب 1967 ( حرب الستة أيام ) ، وكانت إسرائيل في الحرب الثالثة قد احتلت شبه جزيرة سيناء من مصر وهضبة الجولان من سوريا إلى جانب الضفة الغربية من الأردن بالإضافة إلى قطاع غزة الخاضع آنذاك لحكم عسكري مصري",كيف تعرف حرب اكتوبر في مصر ؟,"حرب أكتوبر "" حرب العاشر من رمضان "" كما تعرف في مصر","حرب أكتوبر تعرف في مصر ""حرب العاشر من رمضان"".",0.92,0.91,0.92
"[Chunk 1]
المنظمات: القوات الاسراييلية، وسوريا
الأماكن: اسراييل، الاردن، الضفة الغربية، سوريا، شبه جزيرة سيناء، ضبة الجولان، قطاع غزة
التواريخ: 10 رمضان 1393 ه، 6 اكتوبر / تشرين الاول 1973، عام 1973، يوم السبت
النص: حرب أكتوبر "" حرب العاشر من رمضان "" كما تعرف في مصر أو حرب تشرين التحريرية كما تعرف في سوريا أو حرب يوم الغفران كما تعرف في إسرائيل ، هي حرب شنتها كل من مصر وسوريا على إسرائيل عام 1973 وهي رابع الحروب العربية الإسرائيلية بعد حرب 1948 ( حرب فلسطين ) وحرب 1956 ( حرب السويس ) وحرب 1967 ( حرب الستة أيام ) ، وكانت إسرائيل في الحرب الثالثة قد احتلت شبه جزيرة سيناء من مصر وهضبة الجولان من سوريا إلى جانب الضفة الغربية من الأردن بالإضافة إلى قطاع غزة الخاضع آنذاك لحكم عسكري مصري بدأت الحرب يوم السبت 6 أكتوبر / تشرين الأول 1973 م الموافق 10 رمضان 1393 ه بتنسيق هجومين مفاجئين ومتزامنين على القوات الإسرائيلية

[Chunk 2]
المنظمات: اسراييل، وسوريا
الأماكن: اسراييل، الاردن، الضفة الغربية، سوريا، شبه جزيرة سيناء، ضبة الجولان، قطاع غزة
التواريخ: عام 1973
النص: حرب أكتوبر "" حرب العاشر من رمضان "" كما تعرف في مصر أو حرب تشرين التحريرية كما تعرف في سوريا أو حرب يوم الغفران ( بالعبرية ، ميلخمت يوم كيبور ) كما تعرف في إسرائيل ، هي حرب شنتها كل من مصر وسوريا على إسرائيل عام 1973 وهي رابع الحروب العربية الإسرائيلية بعد حرب 1948 ( حرب فلسطين ) وحرب 1956 ( حرب السويس ) وحرب 1967 ( حرب الستة أيام ) ، وكانت إسرائيل في الحرب الثالثة قد احتلت شبه جزيرة سيناء من مصر وهضبة الجولان من سوريا إلى جانب الضفة الغربية من الأردن بالإضافة إلى قطاع غزة الخاضع آنذاك لحكم عسكري مصري

[Chunk 3]
المنظمات: اسراييل، القوات السورية، القوات المسلحة المصرية والسورية، القوات المصرية، وسوريا
الأماكن: اسراييل، الاردن، الضفة الغربية، خط بارليف، سهل الحولة، سوريا، شبه جزيرة سيناء، ضبة الجولان، قطاع غزة، قناة السويس، يرة طبريا
التواريخ: عام 1973
النص: حرب أكتوبر "" حرب العاشر من رمضان "" كما تعرف في مصر أو حرب تشرين التحريرية كما تعرف في سوريا أو حرب يوم الغفران ( بالعبرية ، ميلخمت يوم كيبور ) كما تعرف في إسرائيل ، هي حرب شنتها كل من مصر وسوريا على إسرائيل عام 1973 وهي رابع الحروب العربية الإسرائيلية بعد حرب 1948 ( حرب فلسطين ) وحرب 1956 ( حرب السويس ) وحرب 1967 ( حرب الستة أيام ) ، وكانت إسرائيل في الحرب الثالثة قد احتلت شبه جزيرة سيناء من مصر وهضبة الجولان من سوريا إلى جانب الضفة الغربية من الأردن بالإضافة إلى قطاع غزة الخاضع آنذاك لحكم عسكري مصري عقب بدء الهجوم حققت القوات المسلحة المصرية والسورية أهدافها من شن الحرب على إسرائيل ، وكانت هناك إنجازات ملموسة في الأيام الأولى للمعارك ، فعبرت القوات المصرية قناة السويس بنجاح وحطمت حصون خط بارليف وتوغلت 20 كم شرقا داخل سيناء ، فيما تمكنت القوات السورية من الدخول إلى عمق هضبة الجولان وصولا إلى سهل الحولة وبحيرة طبريا",ما هي حرب اكتوبر ؟,هي حرب شنتها كل من مصر وسوريا على إسرائيل,"حرب أكتوبر "" حرب العاشر من رمضان "" كما تعرف في مصر أو حرب تشرين التحريرية كما تعرف في سوريا أو حرب يوم الغفران ( بالعبرية ، ميلخمت يوم كيبور ) كما تعرف في إسرائيل.",0.93,0.93,0.92
"[Chunk 1]
المنظمات: الجيش الاسراييلي، الجيش الثالث الميداني، القوات السورية، القوات المسلحة المصرية والسورية، القوات المصرية
الأماكن: الاسماعيلية، الجبهة السورية، الجبهة المصرية، الدف، خط بارليف، سهل الحولة، سيناء، ضبة الجولان، فة الغربية للق، قناة السويس، يرة طبريا
النص: عقب بدء الهجوم حققت القوات المسلحة المصرية والسورية أهدافها من شن الحرب على إسرائيل ، وكانت هناك إنجازات ملموسة في الأيام الأولى للمعارك ، فعبرت القوات المصرية قناة السويس بنجاح وحطمت حصون خط بارليف وتوغلت 20 كم شرقا داخل سيناء ، فيما تمكنت القوات السورية من الدخول إلى عمق هضبة الجولان وصولا إلى سهل الحولة وبحيرة طبريا أما في نهاية الحرب فقد انتعش الجيش الإسرائيلي فعلى الجبهة المصرية تمكن من فتح ثغرة الدفرسوار وعبر للضفة الغربية للقناة وضرب الحصار على الجيش الثالث الميداني ومدينة السويس ولكنه فشل في تحقيق أي مكاسب استراتيجية سواء باحتلال مدينتي الإسماعيلية أو السويس أو تدمير الجيش الثالث أو محاولة رد القوات المصرية للضفة الغربية مرة أخرى ، أما على الجبهة السورية فتمكن من رد القوات السورية عن هضبة الجولان واحتلالها مرة أخرى

[Chunk 2]
المنظمات: اسراييل، القوات السورية، القوات المسلحة المصرية والسورية، القوات المصرية، وسوريا
الأماكن: اسراييل، الاردن، الضفة الغربية، خط بارليف، سهل الحولة، سوريا، شبه جزيرة سيناء، ضبة الجولان، قطاع غزة، قناة السويس، يرة طبريا
التواريخ: عام 1973
النص: حرب أكتوبر "" حرب العاشر من رمضان "" كما تعرف في مصر أو حرب تشرين التحريرية كما تعرف في سوريا أو حرب يوم الغفران ( بالعبرية ، ميلخمت يوم كيبور ) كما تعرف في إسرائيل ، هي حرب شنتها كل من مصر وسوريا على إسرائيل عام 1973 وهي رابع الحروب العربية الإسرائيلية بعد حرب 1948 ( حرب فلسطين ) وحرب 1956 ( حرب السويس ) وحرب 1967 ( حرب الستة أيام ) ، وكانت إسرائيل في الحرب الثالثة قد احتلت شبه جزيرة سيناء من مصر وهضبة الجولان من سوريا إلى جانب الضفة الغربية من الأردن بالإضافة إلى قطاع غزة الخاضع آنذاك لحكم عسكري مصري عقب بدء الهجوم حققت القوات المسلحة المصرية والسورية أهدافها من شن الحرب على إسرائيل ، وكانت هناك إنجازات ملموسة في الأيام الأولى للمعارك ، فعبرت القوات المصرية قناة السويس بنجاح وحطمت حصون خط بارليف وتوغلت 20 كم شرقا داخل سيناء ، فيما تمكنت القوات السورية من الدخول إلى عمق هضبة الجولان وصولا إلى سهل الحولة وبحيرة طبريا

[Chunk 3]
المنظمات: القوات الاسراييلية، وسوريا
الأماكن: اسراييل، الاردن، الضفة الغربية، سوريا، شبه جزيرة سيناء، ضبة الجولان، قطاع غزة
التواريخ: 10 رمضان 1393 ه، 6 اكتوبر / تشرين الاول 1973، عام 1973، يوم السبت
النص: حرب أكتوبر "" حرب العاشر من رمضان "" كما تعرف في مصر أو حرب تشرين التحريرية كما تعرف في سوريا أو حرب يوم الغفران كما تعرف في إسرائيل ، هي حرب شنتها كل من مصر وسوريا على إسرائيل عام 1973 وهي رابع الحروب العربية الإسرائيلية بعد حرب 1948 ( حرب فلسطين ) وحرب 1956 ( حرب السويس ) وحرب 1967 ( حرب الستة أيام ) ، وكانت إسرائيل في الحرب الثالثة قد احتلت شبه جزيرة سيناء من مصر وهضبة الجولان من سوريا إلى جانب الضفة الغربية من الأردن بالإضافة إلى قطاع غزة الخاضع آنذاك لحكم عسكري مصري بدأت الحرب يوم السبت 6 أكتوبر / تشرين الأول 1973 م الموافق 10 رمضان 1393 ه بتنسيق هجومين مفاجئين ومتزامنين على القوات الإسرائيلية",ماذا حدث عقب بدء الهجوم ؟,"عقب بدء الهجوم حققت القوات المسلحة المصرية والسورية أهدافها من شن الحرب على إسرائيل ،","حقق القوات المسلحة المصرية والسورية أهدافها من شن الحرب على إسرائيل، وكانت هناك إنجازات ملموسة في الأيام الأولى للمعارك، فعبرت القوات المصرية قناة السويس بنجاح وحطمت حصون خط بارليف وتوغلت 20 كم شرقا داخل سيناء، فيما تمكنت القوات السورية من الدخول إلى عمق هضبة الجولان وصولا إلى سهل الحولة وبحيرة طبريا.",0.93,0.92,0.92
"[Chunk 1]
الأشخاص: نجيب محفوظ
التواريخ: 11 ديسمبر 1911، 30 اغسطس 2006
النص: نجيب محفوظ ( 11 ديسمبر 1911 - 30 أغسطس 2006 ) روائي مصري ، هو أول عربي حائز على جائزة نوبل في الأدب

[Chunk 2]
الأشخاص: نجيب محفوظ
التواريخ: 11 ديسمبر 1911، 30 اغسطس 2006
النص: نجيب محفوظ ( 11 ديسمبر 1911 - 30 أغسطس 2006 ) روائي مصري ، هو أول عربي حائز على جائزة نوبل في الأدب

[Chunk 3]
الأشخاص: نجيب محفوظ
التواريخ: 11 ديسمبر 1911، 30 اغسطس 2006
النص: نجيب محفوظ ( 11 ديسمبر 1911 - 30 أغسطس 2006 ) روائي مصري ، هو أول عربي حائز على جائزة نوبل في الأدب",من هو نجيب محفوظ ؟,نجيب محفوظ ( 11 ديسمبر,"نجيب محفوظ روائي مصري، هو أول عربي حائز على جائزة نوبل في الأدب.",0.92,0.92,0.93
"[Chunk 1]
الأشخاص: نجيب محفوظ
التواريخ: 11 ديسمبر 1911، 30 اغسطس 2006
النص: نجيب محفوظ ( 11 ديسمبر 1911 - 30 أغسطس 2006 ) روائي مصري ، هو أول عربي حائز على جائزة نوبل في الأدب

[Chunk 2]
الأشخاص: نجيب محفوظ
التواريخ: 11 ديسمبر 1911، 30 اغسطس 2006
النص: نجيب محفوظ ( 11 ديسمبر 1911 - 30 أغسطس 2006 ) روائي مصري ، هو أول عربي حائز على جائزة نوبل في الأدب

[Chunk 3]
الأشخاص: نجيب محفوظ
التواريخ: 11 ديسمبر 1911، 30 اغسطس 2006
النص: نجيب محفوظ ( 11 ديسمبر 1911 - 30 أغسطس 2006 ) روائي مصري ، هو أول عربي حائز على جائزة نوبل في الأدب",ما هي الجائزة التى حصل عليها نجيب محفوظ ؟,هو أول عربي حائز على جائزة نوبل في الأدب,جائزة نوبل في الأدب.,0.92,0.92,0.91
"[Chunk 1]
الأشخاص: عبد العزيز ابراهيم احمد الباشا، عيسى بن هشام، مصطفى قشيشة، نجيب محفوظ
الأماكن: الازهر، بالقاهرة، حي الجمالية
النص: ولد نجيب محفوظ عبد العزيز إبراهيم أحمد الباشا في حي الجمالية بالقاهرة والده الذي كان موظفا لم يقرأ كتابا في حياته بعد القرآن غير "" حديث عيسى بن هشام "" لأن كاتبه المويلحي كان صديقا له ، وفاطمة مصطفى قشيشة ، ابنة الشيخ مصطفى قشيشة من علماء الأزهر

[Chunk 2]
الأشخاص: عبد العزيز ابراهيم احمد الباشا، عيسى بن هشام، مصطفى قشيشة، نجيب محفوظ
الأماكن: الازهر، بالقاهرة، حي الجمالية
النص: ولد نجيب محفوظ عبد العزيز إبراهيم أحمد الباشا في حي الجمالية بالقاهرة والده الذي كان موظفا لم يقرأ كتابا في حياته بعد القرآن غير "" حديث عيسى بن هشام "" لأن كاتبه المويلحي كان صديقا له ، وفاطمة مصطفى قشيشة ، ابنة الشيخ مصطفى قشيشة من علماء الأزهر

[Chunk 3]
الأشخاص: نجيب محفوظ
التواريخ: 11 ديسمبر 1911، 30 اغسطس 2006
النص: نجيب محفوظ ( 11 ديسمبر 1911 - 30 أغسطس 2006 ) روائي مصري ، هو أول عربي حائز على جائزة نوبل في الأدب",اين ولد نجيب محفوظ ؟,ولد نجيب محفوظ عبد العزيز إبراهيم أحمد الباشا في حي الجمالية بالقاهرة .,ولد نجيب محفوظ عبد العزيز إبراهيم أحمد الباشا في حي الجمالية بالقاهرة.,0.93,0.93,0.91
"[Chunk 1]
الأشخاص: عمرو بن هشام، محمد
الأماكن: ر بير، قريش، والمدينة المنورة
التواريخ: 13 مارس 624 م، السابع عشر من رمضان، العام الثاني من الهجرة
النص: غزوة بدر ( وتسمى أيضا غزوة بدر الكبرى وبدر القتال ويوم الفرقان ) هي غزوة وقعت في السابع عشر من رمضان في العام الثاني من الهجرة ( الموافق 13 مارس 624 م ) بين المسلمين بقيادة رسول الإسلام محمد ، وقبيلة قريش ومن حالفها من العرب بقيادة عمرو بن هشام المخزومي القرشي وتعد غزوة بدر أول معركة من معارك الإسلام الفاصلة ، وقد سميت بهذا الاسم نسبة إلى منطقة بدر التي وقعت المعركة فيها ، وبدر بئر مشهورة تقع بين مكة والمدينة المنورة

[Chunk 2]
الأشخاص: عمرو بن هشام، محمد
المنظمات: قريش
التواريخ: 13 مارس 624 م، السابع عشر من رمضان، العام الثاني من الهجرة
النص: غزوة بدر ( وتسمى أيضا غزوة بدر الكبرى وبدر القتال ويوم الفرقان ) هي غزوة وقعت في السابع عشر من رمضان في العام الثاني من الهجرة ( الموافق 13 مارس 624 م ) بين المسلمين بقيادة رسول الإسلام محمد ، وقبيلة قريش ومن حالفها من العرب بقيادة عمرو بن هشام المخزومي القرشي .

[Chunk 3]
الأشخاص: سفيان بن حرب، عمرو بن هشام، محمد
المنظمات: قريش
الأماكن: الشام
التواريخ: 13 مارس 624 م، السابع عشر من رمضان، العام الثاني من الهجرة
النص: غزوة بدر ( وتسمى أيضا غزوة بدر الكبرى وبدر القتال ويوم الفرقان ) هي غزوة وقعت في السابع عشر من رمضان في العام الثاني من الهجرة ( الموافق 13 مارس 624 م ) بين المسلمين بقيادة رسول الإسلام محمد ، وقبيلة قريش ومن حالفها من العرب بقيادة عمرو بن هشام المخزومي القرشي بدأت المعركة بمحاولة المسلمين اعتراض عير لقريش متوجهة من الشام إلى مكة يقودها أبو سفيان بن حرب ، ولكن أبا سفيان تمكن من الفرار بالقافلة ، وأرسل رسولا إلى قريش يطلب عونهم ونجدتهم ، فاستجابت قريش وخرجت لقتال المسلمين",ماذا تسمي غزوة بدر ايضا ؟,غزوة بدر ( وتسمى أيضا غزوة بدر الكبرى وبدر القتال ويوم الفرقان ),غزوة بدر الكبرى وبدر القتال ويوم الفرقان.,0.92,0.93,0.92
"[Chunk 1]
الأشخاص: عمرو بن هشام، محمد
الأماكن: ر بير، قريش، والمدينة المنورة
التواريخ: 13 مارس 624 م، السابع عشر من رمضان، العام الثاني من الهجرة
النص: غزوة بدر ( وتسمى أيضا غزوة بدر الكبرى وبدر القتال ويوم الفرقان ) هي غزوة وقعت في السابع عشر من رمضان في العام الثاني من الهجرة ( الموافق 13 مارس 624 م ) بين المسلمين بقيادة رسول الإسلام محمد ، وقبيلة قريش ومن حالفها من العرب بقيادة عمرو بن هشام المخزومي القرشي وتعد غزوة بدر أول معركة من معارك الإسلام الفاصلة ، وقد سميت بهذا الاسم نسبة إلى منطقة بدر التي وقعت المعركة فيها ، وبدر بئر مشهورة تقع بين مكة والمدينة المنورة

[Chunk 2]
الأشخاص: عثمان
التواريخ: 6 نوفمبر 14، 7 سبتمبر 15
النص: 6 نوفمبر 1494 بطرابزون ، وفاة 7 سبتمبر 1566 بسيكتوار ) ، عاشر السلاطين العثمانيين وخليفة المسلمين الثمانون ، وثاني من حمل لقب "" أمير المؤمنين "" من آل عثمان

[Chunk 3]
الأشخاص: عثمان
التواريخ: 6 نوفمبر 14، 7 سبتمبر 15
النص: 6 نوفمبر 1494 بطرابزون ، وفاة 7 سبتمبر 1566 بسيكتوار ) ، عاشر السلاطين العثمانيين وخليفة المسلمين الثمانون ، وثاني من حمل لقب "" أمير المؤمنين "" من آل عثمان",من كان قاءد المسلمين ؟,"المسلمين بقيادة رسول الإسلام محمد ،",كان محمد قائد المسلمين.,0.5,0.93,0.93
"[Chunk 1]
الأشخاص: ابو سفيان بن حرب، طلحة بن عبيد الله، محمد، وسعيد بن زيد
الأماكن: الحور، الشام، العش، المدينة
التواريخ: الاخرة، جمادى الاولى
النص: خرج رسول الإسلام محمد في شهري جمادى الأولى وجمادى الآخرة سنة 2 ه في مئة وخمسين أو مئتين من المهاجرين لاعتراض عير لقريش ذاهبة من مكة إلى الشام ، فلما وصل مكانا يسمى "" ذا العشيرة "" وجد العير قد فاتته بأيام فلما اقترب رجوع العير من الشام إلى مكة ، بعث الرسول محمد طلحة بن عبيد الله وسعيد بن زيد إلى الشمال ليقوما باكتشاف خبرها ، فوصلا إلى منطقة تسمى الحوراء ، ومكثا حتى مر بهما أبو سفيان بن حرب بالعير ، فأسرعا إلى المدينة وأخبرا الرسول محمدا بالخبر

[Chunk 2]
الأشخاص: عمر بن الخطاب، محمد بن عبد الله
الأماكن: المدينة
التواريخ: 1 محرم 1 ه، 12 ربىع الاول، 16 يوليو عام 622 م، 24 سبتمبر عام 622 م، الجمعة، رجب، و الحجة، و القعدة
النص: أنشأه الخليفة عمر بن الخطاب وجعل هجرة رسول الله محمد بن عبد الله صلى الله عليه وسلم من مكة إلى المدينة في 12 ربىع الأول ( 24 سبتمبر عام 622 م ) مرجعا لأول سنة فيه ، وهذا هو سبب تسميته التقويم الهجري لكنه مركز أساسا على الميقات القمري الذي أمر الله في القرآن بإتباعه تبعا للأية 36 من سورة التوبة والأربعة الحرم هي أشهر قمرية وهي رجب وذو القعدة وذو الحجة ومحرم ، ولأن الله نعتها بالدين القيم فقد حرص أئمة المسلمين منذ بداية الأمة أن لا يعملوا إلا به ، رغم أن التقويم أنشئ في عهد المسلمين إلا أن أسماء الأشهر والتقويم القمري كان تستخدم منذ أيام الجاهلية أول ىوم هذا التقوىم الجمعة 1 محرم 1 ه ( 16 يوليو عام 622 م )

[Chunk 3]
الأشخاص: س بن عمرو، محمد
المنظمات: قريش
الأماكن: المدينة
النص: لقد أرسل الرسول محمد بسبس بن عمرو ليقوم بجمع المعلومات عن القافلة ، فلما عاد بسبس بالخبر اليقين ، ندب الرسول محمد أصحابه للخروج وقال لهم ، ولكن الرسول محمدا لم يعزم على أحد بالخروج ، لأنه لم يكن يتوقع عند هذا الخروج أنه خارج للقتال في معركة مع قريش ، ولذلك تخلف كثير من الصحابة في المدينة ، ولم ينكر على أحد تخلفه في هذه الغزوة ، ومن المؤكد أنه حين خرج الرسول محمد من المدينة لم يكن في نيته قتال ، وإنما كان قصده عير قريش التي كانت فيها أموال كان جزء منها للمهاجرين المسلمين من أهل مكة ، وقد استولت عليها قريش ظلما وعدوانا",متي خرج الرسول و المهاجرين ؟,جمادى الأولى وجمادى الآخرة سنة 2 ه في مئة وخمسين أو مئتين من المهاجرين,خرج رسول الإسلام محمد في شهري جمادى الأولى وجمادى الآخرة سنة 2 ه في مئة وخمسين أو مئتين من المهاجرين لاعتراض عير لقريش ذاهبة من مكة إلى الشام.,0.93,0.91,0.93
"[Chunk 1]
الأماكن: ال القوقاز، اوروبا، جبال الاورال، ر قزوين، والبحر الابيض المتوسط، والبحر الاسود
النص: أوروبا إحدى قارات العالم السبع وجغرافيا تعد شبه جزيرة كبيرة تكون الجزء الغربي الممتد من أوراسيا بين جبال الأورال وجبال القوقاز وبحر قزوين من الشرق والمحيط الأطلسي من الغرب والبحر الأبيض المتوسط والبحر الأسود ومنطقة القوقاز من الجنوب والمحيط المتجمد الشمالي من الشمال

[Chunk 2]
الأماكن: ال القوقاز، اوروبا، جبال الاورال، ر قزوين، والبحر الابيض المتوسط، والبحر الاسود
النص: أوروبا إحدى قارات العالم السبع وجغرافيا تعد شبه جزيرة كبيرة تكون الجزء الغربي الممتد من أوراسيا بين جبال الأورال وجبال القوقاز وبحر قزوين من الشرق والمحيط الأطلسي من الغرب والبحر الأبيض المتوسط والبحر الأسود ومنطقة القوقاز من الجنوب والمحيط المتجمد الشمالي من الشمال

[Chunk 3]
الأماكن: ال القوقاز، اوروبا، جبال الاورال، ر قزوين، والبحر الابيض المتوسط، والبحر الاسود
النص: أوروبا إحدى قارات العالم السبع وجغرافيا تعد شبه جزيرة كبيرة تكون الجزء الغربي الممتد من أوراسيا بين جبال الأورال وجبال القوقاز وبحر قزوين من الشرق والمحيط الأطلسي من الغرب والبحر الأبيض المتوسط والبحر الأسود ومنطقة القوقاز من الجنوب والمحيط المتجمد الشمالي من الشمال",ما هي اوروبا ؟,أوروبا إحدى قارات العالم السبع .,أوروبا إحدى قارات العالم السبع وجغرافيا تعد شبه جزيرة كبيرة.,0.93,0.93,0.91
"[Chunk 1]
الأماكن: استراليا، اوروبا، قارة
النص: وتعتبر قارة صغيرة نسبيا مقارنة ببقية القارات لكن قارة أستراليا أصغر منها إلى جانب حدود أوروبا الجغرافية يعود مفهوم حدود القارة إلى العصور القديمة الكلاسيكية ، حيث أصبح مصطلح "" القارة "" جغرافيا في المقام الأول ولكنه يشمل أيضا العناصر الثقافية والسياسية

[Chunk 2]
المنظمات: الامبراطورية البيزنطية، العباسية
الأماكن: الاندلس، اورو، بغداد، والعالم الاسلامي، والق، وض البحر المتوسط، ينية
النص: شكلت الأندلس منارة للعلم والازدهار في أوروا القروسطية ، في حين كانت باقي القارة تقبع في الجهل والتخلف ، وأصبحت مدينة قرطبة إحدى أكبر وأهم مدن العالم ، ومركزا حضاريا وثقافيا بارزا في أوروا وحوض البحر المتوسط والعالم الإسلامي ، منافسة بغداد عاصمة الدولة العباسية والقسطنطينية عاصمة الإمبراطورية البيزنطية

[Chunk 3]
الأماكن: ال القوقاز، اوروبا، جبال الاورال، ر قزوين، والبحر الابيض المتوسط، والبحر الاسود
النص: أوروبا إحدى قارات العالم السبع وجغرافيا تعد شبه جزيرة كبيرة تكون الجزء الغربي الممتد من أوراسيا بين جبال الأورال وجبال القوقاز وبحر قزوين من الشرق والمحيط الأطلسي من الغرب والبحر الأبيض المتوسط والبحر الأسود ومنطقة القوقاز من الجنوب والمحيط المتجمد الشمالي من الشمال",ماذا تعتبر مقارنة ببقية القارات ؟,وتعتبر قارة صغيرة نسبيا مقارنة ببقية القارات,قارة أستراليا صغيرة نسبيا مقارنة ببقية القارات.,0.92,0.91,0.91
"[Chunk 1]
الأماكن: اوربا
النص: وكلمة أوربا أصلها إغريقي ( باليونانية ) وتعني الوجه العريض ، وتصل مساحة القارة لحوالي 10

[Chunk 2]
الأماكن: اوربا
النص: وكلمة أوربا أصلها إغريقي ( باليونانية ) وتعني الوجه العريض ، وتصل مساحة القارة لحوالي 10

[Chunk 3]
الأماكن: ال القوقاز، اوروبا، جبال الاورال، ر قزوين، والبحر الابيض المتوسط، والبحر الاسود
النص: أوروبا إحدى قارات العالم السبع وجغرافيا تعد شبه جزيرة كبيرة تكون الجزء الغربي الممتد من أوراسيا بين جبال الأورال وجبال القوقاز وبحر قزوين من الشرق والمحيط الأطلسي من الغرب والبحر الأبيض المتوسط والبحر الأسود ومنطقة القوقاز من الجنوب والمحيط المتجمد الشمالي من الشمال",ما هو اصل كلمة اوربا ؟,وكلمة أوربا أصلها إغريقي,كلمة أوربا أصلها إغريقي (باليونانية) وتعني الوجه العريض.,0.93,0.91,0.92
"[Chunk 1]
الأماكن: اليابان
النص: تتكون اليابان من جزر عديدة ( حوالي ثلاثة آلاف جزيرة ) ، أربع من هذه الجزر تعد الأهم والأكبر على الإطلاق ، وهي على التوالي ( من الجنوب إلى الشمال )

[Chunk 2]
المنظمات: الحزب الشيوعي الصيني
الأماكن: شرق اسيا
النص: ) هي الدولة الأكثر سكانا في العالم حيث يقطنها أكثر من 1 338 مليار نسمة تقع في شرق آسيا ويحكمها الحزب الشيوعي الصيني في ظل نظام الحزب الواحد

[Chunk 3]
الأماكن: اليابان
النص: اليابان ( باليابانية وتنطق نيون \ نيهون ، ومعناها مصدر الشمس أو مشرق الشمس ، من",أين تقع اليابان ؟,"بلد في شرق آسيا ، تقع بين المحيط الهادئ وبحر اليابان ، وشرق شبه الجزيرة الكورية .","تتكون اليابان من جزر عديدة (حوالي ثلاثة آلاف جزيرة)، أربع من هذه الجزر تعد الأهم والأكبر على الإطلاق، وهي على التوالي (من الجنوب إلى الشمال).",0.93,0.93,0.93
"[Chunk 1]
الأماكن: اقصى شرقي العالم
النص: أطلق الصينيون على البلاد اسم أرض مشرق - منبع - الشمس ، وهذا لوقوعها في أقصى شرقي العالم المأهول آنذاك

[Chunk 2]
الأماكن: اليابان
النص: اليابان ( باليابانية وتنطق نيون \ نيهون ، ومعناها مصدر الشمس أو مشرق الشمس ، من

[Chunk 3]
الأماكن: اليابان
النص: اليابان ( باليابانية وتنطق نيون \ نيهون استمع ، ومعناها مصدر الشمس أو مشرق الشمس ، من",لمادا أطلق الصينيون على البلاد اسم أرض مشرق الشمس ؟,لوقوعها في أقصى شرقي العالم المأهول آنذاك .,لوقوعها في أقصى شرقي العالم المأهول آنذاك.,0.92,0.93,0.92
"[Chunk 1]
الأماكن: اليابان
النص: تتألف اليابان من 47 محافظة ويمكن تقسيم هذه المحافظات على أساس الخلفية الجغرافية والتاريخية إلى ثماني مناطق وهي

[Chunk 2]
الأماكن: اليابان
النص: تتكون اليابان من جزر عديدة ( حوالي ثلاثة آلاف جزيرة ) ، أربع من هذه الجزر تعد الأهم والأكبر على الإطلاق ، وهي على التوالي ( من الجنوب إلى الشمال )

[Chunk 3]
النص: قسم البلاد إلى 14 مديرية بجانب محافظات حضرية وقسمت كل مديرية إلى عدة مراكز كما هو معمول الآن",كم من محافظة في اليابان ؟,47 محافظة .,47 محافظة.,0.93,0.91,0.91
"[Chunk 1]
الأشخاص: ر المختار، عمر بن مختار بن عمر المنفي الهلالي
الأماكن: بادية برقة، بيت فرحات، ليبيا
التواريخ: 16 سبتمبر 1931، 20 اغسطس 1858
النص: السيد عمر بن مختار بن عمر المنفي الهلالي ( 20 أغسطس 1858 - 16 سبتمبر 1931 ) ، الشهير بعمر المختار ، الملقب بشيخ الشهداء ، وشيخ المجاهدين ، وأسد الصحراء ، هو قائد أدوار السنوسية في ليبيا ، وأحد أشهر المقاومين العرب والمسلمين ينتمي إلى بيت فرحات من قبيلة منفة الهلالية التي تنتقل في بادية برقة

[Chunk 2]
الأشخاص: ر المختار، عمر بن مختار بن عمر المنفي الهلالي
الأماكن: ليبيا
التواريخ: 16 سبتمبر 1931، 20 اغسطس 1858
النص: السيد عمر بن مختار بن عمر المنفي الهلالي ( 20 أغسطس 1858 - 16 سبتمبر 1931 ) ، الشهير بعمر المختار ، الملقب بشيخ الشهداء ، وشيخ المجاهدين ، وأسد الصحراء ، هو قائد أدوار السنوسية في ليبيا ، وأحد أشهر المقاومين العرب والمسلمين .

[Chunk 3]
الأشخاص: عثمان
التواريخ: 6 نوفمبر 14، 7 سبتمبر 15
النص: 6 نوفمبر 1494 بطرابزون ، وفاة 7 سبتمبر 1566 بسيكتوار ) ، عاشر السلاطين العثمانيين وخليفة المسلمين الثمانون ، وثاني من حمل لقب "" أمير المؤمنين "" من آل عثمان",متى ولد عمر المختار ؟,( 20 أغسطس 1858,20 أغسطس 1858.,0.93,0.92,0.92
"[Chunk 1]
الأشخاص: ر المختار، عمر بن مختار بن عمر المنفي الهلالي
الأماكن: بادية برقة، بيت فرحات، ليبيا
التواريخ: 16 سبتمبر 1931، 20 اغسطس 1858
النص: السيد عمر بن مختار بن عمر المنفي الهلالي ( 20 أغسطس 1858 - 16 سبتمبر 1931 ) ، الشهير بعمر المختار ، الملقب بشيخ الشهداء ، وشيخ المجاهدين ، وأسد الصحراء ، هو قائد أدوار السنوسية في ليبيا ، وأحد أشهر المقاومين العرب والمسلمين ينتمي إلى بيت فرحات من قبيلة منفة الهلالية التي تنتقل في بادية برقة

[Chunk 2]
الأشخاص: ر المختار، عمر بن مختار بن عمر المنفي الهلالي
الأماكن: ليبيا
التواريخ: 16 سبتمبر 1931، 20 اغسطس 1858
النص: السيد عمر بن مختار بن عمر المنفي الهلالي ( 20 أغسطس 1858 - 16 سبتمبر 1931 ) ، الشهير بعمر المختار ، الملقب بشيخ الشهداء ، وشيخ المجاهدين ، وأسد الصحراء ، هو قائد أدوار السنوسية في ليبيا ، وأحد أشهر المقاومين العرب والمسلمين .

[Chunk 3]
الأشخاص: فاطمة بنت ربيعة، كليب
الأماكن: بني اسد
النص: ولد في نجد لقبيلة كندة اليمنية ، نشأ مترفا ميالا للترف كان أبوه حجر ملكا على بني أسد وغطفان ، وأمه هي فاطمة بنت ربيعة أخت كليب والشاعر المهلهل التغلبيين ، تعلم الشعر منذ صغره من خاله المهلهل ، ولم يكف عن تنظيم الشعر الإباحي ومخالطة الصعاليك بالرغم من نهي والده له بذلك ، فطرده إلى موطن قبيلته دمون بحضرموت عندما كان في العشرين من عمره ، فما إن قضى فيها 5 سنوات حتى مضى سائرا في بلاد العرب مع أصحابه ، ساعيا وراء اللهو والعبث والغزو والطرب",من هو والد عمر المختار ؟,عمر المنفي الهلالي,بن عمر المنفي الهلالي.,0.73,0.93,0.91
"[Chunk 1]
الأشخاص: عمر المختار
النص: حارب عمر المختار الإيطاليين منذ كان عمره 53 عاما لأكثر من عشرين عاما في عدد كبير من المعارك ، إلى أن قبض عليه من قبل الجنود الطليان ، وأجريت له محاكمة صورية انتهت بإصدار حكم بإعدامه شنقا ، فنفذت فيه العقوبة على الرغم من أنه كان كبير السن ومريضا ، فقد بلغ في حينها 73 عاما وعانى من الحمى

[Chunk 2]
الأشخاص: ر المختار، عمر بن مختار بن عمر المنفي الهلالي
الأماكن: ليبيا
التواريخ: 16 سبتمبر 1931، 20 اغسطس 1858
النص: السيد عمر بن مختار بن عمر المنفي الهلالي ( 20 أغسطس 1858 - 16 سبتمبر 1931 ) ، الشهير بعمر المختار ، الملقب بشيخ الشهداء ، وشيخ المجاهدين ، وأسد الصحراء ، هو قائد أدوار السنوسية في ليبيا ، وأحد أشهر المقاومين العرب والمسلمين .

[Chunk 3]
الأشخاص: ر المختار، عمر بن مختار بن عمر المنفي الهلالي
الأماكن: بادية برقة، بيت فرحات، ليبيا
التواريخ: 16 سبتمبر 1931، 20 اغسطس 1858
النص: السيد عمر بن مختار بن عمر المنفي الهلالي ( 20 أغسطس 1858 - 16 سبتمبر 1931 ) ، الشهير بعمر المختار ، الملقب بشيخ الشهداء ، وشيخ المجاهدين ، وأسد الصحراء ، هو قائد أدوار السنوسية في ليبيا ، وأحد أشهر المقاومين العرب والمسلمين ينتمي إلى بيت فرحات من قبيلة منفة الهلالية التي تنتقل في بادية برقة",كم كان عمر عمر المختار عندما حارب الايطاليين لأول مرة ؟,53 عاما,كان عمر عمر المختار 53 عاما عندما حارب الإيطاليين منذ كان عمره 53 عاما.,0.93,0.93,0.93
"[Chunk 1]
المنظمات: الجمهورية اللبنانية
الأماكن: اسراييل، البحر الابيض المتوسط، الشرق الاوسط، سوريا، غرب القارة الاسيوية، لبنان، وفلسطين المحتلة
النص: لبنان أو ( رسميا الجمهورية اللبنانية ) ، هي دولة عربية واقعة في الشرق الأوسط في غرب القارة الآسيوية تحدها سوريا من الشمال والشرق ، وفلسطين المحتلة - إسرائيل من الجنوب ، وتطل من جهة الغرب على البحر الأبيض المتوسط

[Chunk 2]
المنظمات: اسراييل
الأماكن: الشمال الاوروبي، لبنان، والجنوب العربي، والشرق الاسيوي، والغرب الافريقي
النص: واجه لبنان منذ القدم تعدد الحضارات التي عبرت فيه أو احتلت أراضيه وذلك لموقعه الوسطي بين الشمال الأوروبي والجنوب العربي والشرق الآسيوي والغرب الأفريقي ، ويعد هذا الموقع المتوسط من أبرز الأسباب لتنوع الثقافات في لبنان ، وفي الوقت ذاته من الأسباب المؤدية للحروب والنزاعات على مر العصور تجلت بحروب أهلية ونزاع مصيري مع إسرائيل ويعود أقدم دليل على استيطان الإنسان في لبنان ونشوء حضارة على أرضه إلى أكثر من 7000 سنة

[Chunk 3]
الأماكن: الشرق الاوسط، غربي اسيا، وشبه جزيرة سيناء، ي افريقيا
النص: تقع في قلب الشرق الأوسط وتصل بين غربي آسيا وشمالي أفريقيا بوقوعها وشبه جزيرة سيناء عند نقطة التقاء القارتين",أين تقع لبنان ؟,في الشرق الأوسط في غرب القارة الآسيوية .,"تقع لبنان في غرب القارة الآسيوية، تحدها سوريا من الشمال والشرق، وفلسطين المحتلة - إسرائيل من الجنوب، وتطل من جهة الغرب على البحر الأبيض المتوسط.",0.91,0.93,0.72
"[Chunk 1]
المنظمات: اسراييل
الأماكن: الشمال الاوروبي، لبنان، والجنوب العربي، والشرق الاسيوي، والغرب الافريقي
النص: واجه لبنان منذ القدم تعدد الحضارات التي عبرت فيه أو احتلت أراضيه وذلك لموقعه الوسطي بين الشمال الأوروبي والجنوب العربي والشرق الآسيوي والغرب الأفريقي ، ويعد هذا الموقع المتوسط من أبرز الأسباب لتنوع الثقافات في لبنان ، وفي الوقت ذاته من الأسباب المؤدية للحروب والنزاعات على مر العصور تجلت بحروب أهلية ونزاع مصيري مع إسرائيل ويعود أقدم دليل على استيطان الإنسان في لبنان ونشوء حضارة على أرضه إلى أكثر من 7000 سنة

[Chunk 2]
الأماكن: سوريا، لبنان، وفلسطين
النص: في القدم ، سكن الفينيقيون أرض لبنان الحالية مع جزء من أرض سوريا وفلسطين ، وهؤلاء قوم ساميون اتخذوا من الملاحة والتجارة مهنة لهم ، وازدهرت حضارتهم طيلة 2500 سنة تقريبا ( من حوالي سنة 3000 حتى سنة 539 ق

[Chunk 3]
المنظمات: زنطيين
الأماكن: لبنان
النص: م ) وقد مرت على لبنان عدة حضارات وشعوب استقرت فيه منذ عهد الفينيقين ، مثل المصريين القدماء ، الآشوريين ، الفرس ، الإغريق ، الرومان ، الروم البيزنطيين ، العرب ، الصليبيين ، الأتراك العثمانيين ، فالفرنسيين",مادا واجه لبنان في القدم ؟,تعدد الحضارات,واجه لبنان منذ القدم تعدد الحضارات التي عبرت فيه أو احتلت أراضيه وذلك لموقعه الوسطي بين الشمال الأوروبي والجنوب العربي والشرق الآسيوي والغرب الأفريقي.,0.86,0.91,0.93
"[Chunk 1]
الأماكن: سوريا، لبنان، وفلسطين
النص: في القدم ، سكن الفينيقيون أرض لبنان الحالية مع جزء من أرض سوريا وفلسطين ، وهؤلاء قوم ساميون اتخذوا من الملاحة والتجارة مهنة لهم ، وازدهرت حضارتهم طيلة 2500 سنة تقريبا ( من حوالي سنة 3000 حتى سنة 539 ق

[Chunk 2]
المنظمات: زنطيين
الأماكن: لبنان
النص: م ) وقد مرت على لبنان عدة حضارات وشعوب استقرت فيه منذ عهد الفينيقين ، مثل المصريين القدماء ، الآشوريين ، الفرس ، الإغريق ، الرومان ، الروم البيزنطيين ، العرب ، الصليبيين ، الأتراك العثمانيين ، فالفرنسيين

[Chunk 3]
المنظمات: اسراييل
الأماكن: الشمال الاوروبي، لبنان، والجنوب العربي، والشرق الاسيوي، والغرب الافريقي
النص: واجه لبنان منذ القدم تعدد الحضارات التي عبرت فيه أو احتلت أراضيه وذلك لموقعه الوسطي بين الشمال الأوروبي والجنوب العربي والشرق الآسيوي والغرب الأفريقي ، ويعد هذا الموقع المتوسط من أبرز الأسباب لتنوع الثقافات في لبنان ، وفي الوقت ذاته من الأسباب المؤدية للحروب والنزاعات على مر العصور تجلت بحروب أهلية ونزاع مصيري مع إسرائيل ويعود أقدم دليل على استيطان الإنسان في لبنان ونشوء حضارة على أرضه إلى أكثر من 7000 سنة",من كان يسكن لبنان في القدم ؟,الفينيقيون,الفينيقيون.,0.93,0.91,0.92
"[Chunk 1]
المنظمات: الدولة العباسية
الأماكن: اسيا، بني سلجوق
النص: الدولة السلجوقية أو دولة بني سلجوق أو دولة السلاجقة العظام ( يطلق عليها الاسم الأخير لتمييزها عن دول السلاجقة اللاحقة التي ظهرت بعد تفككها وانهيارها ) هي واحدة من الدول الكبرى في تاريخ الإسلام وإقليم وسط آسيا ، لعبت دورا كبيرا في تاريخ الدولة العباسية والحروب الصليبية والصراع الإسلامي البيزنطي .

[Chunk 2]
المنظمات: العباسية
الأماكن: اسيا، بني سلجوق
النص: الدولة السلجوقية أو دولة بني سلجوق أو دولة السلاجقة العظام ( يطلق عليها الاسم الأخير لتمييزها عن دول السلاجقة اللاحقة التي ظهرت بعد تفككها وانهيارها ) هي واحدة من الدول الكبرى في تاريخ الإسلام وإقليم وسط آسيا ، لعبت دورا كبيرا في تاريخ الدولة العباسية والحروب الصليبية والصراع الإسلامي البيزنطي

[Chunk 3]
الأشخاص: غرل بك
المنظمات: الدولة السلجوقية، الدولة الغزنوية، للدولة السلجوقية
الأماكن: خراسان الكبرى
التواريخ: عام 1037 م
النص: ظهرت الدولة السلجوقية عندما قاد طغرل بك حفيد سلجوق حربا مع الدولة الغزنوية في إقليم خراسان الكبرى ، تمكن على إثرها من انتزاع مدينتي مرو ونيسابور في عام 1037 م ( 429 ه ) انتصر طغرل في العام ذاته بمعركته الكبرى مع الغزنويين ، وهي معركة داندقان ، التي كسرت شوكة دولة الغزنويين وأدت إلى الظهور الحقيقي للدولة السلجوقية",ماالاسم الدي يطلق على الدولة السلجوقية ؟,الاسم الأخير,الدولة السلجوقية أو دولة بني سلجوق أو دولة السلاجقة العظام.,0.92,0.91,0.5
"[Chunk 1]
الأشخاص: غرل بك
المنظمات: الدولة السلجوقية، الدولة الغزنوية، للدولة السلجوقية
الأماكن: خراسان الكبرى
التواريخ: عام 1037 م
النص: ظهرت الدولة السلجوقية عندما قاد طغرل بك حفيد سلجوق حربا مع الدولة الغزنوية في إقليم خراسان الكبرى ، تمكن على إثرها من انتزاع مدينتي مرو ونيسابور في عام 1037 م ( 429 ه ) انتصر طغرل في العام ذاته بمعركته الكبرى مع الغزنويين ، وهي معركة داندقان ، التي كسرت شوكة دولة الغزنويين وأدت إلى الظهور الحقيقي للدولة السلجوقية

[Chunk 2]
المنظمات: الدولة العباسية
الأماكن: اسيا، بني سلجوق
النص: الدولة السلجوقية أو دولة بني سلجوق أو دولة السلاجقة العظام ( يطلق عليها الاسم الأخير لتمييزها عن دول السلاجقة اللاحقة التي ظهرت بعد تفككها وانهيارها ) هي واحدة من الدول الكبرى في تاريخ الإسلام وإقليم وسط آسيا ، لعبت دورا كبيرا في تاريخ الدولة العباسية والحروب الصليبية والصراع الإسلامي البيزنطي .

[Chunk 3]
المنظمات: العباسية
الأماكن: اسيا، بني سلجوق
النص: الدولة السلجوقية أو دولة بني سلجوق أو دولة السلاجقة العظام ( يطلق عليها الاسم الأخير لتمييزها عن دول السلاجقة اللاحقة التي ظهرت بعد تفككها وانهيارها ) هي واحدة من الدول الكبرى في تاريخ الإسلام وإقليم وسط آسيا ، لعبت دورا كبيرا في تاريخ الدولة العباسية والحروب الصليبية والصراع الإسلامي البيزنطي",على يد من تأسست الدولة السلجوقية ؟,"على يد سلالة السلاجقة ،",ظهرت الدولة السلجوقية عندما قاد طغرل بك حفيد سلجوق حربا مع الدولة الغزنوية في إقليم خراسان الكبرى.,0.93,0.92,0.5
"[Chunk 1]
الأشخاص: ق بن دقاق
النص: ينتمي السلاجقة إلى قبيلة "" قنق "" إحدى العشائر المتزعمة لقبائل الغز التركية دخلت هذه العشيرة في الإسلام أثناء عهد زعيمها ومؤسس السلالة سلجوق بن دقاق سنة 960 م

[Chunk 2]
المنظمات: راك الاوغوز
النص: تأسست الدولة على يد سلالة السلاجقة ، وهي سلالة تركية تنحدر من قبيلة قنق التي تنتمي بدورها إلى مجموعة أتراك الأوغوز

[Chunk 3]
المنظمات: الدولة العباسية
الأماكن: اسيا، بني سلجوق
النص: الدولة السلجوقية أو دولة بني سلجوق أو دولة السلاجقة العظام ( يطلق عليها الاسم الأخير لتمييزها عن دول السلاجقة اللاحقة التي ظهرت بعد تفككها وانهيارها ) هي واحدة من الدول الكبرى في تاريخ الإسلام وإقليم وسط آسيا ، لعبت دورا كبيرا في تاريخ الدولة العباسية والحروب الصليبية والصراع الإسلامي البيزنطي .",الى أي قبيلة ينتمي السلاجقة ؟,"قبيلة "" قنق "" إحدى العشائر المتزعمة لقبائل الغز التركية .","ينتمي السلاجقة إلى قبيلة ""قنق"" إحدى العشائر المتزعمة لقبائل الغز التركية.",0.92,0.92,0.91
"[Chunk 1]
الأشخاص: وس الصغير
النص: التقويم الميلادي هو التقويم المستعمل مدنيا في أكثر دول العالم يسمى هذا التقويم في أغلب الدول العربية بالتقويم الميلادي لأن عد السنين فيه يبدأ من سنة ميلاد المسيح كما كان يعتقد واضع عد السنين وهو الراهب الأرمني دنيسيوس الصغير

[Chunk 2]
الأشخاص: س الثالث عشر
المنظمات: روما
التواريخ: القرن السادس عشر
النص: يسمى هذا التقويم في أغلب الدول العربية بالتقويم الميلادي لأن عد السنين فيه يبدأ من سنة ميلاد المسيح كما كان يعتقد واضع عد السنين وهو الراهب الأرمني دنيسيوس الصغير ويسمى بالتقويم الغريغوري نسبة إلى البابا غريغوريوس الثالث عشر بابا روما في القرن السادس عشر الذي قام بتعديل نظام الكبس في التقويم اليولياني ليصبح على النظام المتعارف عليه حاليا

[Chunk 3]
النص: السنة الميلادية سنة شمسية بمعنى أنها تمثل دورة كاملة للشمس في منازلها ، وهي مدة ( 365 2425 ) يوما ولذلك فالسنة الميلادية 365 يوما في السنة البسيطة و 366 في السنة الكبيسة ، وهي تتألف من 12 شهرا كان التقويم اليولياني أقل دقة حيث اعتبر أن السنة الشمسية 365 25 يوما",ما هو التقويم الميلادي ؟,التقويم الميلادي هو التقويم المستعمل مدنيا في أكثر دول العالم . يسمى,يسمى هذا التقويم في أغلب الدول العربية بالتقويم الميلادي لأن عد السنين فيه يبدأ من سنة ميلاد المسيح كما كان يعتقد واضع عد السنين وهو الراهب الأرمني دنيسيوس الصغير.,0.93,0.92,0.92
"[Chunk 1]
الأشخاص: وس الصغير
النص: التقويم الميلادي هو التقويم المستعمل مدنيا في أكثر دول العالم يسمى هذا التقويم في أغلب الدول العربية بالتقويم الميلادي لأن عد السنين فيه يبدأ من سنة ميلاد المسيح كما كان يعتقد واضع عد السنين وهو الراهب الأرمني دنيسيوس الصغير

[Chunk 2]
الأشخاص: س الثالث عشر
المنظمات: روما
التواريخ: القرن السادس عشر
النص: يسمى هذا التقويم في أغلب الدول العربية بالتقويم الميلادي لأن عد السنين فيه يبدأ من سنة ميلاد المسيح كما كان يعتقد واضع عد السنين وهو الراهب الأرمني دنيسيوس الصغير ويسمى بالتقويم الغريغوري نسبة إلى البابا غريغوريوس الثالث عشر بابا روما في القرن السادس عشر الذي قام بتعديل نظام الكبس في التقويم اليولياني ليصبح على النظام المتعارف عليه حاليا

[Chunk 3]
النص: السنة الميلادية سنة شمسية بمعنى أنها تمثل دورة كاملة للشمس في منازلها ، وهي مدة ( 365 2425 ) يوما ولذلك فالسنة الميلادية 365 يوما في السنة البسيطة و 366 في السنة الكبيسة ، وهي تتألف من 12 شهرا كان التقويم اليولياني أقل دقة حيث اعتبر أن السنة الشمسية 365 25 يوما",ما هو الاسم التاني للتقويم الميلادي ؟,بالتقويم الغريغوري,التقويم الغريغوري.,0.91,0.91,0.92
"[Chunk 1]
المنظمات: الدولة الرومانية
النص: كانت الدولة الرومانية تستخدم تقويما يتألف من عشرة أشهر ، ومنه جاءت تسمية أكثر الأشهر ، ثم استخدموا تقويما شمسي قمري حيث أن طول السنة فيه 354 يوما وعدد الأشهر 12 شهرا وعدد الأيام في الأشهر بين 29 و 30 ، وهذا يوافق السنة القمرية ، ثم في السنة التالية لها يضاف شهر طوله 22 أو 23 يوما على التعاقب فيكون طول السنة الكبيسة 376 أو 377 يوما

[Chunk 2]
الأماكن: روما
النص: وتكون متوسط حصيلة دورة أربع ( 354 +376+354 +377 ) تساوي 365 25 وهو ما يعادل طول السنة الشمسية ، ويعزى هذا التقويم للإمبراطور نوما الروماني ، ولكن هذا التقويم طاله التلاعب من قبل الكهنة والقياصرة ، فجعلوا بعض الشهور التي سميت على أسماء قياصرتهم 31 يوما على حساب الشهور الأخرى ، وكان عد السنين يبتدأ من سنة تأسيس مدينة روما عاصمة الإمبراطورية وهي سنة 753 ق م

[Chunk 3]
النص: السنة الميلادية سنة شمسية بمعنى أنها تمثل دورة كاملة للشمس في منازلها ، وهي مدة ( 365 2425 ) يوما ولذلك فالسنة الميلادية 365 يوما في السنة البسيطة و 366 في السنة الكبيسة ، وهي تتألف من 12 شهرا كان التقويم اليولياني أقل دقة حيث اعتبر أن السنة الشمسية 365 25 يوما",كم عدد الأشهر في التقويم الدي كانت تستخدمه الدولة الرومانية ؟,"عشرة أشهر ،",12 شهرا.,0.91,0.92,0.3
"[Chunk 1]
الأشخاص: ip er، رجب طيب اردوغان
المنظمات: البرلمان التركي، جمهورية تركيا، حزب العدالة والتنمية
الأماكن: اسطنبول
التواريخ: 1994 م، 1998، 24 يونيو 2018، 26 فبراير 1954، 28 اغسطس 2014 م، 9 يوليو 2018، اغسطس 2014، مارس 2003
النص: رجب طيب أردوغان ( بالتركية Recep Tayyip Erdoğan ) ( ولد في 26 فبراير 1954 ) ، هو رئيس جمهورية تركيا الثاني عشر والحالي منذ 28 أغسطس 2014 م ، ويعد أول رئيس تركي اختاره الشعب بطريق الاقتراع المباشر ، انتخب رئيسا للجمهورية مرة ثانية في انتخابات مبكرة في 24 يونيو 2018 وتسلم سلطاته في 9 يوليو 2018 ليصبح أول رئيس تركي يدشن النظام الرئاسي ورئيس وزراء تركيا من مارس 2003 حتى أغسطس 2014 وقبل هذا كان عمدة مدينة إسطنبول التركية من 1994 م إلى 1998 م ورئيس حزب العدالة والتنمية الذي يملك غالبية مقاعد البرلمان التركي

[Chunk 2]
الأشخاص: رجب طيب اردوغان
المنظمات: جمهورية تركيا
التواريخ: 24 يونيو 2018، 26 فبراير 1954، 28 اغسطس 2014 م، 9 يوليو 2018
النص: رجب طيب أردوغان ( بالتركية Recep Tayyip Erdoğan ) ( ولد في 26 فبراير 1954 ) ، هو رئيس جمهورية تركيا الثاني عشر والحالي منذ 28 أغسطس 2014 م ، ويعد أول رئيس تركي اختاره الشعب بطريق الاقتراع المباشر ، انتخب رئيسا للجمهورية مرة ثانية في انتخابات مبكرة في 24 يونيو 2018 وتسلم سلطاته في 9 يوليو 2018 ليصبح أول رئيس تركي يدشن النظام الرئاسي

[Chunk 3]
المنظمات: المحكمة الدستورية، مجلس النواب
التواريخ: 2 يونيو 2018، 8 يونيو 2014
النص: أدى اليمين الدستورية لولايته الرئاسية الأولى لمدة أربع سنوات أمام المحكمة الدستورية في 8 يونيو 2014 ، بينما أدى اليمين الدستورية لولايته الثانية أمام مجلس النواب في 2 يونيو 2018",رجب طيب أردوغان هو الرئيس رقم كم لتركيا ؟,رئيس جمهورية تركيا الثاني عشر,رئيس جمهورية تركيا الثاني عشر.,0.9,0.91,0.93
"[Chunk 1]
الأشخاص: ip er، رجب طيب اردوغان
المنظمات: البرلمان التركي، جمهورية تركيا، حزب العدالة والتنمية
الأماكن: اسطنبول
التواريخ: 1994 م، 1998، 24 يونيو 2018، 26 فبراير 1954، 28 اغسطس 2014 م، 9 يوليو 2018، اغسطس 2014، مارس 2003
النص: رجب طيب أردوغان ( بالتركية Recep Tayyip Erdoğan ) ( ولد في 26 فبراير 1954 ) ، هو رئيس جمهورية تركيا الثاني عشر والحالي منذ 28 أغسطس 2014 م ، ويعد أول رئيس تركي اختاره الشعب بطريق الاقتراع المباشر ، انتخب رئيسا للجمهورية مرة ثانية في انتخابات مبكرة في 24 يونيو 2018 وتسلم سلطاته في 9 يوليو 2018 ليصبح أول رئيس تركي يدشن النظام الرئاسي ورئيس وزراء تركيا من مارس 2003 حتى أغسطس 2014 وقبل هذا كان عمدة مدينة إسطنبول التركية من 1994 م إلى 1998 م ورئيس حزب العدالة والتنمية الذي يملك غالبية مقاعد البرلمان التركي

[Chunk 2]
الأشخاص: رجب طيب اردوغان
المنظمات: جمهورية تركيا
التواريخ: 24 يونيو 2018، 26 فبراير 1954، 28 اغسطس 2014 م، 9 يوليو 2018
النص: رجب طيب أردوغان ( بالتركية Recep Tayyip Erdoğan ) ( ولد في 26 فبراير 1954 ) ، هو رئيس جمهورية تركيا الثاني عشر والحالي منذ 28 أغسطس 2014 م ، ويعد أول رئيس تركي اختاره الشعب بطريق الاقتراع المباشر ، انتخب رئيسا للجمهورية مرة ثانية في انتخابات مبكرة في 24 يونيو 2018 وتسلم سلطاته في 9 يوليو 2018 ليصبح أول رئيس تركي يدشن النظام الرئاسي

[Chunk 3]
المنظمات: المحكمة الدستورية، مجلس النواب
التواريخ: 2 يونيو 2018، 8 يونيو 2014
النص: أدى اليمين الدستورية لولايته الرئاسية الأولى لمدة أربع سنوات أمام المحكمة الدستورية في 8 يونيو 2014 ، بينما أدى اليمين الدستورية لولايته الثانية أمام مجلس النواب في 2 يونيو 2018",متى كان رجب طيب أردوغان رئيسا وزراء تركيا ؟,من مارس 2003 حتى أغسطس 2014,من مارس 2003 حتى أغسطس 2014.,0.8,0.93,0.91
"[Chunk 1]
الأشخاص: اردوغان
المنظمات: حزب الرفاه الاسلامي، قاسم باشا
الأماكن: اسطنبول
التواريخ: 1969 م، 1982، عام 1994 م
النص: كان أردوغان لاعب كرة قدم شبه محترف بين عامي 1969 م - 1982 م وكان يلعب لصالح نادي قاسم باشا وذلك قبل أن يتم انتخابه عمدة لبلدية مدينة إسطنبول من قبل حزب الرفاه الإسلامي في عام 1994 م

[Chunk 2]
الأشخاص: ip er، رجب طيب اردوغان
المنظمات: البرلمان التركي، جمهورية تركيا، حزب العدالة والتنمية
الأماكن: اسطنبول
التواريخ: 1994 م، 1998، 24 يونيو 2018، 26 فبراير 1954، 28 اغسطس 2014 م، 9 يوليو 2018، اغسطس 2014، مارس 2003
النص: رجب طيب أردوغان ( بالتركية Recep Tayyip Erdoğan ) ( ولد في 26 فبراير 1954 ) ، هو رئيس جمهورية تركيا الثاني عشر والحالي منذ 28 أغسطس 2014 م ، ويعد أول رئيس تركي اختاره الشعب بطريق الاقتراع المباشر ، انتخب رئيسا للجمهورية مرة ثانية في انتخابات مبكرة في 24 يونيو 2018 وتسلم سلطاته في 9 يوليو 2018 ليصبح أول رئيس تركي يدشن النظام الرئاسي ورئيس وزراء تركيا من مارس 2003 حتى أغسطس 2014 وقبل هذا كان عمدة مدينة إسطنبول التركية من 1994 م إلى 1998 م ورئيس حزب العدالة والتنمية الذي يملك غالبية مقاعد البرلمان التركي

[Chunk 3]
الأشخاص: رجب طيب اردوغان
المنظمات: جمهورية تركيا
التواريخ: 24 يونيو 2018، 26 فبراير 1954، 28 اغسطس 2014 م، 9 يوليو 2018
النص: رجب طيب أردوغان ( بالتركية Recep Tayyip Erdoğan ) ( ولد في 26 فبراير 1954 ) ، هو رئيس جمهورية تركيا الثاني عشر والحالي منذ 28 أغسطس 2014 م ، ويعد أول رئيس تركي اختاره الشعب بطريق الاقتراع المباشر ، انتخب رئيسا للجمهورية مرة ثانية في انتخابات مبكرة في 24 يونيو 2018 وتسلم سلطاته في 9 يوليو 2018 ليصبح أول رئيس تركي يدشن النظام الرئاسي",ماهي الرياضة التي كان فيها رجب طيب أردوغان شبه محترف ؟,كرة قدم,كان رجب طيب أردوغان لاعب كرة قدم شبه محترف.,0.92,0.91,0.92
"[Chunk 1]
النص: الصوفية أو التصوف هو مذهب إسلامي وهو منهج أو طريق يسلكه العبد للوصول إلى الله ، أي الوصول إلى معرفته والعلم به ، وذلك عن طريق الاجتهاد في العبادات واجتناب المنهيات ، وتربية النفس وتطهير القلب من الأخلاق السيئة ، وتحليته بالأخلاق الحسنة

[Chunk 2]
النص: الصوفية أو التصوف هو مذهب إسلامي وهو منهج أو طريق يسلكه العبد للوصول إلى الله ، أي الوصول إلى معرفته والعلم به ، وذلك عن طريق الاجتهاد في العبادات واجتناب المنهيات ، وتربية النفس وتطهير القلب من الأخلاق السيئة ، وتحليته بالأخلاق الحسنة

[Chunk 3]
الأشخاص: يسوع
النص: المسيحية ، أو النصرانية ، هي ديانة إبراهيمية ، وتوحيدية ، متمحورة في تعاليمها حول الكتاب المقدس ، وبشكل خاص يسوع ، الذي هو في العقيدة متمم النبؤات المنتظر ، وابن الله المتجسد",ماهو المذهب الذي تتبعه الصوفية ؟,مذهب إسلامي .,الصوفية أو التصوف هو مذهب إسلامي.,0.92,0.91,0.91
"[Chunk 1]
الأشخاص: احمد زروق، الغزالي، القش، عطاء الله السكندري، للامام، لمحمد ماضي ابو العزايم
النص: وهذا المنهج يقولون أنه يستمد أصوله وفروعه من القرآن والسنة النبوية واجتهاد العلماء فيما لم يرد فيه نص ، فهو علم كعلم الفقه له مذاهبه ومدارسه ومجتهدوه وأئمته الذين شيدوا أركانه وقواعده - كغيره من العلوم - جيلا بعد جيل حتى جعلوه علما سموه علم التصوف ، وعلم التزكية ، وعلم الأخلاق ، فألفوا فيه الكتب الكثيرة بينوا فيها أصوله وفروعه وقواعده ، ومن أشهر هذه الكتب الحكم العطائية لابن عطاء الله السكندري ، وقواعد التصوف للشيخ أحمد زروق ، وإحياء علوم الدين للإمام الغزالي ، والرسالة القشيرية للإمام القشيري ، ومن جوامع الكلم لمحمد ماضي أبو العزائم وغيرها

[Chunk 2]
النص: الصوفية أو التصوف هو مذهب إسلامي وهو منهج أو طريق يسلكه العبد للوصول إلى الله ، أي الوصول إلى معرفته والعلم به ، وذلك عن طريق الاجتهاد في العبادات واجتناب المنهيات ، وتربية النفس وتطهير القلب من الأخلاق السيئة ، وتحليته بالأخلاق الحسنة

[Chunk 3]
النص: الصوفية أو التصوف هو مذهب إسلامي وهو منهج أو طريق يسلكه العبد للوصول إلى الله ، أي الوصول إلى معرفته والعلم به ، وذلك عن طريق الاجتهاد في العبادات واجتناب المنهيات ، وتربية النفس وتطهير القلب من الأخلاق السيئة ، وتحليته بالأخلاق الحسنة",من أين تستمد الصوفية أصولها ؟,يستمد أصوله وفروعه من القرآن والسنة النبوية,يستمد الصوفية أصولها من القرآن والسنة النبوية واجتهاد العلماء فيما لم يرد فيه نص.,0.91,0.93,0.92
"[Chunk 1]
الأشخاص: ابن الجوزي
النص: وكرأي آخر ، يقول الشيخ ابن الجوزي في محاولته التي اعتبرها علماء آخرون تقليلا من شأن التصوف الإسلامي ، ذكر في كتابه تلبيس إبليس

[Chunk 2]
الأشخاص: توماس الفا اديسون
النص: توماس ألفا أديسون ( بالإنجليزية Thomas Alva Edison ) ( 1847 -1931 ) ، مخترع ورجل أعمال أمريكي

[Chunk 3]
الأشخاص: انتي، ر الصيداوي
النص: وكان كل شخص يحمل نسخته الخاصة من هذه القائمة ، ولكن أفضل النسخ الموجودة كانت لشاعر يوناني يدعى أنتيباتر الصيداوي ، والتي ألفت من 140 سنة قبل الميلاد",من ألف كتاب تلبيس إبليس ؟,الشيخ ابن الجوزي,الشيخ ابن الجوزي.,0.5,0.93,0.91
"[Chunk 1]
الأماكن: سويسرا
النص: سويسرا ( بالألمانية die Schweiz ، بالفرنسية la Suisse ، بالإيطالية Svizzera ، بالرومانشية

[Chunk 2]
الأماكن: سويسرا
النص: سويسرا ""( بالألمانية die Schweiz ، بالفرنسية la Suisse ، بالإيطالية Svizzera ، بالرومانشية

[Chunk 3]
المنظمات: الجمهورية العربية السورية
الأماكن: الشرق الاوسط، دمشق، سوريا، سورية، غرب اسيا
التواريخ: 1961
النص: سورية أو سوريا ، واسمها الرسمي الجمهورية العربية السورية منذ 1961 ، هي جمهورية مركزية ، مؤلفة من 14 محافظة ، عاصمتها مدينة دمشق ، تقع ضمن منطقة الشرق الأوسط في غرب آسيا",ماهو الإسم الرسمي لسويسرا ؟,الاتحاد السويسري,"سويسرا ""( بالألمانية die Schweiz ، بالفرنسية la Suisse ، بالإيطالية Svizzera ، بالرومانشية.",0.9,0.33,0.4
"[Chunk 1]
الأماكن: المانيا، ايطاليا، سويسرا، شتاين، غرب اوروبا، فرنسا، والن، وليختن
النص: تقع سويسرا في غرب أوروبا ، حيث تحدها ألمانيا من الشمال ، فرنسا من الغرب ، إيطاليا من الجنوب ، والنمسا وليختنشتاين من الشرق

[Chunk 2]
المنظمات: الاتحاد الاوروبي، الرابطة الاوروبية للتجارة الحرة
الأماكن: سويسرا
النص: وعلى المستوى الأوروبي فهي عضو مؤسس في الرابطة الأوروبية للتجارة الحرة وجزء من منطقة شنغن ، وعلى الرغم من أنها ليست عضوا في الاتحاد الأوروبي ولا في المنطقة الاقتصادية الأوروبية إلا أن سويسرا هي واحدة من أغنى البلدان في العالم من حيث الناتج المحلي الإجمالي للفرد ، وتحتوي على أعلى ثروة للشخص البالغ ( الأصول المالية وغير المالية ) من أي بلد في العالم

[Chunk 3]
الأماكن: القارة الاوروبية
النص: ومع أنها تقع في قلب القارة الأوروبية ، إلا أنها تمتاز عن معظم الدول المجاورة لها بتنوعها الديني واللغوي وتمسكها بممارسة الديمقراطية المباشرة",أين تقع سويسرا بالنسبة لأوروبا ؟,"غرب أوروبا ،","تقع سويسرا في غرب أوروبا، حيث تحدها ألمانيا من الشمال، فرنسا من الغرب، إيطاليا من الجنوب، والنمسا وليختنشتاين من الشرق.",0.91,0.93,0.92
"[Chunk 1]
الأماكن: ال القوقاز، اوروبا، جبال الاورال، ر قزوين، والبحر الابيض المتوسط، والبحر الاسود
النص: أوروبا إحدى قارات العالم السبع وجغرافيا تعد شبه جزيرة كبيرة تكون الجزء الغربي الممتد من أوراسيا بين جبال الأورال وجبال القوقاز وبحر قزوين من الشرق والمحيط الأطلسي من الغرب والبحر الأبيض المتوسط والبحر الأسود ومنطقة القوقاز من الجنوب والمحيط المتجمد الشمالي من الشمال

[Chunk 2]
الأماكن: ال القوقاز، اوروبا، جبال الاورال، ر قزوين، والبحر الابيض المتوسط، والبحر الاسود
النص: أوروبا إحدى قارات العالم السبع وجغرافيا تعد شبه جزيرة كبيرة تكون الجزء الغربي الممتد من أوراسيا بين جبال الأورال وجبال القوقاز وبحر قزوين من الشرق والمحيط الأطلسي من الغرب والبحر الأبيض المتوسط والبحر الأسود ومنطقة القوقاز من الجنوب والمحيط المتجمد الشمالي من الشمال

[Chunk 3]
الأماكن: ال القوقاز، اوروبا، جبال الاورال، ر قزوين، والبحر الابيض المتوسط، والبحر الاسود
النص: أوروبا إحدى قارات العالم السبع وجغرافيا تعد شبه جزيرة كبيرة تكون الجزء الغربي الممتد من أوراسيا بين جبال الأورال وجبال القوقاز وبحر قزوين من الشرق والمحيط الأطلسي من الغرب والبحر الأبيض المتوسط والبحر الأسود ومنطقة القوقاز من الجنوب والمحيط المتجمد الشمالي من الشمال",ماهو موضع أوروبا على المستوى الأوروبي ؟,عضو مؤسس في الرابطة الأوروبية للتجارة الحرة ؛,تكون أوروبا الجزء الغربي الممتد من أوراسيا بين جبال الأورال وجبال القوقاز.,0.93,0.93,0.5
"[Chunk 1]
المنظمات: الجمهورية الاسلامية الايرانية
الأماكن: غرب اسيا
النص: الجمهورية الإسلامية الإيرانية ( بالفارسية جمهورى اسلامى ايران ) هي دولة تقع في غرب آسيا

[Chunk 2]
المنظمات: الجمهورية الاسلامية الايرانية
الأماكن: السعودية، ايران، بالشرق الاوسط، غرب اسيا
النص: الجمهورية الإسلامية الإيرانية هي دولة تقع في غرب آسيا وهي ثاني أكبر دول بالشرق الأوسط من حيث عدد السكان بعد مصر باجمالي 81 مليون نسمة وكذلك ثاني أكبر بلدان الشرق الاوسط مساحة بعد السعودية بمساحة تبلغ 1 ، 648 ، 195 كم 2 ما يجعلها تحتل المرتبة الثامنة عشر بين بلدان في العالم من حيث المساحة تتميز ايران بموقع جيوسياسي يجعلها نقطة التقاء لثلاث مجالات آسيوية ( غرب آسيا ووسطها وجنوبها )

[Chunk 3]
المنظمات: ايران، كازاخستان، وروسيا
الأماكن: ارمينيا، افغانستان، الخليج العربي، العراق، الغربي، بحر قزوين، تركيا، وباك، وترك، يج عمان
النص: يحدها من الشمال أرمينيا وأذربيجان وتركمانستان وتطل إيران على بحر قزوين ( وهو بحر داخلي تحده كازاخستان وروسيا ) ويحدها من الشرق أفغانستان وباكستان ، ومن الجنوب الخليج العربي وخليج عمان ، ومن الغرب العراق ومن الشمال الغربي تركيا",أين تقع الجمهورية الإسلامية الإيرانية ؟,في غرب آسيا .,تقع الجمهورية الإسلامية الإيرانية في غرب آسيا.,0.93,0.93,0.91
