retrieved_context,question,reference,response,faithfullness,answer_relevance,answer_correctness
"[Chunk 1]
الأشخاص: جعفر بن محمد الصادق، موسى بن جعفر الكاظم
التواريخ: 25 رجب 183، 7 صفر 128 ه
النص: موسى بن جعفر الكاظم ( 7 صفر 128 ه -25 رجب 183 ه ) أحد أعلام المسلمين ، والإمام السابع عند الشيعة الإثنا عشرية ، والده هو الإمام جعفر بن محمد الصادق أحد فقهاء الإسلام ، قضى جزءا من حياته في السجن ، وعاصر فترة حساسة من تاريخ المسلمين

[Chunk 2]
الأشخاص: جعفر الصادق، مروان بن محمد، موسى الكاظم، موسى بن جعفر الكاظم
الأماكن: الاب، المدينة المنورة
التواريخ: الاحد السابع من شهر صفر من، يوم
النص: ولد الإمام موسى بن جعفر الكاظم في قرية يقال لها الأبواء وكانت ولادته يوم الأحد السابع من شهر صفر من سنة 128 وقيل سنة 129 هجرية ، في أيام حكم مروان بن محمد وبعد فترة وجيزة من ولادته ارتحل أبوه الإمام جعفر الصادق إلى المدينة المنورة فأطعم الناس إطعاما عاما لمدة ثلاثة أيام تيمنا بولادة موسى الكاظم

[Chunk 3]
الأشخاص: موسى
النص: وصف موسى بالحسن والجمال منذ طفولته ، أما على الصعيد الديني فقد وصف "" بالأمين في كل بيت الله "" ، و "" رجل الله """,ماذا يكنى موسى بن جعفر الكاظم ؟,أبو إبراهيم وأبو الحسن,"كنية موسى بن جعفر الكاظم هي ""الأمين في كل بيت الله"" و""رجل الله"".",0.93,0.92,0.3
"[Chunk 1]
المنظمات: للمملكة العربية، وزارة الداخلية السعودية
الأماكن: المملكة العربية السعودية
النص: وزارة الداخلية السعودية هي الوزارة المسؤولة عن جميع إمارات المناطق ال 13 وأحوال المناطق والأمن الداخلي للمملكة العربية السعودية وحراسة حدودها مع الدول المجاورة والسلامة وخدمة المواطنين في المملكة العربية السعودية

[Chunk 2]
المنظمات: مجلس الوكلاء، وزارة الداخلية
الأماكن: الحجاز، الرياض، المملكة
التواريخ: / 11 /، 26 / 8 / 1370 ه، 4 /، 9 / 3 / 1353، عام 1370 ه، عام 1375 ه، عام 1380 ه
النص: استمرت وزارة الداخلية على هذا الوضع حتى صدر الأمر الملكي الكريم رقم 18 / 4 / 10 وتاريخ 9 / 3 / 1353 ه الذي دمج اختصاصات الوزارة بديوان رئاسة مجلس الوكلاء ، فأصبحت المهام التي كانت تقوم بها وزارة الداخلية منوطة برئاسة مجلس الوكلاء في عام 1370 ه أعيد إنشاء وزارة الداخلية ، بالمرسوم الملكي رقم 5 / 11 / 8697 وتاريخ 26 / 8 / 1370 ه ، فأصبحت الوزارة مسؤولة عن الإدارة المحلية الممثلة في إمارات المناطق والقطاعات الأمنية في منطقة الحجاز ، وبعد أن انتقلت الوزارة من الحجاز إلى الرياض في عام 1375 ه تولت الإشراف تدريجيا على مناطق المملكة ، حتى اكتمل إشرافها في عام 1380 ه

[Chunk 3]
الأماكن: الامارات، المملكة
التواريخ: 2012 م
النص: كان يبلغ عدد المحافظات في المملكة 118 محافظة تحتسب ضمنها مراكز الإمارات إلى أن تمت الموافقة سنة 2012 م على زيادة عدد المحافظات لتصل بذلك إلى 134 محافظة بدون احتساب مراكز إمارات المناطق",كم عدد امارات المناطق التي تقع تحت مسؤولية وزارة الداخلية السعودية ؟,13,تشرف وزارة الداخلية السعودية على 13 إمارة منطقة.,0.94,0.93,0.91
"[Chunk 1]
النص: تدعى الخطوط الأفقية في المصفوفة بالأسطر بينما تدعى الخطوط العمودية باسم عمود

[Chunk 2]
النص: أما الأعداد فتدعى مدخلات المصفوفة أو عناصر المصفوفة ترمز إلى مصفوفة بحرف لاتيني كبير وتحته عددين طبيعيين على شكل جداء هما m و n حيث m هو عدد الصفوف و n عدد الأعمدة وبالتالي تعرف المصفوفة بعدد الصفوف والأعمدة ("" m "" × n مصفوفة ), وتعرف m و n بأبعاد المصفوفة فأبعاد المصفوفة أعلاه هي 3 * 4 أي 4 أسطر و 3 أعمدة

[Chunk 3]
النص: B لا يساوي B A تعرف المصفوف المؤلفة من صف واحد أو عمود واحد بمتجه أما المصفوفة ذات القياس الأكبر تعرف بموتر",ماذا تسمى الخطوط الافقية في المصفوفة ؟,بالأسطر,تسمى الخطوط الأفقية في المصفوفة بالأسطر.,0.92,0.93,0.91
"[Chunk 1]
الأشخاص: عبد العزيز بوتفليقة
الأماكن: وجدة
التواريخ: 2 مارس 1937
النص: عبد العزيز بوتفليقة ( 2 مارس 1937 ، وجدة -) ، الرئيس العاشر للجزائر منذ التكوين والرئيس السابع منذ الاستقلال

[Chunk 2]
الأشخاص: عبد العزيز بوتفليقة
المنظمات: الجزايري، الجيش
الأماكن: الجزاير
التواريخ: 2019، عام 2019
النص: استمر تأييده في البداية لترشح الرئيس السابق لولاية خامسة ، وخلال الحراك الشعبي الجزائري المناهض للعهدة الخامسة للرئيس الجزائري عبد العزيز بوتفليقة خلال الانتخابات الرئاسية الجزائرية 2019 ، قبل أن يتبني الجنرال خطابا تصالحيا ، أعلن فيه دعم الجيش للشعب الجزائري عقب الحراك الشعبي في الجزائر عام 2019

[Chunk 3]
الأشخاص: تركي الثاني، حصة بنت احمد السديري، سلمان، عبد الرحمن، عبد العزيز الذكور، نايف
الأماكن: الرياض
النص: هو الابن الخامس عشر من أبناء الملك عبد العزيز الذكور ، ولد في مدينة الرياض والدته هي الأميرة حصة بنت أحمد السديري ، وهو أحد من يطلق عليهم مصطلح السديريون السبعة وهم الملك فهد وولي العهد نائب رئيس الوزراء وزير الداخلية السابق الأمير نايف والأمير عبد الرحمن نائب وزير الدفاع والطيران والمفتش العام سابقا والأمير تركي الثاني والملك سلمان والأمير أحمد",من عبد العزيز بوتفليقة ؟,الرئيس العاشر للجزائر منذ التكوين,عبد العزيز بوتفليقة هو الرئيس العاشر للجزائر منذ التكوين والرئيس السابع منذ الاستقلال.,0.88,0.93,0.93
"[Chunk 1]
المنظمات: الجمهورية اليمنية
الأماكن: جنوب غرب شبه الجزيرة العربية، غربي اسيا
النص: اليمن أو ( رسميا الجمهورية اليمنية ) ، هي دولة عربية تقع جنوب غرب شبه الجزيرة العربية في غربي آسيا

[Chunk 2]
المنظمات: الجمهورية العربية اليمنية، الدولة العثمانية، المملكة المتوكلية اليمنية، جمهورية اليمن الديمقراطية الشعبية
الأماكن: بشمال اليمن، جنوب اليمن
التواريخ: 22 مايو 1990، العام 1967، عام 1918، عام 1962
النص: استقل ما عرف بشمال اليمن عن الدولة العثمانية عام 1918 وقامت المملكة المتوكلية اليمنية إلى إسقاطها عام 1962 وقيام الجمهورية العربية اليمنية ، بينما بقي جنوب اليمن محمية بريطانية إلى العام 1967 وقيام جمهورية اليمن الديمقراطية الشعبية تحققت الوحدة اليمنية في 22 مايو 1990

[Chunk 3]
الأماكن: البحر الاحمر، المملكة العربية السعودية، اليمن، بحر العرب، سلطنة عمان
النص: يحد اليمن من الشمال المملكة العربية السعودية ومن الشرق سلطنة عمان ، ولها ساحل جنوبي على بحر العرب وساحل غربي على البحر الأحمر ولدى اليمن أكثر من 200 جزيرة في البحر الأحمر وبحر العرب أكبرها جزيرتي سقطرى وحنيش",ما الاسم الرسمي لدولة اليمن ؟,الجمهورية اليمنية,الاسم الرسمي لدولة اليمن هو الجمهورية اليمنية.,0.93,0.91,0.91
"[Chunk 1]
الأماكن: الاسكندرية
التواريخ: 25 نوفمبر سنة 30، عام 307 م
النص: ولما بلغت الثامنة عشر أتمت دراسة اللاهوت والفلسفة وتعمدت في عام 307 م حضر القيصر مكسيميانوس إلى الإسكندرية ، فأمر بعبادة الأوثان ، واضطهد القديسة ، وعذبها حتى أنه أمر بقطع رأسها في 25 نوفمبر سنة 307 م

[Chunk 2]
الأشخاص: م بن عدي
الأماكن: بالمدينة، بمكة
النص: وهي يومئذ صغيرة وأنها أسلمت بعد ثمانية عشر فقط وهناك حديث شكك في صحتة يقول بأن عمرها عند العقد ست سنوات وخطبها النبي محمد بمكة ، وبنى بها بالمدينة وهي بنت تسع سنوات وهو مختلف فيه حيث أنه "" الحديث "" يذكر أنها كانت مخطوبة لمطعم بن عدي ثم رجع عن خطبتها

[Chunk 3]
النص: كان عمره 7 أعوام حين قامت ثورة 1919 التي أثرت فيه وتذكرها فيما بعد في بين القصرين أول أجزاء ثلاثيته",كم كان عمر نوال السعداوي حينما تم ختانها ؟,في السادسة من عمرها,"لا يمكن الإجابة على هذا السؤال بناءً على المعلومات المتوفرة في السياق، حيث لا يذكر السياق أي معلومات عن عمر نوال السعداوي عند الختان.",0.7,0.3,0.4
"[Chunk 1]
المنظمات: المنتخب الاثيوبي، منتخب العراق
النص: وحقق فيها منتخب العراق الفوز على المنتخب الإثيوبي بثلاثة عشر هدفا مقابل لاشئ

[Chunk 2]
الأشخاص: احمد راضي، ث حسين، دي كاظم، ر حيدر، سعد قيس، نعيم صدام، يب جعفر
المنظمات: المنتخب الكونغولي، منتخب العراق
النص: وكان ذلك أكبر فوز عراقي في تاريخة ، سجل فيها أحمد راضي خمسة أهداف ، وكلا من سعد قيس وحبيب جعفر وليث حسين هدفين ، وهدف واحد لكلا من نعيم صدام ، ومهدي كاظم ، بينما ألغي هدف للاعب شرار حيدر بعدها لعب منتخب العراق مباراته الثانية مع المنتخب الكونغولي وفاز عليه بثلاثة اهداف نظيفة سجلها أحمد راضي هدفين وهدف لنعيم صدام

[Chunk 3]
الأشخاص: احمد راضي، سعد قيس
المنظمات: العراق، منتخب الاردن
الأماكن: اد الملك، عمان
النص: ليتأهل إلى النهائي ويلاقي منتخب الأردن في عمان على ستاد الملك حسين بغياب سعد قيس وخسر المباراة بهدفين نظيفين جاءا في الشوط الثاني ، فأحرز العراق المركز الثاني في البطولة بينما حصل أحمد راضي على لقب لقب هداف البطولة",كم هدف سجل أحمد رتضي في مبارة المنتخب العراقي ضد المنتخب الإثيوبي ؟,خمسة أهداف,سجل أحمد راضي هدفين في مباراة المنتخب العراقي ضد المنتخب الإثيوبي.,0.93,0.93,0.2
"[Chunk 1]
النص: العزم المغناطيسي الذاتي للإلكترون ينشأ عن دوران الإلكترون حول محوره ( دوران مغزلي ) ، والذي يعبر عنه بعدد الكم المغزلي

[Chunk 2]
النص: يتم وصف حالة تواجد الإلكترون في الذرة بأربعة أرقام للكم ثلاثة منها هي خواص المدار الذري الذي يوجد فيه ( يوجد شرح لاحق في هذه المقالة ) ، والرقم الرابع إما 12 أو -12 وهو يعبر عن الدوران المغزلي للإلكترون ( أي دورانه حول نفسه )

[Chunk 3]
النص: يحتل الإلكترون عادة مستوي طاقة الحالة القاعية وهي على سبيل المثال في النموذج المبين الحالة n = 1 و الحالة القاعية تسمى أحيانا الحالة الأرضية حيث لا يمكن لطاقة الإلكترون تقل عنها وقد ترتفع طاقة الإلكترون عن طريق الإثارة من الخارج واكتسابه طاقة ترفعه إلى الغلاف n = 2 وتسمي تلك الحالة حالة إثارة وهي تعني أن الإلكترون مثار وبالتالي أن الذرة في حالة إثارة فيبقى الإلكترون في حالة الإثارة فترة زمنية قصيرة حيث يفضل الهبوط إلى مدارة الأرضي حتى تستقر الذرة",ماذا يسمى دوران الإلكترون حول محوره ؟,دوران مغزلي,دوران الإلكترون حول محوره يسمى الدوران المغزلي.,0.93,0.93,0.92
"[Chunk 1]
التواريخ: عام 1992
النص: حتى عام 1992 ، أعلى درجة في كرة القدم الإنجليزية كانت الدرجة الأولى ومنذ ذلك الحين ، أصبح الدوري الإنجليزي الممتاز هو الأعلى

[Chunk 2]
الأماكن: انجلترا
التواريخ: 1992 م
النص: الدوري الإنجليزي الممتاز هو دوري كرة القدم للقسم الأول في إنجلترا وقد تم استخدام مسمى الدوري الممتاز في سنة 1992 م

[Chunk 3]
التواريخ: 1992، 1993، 20 فبراير 1992
النص: تم تشكيل مسابقة الدوري الإنجليزي الممتاز في 20 فبراير 1992 والذي حل محل الدوري الإنجليزي للمحترفين موسم 1992 -1993",ما هي أعلى درجة في كرة القدم الانجليزية حتى عام 1992 ؟,الدرجة الأولى,كانت أعلى درجة في كرة القدم الإنجليزية حتى عام 1992 هي الدرجة الأولى.,0.9,0.92,0.93
"[Chunk 1]
المنظمات: الامارات العربية المتحدة، مجلس التعاون لدول الخليج العربية، والامم المتحدة، وجامعة الدول العربية، ومنظمة التجارة العالمية، ومنظمة الموتمر الاسلامي، ومنظمة اوبك
النص: نظام الحكومة في دولة الإمارات العربية المتحدة هو نظام اتحادي دستوري ، دولة الإمارات عضو مؤسس في مجلس التعاون لدول الخليج العربية وجامعة الدول العربية والأمم المتحدة ومنظمة المؤتمر الإسلامي ومنظمة أوبك ومنظمة التجارة العالمية

[Chunk 2]
المنظمات: الامارات العربية المتحدة، المملكة المتحدة
الأماكن: الجنوب الشرقي، الشاطي الجنوبي الخليج العربي، الشمال الغربي، القراصنة، المملكة العربية السعودية، جنوب غرب قارة اسيا، ساحل عمان، سلطنة عمان، شرق شبه الجزيرة العربية
التواريخ: 1971، القرن 18، القرن 19، القرن 20، عام 1971
النص: الإمارات أو ( رسميا الإمارات العربية المتحدة ) هي دولة عربية اتحادية تقع في شرق شبه الجزيرة العربية في جنوب غرب قارة آسيا تطل على الشاطئ الجنوبي الخليج العربي لها حدود بحرية مشتركة من الشمال الغربي مع دولة قطر ومن الغرب حدود برية وبحرية مع المملكة العربية السعودية ومن الجنوب الشرقي مع سلطنة عمان ، قبل 1971 كانت دولة الإمارات العربية المتحدة معروفة باسم الإمارات المتصالحة أو ساحل عمان ، في إشارة إلى هدنة في القرن 19 بين المملكة المتحدة والعديد من شيوخ العرب كما تم استخدام اسم ساحل القراصنة في إشارة إلى الإمارات في المنطقة من القرن 18 إلى القرن 20 في وقت مبكر ويتكون النظام السياسي في دولة الإمارات العربية المتحدة إستنادا إلى دستور عام 1971 من عدة هيئات مرتبطة بشكل معقد الإدارة الإسلام هو الدين الرسمي واللغة العربية هي اللغة الرسمية

[Chunk 3]
الأشخاص: عبد الله بن عبد العزيز ال سعود
المنظمات: الامارات العربية المتحدة، البحرين، الكويت، المملكة العربية السعودية، سلطنة عمان، مجلس التعاون الخليجي، مجلس التعاون لدول الخليج العربية
الأماكن: سلطنة
التواريخ: عام 2011
النص: جميع الدول الأعضاء في مجلس التعاون لدول الخليج العربية هي دول ملكية ، اثنان منها دول نظام حكمها ملكي دستوري وهي دولة الكويت ومملكة البحرين ، ودولتان نظام حكمها ملكي مطلق وهي المملكة العربية السعودية ودولة قطر ودولة نظام حكمها سلطاني وراثي وهي سلطنة عمان ودولة نظام حكمها اتحادي رئاسي وهي الإمارات العربية المتحدة وهي عبارة عن سبع إمارات كل إمارة لها حاكمها الخاص في عام 2011 اقترح خادم الحرمين الشريفين الملك عبد الله بن عبد العزيز آل سعود في القمة الخليجية الثانية والثلاثين تحويل مجلس التعاون الخليجي إلى اتحاد خليجي والتنسيق فيما بينها سياسيا وعسكريا واقتصاديا وتم رفض الفكرة السعودية من قبل سلطنة عمان",ما هو نظام الحكم في دولة الامارات العربية المتحدة ؟,نظام اتحادي دستوري,نظام الحكم في دولة الإمارات العربية المتحدة هو نظام اتحادي دستوري.,0.9,0.93,0.93
"[Chunk 1]
الأشخاص: برهان الدين رباني، مجددي
المنظمات: افغانستان، الاتحاد الاسلامي لم، والحركة الاسلامية، وحزب الوحدة الشيعي
التواريخ: 24 ابريل 1992
النص: في 24 أبريل 1992 ، تم توقيع اتفاق عرف باسم اتفاق بيشاور من قبل أحزاب الاتحاد الإسلامي لمجاهدي أفغانستان السبعة وحزب الوحدة الشيعي والحركة الإسلامية محسني ، فتم الاتفاق على تشكيل حكومة مؤقتة لمدة شهرين وعلى رأسها صبغة الله مجددي ، ثم يتبعه ولمدة أربعة أشهر برهان الدين رباني

[Chunk 2]
الأشخاص: حكمت
المنظمات: اكستان، الحزب الاسلامي، كابل
النص: ولكن الحزب الإسلامي بقيادة حكمتيار والذي كان مواليا لباكستان رفض الاتفاقية بالرغم من أنه من الموقعين عليها فهاجم كابل وانهارت الاتفاقية ، وبقي رباني في رئاسة الدولة

[Chunk 3]
الأشخاص: عبد الفتاح سعيد حسين خليل السيسي، محمد مرسي
المنظمات: للقوات المسلحة المصرية، ورية مصر العربية
التواريخ: 19 نوفمبر 1954، 2014، 25 يناير، 3 يوليو 2013
النص: عبد الفتاح سعيد حسين خليل السيسي ( 19 نوفمبر 1954 ) ، هو الرئيس السادس والحالي لجمهورية مصر العربية ، والقائد الأعلى للقوات المسلحة المصرية ، تم انتخابه سنة 2014 لمدة 4 سنوات بعد نجاحه في الانتخابات الرئاسية 2014 ، ذلك بعد إطاحته بالرئيس محمد مرسي في 3 يوليو 2013 ( أول رئيس مدني منتخب بعد ثورة 25 يناير ) بعد سنة من توليه مقاليد الحكم عقب مظاهرات طالبت برحيله ، وأعلن عن إجراءات صاحبت ذلك عرفت بخارطة الطريق ، عارضها مؤيدو الرئيس محمد مرسي وقتها واعتبروها - ومعهم جزء من المجتمع الدولي والعربي - انقلابا عسكريا بينما أيدها المتظاهرون والمعارضون للرئيس محمد مرسي وقتها واعتبروها ثورة وتأييدا لمطالب شعبية .",من ترأس الدولة بعدما انهارت اتفاقية بيشاور ؟,رباني,برهان الدين رباني.,0.5,0.91,0.92
"[Chunk 1]
الأشخاص: اسامة واحمد واوس، سعاد، عبد الكريم، فواد الشطي، نجاة، وابت
المنظمات: اذاعة الكويت، اذاعة وتلفز، وزارة التعليم، يون قطر
الأماكن: العراق
النص: كان والدها يعمل في وزارة التعليم في العراق وتوفي وهي في سن العاشرة وهي تنتمي لأسرة فنية ، حيث إن شقيقتها سعاد ممثلة ومذيعة أخبار في إذاعة الكويت ، وشقيقتها نجاة كاتبة ومخرجة ، وابتسام عملت أيضا في التمثيل والإخراج كمساعدة مخرج ، وسحر ممثلة ومذيعة في إذاعة وتلفزيون قطر ، وشقيقها عبد الكريم كان كاتب مسرحي ولها شقيق آخر يدعى « علي » ، كما إن زوج شقيقتها سعاد هو المسرحي فؤاد الشطي وأبنائهم يعملون أيضا بالمجال الفني وهم أسامة وأحمد وأوس

[Chunk 2]
الأشخاص: امل عبد الله، سلوى سلمان، طلال، عالية، فواز
النص: انجبت منه ثلاثة أبناء هم ، طلال ويعمل كمهندس طيران ، فواز ويعمل كمهندس ، عالية والتي تعمل بمجال الإستثمار ، وهي شقيقة الإعلامية أمل عبد الله ، وشقيقتها من والدتها هي الماكيرة سلوى سلمان التي تعاونت معها في عدة أعمال

[Chunk 3]
الأشخاص: سعاد عبد الله
الأماكن: الخليج
التواريخ: 2 سبتمبر 1950
النص: سعاد عبد الله ( 2 سبتمبر 1950 -) ، ممثلة كويتية ، وتعد من أبرز الفنانات في الخليج ، برزت في الأعمال الكوميدية التلفزيونية والمسرحية",ما اسم زوج سعاد عبد الله ؟,فيصل الضاحي,فؤاد الشطي.,0.8,0.91,0.3
"[Chunk 1]
الأشخاص: سليم الاول، سليمان شاه
المنظمات: الدولة العثمانية
الأماكن: سوريا
التواريخ: عام 1516 م
النص: بعد أن دخلت سوريا في ظل الدولة العثمانية في عهد السلطان "" سليم الأول "" عام 1516 م اهتم السلطان سليم بضريح "" سليمان شاه "" وأقام مزارا لائقا بجد العثمانيين أطلق عليه الزائرون "" المزار التركي ""

[Chunk 2]
المنظمات: الدولة
الأماكن: البيل، بر امون، بيت امون، معبد امون
النص: بينما عرف المعبد في البداية باسم """" بر امون """" أي معبد آمون أو بيت آمون ، وخلال عصر الدولة الوسطى أطلق عليه اسم "" إبت سوت "" والذي يعني الأكثر اختيارا من الأماكن ( ترجمت احيانا بالبقعة المختارة ) وقد عثر على هذا الاسم على جدران مقصورة سنوسرت الأول في البيلون الثالث كذلك عرف المعبد بالعديد من الأسماء منها "" نيسوت - توا "" أي عرش الدولتين و "" إبيت إيسيت "" أي المقر الأروع

[Chunk 3]
المنظمات: كنيسة الروم الارثوذكس، للكن، يسة الارثوذكسية الروسية
الأماكن: الطور، القدس، جنوب سيناء، حة فيران
النص: ويقال عنه أنه أقدم دير في العالم ، يعد مزارا سياحيا كبيرا ، حيث تقصده أفواج سياحية من جميع بقاع العالم ، وهو معتزل ، يديره رئيس الدير وهو أسقف سيناء ، والذي لا يخضع لسلطة أية بطريرك أو مجمع مقدس ولكن تربطه علاقات وطيدة مع بطريرك القدس لذلك فإن اسم بطريرك القدس يذكر في القداسات ، على الرغم من أن الوصاية على الدير كانت لفترات طويلة للكنيسة الأرثوذكسية الروسية ، ورهبان وكهنة الدير من اليونانيين وليسوا عربا أو مصريين ، شأنهم شأن أساقفة كنيسة الروم الأرثوذكس في القدس التي يسيطر عليها اليونانيين من عهود طويلة وأسقف سيناء يدير إلى جانب الدير الكنائس والمزارات المقدسة الموجودة في جنوب سيناء في منطقة الطور وواحة فيران وطرفة",ماذا أطلق الزائرون على المزار الذي أقيم لجد العثمانيين ؟,""" المزار التركي ""","أطلق الزائرون على المزار الذي أقيم لجد العثمانيين ""المزار التركي"".",0.8,0.92,0.92
"[Chunk 1]
الأشخاص: عثمان الاول بن ارطغرل
المنظمات: الخلافة العثمانية
التواريخ: 27 يوليو 1299 م، 29 اكتوبر 1923
النص: ) أو الخلافة العثمانية ، هي إمبراطورية إسلامية أسسها عثمان الأول بن أرطغرل ، واستمرت قائمة لما يقرب من 600 سنة ، وبالتحديد من 27 يوليو 1299 م حتى 29 أكتوبر 1923 م

[Chunk 2]
الأشخاص: عثمان
المنظمات: الدولة العثمانية
التواريخ: عام 1299 م، عام 1517 م، عام 1922 م
النص: سلاطين الدولة العثمانية هم مجموعة من السلاطين الترك المسلمين السنة من آل عثمان حكموا إمبراطورية مترامية الأطراف امتدت أراضيها على ثلاث قارات ، وقد جمعوا بين الخلافة الإسلامية والسلطنة بداية من عام 1517 م ، ودام ملكهم من عام 1299 م إلى عام 1922 م

[Chunk 3]
الأشخاص: سليم الاول
المنظمات: الايوبية، الدولة العثمانية، السلطنة
الأماكن: الري، الشام، داني، والحج
التواريخ: 125، 3 ه، 8 ه
النص: الدولة المملوكية أو السلطنة المملوكية أو دولة المماليك أو سلطنة المماليك هي إحدى الدول الإسلامية التي قامت في مصر خلال أواخر العصر العباسي الثالث ، وامتدت حدودها لاحقا لتشمل الشام والحجاز ، ودام ملكها منذ سقوط الدولة الأيوبية سنة 648 ه الموافقة لسنة 1250 م ، حتى بلغت الدولة العثمانية ذروة قوتها وضم السلطان سليم الأول الديار الشامية والمصرية إلى دولته بعد هزيمة المماليك في معركة الريدانية سنة 923 ه الموافقة لسنة 1517 م .",لكم سنة بقت الدولة العثمانيه ؟,لما يقرب من 600 سنة,"دامت الخلافة العثمانية من عام 1299 م حتى عام 1923 م، أي ما يقرب من 600 سنة.",0.93,0.91,0.92
"[Chunk 1]
الأشخاص: صدام حسين المجيد التكريتي
المنظمات: بحزب البعث العربي الاشتراكي، جمهورية العراق، لحزب البعث العربي الاشتراكي، للقوات المسلحة العراقية، مكتب الامن القومي العراقي
الأماكن: البي
التواريخ: 1975، 1979، 28 ابريل 1937، 30 ديسمبر 2006، 9 ابريل، عام 1979 م، عام 2003 م
النص: صدام حسين المجيد التكريتي الذي ينتمي إلى عشيرة البيجات ( 28 أبريل 1937 – 30 ديسمبر 2006 ) رابع رئيس لجمهورية العراق والأمين القطري لحزب البعث العربي الاشتراكي والقائد الأعلى للقوات المسلحة العراقية في الفترة ما بين عام 1979 م وحتى 9 أبريل عام 2003 م ، ونائب رئيس جمهورية العراق عضو القيادة القطرية ورئيس مكتب الأمن القومي العراقي بحزب البعث العربي الاشتراكي بين 1975 و 1979.

[Chunk 2]
الأماكن: ايران
النص: ولد سنة 370 ه ( 980 م ) وتوفي في همدان ( في إيران حاليا ) سنة 427 ه ( 1037 م )

[Chunk 3]
المنظمات: الاتحاد الاوروبي، المجلس الاعلى للامن القومي، مجلس تشخيص مصلحة النظام، مركز البحوث الاستراتيجية
الأماكن: ايران
التواريخ: 12 نوفمبر 1948، عام 1989، عام 1991، عام 1992، عام 1999
النص: ولد في يوم 12 نوفمبر 1948 وكان قد شغل منصب عضو في مجلس الخبراء منذ عام 1999 ، وعضو في مجلس تشخيص مصلحة النظام في إيران منذ عام 1991 ، وعضو المجلس الأعلى للأمن القومي منذ عام 1989 ، ورئيس مركز البحوث الاستراتيجية منذ عام 1992 كما كان كبير المفاوضين على البرنامج النووي الإيراني مع الاتحاد الأوروبي",متى ولد صدام حسين المجيد التكريتي ومتى استشهد ؟,28 أبريل 1937 – 30 ديسمبر 2006,ولد صدام حسين المجيد التكريتي في 28 أبريل 1937 واستشهد في 30 ديسمبر 2006.,0.9,0.92,0.92
"[Chunk 1]
النص: الأزيتروميسين هو أزاليد ، نوع من أنواع الماكروليدات يعمل الأزيتروميسين عن طريق خفض إنتاج البروتين ، وبالتالي وقف نمو البكتيريا

[Chunk 2]
النص: الزلزال أو الهزة الأرضية هي ظاهرة طبيعية وهو عبارة عن اهتزاز او سلسلة من الاهتزازات الارتجاجية المتتالية لسطح الأرض ، والتي تنتج عن حركة الصفائح الصخرية في القشرة الأرضية ، ويسمى مركز الزلزال "" البؤرة "" ، يتبع ذلك بارتدادات تدعى أمواجا زلزالية ، وهذا يعود إلى تكسر الصخور وإزاحتها بسبب تراكم إجهادات داخلية نتيجة لمؤثرات جيولوجية ينجم عنها تحرك الصفائح الأرضية

[Chunk 3]
النص: الإيدز أو السيدا أو التنقصم ( نحت تناذر نقص المناعة المكتسبة ) أو متلازمة نقص المناعة المكتسبة ( بالإنجليزية AIDS",ما هو الأزاليد ؟,نوع من أنواع الماكروليدات,الأزاليد هو نوع من أنواع الماكروليدات.,0.88,0.93,0.92
"[Chunk 1]
الأشخاص: ميركل
المنظمات: الاتحاد الاوروبي، التاي، مجلة
التواريخ: كانون الاول 2015
النص: تم وصف ميركل على نطاق واسع "" بحاكم الأمر الواقع "" لزعامة الاتحاد الأوروبي سميت ميركل مرتين بواسطة "" مجلة فوربس "" ، وهو أعلى تصنيف من أي وقت مضى حققته امرأة في كانون الأول 2015 ، سميت ميركل من قبل "" مجلة التايم "" شخصية العام مع صورة على غلاف المجلة واصفة إياها "" كمستشارة للعالم الحر

[Chunk 2]
الأشخاص: ميركل
التواريخ: ايار 2016
النص: في أيار 2016 ، سميت ميركل أقوى امرأة في العالم برقم قياسي للمرة العاشرة من قبل "" فوربس ""

[Chunk 3]
المنظمات: تايم
التواريخ: القرن العشرين
النص: واختارته مجلة تايم واحدا من بين مائة شخصية تركت أكبر أثر في تاريخ البشرية في القرن العشرين",بماذا وصفت مجلة التايم ميركل ؟,كمستشارة للعالم الحر,"وصفتها مجلة التايم بـ ""مستشارة للعالم الحر"".",0.75,0.91,0.93
"[Chunk 1]
الأشخاص: المحقق، كونا
التواريخ: 12 يناير 2019، 8 ابريل 1996، عام 1996
النص: ومنذ بداية عرض المحقق كونان على التلفاز في عام 1996 ، عرض حتى الآن ما يقارب 31 حلقة خاصة ، كانت أول تلك الحلقات هي حلقة ( الحلقة 43 - اختطاف كونان إدوغاوا ) والتي عرضت بتاريخ 8 أبريل 1996 ، بينما آخره تلك الحلقات هي ( الحلقة 928 - رحلة المدرسة القرمزية ) والتي عرضت بتاريخ 12 يناير 2019

[Chunk 2]
الأشخاص: المحقق، كونا، ن ايدوجاوا
التواريخ: 12 يناير 2019، 8 ابريل 1996، عام 1996
النص: ومنذ بداية عرض المحقق كونان على التلفاز في عام 1996 ، عرض حتى الآن ما يقارب 31 حلقة خاصة ، كانت أول تلك الحلقات هي الحلقة 43 ( اختطاف كونان إيدوجاوا ) والتي عرضت بتاريخ 8 أبريل 1996 ، بينما آخره تلك الحلقات هي الحلقة 928 ( رحلة المدرسة القرمزية ) والتي عرضت بتاريخ 12 يناير 2019

[Chunk 3]
الأماكن: الولايات المتحدة الامريكية، وكندا
التواريخ: 20 يناير 2008، 29 سبتمبر ، 2013
النص: بدأ عرض المسلسل لأول مرة في 20 يناير 2008 في الولايات المتحدة الأمريكية وكندا على قناة AMC ، وقد عرضت الحلقة الأخيرة من المسلسل في 29 سبتمبر ، 2013",في أي تاريخ عرضت آخر حلقة خاصة من المحقق كونان ؟,12 يناير 2019,عرضت آخر حلقة خاصة من المحقق كونان بتاريخ 12 يناير 2019.,0.8,0.91,0.92
"[Chunk 1]
الأشخاص: فهد بن عبد العزيز ال سعود
المنظمات: لمجلس الشورى
الأماكن: المملكة
التواريخ: يوم 2781412 ه
النص: لقد رسخ الملك فهد بن عبد العزيز آل سعود دعائم الشورى في المملكة ، وجاء ذلك في خطابه التاريخي الذي ألقاه يوم 2781412 ه عن اقامة نظام جديد لمجلس الشورى بمثابة تحديث لما هو قائم وتطوير له ، عن طريق تعزيز أطر المجلس ووسائله وأساليبه من الكفاية والتنظيم والحيوية ، وبما يتناسب مع التطورات المتلاحقة التي شهدتها البلاد خلال الحقبة الأخيرة في مختلف المجالات ، وبما يواكب واقع العصر الذي نعيشه ، ويتلاءم مع أوضاعه ومعطياته .

[Chunk 2]
الأشخاص: فهد بن عبد العزيز
المنظمات: مجلس الشورى السعودي، هورية مصر
الأماكن: المملكة العربية السعودية
التواريخ: عام 1412
النص: وفي عام 1412 ه أطلق الملك فهد بن عبد العزيز نظام مجلس الشورى السعودي ، الذي من خلاله طور آلية عمل مجلس الشورى ، والذي يبلغ عدد أعضاءه حاليا 150 عضوا ، أغلبهم من حملة شهادات الدكتوراه والماجستير ، وحيث يبلغ حملة شهادة الدكتوراه ( 64 %) من مجموع الأعضاء ، والماجستير ( 14 %) والبكالوريوس ( 21 %) ، منهم ( 80 %) من حملة الماجستير والدكتوراه من جامعات غربية ، والبقية من المملكة العربية السعودية ، وجمهورية مصر العربية .

[Chunk 3]
الأشخاص: عبد العزيز، عبدالعزيز
المنظمات: لمجلس الشورى
التواريخ: 46 ه، عام 1345 ه
النص: أخذت الشورى في عهد الملك عبد العزيز عدة أشكال ، بدايتها المجالس الأهلية والهيئات الاستشارية ، والمستشارون لجلالته واللجان المتخصصة وأهل العلم والأعيان ورؤساء العشائر ، والقبائل ثم تلا ذلك أول تنظيم رسمي لمجلس الشورى في عهد الملك عبدالعزيز عام 1345 ه باسم المجلس الاستشاري الذي يتكون من أعضاء غير متفرغين ومع اتساع رقعة الدولة الأعباء والمهمات ، صدر الأمر الملكي الكريم رقم 37 في 911346 ه 1927 م بتشكيل أول مجلس للشورى يضم أعضاء متفرغين برئاسة النائب العام للملك وثمانية أعضاء آخرين",متى ألقى الملك فهد خطابه التاريخي الذي رسخ به دعائم الشورى ؟,2781412 ه,ألقى الملك فهد بن عبد العزيز آل سعود خطابه التاريخي الذي رسخ فيه دعائم الشورى يوم 2781412 ه.,0.92,0.92,0.91
"[Chunk 1]
الأماكن: المحيط الهادي، الهندي
النص: يحدها من الشرق المحيط الهادي ، ومن الجنوب المحيط الهندي ومن الشمال المحيط المتجمد الشمالي

[Chunk 2]
الأماكن: الجبل الاسود، الشمال الشرقي، الشمال الغربي، اليونان، هورية مقدونيا، والجنوب الشرقي
النص: يحدها من الشمال الغربي الجبل الأسود وكوسوفو إلى الشمال الشرقي وجمهورية مقدونيا إلى الشرق و اليونان من الجنوب والجنوب الشرقي

[Chunk 3]
الأماكن: التشيك، الدنمارك، المانيا، النمسا، اوروبا، بحر الشمال، بلجيكا، بولندا، ر البلطيق، سويسرا، فرنسا، لوكسمبورغ
النص: تقع ألمانيا في وسط أوروبا يحدها من الشمال بحر الشمال ، الدنمارك وبحر البلطيق ، ومن الجنوب النمسا ، سويسرا ، ومن الشرق بولندا ، التشيك ، ومن الغرب فرنسا ، لوكسمبورغ ، بلجيكا وهولندا تبلغ مساحة ألمانيا",ماذا يحد النمسا من الشرق ؟,المجر وسلوفاكيا,يحدها من الشرق ألمانيا.,0.94,0.92,0.31
"[Chunk 1]
المنظمات: الكلية العربية، بجامعة الازهر، تي الشريعة واللغة العربية، كلية اللغة العربية
الأماكن: بالرياض
التواريخ: 1 ه، 139، 1971 م، 1974 م، 1978، 4 ه، 8 ه
النص: كان يقرأ في الثقافة الدينية واللغة العربية والأدب معا ، وتردد عند إتمام الدراسة الثانوية بين كليتي الشريعة واللغة العربية بالرياض ، ثم آثر كلية اللغة العربية ، لأنها أميل إلى الانفتاح ، وتخرج منها سنة 1971 م الموافق ( 1391 ه ) بعد التخرج اشتغل بأعمال وظيفية ، وخلالها حصل على كل من الماجستير سنة 1394 ه ( 1974 م ) ، والدكتوراه سنة 1398 ه ( 1978 م ) من الكلية العربية بجامعة الأزهر في تخصص الأدب والنقد

[Chunk 2]
الأشخاص: بن سعود
المنظمات: المعهد العلمي، جامعة الامام محمد، كلية الشريعة واصول الدين
الأماكن: بالقصيم، بريدة
التواريخ: 15 / 4 / 1414 ه
النص: تخرج في كلية الشريعة وأصول الدين بالقصيم ، ثم عاد مدرسا في المعهد العلمي في بريدة لفترة من الزمن ، ثم معيدا في الكلية ثم محاضرا ، وعمل أستاذا في كلية الشريعة وأصول الدين بالقصيم لبضع سنوات ، قبل أن يعفى من مهامه التدريسية في جامعة الإمام محمد بن سعود وذلك في 15 / 4 / 1414 ه وذلك بعد إيقافه عن العمل الجامعي لأسباب سياسية سعودية .

[Chunk 3]
المنظمات: بكلية الشريعة، لجامعة الامام محمد بن سعود الاسلامية
الأماكن: القصيم
النص: بعد ذلك التحق بكلية الشريعة التابعة لجامعة الإمام محمد بن سعود الإسلامية فرع القصيم وحصل منها على البكالوريوس",لماذا آثر الحامد الدراسة في كلة الغة العربية بدلا من كلية الشريعة ؟,لأنها أميل إلى الانفتاح,آثر الحامد الدراسة في كلية اللغة العربية لأنها كانت أكثر انفتاحًا مقارنة بكلية الشريعة.,0.8,0.92,0.91
"[Chunk 1]
الأشخاص: وجين
الأماكن: اولا، جبل بوخان خلدون، ري اونون، غوليا، ن باتور، ولين، وون بولدوغ
النص: ولد تيموجين ما بين عامي 1155 و 1162 في منطقة ديلوون بولدوغ بالقرب من جبل بوخان خلدون ونهري أونون و كيرولين في مايسمى الآن بمنغوليا وهي ليست بعيدة عن العاصمة أولان باتور

[Chunk 2]
الأشخاص: وجين
النص: ويذكر كتاب التاريخ السري للمغول أن تيموجين ولد وبقبضته كتلة دم متجبأم ، وهي علامة تقليدية تدل على أن قدره أن يصبح قائدا عظيما

[Chunk 3]
الأماكن: البصر، القصيم، بريدة
التواريخ: الثمان، جمادى الاولى 1376 ه، ينيات والتسعينيات
النص: ولد في جمادى الأولى 1376 ه في قرية البصر الصغيرة الواقعة غرب مدينة بريدة في منطقة القصيم ، حاصل على ماجستير في السنة في موضوع "" الغربة وأحكامها "" ، ودكتوراه في السنة في شرح بلوغ المرام / كتاب الطهارة ) ، كان من أبرز ما كان يطلق عليهم مشايخ الصحوة في الثمانينيات والتسعينيات",في أي منطقة ولد تيموجن ؟,ديلوون بولدوغ,"ولد تيموجين في منطقة ديلوون بولدوغ بالقرب من جبل بوخان خلدون ونهري أونون وكيرولين، في ما يعرف الآن بمنغوليا.",0.8,0.91,0.92
"[Chunk 1]
الأشخاص: احمد شوقي
الأماكن: بالقاهرة، بحي الحنفي
التواريخ: 16 اكتوبر 1868، 20 رجب 1287 ه
النص: ولد أحمد شوقي بحي الحنفي بالقاهرة في 20 رجب 1287 ه الموافق 16 أكتوبر 1868 ، لأب شركسي وأم يونانية تركية ، وفي مصادر أخرى يذكر أن أباه كردي وأمه من أصول تركية وشركسية ، وبعض المصادر تقول إن جدته لأبيه شركسية وجدته لأمه يونانية

[Chunk 2]
الأشخاص: احمد شوقي بك
التواريخ: 14 اكتوبر 1932، 16 اكتوبر 1868
النص: أحمد شوقي علي أحمد شوقي بك ( 16 أكتوبر 1868 - 14 أكتوبر 1932 ) ، كاتب وشاعر مصري يعد من أعظم شعراء العربية في العصور الحديثة ، يلقب ب "" أمير الشعراء ""

[Chunk 3]
المنظمات: الدولة الجزايرية، جيش افريقيا
الأماكن: فرنسا، معسكر بالغرب الجزايري
التواريخ: 15 رجب 1223 ه، 6 سبتمبر 1808، يوم الثلاثاء
النص: ولد قرب مدينة معسكر بالغرب الجزائري يوم الثلاثاء 6 سبتمبر 1808 الموافق ل 15 رجب 1223 ه ، رائد سياسي وعسكري مقاوم قاد ( جيش أفريقيا ) خمسة عشر عاما أثناء غزو فرنسا للجزائر هو أيضا مؤسس الدولة الجزائرية الحديثة ورمز للمقاومة الجزائرية ضد الاستعمار والاضطهاد الفرنسي",اين ولد احمد شوقي ؟,بحي الحنفي بالقاهرة,ولد أحمد شوقي بحي الحنفي في القاهرة.,0.8,0.93,0.93
"[Chunk 1]
الأشخاص: محمد توفيق بن اسماعيل بن ابراهيم باشا، محمد علي باشا، نور هانم، ي اسماعيل
الأماكن: اوروبا
النص: هو محمد توفيق بن إسماعيل بن إبراهيم باشا بن محمد علي باشا ، وهو الابن الأكبر للخديوي إسماعيل من مستولدته شفق نور هانم التي لم تكن ضمن زوجاته الأربع ، وربما يكون ذلك سبب عدم إرساله مع باقي أبنائه للدراسة في أوروبا ، كما يفسر ذلك العلاقة السيئة بينه وبين أبيه والتي تجلت بعد عزل إسماعيل في نأيه عنه وإقصاء كل رجاله

[Chunk 2]
الأشخاص: اسماعيل بن ابراهيم بن تارح، سارة، محمد اسماعيل
النص: إسماعيل بن إبراهيم بن تارح ، وهو عند المسلمين نبي من أنبياء الله ، وابن النبي إبراهيم ، بينما في اليهودية والمسيحية عبارة عن شخصية تاريخية تم ذكرها في العهد القديم ، وهو يعتبر أبو العرب الإسماعيليين أي العرب القيدرايون والنبط والعدنانيون ، وجد في عمود نسب النبي محمد إسماعيل وتفسيره في كلتا اللغتين ( سمع الله ) بمعنى ( لبى الله دعاء إبراهيم بأن يكون له ولد فمنحه إسماعيل ) وكان إسماعيل الابن الأكبر لإبراهيم من هاجر جارية زوجته سارة وكان إسماعيل أول من ذكر في سفر التكوين من كتاب التوراة كألابن الأكبر لإبراهيم من هاجر جارية سارة "" المصرية "" ولا تعترف اليهودية والمسيحية بنبوة إسماعيل

[Chunk 3]
الأشخاص: اسماعيل
التواريخ: 26 يونيو 1879
النص: استلم الحكم في 26 يونيو 1879 ، بعد أن أجبر الإنجليز والفرنسيون أباه الخديوي إسماعيل على ترك منصبه ، وذلك عندما حاول استدراك ما فاته ، وبعد أن أغرق البلاد في ديون أجنبية ضخمة مهدت السبيل للأوروبيين للتدخل في شئون البلاد ، حاول إسماعيل التصدي للنفوذ الأجنبي ، فأجبروه على ترك منصبه لأكبر أبنائه توفيق",من هو الابن الأكبر للخديوي إسماعيل ؟,الخديوي توفيق,محمد توفيق بن إسماعيل بن إبراهيم باشا.,0.92,0.92,0.91
"[Chunk 1]
الأشخاص: والتر هتلر
الأماكن: لندن
التواريخ: عام 1927
النص: وقد قام كل من والتر هتلر وفريتز لندن بعمل أول توضيح ناجح من وجهة نظر ميكانيكا الكم للترابط الكيميائي ، وخاصة للهيدروجين الجزيئي ، في عام 1927

[Chunk 2]
المنظمات: رابطة التكافو
النص: وقد كان عملهم مبنيا على أساس تصور رابطة التكافؤ ، والذي افترض أن الرابطة الكيميائية تتكون عندما يكون هناك تداخل جيد بين المدارات الذرية للذرات المساهمة وهذه المدارات الذرية تعرف بأن بينها وبين بعضها زاوية محددة ، وعلى هذا فإن تصور رابطة التكافؤ يمكن أن تتوقع زوايا الروابط بنجاح في الجزيئات البسيطة

[Chunk 3]
الأشخاص: البرت اينشتاين
التواريخ: 14 مارس 1879، 18 ابريل 1955، عام 1921
النص: ألبرت أينشتاين ( 14 مارس 1879 – 18 أبريل 1955 ) عالم فيزياء ألماني المولد ، ( حيث تخلى عن الجنسية الألمانية لاحقا ) سويسري وأمريكي الجنسية ، من أبوين يهوديين ، وهو يشتهر بأب النسبية كونه واضع النسبية الخاصة والنسبية العامة الشهيرتين اللتين كانتا اللبنة الأولى للفيزياء النظرية الحديثة ، ولقد حاز في عام 1921 على جائزة نوبل في الفيزياء عن ورقة بحثية عن التأثير الكهروضوئي ، ضمن ثلاثمائة ورقة علمية أخرى له في تكافؤ المادة والطاقة وميكانيكا الكم وغيرها ، وأدت استنتاجاته المبرهنة إلى تفسير العديد من الظواهر العلمية التي فشلت الفيزياء الكلاسيكية في إثباتها",من الأساس الذي اعتمد عليه هتلر و لندن لتوضيح الترابط عن طريق ميكانيكا الكم ؟,تصور رابطة التكافؤ,"اعتمد والتر هتلر وفريتز لندن على تصور رابطة التكافؤ، والذي يفترض أن الرابطة الكيميائية تتكون من تداخل جيد بين المدارات الذرية للذرات المساهمة.",0.92,0.92,0.92
"[Chunk 1]
الأشخاص: ن مايكل هازارد
المنظمات: ريال مدريد، منتخب بلجيكا
التواريخ: 7 يناير 1991
النص: إدين مايكل هازارد ( مواليد 7 يناير 1991 ) هو لاعب كرة قدم بلجيكي يلعب في مركز الجناح والوسط المهاجم مع نادي ريال مدريد في الدوري الإسباني لكرة القدم وهو قائد منتخب بلجيكا لكرة القدم

[Chunk 2]
الأشخاص: ي غارسيا
النص: وأصبح جزءا لا يتجزأ من تشكيلة ليل تحت قيادة المدرب رودي غارسيا ، حيث شارك في أكثر من 190 مباراة

[Chunk 3]
المنظمات: سبورت، منتخب المانيا الغربية، منتخب فنلندا، نغ لشبونة، وريا سيتوبال
التواريخ: 12 سبتمبر 1990، 1986، 1992، 23 فبراير 1983، عام 1984
النص: بدأ في الظهور لأول مرة مع منتخب بلاده في 23 فبراير 1983 ، عندما تغلب منتخب بلاده 1 -0 على منتخب ألمانيا الغربية في مباراة ودية ، لديه حوالي 25 مشاركة مع منتخب بلاده ، 11 مباراة خارجية مع نادي بورتو ، 13 مباراة خارجية مع نادي سبورتنغ لشبونة ، ومباراة خارجية واحدة مع نادي فيتوريا سيتوبال ، قاد منتخب بلاده للتأهل لكأس الأمم الأوروبية عام 1984 وكأس العالم 1986 ، بعد غياب أربع سنوات تقريبا ، أنهى مسيرته الدولية مع منتخب بلاده في 12 سبتمبر 1990 في مباراة منتخب بلاده 0 -0 مع منتخب فنلندا في التصفيات المؤهلة لكأس الأمم الأوروبية 1992",كم عدد المباريات التي شارك فيها إدين هازارد ؟,أكثر من 190,"لم يذكر السياق عدد المباريات التي شارك فيها إدين هازارد بشكل مباشر، ولكن يمكن الاستدلال من خلال المعلومات المتاحة أن إدين هازارد لعب مع نادي ريال مدريد، ومع منتخب بلجيكا، ولم يتم ذكر أي معلومات تتعارض مع ذلك.",0.9,0.4,0.3
"[Chunk 1]
الأشخاص: ليوناردو دي سير بيرو دا فينشي
التواريخ: 15 ابريل 1452، 2 مايو 1519
النص: ليوناردو دي سير بيرو دا فينشي ( 15 إبريل 1452 - 2 مايو 1519 ) كان موسوعيا ينتمي إلى عصر النهضة حيث كان رساما ، مهندسا ، عالم نبات ، عالم خرائط ، جيولوجيا ، موسيقيا ، نحاتا ، معماريا وعالما إيطاليا مشهورا

[Chunk 2]
الأشخاص: ليوناردو ويلهلم دي كابريو
التواريخ: 11 نوفمبر ، 1974، عام 2016
النص: ليوناردو ويلهلم دي كابريو ( مواليد 11 نوفمبر ، 1974 ) ، ممثل ومنتج أفلام أمريكي ، فائز بجائزة الأوسكار عن دوره في فيلم "" العائد "" ("" The Revenant "") عام 2016 ورشح ست مرات أخرى لنفس الجائزة ، كما رشح لأربع جوائز بافتا فاز بواحدة منها عن دوره في فيلم العائد أيضا عام 2016

[Chunk 3]
الأشخاص: رونالدو، لويس نازاريو دي ليما
التواريخ: 22 سبتمبر عام 1976، فبراير عام 2011
النص: رونالدو لويس نازاريو دي ليما ( بالبرتغالية مواليد 22 سبتمبر عام 1976 ) ، المعروف اختصارا ب رونالدو ، ويعرف أيضا بلقبه "" الظاهرة "" هو لاعب كرة قدم برازيلي سابق اعتزل لعب كرة القدم في فبراير عام 2011",متى توفي ليوناردو ؟,2 مايو 1519,توفي ليوناردو دي سير بيرو دا فينشي في 2 مايو 1519.,0.93,0.91,0.91
"[Chunk 1]
الأشخاص: غازي عبد الرحمن القصيبي، نبيل
المنظمات: جامعة القاهرة، جامعة جنوب كاليفورنيا، جامعة لندن، كلية الحقوق
الأماكن: الاحساء، المنام، اليمن، امريكا، بالب، جنوب كاليفورنيا، لوس انجلوس
التواريخ: 15 اغسطس 2010، 2 مارس 1940
النص: غازي عبد الرحمن القصيبي ، ( 2 مارس 1940 - 15 أغسطس 2010 ) شاعر وأديب وسفير دبلوماسي ووزير سعودي ، قضى في الأحساء سنوات عمره الأولى ثم انتقل بعدها إلى المنامة بالبحرين ليدرس فيها مراحل التعليم ، حصل على درجة البكالوريوس من كلية الحقوق في جامعة القاهرة ، ثم حصل على درجة الماجستير في العلاقات الدولية من جامعة جنوب كاليفورنيا التي لم يكن يريد الدراسة بها ، بل كان يريد دراسة القانون الدولي في جامعات أخرى من جامعات أمريكا ، وبالفعل حصل على عدد من القبولات في جامعات عدة ولكن لمرض أخيه نبيل اضطر إلى الانتقال إلى جواره والدراسة في جنوب كاليفورنيا وبالتحديد في لوس أنجلوس ولم يجد التخصص المطلوب فيها فاضطر إلى دراسة العلاقات الدولية أما الدكتوراة ففي العلاقات الدولية من جامعة لندن والتي كانت رسالتها فيها حول اليمن كما أوضح ذلك في كتابه حياة في الإدارة .

[Chunk 2]
الأشخاص: القب
النص: وبحسب ما يقول في مذكراته ، فقد ورث القباني من أبيه ، ميله نحو الشعر كما ورث عن جده حبه للفن بمختلف أشكاله

[Chunk 3]
الأشخاص: تميم بن حمد
النص: والده وجده كانا صيادي لؤلؤ ، وربطته صداقة بأمير قطر الشيخ تميم بن حمد منذ أن كان في سن الحادية عشر عاما",بماذا وصف القصيبي والده ؟,شديد الاحترام لاستقلال أولاده,لم يتم وصف القصيبي لوالده في السياق المقدم.,0.5,0.34,0.4
"[Chunk 1]
الأشخاص: اناس، كي كوسم ماه بيكر سلطان، ه يكر
النص: السلطانة كوسم وتعرف أيضا باسم السلطانة ماه يكر ( أي وجه القمر ) ، أو "" خاصكي كوسم ماه بيكر سلطان "" ، واسمها الحقيقي "" أناستاسيا ""

[Chunk 2]
الأشخاص: احمد، مه بيكر
النص: وبعد أن أسلمت تغير اسمها إلى مه بيكر ، وغير السلطان أحمد اسمها فيما بعد إلى كوسم

[Chunk 3]
الأشخاص: احمد الاول، ه بيكر
الأماكن: قصر توبكابي
التواريخ: 101، 1603، 2 ه، عام 1026 ه / 1617 م
النص: وسميت باسم "" ماه بيكر "" بفضل حب السلطان العثماني الرابع عشر أحمد الأول ( حكم من 1012 ه / 1603 م - حتى عام 1026 ه / 1617 م ) لها وبعد أن أسلمت تزوجت منه ، وهكذا بدأت حياتها الجديدة في قصر توبكابي",من السلطان الذي أحب السلطانة كوسم ؟,السلطان العثماني الرابع عشر أحمد الأول,"السلطان العثماني الرابع عشر أحمد الأول هو من أحب السلطانة كوسم، والتي عرفت أيضًا باسم ماه بيكر.",0.93,0.91,0.93
"[Chunk 1]
المنظمات: ابي تل ابيب، الشرطة العراقي، ل تل ابيب، من بيروت
التواريخ: عام 1970، عام 1971
النص: في عام 1970 ، رفض فريق نادي هومنتمن بيروت اللبناني اللعب ضد نادي هبوعيل تل أبيب في الدور نصف النهائي ، وبالتالي ذهب هبوعيل مباشرة إلى النهائي ، بينما في عام 1971 ، رفض فريق الشرطة العراقي اللعب ضد مكابي تل أبيب في مناسبتين منفصلتين في البطولة

[Chunk 2]
المنظمات: ابي تل ابيب، استقلال طهران، الاتحاد السعودي، السد، الهلال، اورا، بنك فارمز، بوك هيونداي موتورز، جو افر، سون سامسونغ بلوو وينغ، نغ ستيلرز، وا ريد دايمونز
التواريخ: 1970، 1986، 1987، 1989، 1990، 1991، 1994,، 1995، 1995 -، 1997، 1998، 2000، 2001,، 2002، 2004، 2005، 2006، 2007,، 2009، 2010، 2011، 2013,، 2014، 2015، 2016، 2017، 2019، 96,، صاف
النص: فاز باللقب 14 ناديا مختلفا ، 12 منهم فاز باللقب أكثر من مرة يعد ناديا الهلال السعودي وبوهانغ ستيلرز الكوري الجنوبي الناديان الأكثر فوزا باللقب ، حيث فازا بالبطولة ثلاث مرات ، وقد حقق الهلال ألقاب 1991 و 2000 و 2019 ، فيما أحرز النادي الكوري اللقب أعوام 1997 و 1998 و 2009 ، ويحمل الهلال الرقم القياسي من حيث عدد مرات الوصول للمبارة النهائية ، حيث لعب النهائي 7 مرات وهو أكثر من حل وصيفا ، فقد خسر النهائي القاري 4 مرات ، في الأعوام 2017 ، 2014 ، 1987 ، 1986 ) كما حقق نادي الاتحاد السعودي البطولة مرتين أعوام 2004 ، 2005 والوصافة مرة واحدة في 2009 و السد القطري أعوام 1989 , 2011 و سيونغنام 1995 -96 , 2010 و غوانجو افرغراند 2013 , 2015 و جيونبوك هيونداي موتورز 2006 , 2016 و اوراوا ريد دايمونز 2007 , 2017 و سون سامسونغ بلوو وينغ 2001 , 2002 و بنك فارمز 1994 , 1995 و استقلال طهران 1970 , 1990 -91 و مكابي تل ابيب ، وهناك 13 نادي آخر حققوا اللقب لمرة واحدة فقط ، و 19 نادي اكتفوا بالوصافة دون تحقيق اللقب

[Chunk 3]
المنظمات: اللبنانية
الأماكن: بيروت، للجمهورية
التواريخ: 2007
النص: بيروت هي العاصمة السياسية للجمهورية اللبنانية وأكبر مدنها يتعدى عدد سكانها المليوني نسمة بحسب أحد إحصائيات سنة 2007",متى رفض نادي هومنتمن بيروت اللبناني اللعب ضد نادي هبوعيل تل أبيب ؟,عام 1970,رفض نادي هومنتمن بيروت اللعب ضد هبوعيل تل أبيب في عام 1970.,0.92,0.92,0.91
"[Chunk 1]
الأماكن: قريش
النص: لأنه قال « أسلمت وأنا ابن تسع عشرة سنة » ، نشأ سعد في قريش ، واشتغل في بري السهام وصناعة القسي ، كان سعد رجلا قصيرا ، دحداحا ، غليظا ، ذا هامة ، شثن الأصابع ، جعد الشعر ، أشعر الجسد ، آدم ، أفطس ، يخضب بالسواد

[Chunk 2]
الأشخاص: سعد بن ابي وقاص
النص: ولد سعد بن أبي وقاص في مكة واختلف في عام مولده ، فقيل ولد سنة 23 قبل الهجرة ، وقيل ولد قبل البعثة بتسع عشرة سنة

[Chunk 3]
الأشخاص: الحسيني الشاذلي، ة الجوهري، تفيد، سعد زغلول، محمد وح، والحسين، وعبدالحكيم، يدة وبسيمة، يمة وفر
الأماكن: ا النيل، الغربية، شبرا
التواريخ: 1 ابريل 1922
النص: ولد بقرية شبراتنا مركز بسيون في محافظة الغربية في دلتا النيل في 1 أبريل 1922 في أسرة فوق المتوسطة كان والده من الأعيان ، وكانت أسرته تملك ( 70 ) فدانا ، أبوه هو الحاج الحسيني الشاذلي ، وأمه السيدة تفيدة الجوهري وهي الزوجة الثانية لأبيه ، وسمى على اسم الزعيم سعد زغلول ، كان والده أحد ملاك الأراضي الزراعية وقد تزوج مرتين وأنجب من الأولى تسعة أبناء هم محمد وحامد وعبدالحكيم والحسيني وعبدالسلام ونظيمة وفريدة وبسيمة ومرسية",أين نشأ سعد ؟,في قريش,نشأ سعد بن أبي وقاص في قريش.,0.93,0.93,0.93
"[Chunk 1]
الأشخاص: اسامة فوزي، مروان حامد، هاني خليفة، وحيد حامد، يوسف ادريس
المنظمات: مهرجان
النص: قدمه هاني خليفة للمخرج أسامة فوزي الذي أسند إليه دورا في فيلم جنة الشياطين ، ثم قدمه وحيد حامد في فيلم ديل السمكة الذي حصل فيه على جائزة أحسن ممثل مساعد من مهرجان الإسكندرية كما عمل في فيلم لي لي ( وهو فيلم قصير 45 دقيقة ) من قصة يوسف إدريس وإخراج مروان حامد

[Chunk 2]
الأشخاص: عمرو واكد
التواريخ: 12 ابريل 1973
النص: عمرو واكد ( 12 أبريل 1973 -) هو ممثل مسرحي وممثل أفلام مصري شارك في العديد من الأعمال الفنية المحلية والدولية

[Chunk 3]
الأشخاص: حسني مبارك، عمرو واكد
الأماكن: ميدان التحرير
التواريخ: 25 يناير
النص: يعد عمرو واكد من بين أوائل الفنانين الذين شاركوا في ثورة 25 يناير منذ يومها الأول حيث نزل للشوارع رفقة باقي الشعب المصري ثم توجه في وقت لاحق باتجاه ميدان التحرير وشارك في المظاهرات التي أسقطت نظام حسني مبارك الذي حكم مصر لأكثر من 30 سنة",لمن قدم هاني خليفة عمرو واكد ؟,للمخرج أسامة فوزي,"لم يقدم هاني خليفة عمرو واكد، بل قدمه للمخرج أسامة فوزي في سياق عمله في فيلم ""جنة الشياطين"".",0.9,0.93,0.94
"[Chunk 1]
المنظمات: منظمة الصحة العالمية
التواريخ: 2009
النص: أعلنت منظمة الصحة العالمية تفشي نوع جديد من الأنفلونزا A / H 1 N 1 فيروس الإنفلونزا أ ليكون جائحة إنفلونزا الخنازير 2009

[Chunk 2]
المنظمات: منظمة الصحة العالمية
التواريخ: 11 مارس، 30 يناير
النص: أعلنت منظمة الصحة العالمية رسميا في 30 يناير أن تفشي الفيروس يشكل حالة طوارئ صحية عامة تبعث على القلق الدولي ، وأكدت تحول الفاشية إلى جائحة يوم 11 مارس

[Chunk 3]
المنظمات: منظمة الصحة العالمية
التواريخ: 30 يناير
النص: أعلنت منظمة الصحة العالمية رسميا في 30 يناير أن تفشي الفيروس يشكل حالة طوارئ صحية عامة تبعث على القلق الدولي ( PHEIC ) ، بالتزامن مع تأكيد 7818 إصابة على مستوى العالم في اليوم نفسه ، على امتداد 19 دولة ضمن خمسة من مناطق منظمة الصحة العالمية الستة",متى أعلنت منظمة الصحة العالمية فيروس إنفلونزا الخنازير أنه وباء ؟,11 يونيو 2009,أعلنت منظمة الصحة العالمية فيروس إنفلونزا الخنازير وباءً في 11 مارس 2009.,0.92,0.92,0.91
"[Chunk 1]
الأشخاص: شعراوي، هدى سلطان
النص: وقد غيرت لقبها بعد الزواج من هدى سلطان إلى هدى "" شعراوي "" تقليدا للغرب ولكن بعد عام تبين أنه قد عاد لزوجته السابقة فانفصلت عنه هدى في عمر الرابعة عشر

[Chunk 2]
الأشخاص: حسين كامل
الأماكن: بالقاهرة، حي الجمالية
النص: ولدت في حي الجمالية بالقاهرة ، وشاء القدر أن يتفق يوم مولدها مع زفاف الأميرة "" ملك "" إلى الأمير "" حسين كامل "" الذي صار سلطانا بعد ذلك ، فسماها أبوها باسم الأميرة

[Chunk 3]
الأشخاص: ايوب
الأماكن: دمشق
النص: لقبه الملك الصالح أيوب في دمشق ب "" ركن الدين "" ، وبعد وصوله للحكم لقب نفسه بالملك الظاهر",ما هو الاسم الذي اتخذته ملك الحفني بعد الزواج ؟,باحثة البادية,"اتخذت ملك الحفني اسم ""هدى شعراوي"" بعد زواجها من شعراوي.",0.93,0.92,0.33
"[Chunk 1]
النص: وانتقلت بعض الألفاظ الفارسية إلى اللغة العربية ، وظهرت في شعر كبار الشعراء ، وكان الأعشى من أشهر من استخدموا في شعرهم كلمات فارسية كذلك عرف البعض جيرانهم البيزنطيين

[Chunk 2]
الأشخاص: ة بن شداد بن قراد العبسي
النص: عنترة بن شداد بن قراد العبسي ( 525 م - 608 م ) هو أحد أشهر شعراء العرب في فترة ما قبل الإسلام ، واشتهر بشعر الفروسية ، وله معلقة مشهورة يعتبر من أشهر الفرسان العرب ، وشاعر المعلقات والمعروف بشعره الجميل وغزله العفيف بعبلة

[Chunk 3]
المنظمات: البي بي سي
الأماكن: العالم الاسلامي، الولايات المتحدة
التواريخ: 2007 م
النص: تركت أشعاره ومؤلفاته الصوفية والتي كتبت أغلبها باللغة الفارسية وبعضها بالعربية والتركية ، تأثيرا واسعا في العالم الإسلامي وخاصة على الثقافة الفارسية والعربية والأردية والبنغالية والتركية ، وفي العصر الحديث ترجمت بعض أعماله إلى كثير من لغات العالم ولقيت صدى واسعا جدا إذ وصفته البي بي سي سنة 2007 م بأكثر الشعراء شعبية في الولايات المتحدة .",من هو الشاعر المشهور الذي كثر استخدامه للألفاظ الفارسية ؟,الأعشى,عنترة بن شداد العبسي من أشهر الشعراء الذين استخدموا الألفاظ الفارسية في شعرهم.,0.8,0.92,0.3
"[Chunk 1]
النص: يعتقد معظم الفلكيين حاليا بأن النظام الشمسي قد ولد قبل 4 6 مليارات سنة من سحابة ضخمة من الغاز والغبار تعرف بالسديم الشمسي

[Chunk 2]
النص: النظام الشمسي أو المجموعة الشمسية أو المنظومة الشمسية هي النظام الكوكبي الذي يتكون من الشمس وجميع ما يدور حولها من أجرام بما في ذلك الأرض والكواكب الأخرى يشمل النظام الشمسي أجراما أخرى أصغر حجما هي الكواكب القزمة والكويكبات والنيازك والمذنبات ، إضافة إلى سحابة رقيقة من الغاز والغبار تعرف بالوسط بين الكوكبي ، كما توجد توابع الكواكب التي تسمى الأقمار ، والتي يبلغ عددها أكثر من 150 قمرا معروفا في النظام الشمسي ، معظمها تدور حول العمالقة الغازية لكن أكبر جرم في النظام الشمسي وأهم هذه الأجرام طبعا هو الشمس ، النجم الذي يقع في مركز النظام ويربطه بجاذبيته ، فكتلتها تبلغ 99

[Chunk 3]
التواريخ: الاثنين، شهر ربيع الاول، يوم
النص: تنص بعض المصادر على أن ولادته كانت يوم الجمعة عند طلوع الشمس وقيل أيضا يوم الاثنين لثلاث عشرة ليلة بقيت من شهر ربيع الأول سنة ثلاث وثمانين ، وقالوا سنة ست وثمانين ، وقيل في السابع عشر منه",متى ولد النظام الشمسي كما اعتقد الفلكيين ؟,ولد قبل 4.6 مليارات سنة,يعتقد معظم الفلكيين حاليًا أن النظام الشمسي قد ولد قبل 4.6 مليارات سنة من سحابة ضخمة من الغاز والغبار تعرف بالسديم الشمسي.,0.93,0.91,0.93
"[Chunk 1]
الأشخاص: دي لوزينيان، رينو دي شاتيون، صلاح الدين، نور الدين زنكي
المنظمات: رينو، مملكة القدس
الأماكن: القاهرة، حصن الكرك، دمشق، سوريا، قبرص البيزنطية، والحج، والقد
التواريخ: 115، 118، اواخر سنة 1186 م، عام 1099 م
النص: كانت مناطق من البلاد الإسلامية والقدس تحديدا قد احتلت من قبل الصليبيين عام 1099 م ، وكان الإقطاعيون الصليبيون والفرسان قد نصبوا أنفسهم أمراء وملوك على تلك المناطق ، فكان هذا على مدى قرن دافعا لتحرير البلاد من الاحتلال ، وكانت غارة لصوصية شنها أحد بارونات الإفرنج البارزين ، رينو دي شاتيون ( أرناط ) السبب المباشر لهجوم المسلمين ، رينو دي شاتيون كان مغامرا وقحا وسبق له أن اجتاح قبرص البيزنطية في سنة 1155 م وعمل فيها سلبا ونهبا ، وكان قد أسر عند نور الدين زنكي قبل 16 سنة ، وبعد إخلاء سبيله استقر في حصن الكرك ، وعكف على نهب وسلب قوافل التجار المارة في الجوار ، لأن الحصن كان يقطع الطريق من سوريا إلى مصر والحجاز ، وفي أواخر سنة 1186 م ولربما أوائل 1187 م ، شن رينو غارة ( خلافا لشروط هدنة عقدت في 1180 ) على قافلة متجهة من القاهرة إلى دمشق ونهب بضائعها ، وأسر أفرادها وزجهم في حصن الكرك ، ويروى أن القافلة كانت لأخت صلاح الدين بالذات ، فما كان من صلاح الدين إلا ان يطالب في الحال ملك القدس آنذاك غي دي لوزينيان بالتعويض عن الضرر والإفراج عن الأسرى ومحاسبة الناهب ، ولكن الملك لم يجازف بمس تابعه القوي رينو ، فكان أن قرر صلاح الدين إعلان الحرب على مملكة القدس ، إلا إن مرض صلاح الدين أخر بدء القتال في تلك السنة .

[Chunk 2]
المنظمات: الروم، امارة دومة الجندل، رة ايلة، للدولة الاسلامية، واما
الأماكن: خليج العقبة
النص: لذلك ، حققت هذه الغزوة الغرض المرجو منها بالرغم من عدم الاشتباك الحربي مع الروم الذين آثروا الفرار شمالا فحققوا انتصارا للمسلمين دون قتال ، حيث أخلوا مواقعهم للدولة الإسلامية ، وترتب على ذلك خضوع النصرانية التي كانت تمت بصلة الولاء لدولة الروم مثل إمارة دومة الجندل ، وإمارة إيلة ( مدينة العقبة حاليا على خليج العقبة الآسيوي ) ، وكتب الرسول محمد بينه وبينهم كتابا يحدد ما لهم وما عليهم ،

[Chunk 3]
الأشخاص: الدي، بكر بن عبد مناة، كنانة، نفاثة
المنظمات: قريش
الأماكن: الاغ
النص: وسبب الغزوة هو أن قبيلة قريش انتهكت الهدنة التي كانت بينها وبين المسلمين ، بإعانتها لحلفائها من بني الدئل بن بكر بن عبد مناة بن كنانة ( تحديدا بطن منهم يقال لهم "" بنو نفاثة "") في الإغارة على قبيلة خزاعة ، الذين هم حلفاء المسلمين ، فنقضت بذلك عهدها مع المسلمين الذي سمي بصلح الحديبية",ماذا شكلت غارة أرناط اللصوصية على القافلة الإسلامية في عملية تحرير القدس ؟,السبب المباشر لهجوم المسلمين,"شكلت الغارة اللصوصية التي شنها رينو دي شاتيون (أرناط) على القافلة الإسلامية في القاهرة عام 1186 م، والتي أدت إلى أسر أفرادها ونهب بضائعهم، نقطة تحول في عملية تحرير القدس من الاحتلال الصليبي، حيث قرر صلاح الدين إعلان الحرب على مملكة القدس.",0.85,0.8,0.8
"[Chunk 1]
المنظمات: جزر القمر
الأماكن: الصحراء الغربية، جزيرة مدغشقر
النص: بخلاف المنطقة المتنازع عليها من الصحراء الغربية ، تضم القارة 54 دولة ، بما في ذلك جزيرة مدغشقر وعدة مجموعات من الجزر كالجزر التابعة لدولة جزر القمر ، والتي تعد ملحقة بالقارة

[Chunk 2]
المنظمات: اسبانيا، المغرب
الأماكن: الصحراء الغربية، المحيط الاطلسي، المغرب العربي، المغرب الكبير، ساحل البحر الابيض المتوسط، شمال افريقيا، موريتانيا، والجزاير، والمغرب، وتونس، وليبيا
النص: المغرب العربي أو المنطقة المغاربية أو المغرب الكبير ( تاريخيا بلاد المغرب ، بلد المغرب أو ببساطة "" المغرب "") هي منطقة تقع في شمال أفريقيا ، ممتدة على ساحل البحر الأبيض المتوسط وحتى المحيط الأطلسي ، وهي تشمل بالأساس خمسة دول هي موريتانيا والمغرب والجزائر وتونس وليبيا كما تشمل أراضي الصحراء الغربية المتنازع عليها ( التي تسيطر عليها المغرب في الغالب ) ومدينتي مليلية وسبتة ( التي تسيطر عليها إسبانيا وتعد جزء من المغرب ) وتبلغ مساحتها مجتمعة حوالي 5

[Chunk 3]
الأماكن: الجزاير، الشرقية، الصحراء الغربية، حيط الاطلسي، دولة المغرب، موريتانيا
النص: يحد الصحراء الغربية من جهة الشمال دولة المغرب بينما تحدها الجزائر من الجهة الشرقية ثم موريتانيا من الجهة الجنوبية فالمحيط الأطلسي من الغرب ، وتبلغ مساحتها حوالي",كم دولة تضم افريقيا بخلاف المنطقة المتنازع عليهامن الصحراء الغربية ؟,54 دولة,تضم أفريقيا 54 دولة بخلاف المنطقة المتنازع عليها من الصحراء الغربية.,0.93,0.91,0.92
"[Chunk 1]
الأماكن: الدوادمي، الرد، الرياض، القوي، ينيات
النص: ، وتتميز الحفيرة بقربها من محافظة الدوادمي التي لاتبعد عنها سوى 48 كم وكذلك فإنها لاتبعد عن محافظة القويعية سوى 80 كم تقريبا وكذلك توسطها في منطقة الرياض حيث انها لاتبعد عن العاصمة إلا 200 كم تقريبا ، ويوجد في الحفيرة بعض أماكن التعدين في منطقة الردينيات التابعة للحفيرة

[Chunk 2]
الأماكن: احل البحر الاحمر، الطايف، المدينة المنورة، غرب المملكة العربية السعودية، مطار الملك عبد العزيز، ميناء جدة
النص: تقع غرب المملكة العربية السعودية ، تبعد عن المدينة المنورة حوالي 400 كيلومتر في الاتجاه الجنوبي الغربي ، وعن مدينة الطائف حوالي 120 كيلومترا في الاتجاه الشرقي ، وعلى بعد 72 كيلومترا من مدينة جدة وساحل البحر الأحمر ، وأقرب الموانئ لها هو ميناء جدة الإسلامي ، وأقرب المطارات الدولية لها هو مطار الملك عبد العزيز الدولي

[Chunk 3]
الأشخاص: ي بن خالد بن حشر الهيضل، ي بن مناحي بن سجدي بن مناحي بن خالد الهيضل
الأماكن: اجين، ادية، الحف، الدع
التواريخ: عام 1338 ه، عام 1358 ه، عام 1388 ه، عام 1422 ه
النص: الحفيرة كانت في القديم مورد ماء جاهلي للبادية ، وهي أول هجره تأسست لقبيلة الدعاجين ، ومن أقدم هجر قبيلة عتيبة ومؤسسها هو الأمير مناحي بن خالد بن حشر الهيضل أسسها عام 1338 ه تقريبا ، وعندما توفي رحمه الله عام 1358 ه جاء بعده إبنه سجدي إلى عام 1388 ه حيث توفي - رحمه الله - ثم تولى بعده إبنه مناحي الذي بقي أميرا عليها حتى وفاته عام 1422 ه - رحمه الله - ، ورئيس مركزها الحالي إبنه الشيخ سجدي بن مناحي بن سجدي بن مناحي بن خالد الهيضل ، وقد ورد ذكر الحفيرة عند الكثير من المؤرخين وعدوها من ضمن هجر عتيبة عند تأسيس الهجر واستيطان البادية منهم",كم تبعد الحفيرة عن محافظة الدوادمي ؟,48 كم,تبعد الحفيرة عن محافظة الدوادمي حوالي 48 كم.,0.93,0.92,0.93
"[Chunk 1]
النص: لدى داليدا أكثر من 1000 أغنية بلغات متعددة والحاصلة على الألقاب والأوسمة الكثيرة وكرمها الجنرال الفرنسي ديجول بإعطائها لقب ( La Medaille de la Presidence de la Republique ) أو ميدالية رئاسة الجمهورية بسبب أدائها الرائع وصوتها المميز

[Chunk 2]
المنظمات: المملكة المتحدة
الأماكن: ايطاليا، ومصر
النص: عاشت داليدا طفولة طبيعية بين أسرتها ، تذهب إلى المدرسة والكنيسة ، كأية طفلة ، وما إن أصبحت بالغة حتى أخذ والدها الحاد الطباع يمنعها من الخروج مع أصدقائها وصديقاتها ، لاسيما بعد أن قضى عدة أشهر في السجن لأنه كان إيطاليا ومصر كانت إبان الحرب العالمية الثانية تحت حماية المملكة المتحدة وبعد مرور الوقت وجدت داليدا طريقة للهروب من مراقبة والديها ، فكانت تذهب إلى الكنيسة الصغيرة وهما مطمئنان عليها ، لكنها لم تكن تذهب للصلاة ، بل كانت تنتظر فتى من أصل إيطالي اسمه ( أرماندو ) ، كانت تأتي إلى الكنيسة وتقف في مكانها المفضل البعيد عن الناس ، حيث اعتادت ان تقف فيه في طفولتها لأنها كانت تشعر بالحرج من عينها المحولة التي أجرت لها ثلاث عمليات جراحية فيما بعد

[Chunk 3]
الأماكن: بالقاهرة، بمصر، حي شبرا
التواريخ: 17 يناير 1933، بداية القرن العشرين
النص: ولدت داليدا في 17 يناير 1933 ، في حي شبرا بالقاهرة لوالدين إيطاليي الأصل مولودين بمصر ، فقد هاجر أجدادها إلى مصر باحثين عن الرزق كما كان حال الكثير من الأجانب في بداية القرن العشرين الذين هاجروا بدافع الفقر والهرب من الحروب في بلدانهم آنذاك حيث كانت مصر بلدا آمنا ومزدهرا اقتصاديا",لماذا أعطى الجنرال الفرنسي ديجول لقب ميدالية رئاسة الجمهورية لداليدا ؟,بسبب أدائها الرائع وصوتها المميز,أعطى الجنرال الفرنسي ديجول لقب ميدالية رئاسة الجمهورية لداليدا بسبب أدائها الرائع وصوتها المميز.,0.92,0.93,0.91
"[Chunk 1]
الأشخاص: الكسندر لودفيغ، وس روش، ولين
التواريخ: 11 يونيو 2013
النص: تم الإعلان عن موسمان جديدان من المسلسل في 11 يونيو 2013 ألكسندر لودفيغ يلعب دور المراهق بيورن ، ولينوس روش ، يلعب دور الملك إيكبرت من ويسيكس

[Chunk 2]
التواريخ: 5 ابريل 2013
النص: في 5 أبريل 2013 ، جددت قناة التاريخ مسلسل الفايكنغ لموسم ثان مكون من 10 حلقات

[Chunk 3]
المنظمات: فوكس
التواريخ: 11 مايو 2018، 6 يونيو 2019، 8 مايو 2019
النص: وفي 11 مايو 2018 ، ألغت فوكس المسلسل بعد ثلاثة مواسم وبعد ذلك بشهر ، تكفلت نتفليكس بالمسلسل من أجل إنتاج موسم رابع من عشر حلقات ، أطلق في 8 مايو 2019 وفي 6 يونيو 2019 ، جددت نتفليكس عقد المسلسل من أجل إنتاج الموسم الخامس والأخير المكون من 16 حلقة",متى تم الإعلان عن الموسمين الجديدين من مسلسل الفايكنغ ؟,في 11 يونيو 2013,تم الإعلان عن الموسمين الجديدين من مسلسل الفايكنغ في 11 يونيو 2013.,0.93,0.93,0.92
"[Chunk 1]
المنظمات: apple inc
النص: شركة أبل ( Apple Inc ) هي شركة أمريكية متعددة الجنسيات تعمل على تصميم وتصنيع الإلكترونيات الاستهلاكية ومنتجات برامج الحاسوب

[Chunk 2]
المنظمات: ابل حاسوب
التواريخ: التاسع من يناير لعام 2007
النص: ظلت تسمى شركة أبل حاسوب المحدودة للسنوات الثلاثين الأولى ، ولكنها تخلت عن لفظة "" حاسوب "" في التاسع من يناير لعام 2007 ، لتعكس توسع الشركة المستمر في سوق الالكترونيات الاستهلاكية ، بالإضافة إلى تركيزها التقليدي على أجهزة الحاسوب الشخصية

[Chunk 3]
التواريخ: 1985
النص: بعد خسارة الصراع على السلطة مع مجلس الإدارة في 1985 استقال جوبز من آبل وقام بتأسيس نكست وهي شركة تعمل على تطوير منصات الحواسيب في التعليم العالي والأسواق التجارية",ما المجال الذي تعمل به شركة أبل ؟,تصميم وتصنيع الإلكترونيات الاستهلاكية ومنتجات برامج الحاسوب,تعمل شركة أبل في مجال تصميم وتصنيع الإلكترونيات الاستهلاكية ومنتجات برامج الحاسوب.,0.9,0.93,0.93
"[Chunk 1]
النص: يقاس عمر البروتينات حسب عمرها النصفي ويشمل مجالا واسعا ، حيث يمكنها التواجد لدقائق فقط أو لسنوات عديدة ، متوسط عمر البروتينات هو 1 -2 يوم في خلايا الثدييات ، تتحلل البروتينات المضطربة أو المتطوية بشكل خاطئ بصفة أسرع بسبب استهدافها لتدميرها أو لكونها غير مستقرة

[Chunk 2]
التواريخ: عام 1995، عقد الثمانينيات
النص: ففي عقد الثمانينيات كان متوسط أعمارها نحو سبع سنوات ، ويرتفع إلى 9 4 سنوات في عام 1995

[Chunk 3]
النص: لا يمكن للبروتينات البقاء بعد أن يتم تخليقها سوى لفترة محددة ثم يتم تحليلها وإعادة تدويرها بواسطة آلية الخلية عبر عملية تعرف بدورة البروتين",كم متوسط عمر البروتينات عند الثدييات ؟,1 -2 يوم,متوسط عمر البروتينات هو 1-2 يوم في خلايا الثدييات.,0.93,0.92,0.91
"[Chunk 1]
النص: تتكون أبجدية هانغل في الأصل عند إنشائها من 28 حرفا منها 17 حرفا ساكنا و 11 حرفا متحركا ، تتكون أبجدية هانغل الحديثة من إجمالي 24 حرفا منها 14 حرفا ساكنا و 10 حروف متحركة ، بعد إلغاء 4 حروف

[Chunk 2]
الأماكن: كوريا الشمالية
النص: قدر إجمالي عدد الحروف في كوريا الشمالية ب 40 حرفا تتكون الأبجدية من 19 حرفا ساكنا و 21 حرفا متحركا ، بالإضافة إلى احتوائها على 5 حروف متحركة متوترة و 6 حروف متحركة مركبة ومعقدة

[Chunk 3]
الأماكن: بالص، بيان، جيلي، كوريا الجنوبية، والشمالية، وريا الشمالية
التواريخ: القرن الخامس عشر
النص: تستخدم الأبجدية الكورية ، والمعروفة باسم هانغل في كوريا الجنوبية وكوريا الشمالية ، في كتابة اللغة الكورية منذ نشأتها في القرن الخامس عشر على يد الملك سيجونغ العظيم إنها نظام الكتابة الرسمي في الكوريتين الجنوبية والشمالية تعتبر نظام الكتابة الرسمي المشترك في ولاية يانبيان الكورية المستقلة ومقاطعة تشانغباي الكورية المستقلة في مقاطعة جيلين ، بالصين",اين قدر إجمالي عدد حروف هانغل بأربعين حرفا ؟,في كوريا الشمالية,قدر إجمالي عدد حروف هانغل بأربعين حرفا في كوريا الشمالية.,0.93,0.91,0.94
"[Chunk 1]
الأشخاص: عمرو دياب
الأماكن: ا القمح، الشرقية
النص: اضطرت عائلة عمرو دياب إلى العودة إلى مسقط راسه قرية سنهوت مركز منيا القمح بمحافظة الشرقية ، واستقرت هناك

[Chunk 2]
الأشخاص: عمرو عبد الباسط عبد العزيز دياب
الأماكن: ا القمح، الشرقية، بور سعيد، بورسعيد
النص: ولد عمرو عبد الباسط عبد العزيز دياب في محافظة ومدينة بورسعيد ، وعائلته من منيا القمح من قرية سنهوت في محافظة الشرقية ، ووالدته من مدينة بور سعيد المصرية

[Chunk 3]
الأماكن: القاهرة، حي الفجالة
النص: في القاهرة أقامت العائلة في حي الفجالة وهي تعاني من البؤس والفاقة ، الأمر الذي دفع بالأم إلى العمل في والغناء في حفلات الأفراح الخاصة لإعالة وتعليم أولادها الثلاثة",أين استقرت عائلة عمرو دياب بعد حرب 1967 ؟,قرية سنهوت,استقرت عائلة عمرو دياب في قرية سنهوت بمركز منيا القمح بمحافظة الشرقية.,0.9,0.93,0.93
"[Chunk 1]
الأشخاص: ابراهيم
النص: ويشرح المفسرون ان إبراهيم وملك يدعي الألوهية تواجها لاظهار الاله الحقيقي الذي يستحق العبادة ، أهو الملك أم الله

[Chunk 2]
المنظمات: الطبري
النص: صداء وللأخر صمود ، وللثالث الهباء وذلك نقلا عن تاريخ الطبري ولقد دعا هود قومه إلى عبادة الله تعالى وحده وترك عبادة الأصنام لأن ذلك سبيل لاتقاء العذاب يوم القيامة

[Chunk 3]
النص: الشهادتان هما الإعلان عن الإيمان من دون شك ، وتصريح بأن ليس هناك إله في الوجود إلا الله ، وأن محمدا رسول مرسل للناس من الله",من اللذان تواجها لإظهار الاله الحقيقي الذي يستحق العبادة ؟,إبراهيم وملك يدعي الألوهية,إبراهيم وملك يدعي الألوهية.,0.9,0.93,0.92
"[Chunk 1]
الأشخاص: غي نوتوريوس بي
الأماكن: نيويورك
التواريخ: 1994
النص: تعرض توباك قبيل مقتله إلى محاولة إغتيال سنة 1994 حينما كان في نيويورك يستعد لتسجيل إحدى أغانيه وكان بالأستوديو عدد من مغنيي الراب الأمريكيين ومنهم بيغي نوتوريوس بي

[Chunk 2]
الأشخاص: مايك تايسون، ي سيفور كيركباتريك، ي كيركباتريك
التواريخ: عام 1996
النص: نشأ في أسرة فقيرة ، ترك والده جيمي سيفور كيركباتريك العائلة وهو صغير مما حدا به أن يأخذ نسبة أمه تايسون وذلك حسب شهادة أخيه الأكبر غير الشقيق جيمي كيركباتريك ، نشأ في نادي الرياضي ، واحترف مايك تايسون ملاكمة المحترفين في سن صغيرة ثم أصبح بطل الوزن الثقيل للمحترفين ، وهو من الاصدقاء المقربين لمغنى الراب الأمريكي "" توباك "" الذي أغتيل بعد مباراة تايسون الشهيرة عام 1996

[Chunk 3]
التواريخ: 6 ه
النص: قرر السلطان بعد ذلك التخلص من كوبك وقتله ، فأمر أحد أمرائه بذلك فقتله ، وعلقت جثته للعبرة وكان ذلك في سنة 636 ه / 1239 م",متى تم قتل توباك ؟,في اليوم السابع من سبتمبر سنة 1996,تم قتل توباك في عام 1996.,0.6,0.93,0.93
"[Chunk 1]
الأشخاص: حمد بن عيسى بن سلمان ال خليفة
المنظمات: مملكة البحرين
التواريخ: 14 فبراير 2002، 28 يناير 1950، 6 مارس 1999
النص: الملك حمد بن عيسى بن سلمان آل خليفة ( 28 يناير 1950 ) ، ملك مملكة البحرين وهو أكبر أنجال أمير دولة البحرين الشيخ عيسى بن سلمان آل خليفة ، أصبح أميرا على البحرين في 6 مارس 1999 ، وملكا عليها في 14 فبراير 2002

[Chunk 2]
الأشخاص: تميم بن حمد ال ثاني، خليفة بن حمد ال ثاني
التواريخ: 25 يونيو 2013، 27 يونيو 1995
النص: تولى الإمارة في 27 يونيو 1995 بعد قيامه بانقلاب أبيض على والده أمير دولة قطر آنذاك خليفة بن حمد آل ثاني حتى تنازله عن الحكم لابنه الشيخ تميم بن حمد آل ثاني في 25 يونيو 2013

[Chunk 3]
الأشخاص: خالد
التواريخ: 13 يونيو 1982، 21 شعبان 1402 ه
النص: تولى مقاليد الحكم في 21 شعبان 1402 ه الموافق 13 يونيو 1982 م بعد وفاة أخيه غير الشقيق الملك خالد",متى تولى حمد بن عيسى آل خليفة إمارة البحرين ؟,6 مارس 1999,تولى حمد بن عيسى آل خليفة إمارة البحرين في 6 مارس 1999.,0.85,0.93,0.93
"[Chunk 1]
الأماكن: عرفة
التواريخ: التاسع من ذي الحجة، يوم
النص: مع شروق شمس يوم التاسع من ذي الحجة يخرج الحاج من منى متوجها إلى عرفة للوقوف بها ، والوقوف بعرفة يتحقق بوجود الحاج في أي جزء من أجزاء عرفة ، سواء كان واقفا أو راكبا أو مضطجعا ، لكن إذا لم يقف الحاج داخل حدود عرفة المحددة في هذا اليوم فقد فسد حجه ، يعد الوقوف بعرفة أهم ركن من أركان الحج وذلك لقول النبي محمد

[Chunk 2]
الأماكن: الحرم، الطايف، جبل عرفة، شرق مكة
النص: فيه يقف الحجاج على جبل عرفة حيث أن الوقوف بعرفة يعد أهم أركان الحج ، ويقع جبل عرفة شرق مكة على الطريق الرابط بينها وبين الطائف بحوالي 22 كم ، وعلى بعد 10 كيلومترات من مشعر منى و 6 كيلو مترات من مزدلفة ، وهو المشعر الوحيد الذي يقع خارج حدود الحرم

[Chunk 3]
الأشخاص: ابي هريرة، الترمذي، وابو داود
المنظمات: وابن
النص: لما ورد في الحديث « صيام يوم عرفة يكفر سنتين سنة قبلها وسنة بعدها » ، ولكن هذا الاستحباب لغير من كان حاجا ، فلا يستحب له صيامه لأنه يكون في حال اشتغاله بالوقوف بعرفة ، حيث إن الصيام حينذ يضعفه عن الذكر والعبادة في ذلك اليوم ، وقد ورد النهي عن صيامه بحديث عن أبي هريرة قال « نهى رسول الله عن صوم يوم عرفة بعرفات » رواه أحمد وأبو داود والنسائي ، وابن ماجه قال الترمذي ، قد استحب أهل العلم ، صيام يوم عرفة إلا بعرفة",ما الذي يحدث إذا لم يقف الحاج بعرفة ؟,فسد حجه,"إذا لم يقف الحاج داخل حدود عرفة في التاسع من ذي الحجة، فقد فسد حجه.",0.92,0.93,0.93
"[Chunk 1]
المنظمات: الاتحاد الاوروبي، حلف شمال الاطلسي، مملكة بلجيكا، منظمة
الأماكن: اوروبا الغربية
النص: بلجيكا أو مملكة بلجيكا هي دولة ذات نظام "" ملكي اتحادي "" في أوروبا الغربية وهي عضو مؤسس في الاتحاد الأوروبي ، وتستضيف مقر الاتحاد الأوروبي ، فضلا عن ذلك العديد من المنظمات الدولية الرئيسية الأخرى مثل منظمة حلف شمال الأطلسي

[Chunk 2]
التواريخ: 1973، عام 2012
النص: الدستور الحالي صدر عام 2012 ، وهو كسابقه دستور 1973 ينص على كون نظام الحكم جمهوري رئاسي

[Chunk 3]
الأماكن: هولندا
النص: نظام الحكم في هولندا ديمقراطي برلماني ، وعاصمتها الرسمية هي أمستردام ، في حين يقع مقر الملك والحكومة في لاهاي",ما نظام الحكم في بلجيكا ؟,"نظام "" ملكي اتحادي """,نظام الحكم في بلجيكا ملكي اتحادي جمهوري رئاسي.,0.7,0.91,0.93
"[Chunk 1]
الأشخاص: جون مكارثي
التواريخ: عام 1956
النص: صاغ عالم الحاسوب جون مكارثي هذا المصطلح بالأساس في عام 1956 ، وعرفه بنفسه بأنه "" علم وهندسة صنع الآلات الذكية ""

[Chunk 2]
الأشخاص: اندر، ل هاينلين، ياس كابلان
النص: ويعرف أندرياس كابلان ومايكل هاينلين الذكاء الاصطناعي بأنه "" قدرة النظام على تفسير البيانات الخارجية بشكل صحيح ، والتعلم من هذه البيانات ، واستخدام تلك المعرفة لتحقيق أهداف ومهام محددة من خلال التكيف المرن ""

[Chunk 3]
النص: والذكاء الاصطناعي فرع من علم الحاسوب تعرف الكثير من المؤلفات الذكاء الاصطناعي على أنه "" دراسة وتصميم العملاء الأذكياء "" ، والعميل الذكي هو نظام يستوعب بيئته ويتخذ المواقف التي تزيد من فرصته في النجاح في تحقيق مهمته أو مهمة فريقه",من الذي عرف الذكاء الاصطناعي انه علم وهندسة صنع الالات الذكية ؟,جون مكارثي,"جون مكارثي هو من صاغ مصطلح ""الذكاء الاصطناعي"" وعرّفه بأنه ""علم وهندسة صنع الآلات الذكية"".",0.9,0.91,0.92
"[Chunk 1]
الأشخاص: ة بنت احمد بن محمد السديري، سلطان، عبد الله الفيصل بن عبد العزيز ال سعود، عبدالعزيز ال سعود
الأماكن: الحجاز، الرياض
التواريخ: 2007، 5 من شهر ذو الحجة من عام 1341 ه
النص: عبد الله الفيصل بن عبد العزيز آل سعود ، ( 1922 - 2007 ) هو الأمير والشاعر والابن البكر للملك فيصل بن عبد العزيز ، ووالدته هي الأميرة سلطانة بنت أحمد بن محمد السديري ، وولد بمدينة الرياض في 5 من شهر ذو الحجة من عام 1341 ه ، وقد تولى تربيته في صغره جده الملك عبدالعزيز آل سعود ، ولما بلغ الخامسة من عمره انتقل مع والده الملك فيصل إلى الحجاز فتلقى علومه فيها

[Chunk 2]
الأشخاص: سارة السديري، عبد الرحمن بن فيصل، عبد الله الخرجي، عبد الله بن عبد اللطيف ال الشيخ، عبدالعزيز
المنظمات: ال سعود
النص: ووالدته سارة السديري ، من قبيلة سدير في السابعة من عمره عهد به والده الإمام عبد الرحمن بن فيصل إلى القاضي عبد الله الخرجي لتعليمه القرآن الكريم وفي العاشرة من عمره تلقى تحصيله في الفقه والتوحيد على يد الشيخ عبد الله بن عبد اللطيف آل الشيخ ، وكان والده الإمام عبد الرحمن حريصا على تعليمه ركوب الخيل والفروسية بكل معانيها فتم له ذلك في وقت مبكر ، وكان عبدالعزيز يتمتع من وقت نشأته بذكاء مفرط ففي تلك الفترة المفعمة بالأحداث المؤسفة ، وقد تحالفت فيها الشدائد ضد أسرة آل سعود ، كما كان يرى عمومته يتنازعون السلطة بينهم

[Chunk 3]
الأشخاص: بيبي السالم الصباح، جابر
الأماكن: الجهراء، قصر السيف
النص: انتقل من الجهراء إلى قصر السيف وهو بعمر الرابعة ، حيث كبر مع أخيه جابر في كنف الشيخة بيبي السالم الصباح والدة جابر التي عدته أحد أبناءها وكانت تحبه أكثر من حبها لجابر على حد وصف صباح",كم بلغ عبد الله الفيصل من العمر عندما انتقل مع والده إلى الحجاز ؟,الخامسة من عمره,بلغ عبد الله الفيصل من العمر خمس سنوات عندما انتقل مع والده إلى الحجاز.,0.9,0.93,0.93
"[Chunk 1]
الأشخاص: ابراهيم وطوسون واسماعيل، الشو، امينة هانم، جي اسماعيل
النص: كان لوالده سبعة عشر ولدا لم يعش منهم سواه ، وقد مات عنه أبوه وهو صغير السن ، ثم لم تلبث أمه أن ماتت فصار يتيم الأبوين وهو في الرابعة عشرة من عمره فكفله عمه "" طوسون "" ، الذي مات أيضا ، فكفله حاكم قولة وصديق والده "" الشوربجي إسماعيل "" الذي أدرجه في سلك الجندية ، فأبدى شجاعة وحسن نظر ، فقربه الحاكم وزوجه من امرأة غنية وجميلة تدعى "" أمينة هانم "" ، كانت بمثابة طالع السعد عليه ، وأنجبت له إبراهيم وطوسون وإسماعيل ومن الإناث أنجبت له ابنتين

[Chunk 2]
الأشخاص: ابو وديع، حاتم، عيون، ورج جونيور
النص: هو أب لثلاثة أولاد هم وديع ، حاتم ، وجورج جونيور وابنة واحدة وهي عيون ومن هنا جاء لقب أبو وديع وهو اللقب الأحب إلى قلبه

[Chunk 3]
المنظمات: ميني
النص: وأنجبت منه ثلاثة أبناء ، هم "" لامبروكليس "" و "" سوفرونيسكوس "" و "" مينيكسينوس """,كم كان لدى لوثبروك من الاولاد ؟,6 أبناء,"لدى لوثركوك ثلاثة أبناء، وهم لامبروكليس وسوفرونيسكوس ومينيكسينوس.",0.5,0.92,0.34
"[Chunk 1]
الأشخاص: ابن تيمية، ابو بكر بن ايوب الزرعي
المنظمات: المدرسة الجوزية
النص: نشأ ابن القيم حنبلي المذهب فقد كان والده "" أبو بكر بن أيوب الزرعي "" قيما على "" المدرسة الجوزية الحنبلية "" ، و عندما شب واتصل بشيخه ابن تيمية حصل تحول بحياته العلمية ، فأصبح لا يلتزم في آرائه وفتاويه بما جاء في المذهب الحنبلي إلا عن اقتناع وموافقة الدليل من الكتاب والسنة ثم على آراء الصحابة وآثار السلف ، ولهذا يعتبره العلماء أحد المجتهدين

[Chunk 2]
الأشخاص: ابن القيم، ابن تيمية
الأماكن: دمشق
التواريخ: 1328 م، 2 ه / 1313 م، 8 ه
النص: ولد ابن القيم سنة 691 ه الموافقة لسنة 1292 م ، فنشأ في مدينة دمشق ، واتجه لطلب العلم في سن مبكرة ، فأخذ عن عدد كبير من الشيوخ في مختلف العلوم منها التفسير والحديث والفقه والعربية ، وقد كان ابن تيمية أحد أبرز شيوخه ، حيث التقى به في سنة 712 ه / 1313 م ، فلازمه حتى وفاته في سنة 728 ه / 1328 م ، فأخذ عنه علما جما واتسع مذهبه ونصره وهذب كتبه ، وقد كانت مدة ملازمته له سبعة عشر عاما تقريبا

[Chunk 3]
الأشخاص: ابي بكر، ايوب بن سعد بن حريز الزرعي، عبد الله، محمد
المنظمات: ابن القيم، ابن قيم الجوزية
النص: أبو عبد الله شمس الدين محمد بن أبي بكر بن أيوب بن سعد بن حريز الزرعي ( 691 ه - 751 ه / 1292 م - 1350 م ) المشهور باسم "" ابن قيم الجوزية "" أو "" ابن القيم ""","متى حصل تحول في حياة "" ابن القيم "" العلمية ؟",عندما شب واتصل بشيخه ابن تيمية,"حصل التحول في حياة ""ابن القيم"" العلمية عندما اتصل بشيخه ابن تيمية في سنة 712 ه / 1313 م.",0.93,0.92,0.92
"[Chunk 1]
النص: السلاح النووي هو سلاح تدمير فتاك يستخدم عمليات التفاعل النووي ، يعتمد في قوته التدميرية على عملية الانشطار النووي أو الاندماج النووي ونتيجة لهذه العملية تكون قوة انفجار قنبلة نووية صغيرة أكبر بكثير من قوة انفجار أضخم القنابل التقليدية ، حيث أن بإمكان قنبلة نووية واحدة تدمير أو إلحاق أضرار فادحة بمدينة بكاملها لذا تعتبر الأسلحة النووية أسلحة دمار شامل ويخضع تصنيعها واستعمالها إلى ضوابط دولية حرجة ويمثل السعي نحو امتلاكها هدفا تسعى إليه كل الدول

[Chunk 2]
الأماكن: الولايات المتحدة، صحراء الاموغوردو، نيو مكسيكو
التواريخ: 16 يوليو 1945
النص: فجرت أول قنبلة نووية للاختبار في 16 يوليو 1945 في منطقة تدعى صحراء ألاموغوردو الواقعة في ولاية نيو مكسيكو في الولايات المتحدة ، وسميت القنبلة باسم القنبلة ( أ ) وكان هذا الاختبار بمثابة ثورة في عالم المواد المتفجرة والأسلحة المدمرة ، وبهذه العملية فإن شكلا دائريا صغيرا بحجم كف اليد يمكن أن يسبب انفجارا تصل قوته إلى قوة انفجار تحدثه مئات الآلاف من الأطنان من مادة ال "" تي إن تي "".

[Chunk 3]
الأشخاص: بول تيبيتس
الأماكن: هيروشيما
التواريخ: ال 6 من اغسطس سنة 1945، عام 1945 م، يوم
النص: في يوم ال 6 من أغسطس سنة 1945 م قامت إحدى الطائرات الأمريكية ("" إينولا غاي "") ، بقيادة الطيار الكولونيل بول تيبيتس ، بإلقاء القنبلة الذرية ( قنبلة A ) على مدينة "" هيروشيما "" ، دمر 90 % من مباني ومنشآت المدينة ، وقتل أكثر من 80 , 000 شخص ، كما جرح 90 , 000 آخرون ، وبقي عشرات الآلاف بدون مأوى ( عام 1945 م بلغ تعداد سكان المدينة 350 , 000 نسمة ).",ما الذي قد يفعله انفجار قنبلة نووية واحدة ؟,تدمير أو إلحاق أضرار فادحة بمدينة بكاملها .,قد تدمر أو تلحق أضرارًا فادحة بمدينة بكاملها.,0.9,0.92,0.91
"[Chunk 1]
التواريخ: شهر رمضان
النص: ليلة القدر عند المسلمين ، هي ليلة تقع فيها مناسبة هامة حدثت في شهر رمضان ، حيث يؤمن المسلمون أن القرآن الكريم قد أنزل إلى النبي محمد ، حيث ينص القرآن على ذلك في سورة خاصة هي سورة القدر ، وفيها أن هذه الليلة خير من ألف شهر ، وفيها تتنزل الملائكة بالرحمات حتى مطلع الفجر ، وثبت بالسنة النبوية الحث على تحري هذه الليلة وخصوصا في الأيام العشر الأواخر من شهر رمضان ، وبالأخص الأيام الفردية من العشر الأواخر ، حيث ورد في القرآن أنها خير من ألف شهر .

[Chunk 2]
التواريخ: شهر رمضان
النص: ، كما أن صوم شهر رمضان من كل عام فرض بإجماع المسلمين ، و هو أحد أركان الإسلام الخمسة ، وفضائله متعددة ، ويشرع قيام لياليه ، وخصوصا العشر الأواخر منه ، وفيه ليلة القدر ، وتتعلق به زكاة الفطر ، وهو عند المسلمين موعد للفرحة ، والبر والصلة ، وعوائد الخير

[Chunk 3]
التواريخ: شهر رمضان
النص: صلاة التراويح أو صلاة القيام في رمضان هي صلاة في الإسلام ، وحكمها سنة مؤكدة للرجال والنساء تؤدى في كل ليلة من ليالي شهر رمضان بعد صلاة العشاء ويستمر وقتها إلى قبيل الفجر ، وقد حث النبي محمد على قيام رمضان فقال",ما الليلة التي لها قدسية خاصة في شهر رمضان ؟,ليلة القدر,"ليلة القدر هي الليلة ذات القداسة الخاصة في شهر رمضان، حيث يؤمن المسلمون أن القرآن الكريم أنزل فيها على النبي محمد.",0.9,0.93,0.93
"[Chunk 1]
الأشخاص: ان احمد مرجان، ران منصور، شريف عرفة، محمد عبد العاطي، نادر جلال، والارهاب، وحسن ومر، وحيد حامد، ولين، ين الرملي
المنظمات: محكمة جنح العجوزة، محكمة جنح الهرم
الأماكن: القاهرة
التواريخ: 2 فبراير 2012، 24 ابريل 2012، 26 ابريل، ام 2011
النص: في 2 فبراير 2012 قضت محكمة جنح الهرم في القاهرة بالحبس ثلاثة أشهر ودفع غرامة قدرها 1000 جنية ، بتهمة ازدراء الدين الإسلامي من خلال أعماله الفنية السينمائية ، وصدر الحكم برئاسة المستشار « محمد عبد العاطي » ، واستند المحامي « عسران منصور » في القضية التي رفعها عليه بعام 2011 على أدواره في العديد من الأفلام مثل مرجان أحمد مرجان وحسن ومرقص والإرهابي ولكنه أكد أنه لم يكن لديه علم بهذه الدعوى التي صدر فيها حكم غيابي بحبسه وتغريمه ولم يصله استدعاء إلى المحكمة ، ولم يذهب محامي للدفاع عنه في التهمة المشار إليها ، مطالبا في الوقت نفسه بضرورة احترام حرية الإبداع والتعبير الفني ، وتم تأييد الحكم في 24 أبريل 2012 ، وفي 26 أبريل قررت « محكمة جنح العجوزة » عدم قبول الدعوى المقدمة ضده مع الكاتب وحيد حامد والمخرج شريف عرفة والمخرج نادر جلال ولينين الرملي بشقيها المدني والجزائي لأن الدعوى أقيمت « بغير ذي صفة » ، وعدم وجود الجريمة فيها وتغريم رافيعها 50 جنيها .

[Chunk 2]
المنظمات: اليون، كو للتراث العالمي
الأماكن: الهرم الاكبر، رام الجيزة، هرم خوفو
النص: الهرم الأكبر أو هرم خوفو هو الأثر الوحيد الباقي من عجائب الدنيا السبع ، ويقع بمنطقة أهرام الجيزة في مصر المسجلة ضمن مواقع اليونيسكو للتراث العالمي

[Chunk 3]
الأشخاص: الله السدحان، ناصر القصبي، وعبد
النص: 000 ريال عن كل جزء ، وجاء في أحد فقرات القرار بأن يأخذ تعهد على ناصر القصبي وعبدالله السدحان بعدم إنتاج المسلسل الكوميدي مستقبلا بعد الجزء السادس عشر باسم ( طاش ما طاش ) واختيار اسم آخر لهما لحفظ حقوق هذا المسمى إلا بعد أخذ الموافقة الخطية من صاحب الحق على ذلك",ما مقدار الغرامة التي امرت بها محكمه جنح الهرم ضد عادل إمام ؟,1000 جنية,"لم يتم ذكر اسم ""عادل إمام"" في السياق، ولكن تم ذكر ""أحمد مرجان"" و""عسران منصور""، والغرامة المذكورة هي 1000 جنيه.",0.66,0.9,0.9
"[Chunk 1]
الأشخاص: هاني شاكر
المنظمات: الاوبرا، المجلس الاعلى للثقافة
الأماكن: المصرية
النص: و قد تم منح كارمن جائزة أفضل صوت تحت سن السادسة عشرة موجهة من المجلس الأعلى للثقافة في مصر وقد قدمها المطرب الكبير هاني شاكر في حفلته في دار الأوبرا المصرية وأبدى اعجابه لشديد بصوتها وقوة إحساسها

[Chunk 2]
الأشخاص: من سليمان
التواريخ: 7 اكتوبر 1994
النص: كارمن سليمان ( 7 أكتوبر 1994 -) ، مطربة مصرية وهي الفائزة بلقب « نجمة العرب » من برنامج آراب آيدول الموسم الأول

[Chunk 3]
الأشخاص: من سليمان
التواريخ: 23 مارس 2012، مساء، يوم الجمعة الموافق
النص: فازت المشتركة المصرية كارمن سليمان بلقب "" أراب آيدول "" في موسمه الأول بعد أن حصدت أعلى نسبة اصوات من قبل الجمهور في التصويت الذي بدأ مساء يوم الجمعة الموافق 23 مارس 2012 لغاية اليوم التالي",ما الجائزة التي حصلت عليها كارمن من المجلس الأعلى للثقافة في مصر ؟,جائزة أفضل صوت تحت سن السادسة عشرة,حصلت كارمن على جائزة أفضل صوت تحت سن السادسة عشرة من المجلس الأعلى للثقافة في مصر.,0.92,0.93,0.91
"[Chunk 1]
الأشخاص: عيسى بن مريم، محمد
المنظمات: اسراييل
النص: المسيح عيسى بن مريم ويعرف أيضا بيشوع بالعبرية و بيسوع في العهد الجديد ، هو رسول الله والمسيح في الإسلام ، ويعتبر من أولي العزم من الرسل ، أرسل ليقود بني إسرائيل إلى كتاب مقدس جديد وهو الإنجيل ، ويفضل المسلمون إضافة عبارة "" عليه السلام "" بعد اسمه ككل الأنبياء توقيرا لهم الإيمان بعيسى ( وكل الأنبياء والرسل ) ركن من أركان الإيمان ، ولا يصح إسلام شخص بدونه ذكر عيسى باسمه في القرآن 25 مرة ، بينما ذكر محمد 4 مرات

[Chunk 2]
الأشخاص: احمد شوقي، ران خليل جبران، رشيد سليم الخوري، محمد بن عبد الله، والخل، يل بن احمد الفراهيدي
النص: القرآن أو القرآن الكريم هو كتاب الله المعجز عند المسلمين ، يعظمونه ويؤمنون بأنه كلام الله وبأنه قد أنزل على محمد بن عبد الله للبيان والإعجاز ، وبأنه محفوظ في الصدور والسطور من كل مس أو تحريف وبأنه منقول بالتواتر ، ، وبأنه المتعبد بتلاوته ، وبأنه آخر الكتب السماوية بعد صحف إبراهيم و الزبور والتوراة والإنجيل القرآن هو أقدم الكتب العربية ، ويعد بشكل واسع الأعلى قيمة لغويا ، لما يجمعه من البلاغة والبيان والفصاحة و للقرآن أثر وفضل في توحيد وتطوير اللغة العربية وآدابها وعلومها الصرفية والنحوية ، ووضع وتوحيد وتثبيت اللبنات الأساس لقواعد اللغة العربية ، إذ يعتبر مرجعا وأساسا لكل مساهمات الفطاحلة اللغويين في تطوير اللغة العربية كسيبويه وأبو الأسود الدؤلي والخليل بن أحمد الفراهيدي وغيرهم ، سواء عند القدماء أو المحدثين إلى حقبة أدب المهجر في العصر الحديث ، ابتداء من أحمد شوقي إلى رشيد سليم الخوري وجبران خليل جبران وغيرهم الذين كان لهم دور كبير في محاولة الدفع بإحياء اللغة والتراث العربي في العصر الحديث

[Chunk 3]
الأشخاص: عيسى، يسوع
النص: وبحسب القرآن ، فإن عيسى حي ، لم يمت حتى الآن ، ولم يقتله اليهود ، ولم يصلبوه ، ولكن شبه لهم ، بل رفعه الله إلى السماء ببدنه وروحه رحمة وتكريما له ، وهو إلى الآن في السماء ، كذلك فإن عيسى مسلم مثل كل الرسل في الإسلام ، أي خضع لأمر الله ، ونصح متبعيه أن يختاروا الصراط المستقيم ، قال تعالى في سورة النساء يرفض الإسلام فكرة الثالوث ، أن عيسى هو إله متجسد ، أو ابن الله أو أنه صلب أو قيامة يسوع ويذكر القرآن أن عيسى نفسه لم يدعي هذه الأشياء ، ويشير إلى أن عيسى سينفي ادعاءه الألوهية في يوم القيامة ويشدد القرآن أن عيسى بشر فان ، مثل كل الأنبياء والرسل وأنه اختير لينشر رسالة الله",ما هو الكتاب السماوي الذي بشره به عيسى عليه السلام ؟,الإنجيل,الإنجيل.,0.92,0.91,0.93
"[Chunk 1]
الأشخاص: جمال مبارك، علاء
النص: يعتبر علاء من "" شخصيات الظل "" حيث لا يسعى لدخول معترك السياسة كما أنه مقل جدا في الظهور في وسائل الإعلام ، على العكس من شقيقه الأصغر جمال مبارك الذي شارك بشكل ملحوظ في الحياة السياسية

[Chunk 2]
النص: وهي إحدى سمات الشخصيات الثلاثة في ثالوث الظلام إلى جانب كل من المكيافيلية والاعتلال النفسي

[Chunk 3]
الأشخاص: علاء الدين محمد حسنى، لمحمد حسني مبارك
المنظمات: ورية مصر العربية
التواريخ: 26 نوفمبر 1960
النص: علاء الدين محمد حسنى السيد مبارك ( 26 نوفمبر 1960-) هو الابن الأكبر لمحمد حسني مبارك الرئيس الأسبق لجمهورية مصر العربية",لماذا يعتبرون علاء من شخصيات الظل ؟,لا يسعى لدخول معترك السياسة,"لأن علاء لا يسعى لدخول معترك السياسة ولا يظهر كثيرًا في وسائل الإعلام، على عكس شقيقه جمال الذي شارك بشكل ملحوظ في الحياة السياسية.",0.9,0.93,0.94
"[Chunk 1]
الأشخاص: حافظ الاسد
المنظمات: الجمهورية العربية السورية، القيادة القطرية، حزب البعث العربي الاشتراكي، للجيش، والقوات المسلحة
التواريخ: 10 حزيران 2000، 1971، 2000، 6 تشرين الاول 1930
النص: حافظ الأسد ( 6 تشرين الأول 1930 - 10 حزيران 2000 ) رئيس الجمهورية العربية السورية والأمين العام وعضو القيادة القطرية في حزب البعث العربي الاشتراكي والقائد الأعلى للجيش والقوات المسلحة ما بين العامين 1971 -2000

[Chunk 2]
الأشخاص: بشار حافظ الاسد
المنظمات: الجمهورية العربية السورية، لحزب البعث العربي الاشتراكي، لسوريا، للقوات المسلحة السورية
التواريخ: 11 سبتمبر 1965، 17 يوليو 2000، 1971، 2000
النص: بشار حافظ الأسد ( ولد 11 سبتمبر 1965 ) هو الرئيس التاسع عشر لسوريا والخامس في تاريخ الجمهورية العربية السورية ، يحكم منذ 17 يوليو 2000 ، بعد أن انتخبه الفرع السوري لحزب البعث العربي الاشتراكي أمينا قطريا عاما له خلفا لوالده حافظ الأسد ، الذي كان رئيسا لسوريا في الفترة ما بين 1971 إلى 2000 يشغل كذلك منصب القائد العام للقوات المسلحة السورية

[Chunk 3]
الأشخاص: فظ الاسد
المنظمات: الحركة التصحيحية
التواريخ: 2000، مارس 1971
النص: في مارس 1971 ، قادحافظ الأسد انقلاب عسكريا داخليا تحت اسم « الحركة التصحيحية » ، وتم انتخابه رئيسا للبلاد ، وهو المنصب الذي ظل يشغله حتى وفاته في 2000",متى توفي حافظ الأسد ؟,10 حزيران 2000,توفي حافظ الأسد في 10 حزيران 2000.,0.92,0.93,0.91
"[Chunk 1]
الأشخاص: ابن سينا
التواريخ: اوا، سط القرن السابع عشر
النص: وقد ألف 200 كتابا في مواضيع مختلفة ، العديد منها يركز على الفلسفة والطب ويعد ابن سينا من أول من كتب عن الطب في العالم ولقد اتبع نهج أو أسلوب أبقراط وجالينوس وأشهر أعماله كتاب القانون في الطب الذي ظل لسبعة قرون متوالية المرجع الرئيسي في علم الطب ، وبقي كتابه ( القانون في الطب ) العمدة في تعليم هذا الفن حتى أواسط القرن السابع عشر في جامعات أوروبا ويعد ابن سينا أول من وصف التهاب السحايا الأولي وصفا صحيحا ، ووصف أسباب اليرقان ، ووصف أعراض حصى المثانة ، وانتبه إلى أثر المعالجة النفسانية في الشفاء وكتاب الشفاء

[Chunk 2]
الأشخاص: ابن سينا، ابو علي الحسين بن عبد الله بن الحسن بن علي بن سينا
النص: ابن سينا هو أبو علي الحسين بن عبد الله بن الحسن بن علي بن سينا ، عالم وطبيب بخارى ، اشتهر بالطب والفلسفة واشتغل بهما

[Chunk 3]
المنظمات: الحزب الشيوعي
النص: نشر العديد من الكتب خلال حياته ، أهمها بيان الحزب الشيوعي ( 1848 ) ، و رأس المال ( 1867 )",على ماذا ركزت العديد من كتب ابن سينا ؟,على الفلسفة والطب,ركزت العديد من كتب ابن سينا على الفلسفة والطب.,0.8,0.93,0.92
"[Chunk 1]
الأماكن: اوروبا
النص: جائحة إنفلونزا 1918 أو ما عرف بالانفلونزا الأسبانية أو الوافدة الإسبانيولية ( بالإنجليزية Spanish flu ) هي جائحة إنفلونزا قاتلة انتشرت في أعقاب الحرب العالمية الأولى في أوروبا والعالم وخلفت ملايين القتلى ، وتسبب بهذه الجائحة نوع خبيث ومدمر من فيروس الإنفلونزا ( أ ) من نوع فيروس الإنفلونزا أ H 1 N 1

[Chunk 2]
النص: إن النوع H 1 N 1 من فيروس إنفلونزا الخنازير هو سليل لفيروس الإنفلونزا الإسبانية الذي حصد ما بين 20 - 100 مليون إنسان ما بين عامي 1918 م و 1920 م عقب الحرب العالمية الأولى ، يعتبر فيروس الإنفلونزا أ ذو النوع ( H 1 N 1 ) من أكثر الفيروسات صعوبة في دراسته لكونه يتمتع بقدرة تغير سريع هربا من تكوين أضداد له في الأجسام التي يستهدفها ، يقوم الفيروس بتحوير نفسه بشكل طفيف كل عامين إلى ثلاثة أعوام ، وعندما تبدأ الأجسام التي يستهدفها بتكوين مناعة نحوه ونحو تحويراته الطفيفة يقوم فيروس انفلونزا الخنازير بعمل تحوير كبير يمكنه من الهرب من جهاز المناعة مسببا حدوث جائحة تجتاح العالم كل عدة سنوات

[Chunk 3]
التواريخ: عام 1918
النص: لقي أكثر من تسعة ملايين مقاتل وسبعة ملايين مدني مصرعهم نتيجة الحرب ، وتعتبر أيضا عامل مساهم في عدد من جرائم الإبادة الجماعية والإنفلونزا الأسبانية عام 1918 ، والذي تسبب في ما بين 50 و 100 مليون حالة وفاة في جميع أنحآء العالم",كم عدد الأشخاص الذين توفوا نتيجة الانفلونزا الإسبانية بعد الحرب العاملية الأولى ؟,ما بين 70 -100 مليون شخص,تسببت جائحة الإنفلونزا الأسبانية في ما بين 50 و100 مليون حالة وفاة في جميع أنحاء العالم.,0.9,0.93,0.66
"[Chunk 1]
الأشخاص: سعود
المنظمات: مجلس الوزراء
التواريخ: 1376 ه، عام 1373 ه الموافق، عام 1954، عام 1957
النص: بعد وفاة والده وتسلم أخيه سعود الحكم عينه وليا للعهد نائبا لرئيس مجلس الوزراء وزيرا للخارجية ، وفي عام 1373 ه الموافق عام 1954 أرسله الملك سعود لبعض الدول بزيارات نيابة عنه ، و بعام 1376 ه الموافق عام 1957 وقعت الأزمة المالية السعودية وكان قبلها قام الملك سعود بتسليمه بعض مهامه

[Chunk 2]
المنظمات: السعودية، العراق، الكويت، الولايات المتحدة
الأماكن: الاراضي السعودية، الولايات المتحدة، غانستان، والعراق
التواريخ: 11 سبتمبر 2001، عام 1990
النص: شهدت فترة حكمه الكثير من الأحداث أبرزها أزمة احتلال العراق لدولة الكويت في عام 1990 ، وتهديد العراق بغزو الأراضي السعودية ، وكذلك الحرب العراقية - الإيرانية وما تبعها من أحداث تأثرت بها السعودية ، وكذلك أحداث 11 سبتمبر 2001 في الولايات المتحدة وما تبعها من غزو الولايات المتحدة لأفغانستان والعراق ، وأيضا انخفاض أسعار النفط سنوات طويلة واضطرار الميزانية السعودية للانخفاض الشديد

[Chunk 3]
التواريخ: عام 1377 ه، لعام 1958
النص: فأصبح مسؤولا عن المال وخزينة الدولة ، وأصبح أيضا مسؤولا عن الأوضاع الخارجية للبلاد ، وفي عام 1377 ه الموافق لعام 1958 لم يستطع حل الأزمة بسبب البترول ، وأوامر الملك",متى وقعت الازمة المالية في السعودية ؟,بعام 1376 ه الموافق عام 1957,وقعت الأزمة المالية في السعودية عام 1376 ه الموافق عام 1957.,0.9,0.93,0.93
"[Chunk 1]
النص: يعتقد أن الثقوب السوداء ذات الكتلة النجمية تتشكل عند انهيار النجوم الضخمة جدا في نهاية دورة حياتها بعد أن يتشكل الثقب الأسود ، يمكن أن يستمر في النمو عن طريق امتصاص الكتلة من محيطه وذلك عن طريق امتصاص النجوم الأخرى والاندماج مع الثقوب السوداء الأخرى ، الأمر الذي قد يؤدي إلى تشكل الثقوب السوداء الهائلة والتي تحمل كتلة تعادل ملايين الكتل الشمسية هناك إجماع عام على وجود ثقوب سوداء هائلة في مراكز معظم المجرات

[Chunk 2]
النص: الثقب الأسود هو منطقة موجودة في الزمكان ( الفضاء بأبعاده الأربعة ، وهي الأبعاد الثلاثة بالإضافة إلى الزمن ) تتميز بجاذبية قوية جدا بحيث لايمكن لأي شيء - ولا حتى الجسيمات أو موجات الإشعاع الكهرومغناطيسي مثل الضوء - الإفلات منها تتنبأ النظرية النسبية العامة بأنه يمكن لكتلة مضغوطة بقدر معين أن تشوه الزمكان لتشكيل الثقب الأسود

[Chunk 3]
النص: على الرغم من أن محتواها غير مرئي ، يمكن استنتاج وجود ثقب أسود من خلال تأثيرها على المواد الأخرى والإشعاع الكهرومغناطيسي مثل الضوء المرئي",كيف ينمو الثقب الأسود ؟,عن طريق امتصاص الكتلة من محيطه,"ينمو الثقب الأسود عن طريق امتصاص الكتلة من محيطه، وذلك بامتصاص النجوم الأخرى والاندماج مع الثقوب السوداء الأخرى.",0.92,0.92,0.92
"[Chunk 1]
الأشخاص: تيم حسن، دين نسيب نجيم
التواريخ: 2015، 2016
النص: يأتي المسلسل ضمن البطولة الرمضانية الثالثة على التوالي بين تيم حسن ونادين نسيب نجيم من بعد مسلسل تشيلو سنة 2015 ومسلسل نص يوم سنة 2016

[Chunk 2]
الأشخاص: ا بطرس، تيم حسن، زان عكو، سامر برقاوي، كارل، منى واصف، ن نسيب نجيم، نادي، ينا لاذقاني
المنظمات: ام بي سي دراما، بت شوتايم، رز ارت برودكشن، وام تي في
التواريخ: 2017، رمضان 1438 ه
النص: الهيبة مسلسل سوري لبناني تم إنتاجة سنة 2017 أعد للعرض في موسم رمضان 1438 ه على قنوات إم بي سي دراما ، وإم تي في اللبنانية ، وشبكة أوربت شوتايم ، من إنتاج شركة سيدرز آرت برودكشن ، وتأليف وسيناريو وحوار هوزان عكو ، وإخراج سامر برقاوي ، ومن بطولة الفنان السوري تيم حسن ، والفنانة اللبنانية نادين نسيب نجيم ، والفنانة السورية منى واصف والفنانة اللبنانية كارلا بطرس ، والفنانة السورية الصاعدة روزينا لاذقاني

[Chunk 3]
الأشخاص: ابراهيم الحربي، احلام حسن، جمال الردهان
التواريخ: عام 2000
النص: بدأت حياتها الفنية في عام 2000 وكان ذلك من خلال دورها في المسلسل الاجتماعي حكايات كويتية والذي قام ببطولته الفنان جمال الردهان والفنانة طيف والفنانة أحلام حسن والفنان إبراهيم الحربي ، وكان بمثابة بداية موفقة جدا نحو الشهرة والنجومية",ما اسم المسلسل الأول الذي جمع بين تيم حسن و نادين نجيم ؟,مسلسل تشيلو,تشيلو,0.8,0.94,0.93
"[Chunk 1]
الأماكن: الكويت
التواريخ: 2016، عام 2006
النص: في عام 2006 وبعد انتهاء عروض مسرحية يواش يواش والتي عرضت في الكويت اعلن توقفه عن تقديم المسرحيات ، الا انه عاد للمسرح بعد 10 سنوات من توقفه وتحديدا في 2016 عاد في مسرحيتي طار الوزير و عرب تويت والتي عرضت في قطر

[Chunk 2]
الأماكن: الولايات المتحدة الامريكية، وكندا
التواريخ: 20 يناير 2008، 29 سبتمبر ، 2013
النص: بدأ عرض المسلسل لأول مرة في 20 يناير 2008 في الولايات المتحدة الأمريكية وكندا على قناة AMC ، وقد عرضت الحلقة الأخيرة من المسلسل في 29 سبتمبر ، 2013

[Chunk 3]
المنظمات: هات بلفاست
الأماكن: ايرلندا الشمالية، واتي، والمغرب، والولايات المتحدة، ومال
التواريخ: 14 ابريل 2019، 17 ابريل 2011
النص: صور المسلسل في أستديوهات بلفاست وعدة مواقع أخرى في أيرلندا الشمالية ومالطا واسكتلندا وكرواتيا وآيسلندا والولايات المتحدة والمغرب ، وعرض لأول مرة على في الولايات المتحدة في 17 أبريل 2011 وعرضت المواسم الثمانية كاملة ، حيث بدأ عرض الموسم الثامن في 14 أبريل 2019",أين عرضت مسرحية يواش يواش ؟,في الكويت,"عُرضت مسرحية ""يواش يواش"" في الكويت.",0.63,0.91,0.93
"[Chunk 1]
النص: الأبجدية العربية هي الأبجدية التي تستخدم الحروف العربية في الكتابة ، وتوصف بأنها أكمل نظم الكتابة ، فقد شملت معظم الأصوات التي يمكن أن ينطقها الإنسان

[Chunk 2]
النص: تعتمد الكثير من اللغات على الأبجدية العربية في الكتابة ، مثل اللغة الأردية ، واللغة العثمانية ، واللغة الكردية ، واللغة الملايوية كان أشهر استخدام للحروف العربية في التدوين هو تدوين القرآن الكريم ، ثم انتشرت الأبجدية العربية في الكثير من الأمصار ، وذلك بانتشار الفتوحات الإسلامية ، واتساع الدولة الإسلامية ، واختلاط العرب الفاتحين بالشعوب التي كانت تحت سيطرة الفرس والبيزنطيين والأحباش ، ودخول كثير من هؤلاء في الإسلام ، واضطرارهم إلى تعلم ما استطاعوا من العربية ، وانتشرت العربية كلغة أساسية بين هذه الشعوب ، وأصبحت لغة لجميع المسلمين ، بعد أن كانت لغة خاصة بالعرب واستخدمت ألفبائيتها العديد من اللغات ، من عائلات لغوية كثيرة

[Chunk 3]
الأشخاص: تر الثاني
المنظمات: اوروبا، جامعة القرويين
الأماكن: المغرب العربي، اوروبا، قارة اوربا
النص: الأرقام العربية هي الأرقام التي طورها الرياضيون العرب واستعملت على وجه الخصوص في مناطق المغرب العربي حاليا ، وقد استعملت في قارة أوربا عندما أدخلها البابا سلفيستر الثاني الذي درس في جامعة القرويين وتعرف على الرقم العربي ، ومن ثم أدخل الأرقام العربية إلى أوروبا ، فمن أجل ذلك يطلق عليه أحيانا بابا الأرقام ، وكانت أوروبا حينها تستعمل الأرقام الرومانية التي لا تساعد على إنجاز أبسط العمليات الحسابية .",ما هي الأبجدية العربية ؟,هي الأبجدية التي تستخدم الحروف العربية في الكتابة,"الأبجدية العربية هي النظام الكتابي الذي يستخدم الحروف العربية في التعبير عن الكلام المنطوق، وقد شملت معظم الأصوات التي يمكن للإنسان نطقها.",0.92,0.92,0.93
"[Chunk 1]
النص: وعدد سكانها يتجاوز 205 مليون نسمة , وهي خامس دولة من حيث عدد السكان ومساحتها تغطي 881 , 913 كم 2 ( 340 , 509 ميل مربع ) ، هي الدولة ال

[Chunk 2]
النص: ويبلغ عدد سكانها حوالي 238 مليون شخص ، وهو ما يجعلها رابع أكبر دولة من حيث عدد السكان ، كما أنها أكبر بلد ذو غالبية سكانية مسلمة وأكبر بلد أسترونيزي في العالم

[Chunk 3]
التواريخ: لعام 2015
النص: تبلغ مساحتها حوالي 555 , 000 كيلو متر مربع ، ويبلغ عدد سكانها 26 , 687 , 000 نسمة حسب الإسقاط السكاني لعام 2015",كم يبلغ عدد السكان في مملكة البحرين ؟,"ما يقارب 1 , 234 , 571 نسمة","لا يمكن تحديد عدد سكان مملكة البحرين بدقة من السياق المقدم، حيث تختلف الأرقام بين المصادر (26,687,000 نسمة حسب الإسقاط السكاني لعام 2015 و238 مليون شخص).",0.92,0.91,0.65
"[Chunk 1]
الأشخاص: فاطمة بنت اسد، محمد
الأماكن: المدينة المنورة
النص: ولد في مكة وتشير مصادر التاريخ بأن ولادته كانت في جوف الكعبة ، و أمه فاطمة بنت أسد الهاشمية أسلم قبل الهجرة النبوية ، وهو ثاني أو ثالث الناس دخولا في الإسلام ، وأول من أسلم من الصبيان هاجر إلى المدينة المنورة بعد هجرة الرسول بثلاثة أيام وآخاه النبي محمد مع نفسه حين آخى بين المسلمين ، وزوجه ابنته فاطمة في السنة الثانية من الهجرة

[Chunk 2]
المنظمات: الدولة الجزايرية، جيش افريقيا
الأماكن: فرنسا، معسكر بالغرب الجزايري
التواريخ: 15 رجب 1223 ه، 6 سبتمبر 1808، يوم الثلاثاء
النص: ولد قرب مدينة معسكر بالغرب الجزائري يوم الثلاثاء 6 سبتمبر 1808 الموافق ل 15 رجب 1223 ه ، رائد سياسي وعسكري مقاوم قاد ( جيش أفريقيا ) خمسة عشر عاما أثناء غزو فرنسا للجزائر هو أيضا مؤسس الدولة الجزائرية الحديثة ورمز للمقاومة الجزائرية ضد الاستعمار والاضطهاد الفرنسي

[Chunk 3]
الأشخاص: علي الوردي
الأماكن: العراق، ايش الشرقي، بغداد
النص: أديب ومفكر عربي ولد في قرية الطائش الشرقي وهي قرية بسيطة من قرى المنطقة الوسطة في العراق ولم يعيش فيها سوى سنوات حياته الأولى بسبب انتقال العائلة إلى العاصمة بغداد عمل في الصحافة قبل ثورة 1958 في عدة صحف عراقية كمحرر وكاتب لبعض المقالات ثم توسعت اهتماماته الأدبية والفكرية وكان كثير الحضور لمحاضرات ومجالس علي الوردي وغيره من المفكرين البارزين في تلك الحقبة .",أين ولد محيي الدين بن عربي ؟,في مرسية في الأندلس,ولد محيي الدين بن عربي قرب مدينة معسكر بالغرب الجزائري.,0.3,0.92,0.33
"[Chunk 1]
الأشخاص: مارك زوكربيرج
المنظمات: فيسبوك
التواريخ: عام 2005
النص: ( وفي مصادر أخرى 715 مليون دولار ) وتميزت هذه الصفقة بأنها كانت مصدر لضجة حتى قبل الكشف عنها ، وكذلك فإن مبلغ الصفقة يتناقض مع ما دفعته ياهو لشراء موقع فليكر عام 2005 والذي كان 35 مليون دولار ، والذي جعل موقع فليكر على قائمة ال 50 موقع الأكثر زيارة حول العالم ، وكتب مارك زوكربيرج على حائطه في فيسبوك عن ما سيحصل بعد هذا الاستحواذ "" committed to building and growing Instagram independently "" أي سنلتزم بتطوير وإنماء إنستغرام بشكل مستقل

[Chunk 2]
التواريخ: اكتوبر 2006
النص: وهو حاليا مزود بأكثر من ألفي موظف وفي أكتوبر 2006 أعلنت شركة Google التوصل لاتفاقية لشراء الموقع مقابل 1

[Chunk 3]
النص: تقرر في نهاية المطاف فتح موقع توتر لكن وبعد ذلك بنصف العام قرر المبرمجين شراء استضافة موقع التي كانت محجوزة بالفعل لكنهم تمكنوا من اقتنائها فغيروا الموقع إلى ما هو عليه اليوم",ما تأثير شراء ياهو لموقع فليكر عام 2005 ؟,جعل موقع فليكر على قائمة ال 50 موقع الأكثر زيارة حول العالم,"أدى شراء ياهو لموقع فليكر عام 2005 إلى زيادة قيمة الموقع بشكل ملحوظ، حيث كان المبلغ المدفوع (35 مليون دولار) أقل بكثير من مبلغ صفقة استحواذ فيسبوك على إنستغرام لاحقًا في نفس العام (715 مليون دولار).",0.93,0.92,0.74
"[Chunk 1]
الأشخاص: د ليندمان، ريمون
التواريخ: عام 1942
النص: في عام 1942 ، كتب ريموند ليندمان ورقة بحثية عن الديناميات التغذوية للبيئة ، والتي نشرت بعد وفاتها بعد رفضها في البداية بسبب تأكيدها النظري

[Chunk 2]
النص: وهذا التعريف يبصر بأن البيئة اصطلاح ذو مضمون مركب فهناك البيئة الطبيعية بمكوناتها التي أودعها الله فيها ، وتشمل الماء والهواء والتربة وأشعة الشمس ، وما يعيش على تلك العناصر والمكونات من إنسان ونبات وحيوان وهناك البيئة الاصطناعية وهي تشمل كل ما أوجده تدخل الإنسان وتعامله مع المكونات الطبيعية للبيئة ، كالمدن والمصانع والعلاقات الإنسانية والاجتماعية التي تدير هذه المنشآت

[Chunk 3]
النص: التغذية هي العلم الذي يدرس كيف وماذا يأكل الناس وما يؤثر على الحالة الصحية ، مثل الاغذيه أو المكونات الغذائية التي تسبب الأمراض أو تدهور الصحة مثل أكل عدد كبير جدا من السعرات الحرارية ، مما يشكل عاملا رئيسيا في السمنة ، والسكري ، وأمراض القلب ( مجال الاغذية والتغذية وأيضا تدرس المكملات الغذائية التي تحسن الأداء ، وتعزيز الصحة ، وعلاج أو الوقاية من الأمراض ، مثل أكل الأطعمة الليفية للحد من مخاطر سرطان القولون ، أو مع فيتامين ج المكمل لتعزيز الأسنان واللثة وكذا تحسين الجهاز المناعي .",لماذا تم رفض نشر الورقية البحثية الخاصة بريموند ليندمان التي تتحدث عن الديناميات التغذوية للبيئة ؟,بسبب تأكيدها النظري,تم رفض نشر الورقة البحثية بسبب تأكيدها النظري.,0.9,0.91,0.91
"[Chunk 1]
الأشخاص: احمد المقدم، حمدي مصطفى
المنظمات: الموسسة العربية الحديثة، امراض الباطنة المت، طب طنطا
التواريخ: عام 1992
النص: التحق كعضو هيئة التدريس واستشاري قسم أمراض الباطنة المتوطنة في طب طنطا بدأ حياته العملية في المؤسسة العربية الحديثة عام 1992 ككاتب رعب لسلسلة ما وراء الطبيعة وقدم أولى رواياته تحت اسم "" أسطورة مصاص الدماء "" ، لكن واجهتها اعتراضات كثيرة داخل المؤسسة العربية الحديثة ما جعله يصاب بإحباط شديد بعد رفض الرواية ونصحه البعض بالكتابة في الأدب البوليسي ، إلا أن "" أحمد المقدم "" أحد مسؤولي المؤسسة العربية الحديثة نصحه باستكمال الكتابة في أدب الرعب وساعده على مقابلة "" حمدي مصطفى "" مدير المؤسسة الذي عرض قصته على لجنة لاستبيان قوتها ، لكن اللجنة انتقدت فكرة الرواية والأسلوب

[Chunk 2]
الأشخاص: احمد توفيق
التواريخ: عام 2008، عام 2012، عام 2015، عام 2016
النص: ألف أحمد توفيق روايات حققت نجاحا جماهيريا واسعا ، وأشهرها ( رواية يوتوبيا ) عام 2008 وقد ترجمت إلى عدة لغات وأعيد نشرها في أعوام لاحقة ، وكذلك ( رواية السنجة ) التي صدرت عام 2012 ، و ( رواية مثل إيكاروس ) عام 2015 ثم رواية في ممر الفئران التي صدرت عام 2016 بالإضافة إلى مؤلفات أخرى مثل

[Chunk 3]
الأشخاص: احمد خالد توفيق، رفعت اسماعيل
التواريخ: 1993، 2014، العام 1959
النص: ماوراء الطبيعة سلسلة روايات خيالية للكاتب المصري أحمد خالد توفيق ، محورها ذكريات شخصية خيالية لطبيب أمراض دم مصري متقاعد اسمه رفعت إسماعيل حول سلسلة الحوادث الخارقة للطبيعة التي تعرض لها في حياته ، بدءا من العام 1959 ، أو الحكايات التي تصله من أشخاص مختلفين حول العالم ، سمعوا عن علاقته بعالم الخوارق بدأت سلسلة ماوراء الطبيعة في 1993 ، وصدر منها حتى 2014 العدد 80 وهو أسطورة الأساطير الجزء الثاني والذي انهى فيه الكاتب حياة رفعت إسماعيل بمرض عضال مع وعد بصدور حكايات لم يحكها بعد وجدت في مذكراته بعد وفاته",ما هو اسم اول روايه لمحمد توفيق ؟,أسطورة مصاص الدماء,لم يتم ذكر اسم أول رواية لمحمد توفيق في السياق المقدم.,0.76,0.91,0.2
"[Chunk 1]
الأشخاص: سلمان بن عبد العزيز، فيصل بن عبد العزيز ال سعود
المنظمات: هيية البيعة السعودية
الأماكن: عسير، مكة المكرمة
التواريخ: 16 مايو 2007، 22 ديسمبر 2013، عام 1971، عام 2015
النص: عين أميرا لمنطقة عسير عام 1971 و في 16 مايو 2007 عين أميرا على منطقة مكة المكرمة ، وفي 22 ديسمبر 2013 عين وزير التربية والتعليم حتى عام 2015 ، ثم تم تعيينه مستشارا للملك سلمان بن عبد العزيز ، وأمير منطقة مكة المكرمة ( للمرة الثانية ) وهو عضو في هيئة البيعة السعودية عن والده الملك فيصل بن عبد العزيز آل سعود

[Chunk 2]
الأماكن: مكة المكرمة
التواريخ: 1971، مطلع عام 1391 ه
النص: في مطلع عام 1391 ه الموافق 1971 م صدر الأمر الملكي الكريم بتعيينه وكيلا لإمارة منطقة مكة المكرمة

[Chunk 3]
الأشخاص: عبدال
المنظمات: مجلس الشورى
الأماكن: الاست، للحج
التواريخ: عام 1326 ه
النص: فقدم معه للحجاز وأقام في مكة ، وفي أيام عمه عون الرفيق أبعد إلى الاستانة ، وعين عضوا في مجلس الشورى ، وظل في الآستانة إلى أن عين بعد وفاة عمه الثالث عبدالإله أميرا لمكة عام 1326 ه",في أي تاريخ عين خالد الفيصل أميرا لمنطقة مكة المكرمة ؟,في 16 مايو 2007,عين خالد الفيصل أميرا لمنطقة مكة المكرمة في 16 مايو 2007.,0.93,0.93,0.91
"[Chunk 1]
الأشخاص: احمد شوقي، العق، الماز، بنت الشاطي، زكي مبارك، طه حسين، عايشة عبد الرحمن، عبد الرحمن شكري، مصطفى جواد، مصطفى صادق الرافعي
الأماكن: القاهرة
التواريخ: عام 1964 م
النص: اشتهر بمعاركه الأدبية والفكرية مع الشاعر أحمد شوقي ، والدكتور طه حسين ، والدكتور زكي مبارك ، والأديب مصطفى صادق الرافعي ، والدكتور العراقي مصطفى جواد ، و الدكتورة عائشة عبد الرحمن ( بنت الشاطئ ) ، كما اختلف مع زميل مدرسته الشعرية الشاعر عبد الرحمن شكري ، وأصدر كتابا من تأليفه مع المازني بعنوان الديوان هاجم فيه أمير الشعراء أحمد شوقي ، وأرسى فيه قواعد مدرسته الخاصة بالشعر ، توفي العقاد في القاهرة عام 1964 م .

[Chunk 2]
النص: عنوان الكتاب هو "" شمس المعارف الكبرى ، ولطائف العوارف "", ( يختصر أحيانا شمس المعارف ولطائف العوارف ) في أربعة أجزاء ومجلد واحد من ما يقرب من ستة مائة صفحة تأليف

[Chunk 3]
الأشخاص: عباس محمود العقاد
المنظمات: مجلس النواب المصري، مجمع اللغة العربية
الأماكن: اسوان
التواريخ: عام 1889 م
النص: عباس محمود العقاد أديب ومفكر وصحفي وشاعر مصري ، ولد في أسوان عام 1889 م ، وهو عضو سابق في مجلس النواب المصري ، وعضو في مجمع اللغة العربية ، لم يتوقف إنتاجه الأدبي بالرغم من الظروف القاسية التي مر بها",ما عنوان الكتاب الذي ألفه عباس العقاد مع المازني ؟,الديوان,"عنوان الكتاب الذي ألفه عباس العقاد مع المازني هو ""الديوان"".",0.92,0.92,0.93
"[Chunk 1]
النص: وكلمة الكترون هي مركبة مستنبطة من كلمة الكتريك "" electric "" ولاحقتها ون -"" on "" ، والتي استخدمت بعد ذلك للإشارة إلى الجسيمات دون الذرية مثل البروتون والنيوترون

[Chunk 2]
المنظمات: سوني، كمبيوتر انترتينمنت، مايكروسوفت
التواريخ: 20 فبراير عام 2013
النص: هو منصة ألعاب فيديو من تطوير شركة سوني كمبيوتر إنترتينمنت أعلن عنه خلفا للبلاي ستيشن 3 خلال مؤتمر في 20 فبراير عام 2013 وهو رابع نظام ألعاب فيديو تنتجه شركة سوني بعد نظامي البلاي ستيشن 3 والبلاي ستيشن 2 يتنافس البلاي ستيشن 4 كنظام ألعاب فيديو من الجيل الثامن مع نظام ألعاب الفيديو المطور من قبل شركة مايكروسوفت إكس بوكس ون ، والوي يو المطور من قبل شركة نينتندو

[Chunk 3]
الأشخاص: كي دي لوفي
النص: تتبع "" ون بيس "" مغامرات مونكي دي لوفي ، فتى شاب اكتسب جسمه خصائص المطاط بعد أكله بالخطأ فاكهة الشيطان ( فاكهة المحيط حسب الدبلجة العربية الرسمية ) ، وطاقمه المتنوع من القراصنة ، المسمين قراصنة قبعة القش","لماذا تم أستخدام ون -"" on "" بعد الكتريك ؟",للإشارة إلى الجسيمات دون الذرية,"استُخدمت اللاحقة ""ون -"" (on) بعد كلمة ""الكتريك"" للإشارة إلى الجسيمات دون الذرية مثل البروتون والنيوترون.",0.4,0.91,0.91
"[Chunk 1]
النص: عد بعض الباحثين نحوا من 370 مؤلفا حول نهج البلاغة من الشرح والتفسير والترجمة وغيرها ، وقد طبعت إلى الآن نحو من خمس عشرة ترجمة لنهج البلاغة

[Chunk 2]
الأشخاص: جعفر شهيدي، علي نقي فيض الاسلام
النص: وهذا ما يوضح إلى حد ما مكانة الكتاب وقيمته بين المسلمين هناك ترجمات فارسية كثيرة لنهج البلاغة ، يمكن أن نذكر من أشهرها ترجمة السيد علي نقي فيض الإسلام والدكتور السيد جعفر شهيدي

[Chunk 3]
الأشخاص: علي بن ابي طالب
النص: نهج البلاغة اسم وضعه الشريف الرضي على كتاب جمع فيه المختار من كلام الإمام علي بن أبي طالب في الخطب والمواعظ والحكم وغيرها ويعد جمع نهج البلاغة من أبرز ما تركه الشريف الرضي",ما سبب كثرة المؤلفات والتراجم والشروح لكتاب نهج البلاغة ؟,مكانة الكتاب وقيمته بين المسلمين,"يُعزى السبب في كثرة المؤلفات والتراجم والشروح لكتاب نهج البلاغة إلى مكانته وقيمته العالية بين المسلمين، حيث يضم مختارات من كلام الإمام علي بن أبي طالب في مختلف المواضيع.",0.92,0.92,0.91
"[Chunk 1]
الأشخاص: ابن بطوطة، ارطغرل، جرجس باشيميريس، يوحنا السادس قانتاقوزن
التواريخ: 130، القرن الخامس عشر الميلادي
النص: لا توجد أي مصادر إسلامية أو بيزنطية معاصرة لأرطغرل تتحدث عنه ، فعلى سبيل المثال لم يأت ذكره عند المؤرخ البيزنطي جرجس باشيميريس ( المولود حوالي 1242 م - والمتوفى 1310 م ) ، ولا في مصادر متأخرة مثل ابن بطوطة ( 1304 م -1377 م ) أو الإمبراطور والمؤرخ البيزنطي يوحنا السادس قانتاقوزن ( مولود 1354- متوفى 1347 ) ولكن هناك تفاصيل مكتوبة عن حياة أرطغرل في السجلات العثمانية الأولى التي ترجع إلى القرن الخامس عشر الميلادي ، ولكنها تبدو في نظر بعض المؤرخين أسطورية إلى حد كبير

[Chunk 2]
الأماكن: ابور
التواريخ: 1 سبتمبر 87، ة شوال 256 ه، ليلة عيد الفطر السبت
النص: امتحن أواخر حياته وتعصب عليه حتى أخرج من نيسابور وبخارى فنزل إحدى قرى سمرقند فمرض وتوفي بها ليلة عيد الفطر السبت غرة شوال 256 ه الموافق 1 سبتمبر 870 م

[Chunk 3]
الأشخاص: اليزابيث الثانية
التواريخ: 6 فبراير 1952
النص: توفي في 6 فبراير 1952 بسبب سرطان الرئة وحلت محله على العرش ابنته الأميرة إليزابيث ("" الملكة إليزابيث الثانية بعد ذلك "")",متى توفي أرطغرل ؟,عام 1281 م,"لا توجد معلومات محددة عن تاريخ وفاة أرطغرل في السياق المقدم، ولكن تشير السجلات العثمانية الأولى إلى أنه عاش في القرن الخامس عشر الميلادي.",0.7,0.5,0.5
"[Chunk 1]
المنظمات: الاتحاد الدولي، الفيفا، ريال مدريد
التواريخ: 2004، 2015
النص: حصل النادي على وسام الاستحقاق من الفيفا سنة 2004 ، كما أعاد الاتحاد الدولي سالف الذكر تصنيف ريال مدريد كأفضل ناد في العالم سنة 2015 ، التي تصدر فيها أيضا قائمة أندية الدوري الأوروبي لكرة القدم

[Chunk 2]
المنظمات: الاتحاد الدولي لتاريخ واحصاءات كرة القدم، الفيفا
التواريخ: 11 مايو 2010، 23 ديسمبر 2000، القرن العشرين
النص: وفي 23 ديسمبر 2000 ، اختارت الفيفا الفريق الإسباني ليكون "" أفضل نادي في القرن العشرين "" ، ثم اختاره الاتحاد الدولي لتاريخ وإحصاءات كرة القدم بتاريخ 11 مايو 2010 ليكون أفضل ناد أوروبي في القرن العشرين

[Chunk 3]
المنظمات: بالاس، ريال مدريد، مدريد الملكي لكرة القدم
الأماكن: مدريد
التواريخ: القرن العشرين، عام 1902
النص: ريال مدريد ( بالإسبانية ، وتعني فريق مدريد الملكي لكرة القدم ) هو فريق كرة قدم محترف إسباني أسس عام 1902 ، مقره العاصمة الإسبانية مدريد يلعب الفريق في الدوري الإسباني واختير كأفضل فريق كرة قدم في القرن العشرين ، وقد فاز بالدوري الإسباني 33 مرة ( رقم قياسي ) ، وتسعة عشر مرة بكأس ملك إسبانيا وأحرز رقما قياسيا بحيازته 13 بطولة في دوري أبطال أوروبا",بأي عام اختارت الفيفا اريال مدريد كأفضل نادي ؟,23 ديسمبر 2000,اختارت الفيفا ريال مدريد كأفضل نادي في القرن العشرين في عام 2000.,0.92,0.92,0.92
"[Chunk 1]
الأشخاص: محمد بوضياف
المنظمات: الجناح العسكري
الأماكن: الشرق الجزايري
التواريخ: عام 1947، عام 1949، عام 1950
النص: عام 1947 كان من بين الشباب الأوائل الذين التحقوا بصفوف المنظمة الخاصة حيث ما لبث أن أصبح من أبرز عناصر هذا التنظيم و في عام 1949 أصبح مسؤول الجناح العسكري بسطيف وفي نفس الوقت نائبا لرئيس أركان التنظيم السري على مستوى الشرق الجزائري الذي كان يتولاه يومذاك محمد بوضياف ، و في عام 1950 ارتقى إلى منصب مسؤول التنظيم بعد أن تم نقل محمد بوضياف للعاصمة

[Chunk 2]
الأشخاص: حسني مبارك
المنظمات: المجلس الاعلى للقوات المسلحة
التواريخ: 1 يوليو 2012، 11 فبراير 2011
النص: تولى رئاسة مصر بصفته رئيس المجلس الأعلى للقوات المسلحة بعد تنحي الرئيس السابق حسني مبارك في 11 فبراير 2011 وظل حتى قيام الرئيس المنتخب بإداء اليمين الدستوري وتسلم منصبه في 1 يوليو 2012

[Chunk 3]
المنظمات: الجيش الوطني الشعبي الجزايري
التواريخ: 03 اغسطس 2004، 05 يوليو 2006، 11 سبتمبر 2013
النص: بتاريخ 03 أغسطس 2004 ، تم تعيينه رئيسا لأركان الجيش الوطني الشعبي ، و من ثم تقلد رتبة فريق بتاريخ 05 يوليو 2006 ، منذ 11 سبتمبر 2013 تم تعيينه نائبا لوزير الدفاع الوطني ، رئيسا لأركان الجيش الوطني الشعبي الجزائري",متى تولى العربي منصب مسؤول التنظيم ؟,في عام 1950,تولى العربي منصب مسؤول التنظيم في عام 1950.,0.7,0.91,0.91
"[Chunk 1]
الأشخاص: ابن القيم، ابن تيمية
الأماكن: دمشق
التواريخ: 1328 م، 2 ه / 1313 م، 8 ه
النص: ولد ابن القيم سنة 691 ه الموافقة لسنة 1292 م ، فنشأ في مدينة دمشق ، واتجه لطلب العلم في سن مبكرة ، فأخذ عن عدد كبير من الشيوخ في مختلف العلوم منها التفسير والحديث والفقه والعربية ، وقد كان ابن تيمية أحد أبرز شيوخه ، حيث التقى به في سنة 712 ه / 1313 م ، فلازمه حتى وفاته في سنة 728 ه / 1328 م ، فأخذ عنه علما جما واتسع مذهبه ونصره وهذب كتبه ، وقد كانت مدة ملازمته له سبعة عشر عاما تقريبا

[Chunk 2]
الأشخاص: ابن تيمية، ابو بكر بن ايوب الزرعي
المنظمات: المدرسة الجوزية
النص: نشأ ابن القيم حنبلي المذهب فقد كان والده "" أبو بكر بن أيوب الزرعي "" قيما على "" المدرسة الجوزية الحنبلية "" ، و عندما شب واتصل بشيخه ابن تيمية حصل تحول بحياته العلمية ، فأصبح لا يلتزم في آرائه وفتاويه بما جاء في المذهب الحنبلي إلا عن اقتناع وموافقة الدليل من الكتاب والسنة ثم على آراء الصحابة وآثار السلف ، ولهذا يعتبره العلماء أحد المجتهدين

[Chunk 3]
الأشخاص: ابي بكر، ايوب بن سعد بن حريز الزرعي، عبد الله، محمد
المنظمات: ابن القيم، ابن قيم الجوزية
النص: أبو عبد الله شمس الدين محمد بن أبي بكر بن أيوب بن سعد بن حريز الزرعي ( 691 ه - 751 ه / 1292 م - 1350 م ) المشهور باسم "" ابن قيم الجوزية "" أو "" ابن القيم """,من أبرز شيوخ ابن القيم ؟,ابن تيمية,أبرز شيوخ ابن القيم هو ابن تيمية.,0.92,0.93,0.91
"[Chunk 1]
الأشخاص: ابراهيم بن موسى، ان بن ربيعة بن مرخان، خان بن ابراهيم، خان بن مقرن بن مرخان، ربيعة بن مانع، مانع المريدي، مانع بن ربيعة المريدي، موسى ابن ربيعة، يزيد
الأماكن: ال يزيد، الدر، القطيف، النعم، بالد، حجر اليمامة، صيبة، وادي حنيفة، والمل، والو
النص: بلدة الدرعية أسسها مانع بن ربيعة المريدي سماها بالدرعية على اسم بلدتهم التي قدموا منها ، وهي الدرعية ( بلدة أو قرية صغيرة بالقرب من القطيف ) ، وهي منسوبة إلى جده درع ، وقد قدم مانع المريدي بعد أن دعاه ابن عمه ابن درع إلى حجر اليمامة لأخذ منطقة بالقرب من وادي حنيفة هما غصيبة والملبيد ، ولما توفى مانع خلفه ابنه ربيعة بن مانع فترأس أهل البلد ، وتكاثر سكان الدرعية ، فأراد ربيعة توسعة رقعتها بالاستحواذ على جانب من أراضي آل يزيد وكانت لهم قريتا النعمية والوصيل المجاورتان للدرعية ، فقاتلهم ، وقوى موسى ابن ربيعة ، فأصبح على الإمارة في أيام أبيه ، واستقر في الحكم وقضى على شوكة جيرانه آل يزيد ، وأجلاهم عن قريتيهم وألحقهما بأراضي الدرعية ، وحكم بعده ابنه إبراهيم بن موسى ثم ولده مرخان بن إبراهيم ، بعد وفاة مرخان ، تأمر ابناه ربيعة ومقرن مشتركين معا ، وتداول الإمارة بعدهما ، ابناهما وطبان بن ربيعة بن مرخان ، ومرخان بن مقرن بن مرخان

[Chunk 2]
الأشخاص: ربيعة بن مانع، زيد بن مرخان، سعود بن محمد بن مقرن، محمد بن سعود
الأماكن: الجزيرة العربية، الدر، بالد، مانع
التواريخ: عام 1132 ه، عام 1137 ه، عام 1139 ه الموافق 1725 م، عيد الفطر، ليلة
النص: وأنشأ مانع في هذين المكانين بلدة قوية سميت بالدرعية نسبة إلى الدروع ، وأخذت مكانها في قلب الجزيرة العربية حتى أصبحت إمارة معروفة استمرت أسرة ربيعة بن مانع في إمارة الدرعية منذ ذلك العام إلى أن تولى سعود بن محمد بن مقرن عام 1132 ه وبعد وفاته ليلة عيد الفطر عام 1137 ه تولى زيد بن مرخان في فترة تقل عن السنتين ، حيث تولى بعده الأمير محمد بن سعود الذي أصبح يلقب فيما بعد بالإمام وذلك عام 1139 ه الموافق 1725 م وقاد البلاد إلى مرحلة جديدة في تاريخ المنطقة ، حيث نجح في تأسيس دولة واسعة النفوذ

[Chunk 3]
الأشخاص: عبد العزيز ال سعود، مانع بن ربيعة المريدي، محمد بن سعود
المنظمات: الدولة السعودية، المملكة العربية السعودية، امارة نجد، سلطنة نجد، مملكة الحجاز
الأماكن: الدر، القطيف، المملكة العربية السعودية
التواريخ: 115، 123، 130، 131، 189، 190، 22 جمادى الاولى 1351 ه، 23 سبتمبر 1932، 3 ه، 8 ه، القرن الخامس عشر
النص: تاريخ المملكة العربية السعودية في أواسط القرن الخامس عشر الميلادي هاجر الجد الأكبر لأسرة آل سعود مانع بن ربيعة المريدي من جوار القطيف إلى نجد حيث استقر وقام بتأسيس مدينة الدرعية وكانت بداية السعودية بتأسيس الدولة السعودية الأولى ( إمارة الدرعية ) على يد الإمام محمد بن سعود سنة 1157 ه / 1744 والتي انتهت سنة 1233 ه / 1818 ، ثم تبعتها الدولة السعودية الثانية ( إمارة نجد ) وكانت قد بدأت بعد سقوط الدولة الأولى إلى أن انتهت سنة 1308 ه / 1891 لاحقا جرت محاولات لتأسيس دولة سعودية ثالثة فتم ذلك على يد عبد العزيز آل سعود سنة 1319 ه / 1902 ، فأصبحت لاحقا سلطنة نجد ثم بعد ذلك مملكة الحجاز ونجد وملحقاتها إلى أن أصبحت تحت مسمى المملكة العربية السعودية بعد توحيد جميع أراضيها في كيان واحد ، وكان ذلك في 22 جمادى الأولى 1351 ه / 23 سبتمبر 1932 م",كيف أراد ربيعة بن مانع أن يوسع رقعة بلدة الدرعية ؟,بالاستحواذ على جانب من أراضي آل يزيد,أراد ربيعة بن مانع توسعة رقعة بلدة الدرعية بالاستحواذ على جانب من أراضي آل يزيد.,0.93,0.91,0.93
"[Chunk 1]
الأشخاص: البخاري، ع بن الجراح، عبد الله بن المبارك
التواريخ: 194 ه، 20 يوليو 810، الثالث عشر من شوال، ليلة الجمعة
النص: من أهم علماء الحديث وعلوم الرجال والجرح والتعديل والعلل عند أهل السنة والجماعة ، وأحد كبار الحفاظ الفقهاء ولد في بخارى ليلة الجمعة الثالث عشر من شوال سنة 194 ه ، الموافق 20 يوليو 810 م وتربى في بيت علم حيث كان أبوه من العلماء المحدثين الراحلين في طلب الحديث ، وتوفي والإمام البخاري صغير فنشأ البخاري يتيما في حجر أمه ، وطلب العلم منذ صغره فدخل الكتاب صبيا وأخذ في حفظ القرآن الكريم وأمهات الكتب المعروفة في زمانه ، حتى إذا بلغ العاشرة من عمره ، بدأ في حفظ الحديث ، والاختلاف إلى الشيوخ والعلماء ، وملازمة حلقات الدروس ، ثم حفظ كتب عبد الله بن المبارك ووكيع بن الجراح وهو ابن ست عشرة

[Chunk 2]
الأشخاص: ابن عساكر، اج الدين السبكي، اد بن زيد، البخاري، جي معروف، روق عمر فوزي، عبد الله بن المبارك، مالك بن انس، مصطفى جواد، وابن تغري، وابن حجر العسقلاني، وزين الدين العراقي، وصالح احمد العلي، وعبد العزيز الدوري، يد ابراهيم احمد العبيدي، ين علي محفوظ
الأماكن: اوزبكستان
التواريخ: 194 ه، الثالث عشر من شوال سنة، الجمعة، ليلة
النص: وقيل أنه عربي أصله من الجعفيين فذكر عدد من العلماء أن جده الأكبر هو الأحنف الجعفي وأن "" بردزبه "" صفة وليس اسم وتعني "" الفلاح "" وهو ما تعود العرب عليه في البلدان الأعجمية ، وممن اعتمد هذا الرأي ابن عساكر ، وابن حجر العسقلاني ، وتاج الدين السبكي ، وزين الدين العراقي ، وابن تغري ، ورجحه عدد من المعاصرين منهم مصطفى جواد ، وناجي معروف ، وعبد العزيز الدوري ، وصالح أحمد العلي ، وحسين علي محفوظ ، وفاروق عمر فوزي ولبيد إبراهيم أحمد العبيدي ولد الإمام البخاري في بخارى إحدى مدن أوزبكستان حاليا ، ليلة الجمعة الثالث عشر من شوال سنة 194 ه ، وتربى في بيت علم إذ كان أبوه من العلماء المحدثين ، واشتهر بين الناس بسمته وورعه ، ورحل في طلب الحديث وروى عن مالك بن أنس وحماد بن زيد كما رأى عبد الله بن المبارك

[Chunk 3]
الأشخاص: فاطمة بنت اسد، محمد
الأماكن: المدينة المنورة
النص: ولد في مكة وتشير مصادر التاريخ بأن ولادته كانت في جوف الكعبة ، و أمه فاطمة بنت أسد الهاشمية أسلم قبل الهجرة النبوية ، وهو ثاني أو ثالث الناس دخولا في الإسلام ، وأول من أسلم من الصبيان هاجر إلى المدينة المنورة بعد هجرة الرسول بثلاثة أيام وآخاه النبي محمد مع نفسه حين آخى بين المسلمين ، وزوجه ابنته فاطمة في السنة الثانية من الهجرة",أين ولد الامام البخاري ؟,بخارى,"ولد الإمام البخاري في بخارى، إحدى مدن أوزبكستان حالياً.",0.7,0.93,0.92
"[Chunk 1]
التواريخ: 1977
النص: درب الزلق , هو مسلسل كويتي كوميدي يعد من أشهر وأبرز المسلسلات الخليجية والعربية على الإطلاق والذي عرض في أغلب محطات التلفزيون العربية وهو من إنتاج سنة 1977

[Chunk 2]
الأشخاص: سعد الفرج، وخالد النفيسي، وعبد العزيز النمش، وعلي المفيدي
الأماكن: بالخ
النص: قدم أشهر المسلسلات الخليجية على الإطلاق والذي لا يزال المسلسل الأول بالخليج وهو مسلسل درب الزلق مع سعد الفرج وخالد النفيسي وعبد العزيز النمش وعلي المفيدي

[Chunk 3]
الأشخاص: زهرة، عدنان، علي المفيدي، فارس، همام
المنظمات: معهد الدراسات التجارية
التواريخ: 10 سبتمبر 1939، 28 اكتوبر 2008، عام 1985
النص: علي المفيدي ( 10 سبتمبر 1939 - 28 أكتوبر 2008 ) ، ممثل ومخرج كويتي عمل بالإذاعة قبل الانتقال إلى التمثيل ، اشتهر بدور « قحطة » بمسلسل درب الزلق ، اشترك في دبلجة بعض المسلسلات الكرتونية ، فقام بتمثيل دور « فارس » في مغامرات عدنان ، وشخصية « همام » في الرجل الحديدي ، بدأ دراسته على يد « المطوعة زهرة » وتعلم القراءة والكتابة وحفظ القرآن ، وبعدها أكمل تعليمه في « معهد الدراسات التجارية » في عام 1985 ، وتميز في اللغة العربية واللغة الإنجليزية والطباعة على الآلة الكاتبة",من مخرج مسلسل درب الزلق ؟,حمدي فريد,"لم يتم ذكر اسم المخرج بشكل صريح في السياق، ولكن يمكن الاستنتاج أن علي المفيدي هو أحد الممثلين والمخرجين في المسلسل، حيث تم الإشارة إلى اشتهاره بدور ""قحطة"" في المسلسل.",0.74,0.41,0.33
"[Chunk 1]
الأشخاص: لمحمد انور السادات، محمد حسني مبارك
المنظمات: للمجلس الاعلى للقوات المسلحة، ورية مصر العربية
الأماكن: المنوفية، كفر المصيلحة
التواريخ: 1 رجب 1441 ه، 11 فبراير 2011، 14 اكتوبر 1981، 25 فبراير 2020، 4 مايو 1928
النص: محمد حسني مبارك وشهرته حسني مبارك ( 4 مايو 1928 - 1 رجب 1441 ه / 25 فبراير 2020 ) من مواليد كفر المصيلحة بمحافظة المنوفية ، هو الرئيس الرابع لجمهورية مصر العربية من 14 أكتوبر 1981 خلفا لمحمد أنور السادات ، وحتى في 11 فبراير 2011 بتنحيه تحت ضغوط شعبية وتسليمه السلطة للمجلس الأعلى للقوات المسلحة

[Chunk 2]
الأشخاص: علاء الدين محمد حسنى، لمحمد حسني مبارك
المنظمات: ورية مصر العربية
التواريخ: 26 نوفمبر 1960
النص: علاء الدين محمد حسنى السيد مبارك ( 26 نوفمبر 1960-) هو الابن الأكبر لمحمد حسني مبارك الرئيس الأسبق لجمهورية مصر العربية

[Chunk 3]
الأشخاص: مبارك بن صباح الصباح
الأماكن: الكويت
التواريخ: 28 نوفمبر 1915
النص: الشيخ مبارك بن صباح الصباح ( 1837 - 28 نوفمبر 1915 ) حاكم الكويت السابع والمؤسس الحقيقي لها",من هو محمد حسني مبارك ؟,الرئيس الأسبق لجمهورية مصر العربية,"محمد حسني مبارك، المعروف بحسني مبارك، هو الرئيس الرابع لجمهورية مصر العربية من 14 أكتوبر 1981 حتى تنحيه في 11 فبراير 2011 تحت ضغوط شعبية.",0.9,0.92,0.91
"[Chunk 1]
المنظمات: بريطانيا، جمهورية شمال قبرص التركية
التواريخ: 1960، 1974، 1983
النص: استقلت سنة 1960 عن بريطانيا تم تقسيمها بعد التدخل العسكري التركي سنة 1974 إلى جزئين ذو أغلبية سكانية يونانية ( في الوسط والجنوب ) وجزء ذو أغلبية سكانية تركية ( في الشمال ) أعلن في سنة 1983 قيام جمهورية شمال قبرص التركية في القسم التركي

[Chunk 2]
المنظمات: جمهورية قبرص
الأماكن: جنوب شرق اوروبا، شرق حوض البحر الابيض المتوسط، قبرص، وشمال غرب اسيا
النص: قبرص رسميا جمهورية قبرص دولة قائمة على جزيرة في شرق حوض البحر الأبيض المتوسط في جنوب شرق أوروبا وشمال غرب آسيا

[Chunk 3]
الأماكن: جمهورية قبرص
التواريخ: عام 2011
النص: وفقأ لتعداد عام 2011 فإن 94 8 % من سكان جمهورية قبرص ( الشطر اليوناني من الجزيرة ) هم من المسيحيين الأرثوذكس ، و 0",اين توجد اغلبية السكان الاتراك في قبرص ؟,( في الشمال ),تقع الأغلبية التركية للسكان في الجزء الشمالي من قبرص.,0.92,0.92,0.92
"[Chunk 1]
الأماكن: بيروت
التواريخ: عام 2006
النص: حصلت في عام 2006 على جائزة أفضل مذيعة في المهرجان العربي الرابع للإعلام في بيروت

[Chunk 2]
المنظمات: الجزيرة، العربية، قناة
الأماكن: الدوحة
التواريخ: 1 نوفمبر 1996
النص: قناة الجزيرة هي قناة تلفزيونية إخبارية تابعة لشبكة الجزيرة الإعلامية ، تأسست في 1 نوفمبر 1996 ، ويقع ومقرها في العاصمة القطرية الدوحة في البداية بدأت بوصفها قناة فضائية للأنباء العربية والشؤون الجارية ومنذ ذلك الحين مع نفس الاسم "" الجزيرة "" ، توسعت القناة لتصبح شبكة إعلامية دولية بعدد من المنافذ ، منها شبكة الإنترنت وقنوات تلفازية متخصصة في لغات متعددة في عدة مناطق من العالم

[Chunk 3]
المنظمات: اسبانيا، المغرب
الأماكن: الصحراء الغربية، المحيط الاطلسي، المغرب العربي، المغرب الكبير، ساحل البحر الابيض المتوسط، شمال افريقيا، موريتانيا، والجزاير، والمغرب، وتونس، وليبيا
النص: المغرب العربي أو المنطقة المغاربية أو المغرب الكبير ( تاريخيا بلاد المغرب ، بلد المغرب أو ببساطة "" المغرب "") هي منطقة تقع في شمال أفريقيا ، ممتدة على ساحل البحر الأبيض المتوسط وحتى المحيط الأطلسي ، وهي تشمل بالأساس خمسة دول هي موريتانيا والمغرب والجزائر وتونس وليبيا كما تشمل أراضي الصحراء الغربية المتنازع عليها ( التي تسيطر عليها المغرب في الغالب ) ومدينتي مليلية وسبتة ( التي تسيطر عليها إسبانيا وتعد جزء من المغرب ) وتبلغ مساحتها مجتمعة حوالي 5",أين أقاموا المهرجان العربي الرابع للإعلام ؟,في بيروت,أقيم المهرجان العربي الرابع للإعلام في بيروت.,0.76,0.92,0.91
"[Chunk 1]
الأشخاص: سعود، طلال بن عبدالعزيز
المنظمات: السعودية، الملك
الأماكن: فرنسا
النص: والده هو الأمير طلال بن عبدالعزيز شغل منصب سفير السعودية في فرنسا ، ووزير مالية الملك سعود لفترة وجيزة

[Chunk 2]
الأشخاص: الوليد بن طلال، رياض الصلح، منى الصلح
المنظمات: للبنان
الأماكن: الرياض
التواريخ: 194، 7 مارس 1955
النص: ولد الوليد بن طلال في 7 مارس 1955 في الرياض ، لأم لبنانية وأب سعودي أمه هي منى الصلح ابنة رياض الصلح أول رئيس وزراء للبنان المستقل في سنة 1943

[Chunk 3]
الأشخاص: احمد الكبير، رشيد، سارة، عبد الرحمن بن فيصل بن تركي ال سعود، مبارك الصباح، محمد بن تركي بن سليمان السديري
المنظمات: ال سعود، الدولة السعودية، حايل
الأماكن: البحرين، الرياض، الكويت
النص: ولد في الرياض لأسرة آل سعود الحاكمة في نجد ، ولما بلغ العاشرة من عمره انتقل مع عائلته إلى قطر ثم البحرين ثم إلى الكويت واستقبلهم أميرها مبارك الصباح بعد انتصار آل رشيد أمراء حائل على آل سعود ، والده عبد الرحمن بن فيصل بن تركي آل سعود آخر أئمة الدولة السعودية الثانية وأمه سارة بنت أحمد الكبير بن محمد بن تركي بن سليمان السديري",اين شغل والد الوليد منصب سفير السعودية ؟,في فرنسا,لم يذكر السياق أن والد الوليد بن طلال شغل منصب سفير السعودية في أي مكان.,0.9,0.2,0.3
"[Chunk 1]
الأشخاص: ادريس الاول، القذافي
المنظمات: للجيش الليبي، للقوات المسلحة، ليبيا، مجلس قيادة الثورة
الأماكن: ليبيا
التواريخ: 1969، الاول من سبتمبر / ايلول 1969، الفاتح من سبتمبر، عام 1977
النص: بعد انضمامه للجيش الليبي كون القذافي مجموعة الضباط الوحدويين الأحرار ، ولعب الملازم القذافي دورا جوهريا في الإنقلاب على الحكم السنوسي ذي الملكية الدستورية في ليبيا في الأول من سبتمبر / أيلول 1969 وأطاح بحكم الملك إدريس الأول ، سمى انقلابه بثورة الفاتح من سبتمبر وحكم ليبيا وهو شاب دون الثلاثين من العمر وأعلن الجمهورية في ليبيا أطلق على نفسه لقب قائد الثورة وشغل منصب رئيس مجلس قيادة الثورة حتى عام 1977 حين أعلن ليبيا أول جماهيرية في العالم وقدم نظام الحكم الجماهيري الجديد كما كان يشغل منصب القائد الأعلى للقوات المسلحة منذ سنة 1969

[Chunk 2]
الأشخاص: ادريس، القذافي
المنظمات: المملكة الليبية، لمجلس قيادة الثورة، ماهير، ية العربية الليبية الشعبية
الأماكن: الجمهورية، الليبية، ليبيا
التواريخ: 1969، 1977، 2011، العام 1969، عام 1977
النص: كان سياسيا وثوريا ليبيا وفي الواقع كان حاكم ليبيا لأكثر من 42 سنة رئيس مجلس قيادة الثورة في الجمهورية العربية الليبية 1969 - 1977 بعدها صار يعرف ب الأخ القائد للجماهيرية العربية الليبية الشعبية الإشتراكية العظمى 1977 - 2011 وصل القذافي إلى السلطة في إنقلاب عسكري خلع به الملك إدريس ملك المملكة الليبية في العام 1969 وظل رئيسا لمجلس قيادة الثورة حتى عام 1977 ، عندما تنحى رسميا من رئاسة مجلس قيادة الثورة ، ونصب نفسه "" قائدا للثورة ""

[Chunk 3]
الأشخاص: العقيد القذافي، معمر محمد عبد السلام القذافي
التواريخ: 20 اكتوبر 2011، 7 يونيو 1942
النص: معمر محمد عبد السلام القذافي ( 7 يونيو 1942 - 20 أكتوبر 2011 ) المعروف باسم العقيد القذافي",ماذا كون القذافي بعد انضمامه للجيش الليبي ؟,مجموعة الضباط الوحدويين الأحرار,كون القذافي مجموعة الضباط الوحدويين الأحرار.,0.93,0.93,0.93
"[Chunk 1]
الأشخاص: بيتر مينويت، وفان، ي دي فيرازانو
المنظمات: القوات البريطانية، للولايات المتحدة
الأماكن: جزيرة مانهاتن، نيو _، نيو امستردام، ويورك
التواريخ: 24 يونيو 1664، اكتوبر 1664، عام 1524 م، عام 1614 م، عام 1785 م، عام 1790 م
النص: وصل أول مستكشفيها الأوربيين جيوفاني دي فيرازانو في عام 1524 م ، فتعاقب المستكشفون من بعده ، ثم شهد المكان في عام 1614 م تأسيس مستعمرة فراء تجارية هولندية سميت في 1625 م "" نيو أمستردام "" على طرف مانهاتن الجنوبي ، واشترى بيتر مينويت جزيرة مانهاتن من الهنود الحمر في نفس العام ، حتى غزتها القوات البريطانية في 24 يونيو 1664 وسقطت في يدهم في أكتوبر 1664 من أيدي الهولنديين وغير اسمها إلى "" نيو _ يورك "" ، ثم أصبحت عاصمة للولايات المتحدة من عام 1785 م إلى عام 1790 م بعيد الثورة الأمريكية ، وفي رأي سميت بنيويورك إحياءا لإسم مدينة يورك البريطانية والتي ترجع اليها أغلبية أصول المهاجرين الجديد لهذه المدينة .

[Chunk 2]
الأماكن: كندا
التواريخ: القرن الخامس عشر الميلادي
النص: وحين استعمرهم الأوربيون ( في القرن الخامس عشر الميلادي ) واجهوا تحديات كبيرة ، ورغم أن البعض تعايش وتبادل التجارة مع المستعمر واستوعب تقنياته إلا أن المستعمر الأوربي استولى على أراضيهم وعمل على إبادتهم في ( كندا ) و ()

[Chunk 3]
الأشخاص: كريست، وفر كولمبس
النص: الأمريكان القدماء أو الأمريكان الأصليون وأحيانا باسم الهنود الأمريكان أو الهنود الحمر هي أسماء تطلق على عرقيات السكان الأصليين للأمريكيتين قبل عصر كريستوفر كولمبس () وتطلق أيضا على السلالات التي انحدرت عنهم",ماذا فعل المستعمر الأوروبي بالهنود الحمر ؟,استولى على أراضيهم وعمل على إبادتهم في ( كندا ),استولى المستعمر الأوروبي على أراضي الهنود الحمر وعمل على إبادتهم في كندا.,0.9,0.93,0.92
"[Chunk 1]
النص: إن علم الأرض ( والمعروف أيضا باسم العلوم الأرضية أو العلوم الجغرافية أو علوم الأرض ) ، هو مصطلح يشمل كافة العلوم المتعلقة بكوكب الأرض هناك أربعة تخصصات رئيسية في علوم الأرض ، ألا وهي الجغرافيا والجيولوجيا والجيوفيزياء وعلم تقسيم الأرض تستخدم هذه التخصصات الرئيسية الفيزياء والكيمياء والبيولوجيا وعلم التسلسل الزمني والرياضيات لبناء فهم نوعي وكمي لمناطق الأرض أو أغلفتها الرئيسية

[Chunk 2]
النص: تميز علوم الأرض عموما بين أربعة أغلفة وهي الغلاف الصخري ، والغلاف المائي ، والغلاف الجوي ، والمحيط الحيوي كنظائر للصخور والماء والهواء والحياة على التوالي

[Chunk 3]
الأماكن: الشرق الاوسط
النص: تشير الأبحاث الجيولوجية واستنادا إلى دراسة المتحجرات وطبقات علم الأرض إن هناك دلائل على حدوث فيضان في منطقة الشرق الأوسط في العصور القديمة ولكن الأبحاث لم تؤكد المعتقد الديني السائد أن الطوفان المذكور قد شمل جميع بقاع الأرض",ما هي العلوم التي يشملها علم الأرض ؟,الجغرافيا والجيولوجيا والجيوفيزياء وعلم تقسيم الأرض,"يشمل علم الأرض التخصصات الرئيسية في الجغرافيا والجيولوجيا والجيوفيزياء وعلم تقسيم الأرض، والتي تستخدم الفيزياء والكيمياء والبيولوجيا وعلم التسلسل الزمني والرياضيات لدراسة كوكب الأرض وأغلفته الرئيسية.",0.9,0.92,0.92
"[Chunk 1]
المنظمات: باير
النص: يظهر البرنامج في المرتبة 21 في قائمة "" دليل التلفزيون لأفضل 50 برنامج تلفزيوني في التاريخ "" ، والمرتبة 7 في أفضل 50 برنامج تلفزيوني في التاريخ حسب مجلة "" إمباير ""

[Chunk 2]
النص: تلقى "" فريندز "" إشادة في جميع مواسمه ، ليصبح واحدا من البرامج التلفزيونية الأكثر شعبية في كل العصور

[Chunk 3]
الأشخاص: ا كوفمان، ديفيد كرين
المنظمات: ان بي سي
التواريخ: 22 سبتمبر 1994، 6 مايو 2004
النص: أصدقاء أو فريندز هو كوميديا موقف ( سيت كوم ) أمريكي تم عمله بواسطة ديفيد كرين ومارتا كوفمان ، وتم بثه على شبكة إن بي سي من 22 سبتمبر 1994 إلى 6 مايو 2004 ، استمر لعشرة مواسم",في أي مرتبة ظهر مسلسل فريندز في قائمة دليل التلفزيون لأفضل 50 برنامج تلفزيوني في التاريخ ؟,في المرتبة 21,"احتل مسلسل ""فريندز"" المرتبة الحادية والعشرين في قائمة ""دليل التلفزيون لأفضل 50 برنامج تلفزيوني في التاريخ"".",0.9,0.93,0.91
"[Chunk 1]
الأشخاص: ت جرجس فغالي، جاني، صباح، فيروز، يع الصافي
التواريخ: 10 نوفمبر 1927، 26 نوفمبر 2014، عقد 2000، منتصف العقد 1940
النص: جانيت جرجس فغالي ( 10 نوفمبر 1927 - 26 نوفمبر 2014 ) مغنية وممثلة لبنانية اشتهرت فنيا باسم صباح إحدى أيقونات الفن العربي ، وواحدة من الأيقونات اللبنانية إلى جانب فيروز ووديع الصافي ، امتدت حياتها المهنية من منتصف العقد 1940 حتى عقد 2000 ، لتترك خلفها إرثا فنيا تلفزيونيا سينيمائيا ومسرحيا كبيرا خلدها كأسطورة في المجال الفني على مر العصور ، اشتهرت بألقاب كثير منها "" الشحرورة "" و "" الصبوحة "" و "" صوت لبنان ""

[Chunk 2]
الأشخاص: جاني
الأماكن: جبل لبنان، قضاء بعبدا، وادي شحرور
التواريخ: 10 نوفمبر 1927
النص: من مواليد 10 نوفمبر 1927 ، في عائلة متواضعة ، نشأت الفتاة الصغيرة "" جانيت "" في وادي شحرور إحدى القرى اللبنانية من قرى قضاء بعبدا في محافظة جبل لبنان

[Chunk 3]
الأماكن: الدقهلية، القاهرة، بالخ
التواريخ: 3 فبراير 1975 م، 31 ديسمبر 1898، 4 مايو 1908 م
النص: هي مغنية وممثلة مصرية ، ولدت في محافظة الدقهلية بالخديوية المصرية في 31 ديسمبر 1898 م أو رسميا حسب السجلات المدنية في 4 مايو 1908 م ، وتوفيت في القاهرة بعد معاناة مع المرض في 3 فبراير 1975 م",من هي جانيت جرجس فغالي ؟,مغنية وممثلة لبنانية,"جانيت جرجس فغالي، المعروفة فنيا باسم صباح، هي مغنية وممثلة لبنانية اشتهرت بألقاب ""الشحرورة"" و""الصبوحة"" و""صوت لبنان""، وتركت إرثا فنيا كبيرا امتد من منتصف الأربعينيات حتى عقد 2000.",0.9,0.93,0.92
"[Chunk 1]
الأماكن: المحيط الاطلسي، فلوريدا، مثلث الشيطان، مثلث برمودا، ورت لودرديل
النص: مثلث برمودا ( المعروف أيضا باسم "" مثلث الشيطان "") هو منطقة جغرافية على شكل مثلث متساوي الأضلاع ( نحو 1500 كيلومتر في كل ضلع ) ومساحته حوالي مليون كم 2 ، يقع في المحيط الأطلسي بين برمودا ، وبورتوريكو ، وفورت لودرديل ( فلوريدا ) ، ويعتبر شقيق مثلث التنين

[Chunk 2]
المنظمات: ريطانيا
الأماكن: احل الجنوبي الشرقي لولاية فلوريدا، المحيط الاطلسي، بالولايات المتحدة الامريكية، وجزر البهاما، وجزر برمودا
النص: تقع منطقة برمودا في الجزء الغربي من المحيط الأطلسي مجاورة للساحل الجنوبي الشرقي لولاية فلوريدا ، بالولايات المتحدة الأمريكية ، ويشمل المثلث فلوريدا ( بالولايات المتحدة الأمريكية ) وجزر برمودا ( تابعة لبريطانيا ) وجزر البهاما

[Chunk 3]
الأماكن: الجزيرة، جزر برمودا
النص: وسميت بهذا الاسم نسبة إلى جزر برمودا المكونة من مجموعة من الجزر التي يبلغ عددها 300 جزيرة ، ليست كلها مأهولة بالسكان وإنما المأهول منها ثلاثون جزيرة ، عاصمتها "" هاملتون "" وتقع في الجزيرة الأم",ما الاسم الآخر لمثلث برمودا ؟,مثلث الشيطان,"مثلث برمودا يُعرف أيضًا باسم ""مثلث الشيطان"".",0.92,0.93,0.93
"[Chunk 1]
المنظمات: النازية
الأماكن: اوروبا
التواريخ: عام 1945
النص: في 1933 بلغ تعداد اليهود في أوروبا أكثر من تسعة ملايين وكان يعيش معظم اليهود الأوروبيون في الدول التي كانت الدولة النازية ستحتلها خلال الحرب العالمية الثانية قبل عام 1945 ، قتل الألمان والمتعاونون معهم حوالي اثنين من كل ثلاثة يهودي أوروبي كجزء من الحل النهائي وهو السياسة النازية لقتل يهود أوروبا ورغم أن اليهود كانوا هم المقصودين من العنصرية النازية

[Chunk 2]
الأماكن: الصحراء السورية
النص: ونفذت الإبادة الجماعية أثناء الحرب العالمية الأولى وبعدها ونفذت على مرحلتين - القتل الجماعي للذكور ذوي القدرة الجسدية من خلال المجزرة وتعريض المجندين بالجيش إلى السخرة ، ويليها ترحيل النساء والأطفال والمسنين والعجزة في مسيرات الموت المؤدية إلى الصحراء السورية

[Chunk 3]
الأشخاص: ولف هتلر
المنظمات: النازي
النص: الهولوكوست () ، تعرف أيضا باسم شوأه "" ( عبرية تلفظ "" هشوآء "" وتعني "" الكارثة "") ، هي إبادة جماعية وقعت خلال الحرب العالمية الثانية قتل فيها ما يقرب من ستة ملايين يهودي أوروبي على يد النظام النازي لأدولف هتلر والمتعاونين معه",من كان الهدف الأول لسياسات القتل النازية ؟,اليهود,كان الهدف الأول لسياسات القتل النازية هو اليهود الأوروبيون.,0.9,0.93,0.91
"[Chunk 1]
التواريخ: لعام 1935 م
النص: يحتل الغجر مرتبة متدنية في الترتيب العرقي للنظرية النازية ، فهم عرفوا على حسب قانون نورمبيرج لعام 1935 م بأنهم شعوب غير آرية ، وبالتالي يمنع عليهم الزواج من ألمانيات

[Chunk 2]
التواريخ: عام 1938
النص: كما وصفوا بأنهم مجموعات منغلقة على نفسها في قانون 1937 ، وهي تهمة جنائية يعاقبون عليها حتى وإن لم يرتكبوا أي جريمة ، وكان أن يتم حبس 200 من الغجر كل مرة في معسكرات التركيز ، وبحلول عام 1938 ، أنشأ هتلر مكتبا مركزيا لمكافحة خطر الغجر ، وكانت الوظيفة الأساسية لهذا المكتب هي فرز الغجر الأنقياء من الغجر المختلطين ، وقد تمت العديد من الممارسات العنصرية ضدهم في ذلك العهد ، حتى وصل بهم الحال إلى وضعهم في زرائب ذات سياج كما توضع البهائم

[Chunk 3]
الأماكن: الشرق الاوسط، اوروبا، والد، والك، والن
التواريخ: اواخر القرن العشرين
النص: تنقسم شعوب الغجر أو شعب الروما بشكل أساسي إلى الرومن ( في أوروبا ) والنوار والكاولية والدومر ( في الشرق الأوسط ) ، بعضهم يتكلم لغة مشتركة قد تكون من أصل هندي ، وبعضهم لهم ثقافة وتقاليد متشابهة ، وحتى أواخر القرن العشرين ظلت شعوب الغجر تعيش حياة التنقل والترحال ، وللغجر أسماء مختلفة باختلاف اللغات والأماكن التي يتواجدون فيها ، وهم من بين الشعوب التي تعرضت للاضطهاد من قبل الحكم النازي",بماذا عرف الغجر حسب قانون نورمبيرج لعام 1935 ؟,بأنهم شعوب غير آرية,عرف الغجر حسب قانون نورمبيرج لعام 1935 بأنهم شعوب غير آرية.,0.92,0.92,0.91
"[Chunk 1]
النص: والسكون هو السبب الثاني للمد الفرعي سواء كان السكون عارضا أم أصليا ، ولا يكون إلا لاحقا لحرف المد فيكون السكون سببا لنوعين من المدود هما المد العارض للسكون والمد اللازم بأنواعه

[Chunk 2]
النص: هو المد الزائد على المد الطبيعي أو المتفرع منه بسبب همز أو سكون ، ولذلك عرفه الأئمة بأنه إطالة الصوت بحرف المد عند ملاقاة همز أو سكون ، وسمي فرعيا لتفرعه من الأصلي

[Chunk 3]
النص: هو المد الطبيعي الذي لا تقوم ذات حرف المد إلا به ، ولا يتوقف على سبب من همز أو سكون ، أي لا يقع بعد حرف المد لا همز ولا سكون ، بل يكفي فيه وجود أحد حروف المد الثلاثة المجموعة في كلمة واي وهي الألف والواو والياء التي جمعت في كلمة نوحيها وسمي مدا طبيعيا لأن صاحب الطبيعة السليمة لا ينقصه عن حده ولا يزيد عليه ، ويمد بمقدار حركتين إحداهما حركة الحرف من فتحة أو كسرة أو ضمة والثانية هي مقدار حرف المد من ألف أو واو أو ياء ، كما في هذه الأمثلة",أي أنواع من المد تنتج عن السكون ؟,المد العارض للسكون والمد اللازم بأنواعه,يُنتج السكون نوعين من المد هما المد العارض للسكون والمد اللازم بأنواعه.,0.92,0.91,0.91
"[Chunk 1]
الأماكن: الامبراطورية النمساوية، الجبل الاسود، صربيا، كرواتيا
التواريخ: 10 يوليو 1856
النص: ولد تسلا في 10 يوليو 1856 م لعائلة صربية من تعود أصولها لغرب صربيا بالقرب من الجبل الأسود ، حيث كانت ولادته في قرية سميلجان في الإمبراطورية النمساوية ( الآن في كرواتيا )

[Chunk 2]
المنظمات: الدولة الجزايرية، جيش افريقيا
الأماكن: فرنسا، معسكر بالغرب الجزايري
التواريخ: 15 رجب 1223 ه، 6 سبتمبر 1808، يوم الثلاثاء
النص: ولد قرب مدينة معسكر بالغرب الجزائري يوم الثلاثاء 6 سبتمبر 1808 الموافق ل 15 رجب 1223 ه ، رائد سياسي وعسكري مقاوم قاد ( جيش أفريقيا ) خمسة عشر عاما أثناء غزو فرنسا للجزائر هو أيضا مؤسس الدولة الجزائرية الحديثة ورمز للمقاومة الجزائرية ضد الاستعمار والاضطهاد الفرنسي

[Chunk 3]
الأماكن: اسكت، انجلترا، لندا
التواريخ: 16 اغسطس 1888، 19 مايو 1935
النص: ولد في 16 أغسطس 1888 وتوفي 19 مايو 1935 وكانت أمه من اسكتلندا وأبوه من إنجلترا",متى ولد تسلا ؟,10 يوليو 1856 م,ولد تسلا في 10 يوليو 1856 م.,0.7,0.91,0.92
"[Chunk 1]
التواريخ: عام 1981، عام 1998
النص: بعد خسارته عام 1981 نهائي كأس الاتحاد الإنجليزي ، بدء النادي بألتراجع ، وبلغ ذروة هبوطه إلى دوري الدرجة الثالثة الأنكليزي للمرة الأولى في تاريخه عام 1998

[Chunk 2]
المنظمات: بولي
الأماكن: ايطاليا، توري
التواريخ: 1 نوفمبر 1897، 2006، 2007، عام 1900
النص: هو نادي كرة قدم إيطالي يقع في مدينة تورينو في إيطاليا تأسس في 1 نوفمبر 1897 وشارك منذ ذلك الوقت وهو يلعب في الدوري الإيطالي الدرجة الأولى ولم يهبط سوى في موسم 2006 -2007 بعد حادثة الكالتشيوبولي انضم النادي إلى بطولة كرة القدم الإيطالية في عام 1900

[Chunk 3]
التواريخ: 2014 – 15
النص: حاز النادي خلال موسم 2014–15 على المرتبة السادسة ضمن قائمة ديلويت لأغنى أندية كرة القدم في العالم ، حيث بلغت إيراداته السنوية حوالي 463 5 مليون يورو ، كما احتل المرتبة السادسة ضمن قائمة فوربس لأغنى أندية كرة القدم في العالم ، إذ قدرت مجلة فوربس قيمته بحوالي 1 375 مليار دولار",في أي موسم هبط نادي يوفنتوس ؟,موسم 2006 -2007,هبط نادي يوفنتوس إلى الدوري الإيطالي الدرجة الثانية في موسم 2006-2007.,0.8,0.92,0.92
"[Chunk 1]
الأشخاص: جورج اوم، ز كريستيان اورستد واندريه، ماري امبير، مايكل فاراداي
التواريخ: عام 1821، عام 1827
النص: ويرجع الفضل في التعرف على الكهرومغناطيسية ، أي وحدة الظواهر الكهربية والمغناطيسية ، إلى هانز كريستيان أورستد وأندريه - ماري أمبير في الفترة الممتدة بين عامي 1819 و 1820 ، ثم اخترع مايكل فاراداي المحرك الكهربائي عام 1821 كما قام جورج أوم بتحليل الدائرة الكهربائية حسابيا عام 1827

[Chunk 2]
النص: حيث وجد أن التيار الكهربائي في أحد الأسلاك يشوش حركة إبرة البوصلة المغناطيسية ، كما اكتشف الكهرومغناطيسية ، وهي عبارة عن تفاعل أساسي يحدث بين الكهرباء والمغناطيسات

[Chunk 3]
الأشخاص: ز كريستيان اورستد
التواريخ: عام 1820
النص: ومن أهم الاكتشافات الخاصة بالتيار الكهربائي كان ما توصل إليه هانز كريستيان أورستد بمحض الصدفة عام 1820 عندما كان يحضر إحدى محاضراته",ماذا اكتشف كريستيان و أمبير ؟,الكهرومغناطيسية,"اكتشف هانز كريستيان أورستد وأندريه ماري أمبير الكهرومغناطيسية، وهي تفاعل أساسي بين الكهرباء والمغناطيسات.",0.92,0.91,0.91
