retrieved_context,question,reference,response,faithfullness,answer_relevance,answer_correctness
"[Chunk 1]
النص: الدرع المزرودة هي شكل من أشكال الدروع الواقية للبدن من العصور الوسطى . وهي عبارة عن لباس مصنوع عادة من قماش ثقيل أو خيش أو جلد ، ومبطن داخليا بألواح فولاذية مستطيلة صغيرة مثبتة على القماش ، وأحيانا بطبقة ثانية من القماش في الداخل .

[Chunk 2]
الأماكن: القطب الشمالي، المريخ
النص: . ويبلغ طول الذراع الآلية مترين اثنين و 35 سنتيمترا ، علما أنها صنعت من مادتي التيتانيوم والألومينيوم . وبعد اختبار سلامة لبعض ملحقات الذراع الآلية ، تمت الاستعانة بكاميرا ثبتت على هذه الذراع من أجل التأكد من الأرضية تحت المسبار . ثم حفرت الذراع القشرة الثلجية التي تقع في القطب الشمالي من المريخ ، لكي تنقل إلى المسبار عينات من التراب والثلج التي خضعت للدراسة

[Chunk 3]
النص: لا تكاد تقع تحت الحصر ، صنعها من قرون الحيوانات وجلودها وأصدافها وعاجها ، ومن النحاس والخيزران والخشب",ما هي المواد التي يمكن أن تكون مكونة للدرع المزروودة ؟,"قماش ثقيل أو خيش أو جلد ،","قُماش ثقيل أو خيش أو جلد، وألواح فولاذية مستطيلة صغيرة، والنحاس والخيزران والخشب.",0.92,0.91,0.92
"[Chunk 1]
النص: . ثم بدأت الحياة كنقط هلامية ميكروسكوبية في البحار العذبة الدافئة . وكانت تنتشر بالبلايين مع موجات البحر . واندمجت هذه النقاط الهلامية معا مكونة كائنات حية دقيقة مختلفة الأشكال كالرخويات . وهبط بعضها إلى القيعان مكونا نباتات . وكونت بعض الرخويات أصدافا ومحارات حول جسمها . استغرق هذا التطور الأولي لنشأة الحياة على الأرض نحو 3000 مليون سنة ، ومن هنا كانت البداية العظمي لنشوء الحياة فوق الأرض

[Chunk 2]
النص: . وتبين الأدلة العلمية أن هذا الكوكب تشكل قبل 4.6 مليار سنة . ويبدو أن الحياة على سطحه قد ظهرت في غضون مليارات السنوات . وعبر عصور التاريخ أثر المحيط الحيوي للأرض على الحياة في الأرض كما تأثرت الحياة علي الأرض بتغيرات المناخ والمحيط الحيوي

[Chunk 3]
النص: الأرض ( رمزها : ) هي ثالث كواكب المجموعة الشمسية بعدا عن الشمس بعد عطارد والزهرة ، وتعتبر من أكبر الكواكب الأرضية وخامس أكبر الكواكب في النظام الشمسي ، وذلك من حيث قطرها وكتلتها وكثافتها ، ويطلق على هذا الكوكب أيضا اسم "" العالم "". تعتبر الأرض مسكنا لملايين الأنواع من الكائنات الحية ، بما فيها الإنسان ؛ وهي المكان الوحيد المعروف بوجود حياة عليه في الكون . تكونت الأرض منذ حوالي 4.54 مليار سنة ، وقد ظهرت الحياة على سطحها في المليار سنة الأخيرة",كيف ظهرت الحياة على سطح الأرض ؟,ظهرت في غضون مليارات السنوات,"ظهرت الحياة على سطح الأرض كنقط هلامية ميكروسكوبية في البحار العذبة الدافئة، واستغرق هذا التطور الأولي لنشأة الحياة على الأرض نحو 3000 مليون سنة.",0.92,0.91,0.75
"[Chunk 1]
الأشخاص: شتاين
النص: ازدواجية موجة جسيم هي مفهوم في ميكانيكا الكم وفيه يمكن وصف كل جسيم أو كلية كمومية إما بجسيم أو بموجة . يظهر هذا المفهوم عن عجز المفاهيم الكلاسيكية الجسيم أو الموجة على الوصف الكامل لسلوك الأجسام في المقياس الكمومي . ومثلما كتب آينشتاين :« يبدو أنه علينا استخدام النظرية الواحدة أحيانا والنظرية الأخرى أحيانا أخرى وفي أحيان معينة نستخدم أي منهما . نواجه نوعا جديدا من الصعوبة ، لدينا صورتين متعارضتين للواقع ؛ إن كانتا منفصلتين لا تشرح أي منهما ظاهرة الضوء بشكل كامل ولكنهما معا يشرحانها بصورة مثالية »

[Chunk 2]
النص: . تاريخ . الفيزياء الكلاسيكية تميز بين الجسيمات والموجات ، في حين أن أساسيات ميكانيكا الكم تؤكد اندماج الصفات الجسيمية والخواص الموجية معا بتعبير أبسط فقد اكتشفت نظريات ميكانيكا الكم أن للموجات طبيعية جسيمية ، وأن للجسيمات طبيعة موجية وهو مايعرف بازدواجية الموجة والجسيم ، وبناءا على الطبيعة الموجية للجسيمات فقد تم وصف سلوك الجسيمات بدالة موجية وهي دالة رياضياتية مركبة تستخدم لحساب درجة احتمال وجود الجسيم في نقطة معينة في الفراغ

[Chunk 3]
الأشخاص: البرت اينشتاين، بول ديراك، ر كومبتون، ز بور، لويس دي بروي، ماكس بلانك، ين شرودنغر
النص: . من خلال أعمال ماكس بلانك ، إرفين شرودنغر ، ألبرت آينشتاين ، بول ديراك ، لويس دي بروي ، آرثر كومبتون ، نيلز بور وعلماء آخرين ، ترى النظرية العلمية الحالية أن الجسيمات تظهر طبيعة موجية والعكس صحيح . أكدت هذه النظرية ليس فقط للجسيمات البدائية بل أيضا للجسيمات المركبة مثل الذرات أو حتى الجزيئات . بالنسبة للجزيئات العيانية وبسبب طول الموجة القصير الذي تتمتع به ، لا يمكن التقاط الخاصية الموجية لها . على الرغم من أن ازدواجية موجة - جسيم كانت فعالة في الفيزياء ، لم يحل تفسيرها بشكل مرضي",ماذا يعني أن يمكن وصف الجسيمات بجسيم أو بموجة في سياق الازدواجية الموجة جسيم ؟,يظهر هذا المفهوم عن عجز المفاهيم الكلاسيكية الجسيم أو الموجة على الوصف الكامل لسلوك الأجسام في المقياس الكمومي .,"يعني أن يمكن وصف الجسيمات بجسيم أو بموجة في سياق الازدواجية الموجة الجسيم أن النظريات الكمومية تؤكد اندماج الصفات الجسيمية والخواص الموجية معا، مما يظهر الطبيعة الموجية للجسيمات والعكس صحيح.",0.9,0.93,0.91
"[Chunk 1]
المنظمات: المملكة، روسيا
الأماكن: اسيا، المملكة المتحدة
التواريخ: 2021، اغسطس 2021
النص: أزمة موردي الغاز الطبيعي في المملكة المتحدة 2021 ابتداء من أغسطس 2021 بدأت أسعار الغاز الطبيعي بالجملة الأوروبية المرتفعة في التأثير بشدة على المملكة المتحدة . بسبب مجموعة من الظروف غير المواتية والتي تضمنت ارتفاع الطلب على الغاز في آسيا ، وتناقص إمداداتها من روسيا إلى الأسواق الأوروبية وانخفاض المخزونات وسلسلة من الأعطال في مختلف المرافق الكهربائية ، واجهت المملكة المتحدة زيادات حادة في أسعار الغاز

[Chunk 2]
الأماكن: المملكة المتحدة
التواريخ: 14 اكتوبر 2021
النص: . أثرت الأزمة على المستهلكين وشركات المرافق والشركات التي تعتمد على استخدام ثاني أكسيد الكربون والأمونيا وقد تأثرت جميعها . تسببت الأزمة في توقف بعض الموردين المحليين الأصغر في المملكة المتحدة عن العمل ، مما أثر على ما يقرب من مليوني مستهلك اعتبارا من 14 أكتوبر 2021. الأسباب . كان السبب الرئيسي لارتفاع الأسعار هو ارتفاع أسعار الجملة للغاز الطبيعي في جميع أنحاء العالم

[Chunk 3]
المنظمات: بريطانيا
الأماكن: المملكة المتحدة، ريطانيا، فرنسا
التواريخ: 2020، صيف 2021
النص: . كانت الظروف الجوية أيضا غير مواتية لبريطانيا : أدى الشتاء البارد 2020 / 21 في المملكة المتحدة إلى استخدام المزيد من الغاز الطبيعي للتدفئة المركزية أكثر من المعتاد مما أدى إلى استنفاد المخزونات ، والتي تفاقمت بسبب متطلبات الغاز الإضافية للكهرباء توليد الكهرباء خلال صيف 2021 بسبب سلسلة من انقطاعات الطاقة النووية ، والإغلاق في أعقاب حريق في الربط البيني عبر القنوات الذي يجلب الكهرباء من فرنسا ، وكذلك إغلاق منشأة التخزين الخشنة ، مما جعل من المستحيل على بريطانيا الحفاظ عليها لفترة طويلة",ما هي أسباب أزمة موردي الغاز الطبيعي في المملكة المتحدة في عام 2021 ؟,بدأت أسعار الغاز الطبيعي بالجملة الأوروبية المرتفعة في التأثير بشدة على المملكة المتحدة .,"السبب الرئيسي لارتفاع الأسعار هو ارتفاع أسعار الجملة للغاز الطبيعي في جميع أنحاء العالم، بالإضافة إلى الظروف غير المواتية الأخرى مثل ارتفاع الطلب على الغاز في آسيا، وتناقص إمداداتها من روسيا إلى الأسواق الأوروبية وانخفاض المخزونات وسلسلة من الأعطال في مختلف المرافق الكهربائية.",0.9,0.91,0.91
"[Chunk 1]
الأشخاص: احمد بن محمد المدني مولدا، احمد توفيق المدني، احمد توفيق بن محمد بن احمد بن محمد المدني القبي
الأماكن: امع الكبير، بالج، بتونس
التواريخ: 1 نوفمبر 1899، 12 محرم 1404 ه /، 18 اكتوبر 1983 م، 24 جمادى الثانية 1317 ه /
النص: أحمد توفيق المدني هو أحمد توفيق بن محمد بن أحمد بن محمد المدني القبي الغرناطي الجزائري . عالم ، مؤرخ ، وزير جزائري . ولد بتونس يوم 24 جمادى الثانية 1317 ه / 1 نوفمبر 1899 م . توفي بالجزائر العاصمة يوم 12 محرم 1404 ه / 18 أكتوبر 1983 م . العائلة . جده هو أحمد بن محمد المدني مولدا ، القبي الغرناطي الشريف ، كان أمين الأمناء بالجزائر العاصمة . والده هو محمد بن أحمد ، ولد بالجزائر ، وتلقى علومه العربية بالجامع الكبير ، على يد عدد من كبار العلماء والمدرسين

[Chunk 2]
الأشخاص: احمد توفيق المدني، عبد الرحمن، عمر بويران
المنظمات: المدرسة الاهلية القرانية، بجامعة الزيتونة
الأماكن: الجامع الاعظم، القبايل، بتونس، تونس العاصمة
التواريخ: 190
النص: . وخلال إقامة العائلة بمنطقة القبائل تعارفت مع جده لأمه الصالح الشيخ عمر بويران ، الذي كان بدوره قاصدا مدينة تونس ، مهاجرا مع أخيه عبد الرحمن ، واشترك هو وأخوه في أعمال الثورة ، ثم انتقل الجميع بعد ذلك إلى تونس في قافلة واحدة . وانتهى بهم المطاف لاجئين بتونس . الدراسة . أدخل أحمد توفيق المدني أحد كتاتيب تونس العاصمة وهو لم يتجاوز الخامسة من العمر ، ثم انتقل سنة 1909 م إلى المدرسة الأهلية القرآنية ، ومنها إلى الجامع الأعظم للدراسة بجامعة الزيتونة سنة 1913 م

[Chunk 3]
الأشخاص: احمد، سليم، عايشة، عبد الله، هار خاتون
المنظمات: بالدولة العثمانية
التواريخ: 5 ه
النص: . والدته هي عائشة لبهار خاتون ، وكان مولده سنة 875 ه الموافقة لسنة 1470 م ، وهو أصغر أولاد السلطان بايزيد الثاني الذين كتبت لهم الحياة ، وبهذا لم يكن في بادئ أمره ولي عهد أبيه ، بل كان هذا اللقب من نصيب أخيه الأكبر عبد الله ، ثم أحمد بعد وفاة الأخير . آل الملك إلى هذا السلطان بعد اضطرابات عصفت بالدولة العثمانية أواخر عهد والده بايزيد نتيجة صراع أبناءه ، بما فيهم سليم ، على العرش . وكانت الغلبة في نهاية الأمر للأخير نتيجة دعم الإنكشارية له ، فتنحى والده وترك له تدبير شؤون البلاد والعباد",من هو والد أحمد توفيق المدني ؟,"هو محمد بن أحمد ، ولد بالجزائر ، وتلقى علومه العربية بالجامع الكبير",محمد بن أحمد.,0.92,0.91,0.91
"[Chunk 1]
النص: . تستخدم البطاريات الأولية ( التي تستخدم مرة واحدة أو « التي تستخدم لمرة واحدة ») مرة واحدة ويتم التخلص منها ، حيث يتم تغيير مواد القطب بشكل لا رجعة فيه أثناء التفريغ ؛ ومن الأمثلة الشائعة على ذلك البطارية القلوية المستخدمة في المصابيح الكهربائية وعدد كبير من الأجهزة الإلكترونية المحمولة . يمكن تفريغ البطاريات الثانوية ( القابلة لإعادة الشحن ) وإعادة شحنها عدة مرات باستخدام التيار الكهربائي المطبق ؛ يمكن استعادة التكوين الأصلي للأقطاب الكهربائية عن طريق التيار العكسي

[Chunk 2]
الأشخاص: اليسا، امين فرانكلين، و فولتا
المنظمات: الجيش
التواريخ: عام 1748، عام 1800
النص: . يعود استخدام مصطلح « البطارية » لوصف مجموعة من الأجهزة الكهربائية إلى بنجامين فرانكلين ، الذي وصف في عام 1748 عدة جرار ليدن على غرار بطارية المدفع ( استعار بنجامين فرانكلين مصطلح « البطارية » من الجيش ، والذي يشير إلى للأسلحة تعمل معا ). أول بطارية كهربائية في التاريخ . قام الفيزيائي الإيطالي أليساندرو فولتا ببناء ووصف أول بطارية كهروكيميائية ، الكومة الفولتية ، في عام 1800. كانت هذه كومة من ألواح النحاس والزنك ، مفصولة بأقراص ورقية مبللة بمحلول ملحي ، والتي يمكن أن تنتج تيارا ثابتا لفترة طويلة من الزمن

[Chunk 3]
الأشخاص: فري ديفي، هان فيلهيلم ريتر
التواريخ: 1807 / 1808، القرن الثامن عشر
النص: . فكانت البطارية هي أول مصدر - قبل اختراع توليد الكهرباء بواسطة مولد كهربائي للتيار الكهربائي ، ساعدت فيما بعد على اكتشافات عظيمة ، وكذلك اكتشاف وتحضير الصوديوم والبوتاسيوم والباريوم وسترونشيوم والكالسيوم والمغنسيوم وخلال السنوات 1807 / 1808 عن طريق العالم « همفري ديفي ». تمكن العالم الألماني « يوهان فيلهيلم ريتر » خلال القرن الثامن عشر من القيام ببحوث عن الجلفانية واخترع أول مركم",ما هي البطاريات الأولية ؟,تستخدم البطاريات الأولية ( التي تستخدم مرة واحدة أو « التي تستخدم لمرة واحدة ») مرة واحدة ويتم التخلص منها,"البطاريات الأولية هي تلك التي تستخدم مرة واحدة ويتم التخلص منها، حيث يتم تغيير مواد القطب بشكل لا رجعة فيه أثناء التفريغ.",0.91,0.91,0.92
"[Chunk 1]
الأشخاص: غ جو - هسوان، ك تشو، يفر وانج
المنظمات: حزب الكومينتانغ للانتخابات الرياسية، مدرسة تايبيه الاولى للبنات
الأماكن: تايوان
التواريخ: 2 اكتوبر 1961، عام 2008، عام 2012، عام 2015، لعام 2016
النص: وانغ جو - هسوان ( بالبينيين : "" Wáng Rúxuán ;"" من مواليد 2 أكتوبر 1961 ) ، والمعروفة أيضا باسم جينيفر وانج ، وهي محامية وسياسية تايوانية . شغلت منصب وزيرة مجلس شؤون العمل من عام 2008 إلى عام 2012. ختيرت في عام 2015 وانغ لمنصب نائب المرشح إريك تشو في انتخابات حزب الكومينتانغ للانتخابات الرئاسية في تايوان لعام 2016 ، والتي خسروها في النهاية . الحياة المبكرة . ولدت وانغ في 2 أكتوبر 1961 في مدينة تايبيه ونشأت في مقاطعة تشانجوا في تايوان . درست في مدرسة تايبيه الأولى للبنات في تايبيه

[Chunk 2]
الأشخاص: انغ زيمين، جين تاو، وشي جين بينغ
الأماكن: غهاي
النص: . يعتقد بأن وانغ كان أحد المهندسين الرئيسيين وراء الإيديولوجيات السياسية الرسمية لثلاثة قادة دائمين للصين وهي سياسة « التمثيلات الثلاثة » الموضوعة من قبل الرئيس الصيني السابق جيانغ زيمين ، ومفهوم التنمية العلمية من قبل الرئيس الصيني السابق هو جين تاو ، والحلم الصيني وأفكار وشي جين بينغ من قبل الرئيس الصيني الحالي شي جين بينغ . النشأة . ولد وانج في شنغهاي ، ويرجع أصله إلى مقاطعة يي في مقاطعة شاندونغ . اسم وانغ ، « هونينج » ، يعني حرفيا « شنغهاي ونانجينغ »

[Chunk 3]
الأشخاص: غ داهنغ
المنظمات: اديمية الصينية للهندسة، الاكاديمية الصينية للعلوم، معهد تشانغتشون للبصريات والميكانيكا الدقيقة، والاك، والجمع، وجامعة تشانغتشون للعلوم والتكنولوجيا، ية البصرية الصينية
الأماكن: الصين، اليابان، طوكيو
التواريخ: 21 يوليو 2011، 26 فبراير 1915
النص: وانغ داهنغ ( في اللغة الصينية : ؛ مواليد 26 فبراير 1915 - 21 يوليو 2011 ) عالم فيزياء بصرية ومهندس ومخترع صيني يعتبر على نطاق واسع « أب الهندسة البصرية » في الصين . كان أكاديميا مؤسسا لكل من الأكاديمية الصينية للعلوم والأكاديمية الصينية للهندسة . إضافة ، كان مؤسس معهد تشانغتشون للبصريات والميكانيكا الدقيقة ، وجامعة تشانغتشون للعلوم والتكنولوجيا ، والجمعية البصرية الصينية . الحياة المبكرة والتعليم . ولد وانغ في 26 فبراير 1915 في طوكيو ، اليابان ، وكان موطن أجداده في سوتشو ، الصين",أين ولدت ونشأت وانغ ؟,1961 في مدينة تايبيه ونشأت في مقاطعة تشانجوا في تايوان .,"ولدت وانغ جو - هسوان في مدينة تايبيه، ونشأت في مقاطعة تشانجوا في تايوان.",0.91,0.91,0.92
"[Chunk 1]
الأشخاص: نا كزكز وانس خلف
المنظمات: موسسة الدوحة للافلام، نظام الاسد
الأماكن: استراليا
التواريخ: 2018، عام 2011، عام 2017
النص: المترجم فيلم روائي طويل من إخراج رنا كزكز وأنس خلف . تم إنتاج الفيلم بدعم من المنح التمويلية من مؤسسة الدوحة للأفلام ، وحاز على العديد من الجوائز بما في ذلك مهرجان كان السينمائي L'Atelier de la Cinefondation في عام 2017 ، وجائزة CNC في اجتماعات مهرجان إسطنبول السينمائي على الجسر في عام 2017 ، وTribeca منحة الخريجين في 2018. Logline. يعود سوري منفي يعيش في أستراليا بعد أن اعتقل نظام الأسد شقيقه عام 2011.

[Chunk 2]
المنظمات: موسسة الدوحة للافلام
التواريخ: عام 2021
النص: . وشارك الفيلم في العديد من المهرجانات السينمائية الدولية وفاز بالعديد من الجوائز . في عام 2021 تلقى تمويلا من مؤسسة الدوحة للأفلام لإنتاج مسلسل تلفزيوني بعنوان "" دار الملكة "" ، وفي العام ذاته بدأ تصوير فيلمه الطويل الجديد بعنوان "" المحطة "".

[Chunk 3]
المنظمات: موسسة تطوير الافلام الوطنية
الأماكن: الهند
التواريخ: 11 مايو 1988، 6 اكتوبر 1988، عام 1988
النص: . بدأ الإنتاج في أوائل عام 1988 ، وشارك في تمويل الفيلم مؤسسة تطوير الأفلام الوطنية في الهند . حقق الفيلم بعد إصداره في جميع أنحاء العالم في 6 أكتوبر 1988 ، ما يقدر بنحو 7.4 مليون دولار في شباك التذاكر في الخارج ، مقابل ميزانية إنتاج قدرها 450.000 دولار . ترشح الفيلم لجائزة الأوسكار لأفضل فيلم روائي دولي في حفل توزيع جوائز الأوسكار الحادي والستين ، بعد إصداره الأولي في 11 مايو 1988 في مهرجان كان السينمائي ، حيث نال اشادة كبيرة من النقاد ، كما فاز بجائزة الكاميرا الذهبية والجمهور",ما هي مؤسسة الدوحة للأفلام وما دورها في إنتاج الفيلم ؟,تم إنتاج الفيلم بدعم من المنح التمويلية من مؤسسة الدوحة للأفلام,"مؤسسة الدوحة للافلام هي المنظمة التي قامت بدعم إنتاج المترجم فيلم روائي طويل من إخراج رنا كزكز وأنس خلف، كما أنها قامت بتوفير تمويلا له في عام 2017 و2021.",0.9,0.92,0.93
"[Chunk 1]
النص: . بلغ عدد الأسر 165 أسرة كانت نسبة 31.5 % منها لديها أطفال تحت سن الثامنة عشر تعيش معهم ، وبلغت نسبة الأزواج القاطنين مع بعضهم البعض 51.5 % من أصل المجموع الكلي

[Chunk 2]
النص: . بلغ عدد الأسر 73 أسرة كانت نسبة 35.6 % منها لديها أطفال تحت سن الثامنة عشر تعيش معهم ، وبلغت نسبة الأزواج القاطنين مع بعضهم البعض 64.4 % من أصل المجموع الكلي للأسر ، ونسبة 8.2 % من الأسر كان لديها معيلات من الإناث دون وجود شريك ، بينما كانت نسبة 4.1 % من الأسر لديها معيلون من الذكور دون وجود شريكة وكانت نسبة 23.3 % من غير العائلات .

[Chunk 3]
النص: . بلغ عدد الأسر 156 أسرة كانت نسبة 29.5 % منها لديها أطفال تحت سن الثامنة عشر تعيش معهم ، وبلغت نسبة الأزواج القاطنين مع بعضهم البعض 40.4 % من أصل المجموع الكلي للأسر ، ونسبة 15.4 % من الأسر كان لديها معيلات من الإناث دون وجود شريك ، بينما كانت نسبة 2.6 % من الأسر لديها معيلون من الذكور",ما هي نسبة الأسر التي لديها أطفال تحت سن الثامنة عشر في بلدة سانتي ؟,32.90%,النسبة التي لديها أطفال تحت سن الثامنة عشر في بلدة سانتي هي 31.5 % (من Chunk 1) و 35.6 % (من Chunk 2) و 29.5 % (من Chunk 3).,0.9,0.91,0.77
"[Chunk 1]
المنظمات: موسوعة روتليدج للفلسفة
النص: . فهم يتقبلون تصورات متعددة حول الأخلاقية ، حتى لو كان هو أو هي على خلاف مع ذلك بشكل شخصي . وتركز كتابات ما بعد الحداثة على تفكيك الدور الذي تلعبه القوة والأيديولوجيا في تشكيل الخطاب والاعتقاد . وتشارك فلسفة ما بعد الحداثة التشابهات الأنطولوجية مع المذهب الشكي الكلاسيكي ومع مذهب الاعتقاد النسبوي . تصرح موسوعة روتليدج للفلسفة بأن الافتراض القائل بعدم وجود قاسم مشترك في الطبيعة أو الحقيقة ، والذي يضمن إمكانية حياد الفكر أو موضوعيته ، هو افتراض رئيسي لما بعد الحداثة

[Chunk 2]
التواريخ: النصف الثاني من القرن العشرين
النص: ما بعد الحداثة هي حركة فكرية واسعة نشأت في النصف الثاني من القرن العشرين كرد فعل على ادعاءات المعرفة القديمة المنتهية والمرتبطة بحداثة عصر النهضة ولإنهاء الافتراضات المزعوم وجودها في الأفكار الفلسفية الحداثية المتعلقة بالافكار والثقافة والهوية والتاريخ وتحطيم السرديات الكبرى وأحادية الوجود واليقين المعرفي وتبحث في أهمية علاقات القوة ، والشخصنة أو إضفاء الطابع الشخصي ، والخطاب داخل بنية الحقيقة والرؤى الشمولية وينطلق العديد من مفكري ما بعد الحداثة من إنكار وجود واقع موضوعي ومن إنكار وجود قيم أخلاقية موضوعية

[Chunk 3]
النص: . ويعتقد مثل هذا المفكر ما بعد الحداثي ، أنه لا وجود لما يسمى بالواقع الموضوعي الطبيعي ، وأن العقل والمنطق ما هما إلا أبنية تصورية غير صالحة عالميا أو بشكل شامل . ويعد إنكار وجود طبيعة بشرية والتشكك ( المعتدل في بعض الأحيان ) حول المزاعم التي ترى قدرة العلم والتكنولوجيا على إحداث تغير للمجتمع نحو الأحسن ، من الملامح الأخرى المميزة لممارسات ما بعد الحداثة . ويعتقد مفكرو ما بعد الحداثة أيضا في عدم وجود قيم أخلاقية موضوعية",ما هو الافتراض الرئيسي لما بعد الحداثة بشأن عدم وجود قاسم مشترك في الطبيعة أو الحقيقة ؟,الذي يضمن إمكانية حياد الفكر أو موضوعيته,الافتراض الرئيسي لما بعد الحداثة بشأن عدم وجود قاسم مشترك في الطبيعة أو الحقيقة هو أن الافتراض القائل بعدم وجود قاسم مشترك في الطبيعة أو الحقيقة هو افتراض رئيسي لما بعد الحداثة.,0.9,0.92,0.91
"[Chunk 1]
المنظمات: الجمعية الصوتية الدولية
النص: الألفبائية الصوتية الدولية أو ( بالإنجليزية : ، بالفرنسية : ) نظام كتابة شامل لجميع الوحدات الصوتية الموجودة في أي لغة ، من ابتكار الجمعية الصوتية الدولية ، وذلك كتمثيل موحد للأصوات في اللغات المتكلم بها . يستعمل الألفباء الصوتية الدولية كل من اللغويين ، اختصاصيي معالجة النطق ، متعلمي اللغات الأجانب وطلابها ، المغنين ، الممثلين ، مؤلفي المعاجم والمترجمين . بين الفينة والأخرى ، تقوم الجمعية الصوتية الدولية بإضافة رموز جديدة أوإزالتها أو تعديلها

[Chunk 2]
المنظمات: الجمعية الصوتية الدولية
الأماكن: باريس، بريطانيا، وفرنسا
التواريخ: 189، 2008
النص: . وهكذا فإنه في سنة 2008 ، تواجدت في الأبجدية 107 حروف مختلفة ، وأربع علامات أوزان . كتابة . تكتب الأبجدية الصوتية بالاعتماد على الأبجدية اللاتينية بإضافة حروف عديدة ، بعضها من الأبجدية اليونانية ، وبعضها الآخر تحويرات لحروف عادية تتبع للأبجديتين السابقتين ، بينما البقية حروف مبتكرة لا تشبه حروف أي أبجدية أخرى . تأسيس . أسستها الجمعية الصوتية الدولية ، وهي مجموعة من علماء الصوتيات ، معظمهم من بريطانيا وفرنسا ) في باريس في 1896

[Chunk 3]
الأماكن: وديا
النص: . تستعمل حاليا عشرات الألفبائيات ، لكن أشهرها الألفبائية اللاتينية المشتقة من اليونانية ، وقد اتخذت في لغات أخرى بعد تعديلها بإضافة علامات تشكيل . ومعظم الألفبائيات حروفها خطية ( كتابة خطية ) ، لكن لهذا استثناءات ، منها ألفبائية بريل . وأطول ألفبائية : النظام الخميري المستعمل في كمبوديا ، فهو من 74 حرفا . عادة ما يكون لحروف الألفبائيات ترتيب نموذجي",من يستخدم الألفبائية الصوتية الدولية ؟,"كل من اللغويين ، اختصاصيي معالجة النطق ، متعلمي اللغات الأجانب وطلابها ، المغنين ، الممثلين ، مؤلفي المعاجم والمترجمين","اللغويين، اختصاصيي معالجة النطق، متعلمي اللغات الأجانب وطلابها، المغنين، الممثلين، مؤلفي المعاجم والمترجمين.",0.92,0.92,0.91
"[Chunk 1]
النص: . وفقا لذلك ، يتميز الفكر ما بعد الحداثي على نطاق واسع بالميل إلى الوعي الذاتي ، والإحالة الذاتية ، والنسبية المعرفية والأخلاقية ، والتعددية ، وعدم الاحترام . وانتقادات ما بعد الحداثة متنوعة فكريا وتشمل الحجج القائلة بأن ما بعد الحداثة تروج للظلامية ، ولا معنى لها ، وأنها لا تضيف شيئا إلى المعرفة التحليلية أو التجريبية . ما بعد الحداثة تعني حرفيا ' بعد الحداثة '

[Chunk 2]
التواريخ: القرن الثامن عشر، النصف الثاني من القرن العشرين
النص: فلسفة ما بعد الحداثة هي حركة فلسفية نشأت في النصف الثاني من القرن العشرين ، بوصفها رد فعل على الافتراضات المزعوم وجودها في الأفكار الفلسفية الحداثية المتعلقة بالثقافة أو الهوية أو التاريخ أو اللغة ، والتي تشكلت خلال عصر التنوير في القرن الثامن عشر . طور مفكرو ما بعد الحداثة ، مفاهيم مثل الإرجاء والتكرار والأثر والواقع الفائق ، لتحطيم السرديات الكبرى وأحادية الوجود واليقين المعرفي

[Chunk 3]
التواريخ: اواخر القرن العشرين وبداية القرن الواحد والعشرين
النص: . ما بعد الحداثة تعني حرفيا ' بعد الحداثة '. في حين أن « الحديث » في حد ذاته يشير إلى شيء ما « متصل بالحاضر » ، فإن حركات الحداثة وما بعد الحداثة تفهم على أنها مشاريع ثقافية أو على شكل مجموعة من وجهات النظر . وهي تستخدم في النظرية النقدية لتشير إلى نقطة انطلاق أعمال الأدب والدراما والعمارة والسينما والصحافة والتصميم ، وكذلك في مجال التسويق والأعمال التجارية ، وفي تفسير التاريخ والقانون والثقافة والدين في وقت متأخر من أواخر القرن العشرين وبداية القرن الواحد والعشرين",ما هي النظريات المعارضة لمفهوم ما بعد الحداثة,"لوعي الذاتي ، والإحالة الذاتية ، والنسبية المعرفية والأخلاقية ، والتعددية ، وعدم الاحترام . وانتقادات ما بعد الحداثة متنوعة فكريا وتشمل الحجج القائلة","تروج للظلامية، ولا معنى لها، وأنها لا تضيف شيئا إلى المعرفة التحليلية أو التجريبية.",0.7,0.93,0.75
"[Chunk 1]
الأماكن: الشرق الاوسط، حوض البحر الابيض المتوسط
التواريخ: اية تشرين الثاني، منتصف شهر اب ولغ
النص: . وتتميز شجرة الخروب بقدرتها على تحمل الجفاف والبرد والرياح القوية وهي متواضعة في احتياجاتها للنمو والإثمار حيث تعيش في الأراضي الصخرية الوعرة وفي التربة الرملية الفقيرة سواء أكانت حمضية أم قليلة القلوية على أن تكون تربتها جيدة التصريف ، وتكتفي شجرة الخروب بمعدل ( 30 ) سنتمترا من الأمطار السنوية وهذه من الأسباب التي جعلتها متكيفة للعيش في مناطق حوض البحر الأبيض المتوسطومعظم بلدان الشرق الأوسط ، وتعيش شجرة الخروب من ( 200 -300 ) سنة وتزهر عادة ابتداء من منتصف شهر آب ولغاية تشرين الثاني كما تزهر في مواسم أخرى

[Chunk 2]
التواريخ: اية تشرين الثاني، شهر اب
النص: شهر آب ولغاية تشرين الثاني كما تزهر في مواسم أخرى إذا ما توافرت لها ظروف بيئية مناسبة . تاريخ شجرة الخروب .

[Chunk 3]
التواريخ: سبتمبر، نوفمبر
النص: . تخرج النورات من البراعم الجانبية على طول الأفرع . الأزهار مذكرة ومؤنثة وخنثي توجد على أشجار منفصلة ، تزهر الشجرة لأول مرة بعد حوالي 6 سنوات ، وتمتد فترة الإزهار من سبتمبر إلى نوفمبر . القرون بنية خفيفة أو أحمر داكن إلى بنية مستطيلة الشكل أو منبسطة إما مستقيمة أو منحنية قليلا أو ملتفة قليلا ، ذات حافة سميكة ، يبلغ طول القرن من ( 10 -30 سم ) ويبلغ عرضة ( 1 -2",ما هي فترة الإزهار لشجرة الخروب ؟,"تزهر الشجرة لأول مرة بعد حوالي 6 سنوات ، وتمتد فترة الإزهار من سبتمبر إلى نوفمبر .","تزهر شجرة الخروب من منتصف شهر آب ولغاية تشرين الثاني، كما تزهر في مواسم أخرى إذا ما توافرت لها ظروف بيئية مناسبة.",0.6,0.91,0.5
"[Chunk 1]
المنظمات: الاتحاد الجمركي، الامارة، الجماعة الاقتصادية الاوروبية، امارة اندورا، انيا، فرنسا، واسب، والاتحاد الاوروبي، واما
التواريخ: 1 يوليو 1991، 28 يونيو 1990
النص: الاتحاد الجمركي هو المجال الرئيسي للعلاقات بين إمارة أندورا والاتحاد الأوروبي . تقع أندورا على حدود دولتين عضوين في الاتحاد الأوروبي : فرنسا وإسبانيا . الاتحاد الجمركي . تنشئ « الاتفاقية بين الجماعة الاقتصادية الأوروبية وإمارة أندورا » ( الموقعة في 28 يونيو 1990 ، ودخلت حيز التنفيذ في 1 يوليو 1991 ) اتحادا جمركيا يتمتع بوضع الدولة الأكثر تفضيلا بين الإمارة والاتحاد الأوروبي . تعامل أندورا كدولة من دول الاتحاد الأوروبي فيما يتعلق بالتجارة في السلع المصنعة ، ولكن ليس الأمر كذلك بالنسبة للمنتجات الزراعية

[Chunk 2]
المنظمات: انيا، فرنسا، واسب
الأماكن: اسبانيا
التواريخ: عام 2003
النص: . تم توقيع اتفاقية في عام 2003 بين فرنسا وإسبانيا وأندورا بشأن التنقل والإقامة في أندورا لمواطني البلدان . وتنص على أنه يجب على الدول الثلاث تنسيق متطلبات التأشيرة الخاصة بهم ( من الناحية العملية ، أن تعتمد أندورا متطلبات تأشيرة شنغن التي تلتزم بها كل من فرنسا وإسبانيا ) وأن أندورا تقبل الدخول فقط لأولئك الذين لديهم حق دخول إسبانيا أو فرنسا . يمكن للمسافرين الذين يحتاجون إلى تأشيرة شنغن دخول أندورا باستخدام هذه التأشيرة ، ولكن يجب أن تكون تأشيرة دخول متعدد ، حيث أن دخول أندورا يستلزم مغادرة منطقة شنغن

[Chunk 3]
المنظمات: الاتحاد الاوروبي، انيا، فرنسا، واسب
الأماكن: اسبانيا، فرنسا
التواريخ: عام 2003
النص: . أبرمت اتفاقية عام 2003 بين فرنسا وإسبانيا وأندورا بشأن تنقل مواطني الدول وإقامتهم في أندورا . تنص على أن الدول الثلاث ستنسق متطلبات التأشيرة الخاصة بها ( في الواقع أن أندورا تتبع متطلبات تأشيرة شنغن ) وأن أندورا تقبل الدخول فقط لأولئك الذين لديهم حق دخول إسبانيا أو فرنسا . ضوابط الحدود . ظلت أندورا خارج اتفاقية شنغن وتحتفظ بضوابط حدودية مع الاتحاد الأوروبي",متي تم توقيع الاتفاقية بين الجماعة الاقتصادية الأوروبية وإمارة أندورا ؟,28 يونيو 1990,28 يونيو 1990.,0.9,0.93,0.92
"[Chunk 1]
المنظمات: نت فيديو
التواريخ: 2018، مارس 2019
النص: تينسنت فيديو هو موقع ويب صيني لبث الفيديو مملوك من قبل شركة تينسنت . اعتبارا من مارس 2019 كان لدى الموقع 900 مليون مستخدم نشط شهريا للجوال ، و 89 مليون مشترك vip. النسخة الدولية للموقع هي وي تيفي ( wetv ) تم اطلاقها في 2018.

[Chunk 2]
المنظمات: ك ويب
النص: . يجدر بالذكر أنه في غضون شهرين فقط من إطلاقه ، بلغ عدد مستخدمي "" شات جي بي تي "" 100 مليون مستخدم نشط شهريا ، وفقا لتقديرات شركة التحليلات "" لايك ويب "".

[Chunk 3]
المنظمات: المملكة المتحدة، كندا، والولايات المتحدة الامريكية
التواريخ: عام 2012، عام 2013، نوفمبر 2011
النص: .5 مليون مستخدم شهريا بحلول عام 2013. واستحوذت كل من المملكة المتحدة والولايات المتحدة الأمريكية في نوفمبر 2011 ، على قرابة ال 42 ٪ إلى 34 ٪ من عدد مرات ظهور الصفحات بشكل متكرر ، وتعد كندا ثاني أهم المصادر زياراتا للصفحات بنسبة تصل إلى 3 ٪ . واستحوذت أيضا كل من المملكة المتحدة والولايات المتحدة الأمريكية في عام 2012 على قرابة ال 41 ٪ إلى 28 ٪ من مرات ظهور الصفحة على التوالي ، وتمتلك كندا نسبة 3.61 ٪ من الزيارات",كم عدد المستخدمين النشطين شهريا لتينسنت فيديو على الجوال في مارس 2019 ؟,لدى الموقع 900 مليون مستخدم نشط شهريا للجوال,900 مليون مستخدم نشط شهريا للجوال.,0.92,0.91,0.91
"[Chunk 1]
الأشخاص: احمد الفخراني
التواريخ: عام 2016
النص: . كتب أحمد الفخراني أيضا عددا من الروايات مثل رواية « ماندورلا » ، ورواية « سيرة سيد الباشا » ، ورواية « عائلة جادو » ، وله أيضا مجموعة قصصية بعنوان « مملكة من عصير التفاح » ، كما كتب مجموعة نصوص شعرية بالعامية جمعها في ديوان بعنوان « في كل قلب حكاية ». وفي عام 2016 حصل أحمد الفخراني على جائزة ساويرس للمركز الثاني في فرع الجائزة المخصص لشباب الأدباء عن روايته « ماندورلا ». الجوائز والتكريمات

[Chunk 2]
الأشخاص: احمد الفخراني
المنظمات: اخبار الادب، البديل، الشروق، المصري اليوم، دوت مصر، كلية الصيدلة، وصحيفة
الأماكن: الاسكندرية، القاهرة
التواريخ: عام 1981
النص: . عن الكاتب . مؤلف رواية بياصة الشوام هو أحمد الفخراني المولود بمدينة الإسكندرية عام 1981 ، والذي تخرج من كلية الصيدلة ثم انتقل ليقيم بمحافظة القاهرة لكي يعمل في مجال الصحافة ويكتب في عدد من الصحف والمجلات المصرية الإلكترونية والمطبوعة من بينها صحيفة أخبار الأدب ، وصحيفة الشروق ، وصحيفة البديل ، وصحيفة المصري اليوم وصحيفة دوت مصر

[Chunk 3]
الأشخاص: احمد الفخراني
التواريخ: عام 2021
النص: . الجوائز والتكريمات . نال الكاتب أحمد الفخراني عن روايته بياصة الشوام في عام 2021 جائزة مؤسسة ساويرس للثقافة للمركز الأول في الرواية في فرع الجائزة المخصص لشباب الأدباء .",ما هي الكتابات الأخري للمؤلف أحمد الفخراني ؟,"كتب أحمد الفخراني أيضا عددا من الروايات مثل رواية « ماندورلا » ، ورواية « سيرة سيد الباشا » ، ورواية « عائلة جادو » ، وله أيضا مجموعة قصصية بعنوان « مملكة من عصير التفاح » ، كما كتب مجموعة نصوص شعرية بالعامية جمعها في ديوان بعنوان « في كل قلب حكاية ».","كتاباته الأخرى للمؤلف أحمد الفخراني هي روايات مثل ""ماندورلا""، ورواية ""سيرة سيد الباشا""، ورواية ""عائلة جادو""، ومجموعة قصصية بعنوان ""مملكة من عصير التفاح""، بالإضافة إلى ديوان شعرية بالعامية بعنوان ""في كل قلب حكاية"".",0.91,0.91,0.91
"[Chunk 1]
الأشخاص: جورج، ويليام شكسبير، يانو
الأماكن: اغون، بلغاريا، و دي جانيرو، والبر، والك، والي، ورجيا، وسوريا، ولبنان، يوبي
التواريخ: 23 نيسان ( ابريل
النص: عيد القديس جاورجيوس أو عيد القديس جورج هو عيد ديني تحتفل به الكنائس والبلدان والأقاليم المسيحية التي تعتبر القديس جورج راعيا لها مثل بلغاريا وإثيوبيا واليونان وجورجيا والبرتغال ورومانيا وسوريا ولبنان وكاتالونيا وألكوي وأراغون وريو دي جانيرو . يتم الاحتفال بعيد القديس جاورجيوس في 23 نيسان ( أبريل ) ، وهو التاريخ المقبول تقليديا لوفاة القديس جاورجيوس نتيجة لاضطهاد الإمبراطور الروماني دقلديانوس للمسيحين . ويتزامن هذا التاريخ مع تاريخ وفاة الكاتب المسرحي والشاعر الإنجليزي ويليام شكسبير . موعد الاحتفال

[Chunk 2]
الأشخاص: جورج
التواريخ: 23 ابريل، 23 نيسان، ابريل
النص: . يحتفل بعيد القديس جورج في 23 نيسان ( أبريل ) من كل عام وفقا للتقاويم المعمول بها في الكنائس اللوثرية ، والكنائس الأنجليكانية ، ووفقا للتقويم العام للطقوس الرومانية ، ولكن نظرا لأن موعد عيد الفصح عادة ما يتداخل مع عيد القديس جاورجيوس ، فغالبا ما يتم تغيير موعد احتفال الكنيسة بالعيد في يوم لاحق ليوم 23 أبريل ، فعلى سبيل المثال ؛ تقوم الكنائس اللوثرية والإنجليكانية والكاثوليكية بنقل موعد الاحتفال بعيد القديس جاورجيوس إلى أول أيام الأسبوع المتاحة بعد أسبوع من عيد الفصح ، وقد احتفلت هذه الكنائس بعيد القديس

[Chunk 3]
التواريخ: 2 ايار، 25 نيسان، 28 نيسان، 29 نيسان، ابريل، عام 2011، عام 2014، عام 2019، عام 2022، مايو
النص: من عيد الفصح ، وقد احتفلت هذه الكنائس بعيد القديس جاورجيوس في عام 2011 يوم 2 أيار ( مايو ) ، وفي عام 2014 يوم 28 نيسان ( أبريل ) ، وفي عام 2019 يوم 29 نيسان ( أبريل ) ، وفي عام 2022 يوم 25 نيسان ( أبريل ) .",ما الكنائس التي تحتفل بعيد القديس جاورجيوس كراعي لها ؟,بلغاريا وإثيوبيا واليونان وجورجيا والبرتغال ورومانيا وسوريا ولبنان وكاتالونيا وألكوي وأراغون وريو دي جانيرو,تُحتفل بهذه الكنائس المسيحية التالية بعيد القديس جورج كراعي لها: بلغاريا وإثيوبيا واليونان وجورجيا والبرتغال ورومانيا وسوريا ولبنان وكاتالونيا وألكوي وأراغون.,0.91,0.91,0.93
"[Chunk 1]
الأماكن: المحيط الهندي، جمهورية، ساحل افريقيا الشرقي، سيشل، فيكتوريا، ماهي، مدغشقر
النص: سيشل رسميا جمهورية سيشل هي دولة جزيرية في أفريقيا تتواجد في المحيط الهندي مكونة من عدة جزر ، عاصمتها مدينة فيكتوريا . الجغرافيا . سميت بهذا الاسم نسبة إلى شخص فرنسي كان مسؤولا عن جباية الضرائب . يتألف أرخبيل « سيشل » من نحو 115 جزيرة في المحيط الهندي تبعد نحو 1600 كيلو متر عن ساحل إفريقيا الشرقي ، إلى الشمال الشرقي من مدغشقر ، وتتوسط جزرها الرئيسية بقية الجزر وهي ماهيه وبراسلين ولا ديغو وهي عبارة عن جزر جرانيت صخرية

[Chunk 2]
المنظمات: الاتحاد السويسري، الكون، ة السويسرية، رالي، طات الاتحادية، للسل
الأماكن: المانيا، اوروبا الغربية، ايطاليا، سويسرا، شتاين، فرنسا، والن
التواريخ: نهاية القرن الثالث عشر
النص: سويسرا ""( بالألمانية : die Schweiz ، بالفرنسية : la Suisse ، بالإيطالية : Svizzera ، بالرومانشية : Svizra )"" ورسميا الاتحاد السويسري هي جمهورية فيدرالية تتكون من 26 كانتونا ، مع برن عاصمة ومقرا للسلطات الاتحادية . تقع سويسرا في أوروبا الغربية ، حيث تحدها ألمانيا من الشمال ، فرنسا من الغرب ، إيطاليا من الجنوب ، والنمسا وليختنشتاين من الشرق . تشكلت الكونفدرالية السويسرية على مدى عدة قرون ، لكنها تميزت منذ نهاية القرن الثالث عشر بحرصها على الحياد والسلمية مع الدول ، وابتعادها عن الدخول في حروب مع جيرانها

[Chunk 3]
الأماكن: سيشل، موريشيوس
التواريخ: 190، 1976 م، يونيو من سنة
النص: . ومن سنة 1814 إلى 1903 م كانت الجزيرة تدار كجزء من موريشيوس لتصبح سيشل مستعمرة قائمة بذاتها إلى أن نالت استقلالها في يونيو من سنة 1976 م . التقسيم الإداري .",ما هي جمهورية سيشل ؟,هي دولة جزيرية في أفريقيا تتواجد في المحيط الهندي,"جمهورية سيشل هي دولة جزيرية في أفريقيا تتواجد في المحيط الهندي مكونة من عدة جزر، عاصمتها مدينة فيكتوريا.",0.91,0.92,0.91
"[Chunk 1]
النص: . بلغ عدد حلقات المسلسل 338 حلقة . يقدم المسلسل قناعات وطقوس لأناس عاشوا في الماضي القريب والبعض مازال متواجد ، والكثيرين يقدسون العادات والتقاليد مهما كان فيها من تخلف وجهل ، لذلك الكثير من العادات والتقاليد تحتاج للحذف من قاموس حياتنا اليومية والدراما كانت وسيلة لذلك . طاقم التمثيل

[Chunk 2]
التواريخ: عام 1989
النص: . الحلقات . على عكس العصر الكلاسيكي للمسلسل الذي انتهى في عام 1989 ، كانت الخطة مع المسلسل الجديد هي أن تكون كل حلقة قصة مستقلة ، بدون مسلسلات . من أصل ثلاث عشرة حلقة في المسلسل ، سبعة منها اتبعت هذا التنسيق ؛ تم تجميع الستة المتبقية معا في ثلاث قصص من جزأين . أيضا ، ولأول مرة منذ "" المقاتلون "" في الموسم الثالث ، تم منح كل حلقة عنوانا فرديا ، كما هو الحال مع القصص المستقلة والمكونة من جزأين . طاقم العمل . فريق التمثيل الرئيسي . تم تكليف فريق الإنتاج بإيجاد ممثل مناسب لدور الطبيب

[Chunk 3]
الأشخاص: اندر، جون ديماغيو، شا كامبل، و دالي، ي لي، يت غيلمان
التواريخ: ابريل 2019، يونيو 2021
النص: . يتتبع المسلسل أيضا عبقرية تقنية وشريكتها التي تحاول كشف أسرار العالم « المخفية في الظل », بينما تعمل في مكان مليء بمغيري أشكال الزواحف والفطر النفسي . الإنتاج والإفراج . في أبريل 2019 , طلبت نتفليكس 20 حلقة من المسلسل . وصفت بأنها أول سلسلة رسوم متحركة للبالغين تم إنتاجها داخليا بواسطة نيتفليكس الرسوم المتحركة , تم الإعلان في يونيو 2021 أن الشخصيات العادية في المسلسل سيتم التعبير عنها من قبل أندرو دالي , بوبي لي , جون ديماغيو ، تيشا كامبل وبريت غيلمان",كم عدد حلقات المسلسل ؟,17 حلقة,338 حلقة.,0.4,0.93,0.23
"[Chunk 1]
النص: . ووضح المقال أن بعض الأمراض المزمنة يمكن الوقاية منها من خلال « تدبير عوامل الخطر المشتركة ، وخاصة تعاطي التبغ والنظام الغذائي غير الصحي والخمول البدني .. وتعتمد هذه التدخلات على عوامل رئيسية ؛ منها التحديد الدقيق للمرضى المعرضين لخطورة عالية ، وتقديم التدخلات المنهجية لهؤلاء المرضى والرعاية الذاتية والالتزام على المدى الطويل ». واقترحت الورقة استخدام تكنولوجيا المعلومات لتوفير نهج أكثر تركيزا على المريض يربط البيانات من الفحص الأولي وصولا إلى التدخلات الطبية وإعادة التأهيل

[Chunk 2]
النص: العوامل التنبئية الاجتماعية للاكتئاب هي مجموعة الجوانب في بيئة الفرد الاجتماعية ذات الصلة بتطوير الفرد لاضطراب الاكتئاب الشديد . تشمل عوامل الخطر هذه أحداث الحياة الاجتماعية السلبية ، والنزاعات ومستويات الدعم الاجتماعي المنخفضة ، إذ لوحظ وجود ارتباط بين كل من هذه العوامل واحتمالية معاناة الفرد من الاضطراب الاكتئابي ، أو مدة هذا الاكتئاب أو شدة أعراضه . أحداث الحياة الاجتماعية السلبية

[Chunk 3]
النص: . يرتبط تسوس الأسنان أيضا بالفقر وضعف تنظيف الفم وتراجع اللثة مما يؤدي إلى تعرض جذور الأسنان . عوامل الخطر . تشمل عوامل الخطر الحالات التي تؤدي إلى انخفاض إفراز اللعاب مثل : داء السكري ومتلازمة سجوجرن وبعض الأدوية . الأدوية التي تقلل من إنتاج اللعاب تشمل مضادات الهيستامين ومضادات الاكتئاب . الوقاية من تسوس الأسنان .",ما هي عوامل الخطر التي تجعل الأشخاص ؟,"تطور أعراض السكتة النزفية يستغرق أياما وأسابيع . يحدث الاحتشاء غالبا في الشرايين ، وتكون منطقة المهطل ، التي تشير إلى النخاع الشوكي الصدري هنا ، معرضة بشدة للأحداث الإقفارية",التبغ والنظام الغذائي غير الصحي والخمول البدني.,0.7,0.93,0.67
"[Chunk 1]
الأماكن: اراخن، السهل الغانغي، جبال الهيمالايا الغربية، خليج البنغال، شبه القارة الهندية، شمال الهند، غلاديش، نهر الغانغ
النص: الغانج ( بالهندية : ، وتنطق "" غانغا "" ، بالبنغالية :، وتنطق "" غونغا "" ، بالإنجليزية : The Ganges ) هو أحد أكبر أنهار شبه القارة الهندية . يجري باتجاه الشرق مخترقا السهل الغانغي في شمال الهند وينتهي في بنغلاديش . يبلغ طوله 2510 كيلومترا ( 1560 ميلا ) وينبع من جبال الهيمالايا الغربية في ولاية أوتاراخند الهندية وينتهي بدلتا مليئة بالغابات قرب مصبه في خليج البنغال . تبلغ مساحة حوض النهر حوالي 907.000 كم . وينظر الهندوس إلى نهر الغانغ باعتباره نهرا مقدسا ويعبدون إلها يمثله هو الإله غانغا

[Chunk 2]
المنظمات: الهند
الأماكن: اسيا، الهند، باتا، جبال الهملايا، خليج البنغال، شد اباد، نهر الغانغ، والله اباد، ول هاردوار
النص: . وقد تمتع نهر الغانغ بأهمية تاريخية مرجعها وقوع العديد من عواصم الهند الإقليمية أو الإمبراطورية على ضفافه ( مثل باتاليبوترا وقنوج وكاره والله أباد ومرشد أباد وكلكتا ). ويبلغ متوسط عمق النهر 52 قدما ( 16 مترا ) وأقصى عمق له 100 قدم ( 30 مترا ). وقد أعلنت الهند نهر الغانغ نهرها القومي . من حيث الطول هو الخامس عشر في آسيا وال 39 في العالم . ينبع من جبال الهملايا ومصبه الأخير في خليج البنغال . وينحدر من الهملايا إلى ريشكش ثم إلى سهول هاردوار - التي يقدسها الهندوس

[Chunk 3]
الأماكن: الهند، ر اناسي، والله اباد
النص: . ومنذ زمن لا تعيه الذاكرة يعتبر الهندوس الغانج النهر الأكثر قداسه . وأهميته الدينية أكبر من أهمية أي نهر آخر في العالم . وتوجد على ضفافه أماكن كثيره يحج إليها الهندوس , من أهمها هاردوار والله آباد وفار اناسي . ويعتبر الغانج مقدسا لسببين ، الأول اسطوري والثاني الخواص الطبيعية لمياهه . ويمكن حفظ مياهه لفترة طويله . وهي لا تفسد لوجود معادن معينه فيها . وتقول إحدى الاساطير أن الغانج يجري في الجنة وقد نقل إلى الأرض بمجاريث لتطهير رماد ( 60 ) ألف عام من بناء الملك ساجار , ومنذ ذلك الوقت بدأ الناس في عبادته",من أين ينبع نهر الغانج ؟,من جبال الهيمالايا الغربية في ولاية أوتاراخند الهندية وينتهي بدلتا مليئة بالغابات,ينبع نهر الغانج من جبال الهيمالايا الغربية في ولاية أوتاراخند الهندية.,0.91,0.93,0.93
"[Chunk 1]
النص: . المعلومات والخدمات الاستشارية للأعضاء : تشمل القضايا النموذجية الضرائب وقانون العمل والتدريب المهني والتشريعات الخاصة بالصناعة والإعلان على مستوى الصناعة وأبحاث السوق . المفاوضة الجماعية مع النقابات . تدخل الجمعيات التجارية في مفاوضات مع نقاباتها القطاعية على مستوى الدولة . يتم تنظيم الترويج الاقتصادي والتنمية بالإضافة إلى التدريب والاستشارات بشكل أساسي من قبل قسم متخصص في كل منطقة ( WIFI , Wirtschaftsfoerderungsinstitut ). دعم الأعمال

[Chunk 2]
النص: . يوفر القانون العام ( Wirtschaftskammergesetz ) أساسا قانونيا للغرف الاقتصادية الفيدرالية النمساوية , ويوفر الإطار القانوني لجميع الغرف وتعاونها وعضويتها الإلزامية وقواعد تحديد رسوم العضوية . على الرغم من أن الغرف الاقتصادية الفيدرالية منشأة بموجب القانون العام , إلا أنها مدفوعة بالأعمال التجارية حصريا . يقوم رواد الأعمال كل 5 سنوات بانتخاب ضباط وممثلين للجمعيات التجارية والغرفة ( يبلغ عددهم الإجمالي أكثر من 10 , 000 ضابط ) من رتبهم الخاصة

[Chunk 3]
المنظمات: er osterreich، الغرفة الاقتصادية الفيدرالية النمساوية
النص: تعمل الغرفة الاقتصادية الفيدرالية النمساوية ( بالألمانية : "" Wirtschaftskammer Österreich "" أو WKO ) كمنظمة أم فيدرالية لغرف الولايات التسعة و 110 اتحادات تجارية للصناعات المختلفة داخل نظام الاقتصاد النمساوي . تمتلك معظم الغرف والجمعيات الحكومية مكاتب محلية لتقديم الخدمات على مقربة من الأعضاء . العضوية الإجبارية بموجب القانون الفيدرالي النمساوي تتم تلقائيا مع الحصول على ترخيص تشغيل الشركة , وبالتالي تشمل جميع الشركات النمساوية العاملة . تشمل العضوية الناتجة عن 517",ما هو الدور الذي تلعبه الغرف الاقتصادية الفيدرالية في مفاوضات العمل مع النقابات ؟,تدخل الجمعيات التجارية في مفاوضات مع نقاباتها القطاعية على مستوى الدولة .,"تتضمن الغرف الاقتصادية الفيدرالية النمساوية (WKO) المفاوضات الجماعية مع النقابات على مستوى الدولة، كما هو مذكور في Chunk 1.",0.91,0.91,0.93
"[Chunk 1]
المنظمات: الجيش الاسراييلي، منظمة الصحة العالمية
الأماكن: فلسطين، قطاع غزة
التواريخ: 18 يناير 2009، 2008، 2009، 27 ديسمبر 2008
النص: ضحايا حرب غزة ( 2008 -2009 ) هم مجمل الضحايا الدين قتلوا أثناء العملية العسكرية التي شنها الجيش الإسرائيلي على قطاع غزة في فلسطين بما يعرف بالحرب على غزة . تقديرات المنظمات غير الحكومية لحقوق الإنسان والمقاتلين المشاركين للقتلى في الحرب على غزة من يوم 27 ديسمبر 2008 إلى 18 يناير 2009 : خسائر أخرى . أفادت منظمة الصحة العالمية عن مقتل 16 عاملا في مجال الصحة وإصابة 22 من العاملين الصحيين خلال الهجوم

[Chunk 2]
المنظمات: اسراييل، حماس
التواريخ: 18 يناير، 2008، 2009، 27 ديسمبر 2008
النص: هناك العديد من الآثار الإنسانية والطبية والاقتصادية والصناعية لحرب غزة 2008 -2009 التي بدأت بالغارات الجوية الإسرائيلية في 27 ديسمبر 2008 وانتهت في 18 يناير بوقف إطلاق النار الذي نفذته إسرائيل من جانب واحد ، وفي وقت لاحق في نفس اليوم . من قبل حماس والفصائل الفلسطينية الأخرى . جاء وقف إطلاق النار بعد 22 يوما من القصف البري والبحري والجوي الذي خلف أكثر من 1300 شهيد فلسطيني وأكثر من 5000 جريح ، ومقتل 13 إسرائيليا

[Chunk 3]
المنظمات: اسراييل، حركة حماس، حركة فتح
التواريخ: ابريل 2009، يناير 2009
النص: . وقالت المنظمة أن حركة حماس تقوم بقتل خصومها السياسيين من الفلسطينيين الذين تشك في أنهم يتعاونون مع أعضاء في حركة فتح أو تشك في تعاونهم مع إسرائيل . حيث ذكرت أن 32 شخصا قتلوا منذ الهجوم العسكري الإسرائيلي على غزة في يناير 2009 وحتى أبريل 2009. كما تعرض 49 شخصا لإصابات تسببت في إعاقات لهم ، وذلك إثر تعرضهم لإطلاق النار على سيقانهم ، كما تعرض 73 آخرين لكسر عظام أرجلهم وأذرعهم . كما ذكرت أن 18 شخصا تعرضوا للإعدام دون محاكمة تذكر وذلك خلال فترة الحرب الإسرائيلية على غزة . رد على الاتهامات",كم عدد الإسرائيليين الذين قتلوا خلال حرب غزة 2008 -2009 ؟,13 إسرائيليا,13 إسرائيليا.,0.91,0.93,0.93
"[Chunk 1]
النص: في نظرية الأعداد ، يتحدث عن أعداد أولية في متتالية حسابية حينما تكون ثلاث حدود متتابعة على الأقل من متتالية حسابية أولية . على سبيل المثال ، الأعداد 3 ، 7 ، 11 تمثل ثلاث حدود متتابعة من المتتالية الحسابية formula_1 حيث formula_2..

[Chunk 2]
الأشخاص: هان بيتر غوستاف لوجون دركليه
المنظمات: الرياضيات البحتة والتطبيقية
التواريخ: عام 1862
النص: في الرياضيات ، اختبار ديريكليه ، هو اختبار يستعمل من أجل معرفة هل متسلسلة ما تتقارب أو تتباعد . يسمى هذا الاختبار هكذا نسبة إلى عالم الرياضيات الألماني يوهان بيتر غوستاف لوجون دركليه . نشر بعد وفاته في عام 1862 في مجلة الرياضيات البحتة والتطبيقية . النص . ينص الاختبار على أنه إذا كانت formula_1 متتالية من الأعداد الحقيقية وformula_2 متتالية من الأعداد العقدية تحققن حيث "" M "" ثابتة ما , فإن المتسلسة formula_6 تتقارب .

[Chunk 3]
النص: . بواسطة حاسوب السبع بتات الكمية هذا أمكن الاستفادة من ميزة الحوسبة الكمية الفريدة - ألا وهي قابلية التراكب - لقياس الأعداد الأولية المكونة للرقم 15 ألا وهي 3 و 5. ولكن تحليل الأعداد الكبيرة إلى عواملها الأولية يتطلب حاسوبا ذو عدد أكبر من البتات الكمية ، ويبقى هذا تحديا لبناء حاسوب كمي حقيقى كبير .",ما هو مثال على متتالية حسابية تحتوي على أعداد أولية ؟,"الأعداد 3 ، 7 ، 11 تمثل ثلاث حدود متتابعة من المتتالية الحسابية formula_1 حيث formula_2..","الأعداد 3، 7، 11.",0.92,0.92,0.92
"[Chunk 1]
الأشخاص: بير - اولا ليونغ
الأماكن: السويد
التواريخ: 7 نوفمبر 1967
النص: بير - أولا ليونغ هو لاعب كرة قدم ومدرب كرة قدم سويدي في مركز الدفاع ، ولد في 7 نوفمبر 1967 في السويد . لعب مع نادي هلسينغبورغ .

[Chunk 2]
الأشخاص: ت ليونغ
المنظمات: دي براغي، دي فاسالوندس، ك سولنا، منتخب السويد، ومنت
الأماكن: السويد
التواريخ: 8 مايو 1958
النص: برنت ليونغ هو لاعب كرة قدم سويدي في مركز حراسة المرمى ، ولد في 8 مايو 1958 في في السويد . شارك مع منتخب السويد تحت 21 سنة لكرة القدم ومنتخب السويد لكرة القدم . أما مع النوادي ، فقد لعب مع أيك سولنا ونادي براغي ونادي فاسالوندس .

[Chunk 3]
الأشخاص: بير - ايجل فلو
المنظمات: خب النرويج، دال لكرة القدم، ومنت
الأماكن: النرويج
التواريخ: 18 يناير 1989
النص: بير - إيجل فلو هو لاعب كرة قدم نرويجي في مركز الدفاع ، ولد في 18 يناير 1989 في في النرويج . شارك مع ومنتخب النرويج تحت 16 سنة لكرة القدم ومنتخب النرويج تحت 17 سنة لكرة القدم ومنتخب النرويج تحت 18 سنة لكرة القدم ومنتخب النرويج تحت 19 سنة لكرة القدم ومنتخب النرويج تحت 21 سنة لكرة القدم ومنتخب النرويج لكرة القدم . أما مع النوادي ، فقد لعب مع نادي سوغندال لكرة القدم ونادي مولده .",ما هو النادي الذي لعب معه بير - أولا ليونغ ؟,نادي هلسينغبورغ .,نادي هلسينغبورغ.,0.91,0.91,0.91
"[Chunk 1]
الأشخاص: جوزيف ستالين
الأماكن: استونيا، روسيا
التواريخ: 194، 1989، عام 1934، عام 1989
النص: .3 ٪ ( 16346 ) في عام 1934. بين عامي 1945 و 1989 ، انخفضت حصة الإستونيين العرقية في السكان المقيمين داخل حدود محددة في الوقت الراهن من إستونيا إلى 61 ٪ ، لا سيما بسبب البرنامج السوفيتي لتشجيع الهجرة الجماعية للعمال في المدن الصناعية من روسيا ، وأوكرانيا ، وبيلاروس ، وكذلك من هجرة الحرب والترحيل الجماعي جوزيف ستالين والإعدام . بحلول عام 1989 ، تشكل الأقليات أكثر من ثلث السكان ، حيث بلغ عدد غير الاستونيين قد ارتفع بمقدار خمسة أضعاف تقريبا . المجتمع

[Chunk 2]
الأماكن: استونيا، لاتفيا
التواريخ: عام 1881، عام 1934، مارس 2008
النص: . اعتبارا من مارس 2008 ، وهناك ما مجموعه 227 بلدية في إستونيا ، 33 منهم من المناطق الحضرية والريفية 193. التركيبة السكانية . قبل الحرب العالمية الثانية ، الاستونيين عرقية تشكل 88 ٪ من السكان ، مع الأقليات القومية التي تشكل 12 ٪ المتبقية . وأكبر الأقليات في عام 1934 وكان الروس والألمان والسويديين ، لاتفيا ، اليهود والبولنديين والفنلنديين والمجريين . وكان نصيب الألمان البلطيق انخفضت من 5.3 ٪ (~ 46700 ) في عام 1881 إلى 1.3 ٪ ( 16346 ) في عام 1934

[Chunk 3]
الأماكن: استونيا
التواريخ: 2 يوليو 2010، عام 1992
النص: .7 ٪ ) الروسية ، و 3 ٪ يتحدثون لغات أخرى . واعتبارا من 2 يوليو 2010 ، 84.1 ٪ من سكان إستونيا هم من مواطني إستونيا ، 8.6 ٪ هم من مواطني البلدان الأخرى و 7.3 ٪ من « المواطنين الذين يحملون الجنسية غير محددة ». ومنذ عام 1992 قد اكتسبت ما يقرب من 140 , 000 شخص على الجنسية الإستونية عن طريق التجنس . التوزيع العرقي في إستونيا متجانسة جدا ، حيث في معظم المقاطعات أكثر من 90 ٪ من السكان هم من الإستونيين العرقية . هناك اختلاف أكبر في المدن الكبيرة مثل مدينة تالين ، إستونيا ، حيث تمثل 60 ٪ من عدد السكان",ما سبب تخفيض حصة الإستونيين العرقية ؟,"بسبب البرنامج السوفيتي لتشجيع الهجرة الجماعية للعمال في المدن الصناعية من روسيا ، وأوكرانيا ، وبيلاروس ، وكذلك من هجرة الحرب والترحيل الجماعي جوزيف ستالين والإعدام","للتخفيض في حصة الإستونيين العرقية، كان السبب الرئيسي البرنامج السوفيتي لتشجيع الهجرة الجماعية للعمال من روسيا وأوكرانيا وبيلاروس إلى المدن الصناعية داخل حدود إستونيا، بالإضافة إلى هجرة الحرب والترحيل الجماعي جوزيف ستالين والإعدام.",0.91,0.91,0.91
"[Chunk 1]
الأشخاص: كاري، ن بوميرانتز تاندي
المنظمات: المجلس الاستشاري للامن الداخلي الامريكي، لادارة مكافحة المخدرات
التواريخ: 2003، 2007، يونيو 2016
النص: كارين بوميرانتز تاندي محامية أمريكية ومسؤولة إنفاذ القانون عملت كمديرة لإدارة مكافحة المخدرات في الفترة من 2003 إلى 2007. كانت أول امرأة ترأس إدارة مكافحة المخدرات . تشغل حاليا منصب نائب رئيس المجلس الاستشاري للأمن الداخلي الأمريكي منذ يونيو 2016.

[Chunk 2]
الأشخاص: ابو عمر، اثار الحكيم، اشرف طلبة، انتصار، ايوب عمران بحر، جميلة عزيز، راشد، سامي العدل، سلمى ماجد المصري، عابد عثمان محمد علي، عماد المويد عبده الوزير، فايق عزب، محمد توفيق، مصطفى مصطفى الشامي، منصور العيسوي، ياسمين، يري نعيم عيسى
المنظمات: مكتب مكافحة المخدرات
النص: . آثار الحكيم : في دور الفنانة سلمى ماجد المصري : في دور العقيد منصور العيسوي سامي العدل : في دور عماد المؤيد عبده الوزير : في دور الرائد راشد ( مكتب مكافحة المخدرات ) إنتصار : في دور ياسمينا ( الراقصة ) فايق عزب : في دور الريس عابد عثمان محمد علي : في دور العميد رئيس مكتب مكافحة المخدرات جميلة عزيز : في دور ناهد ( زوجة الرائد راشد ) أشرف طلبة : في دور الرائد مصطفى مصطفى الشامي : في دور الدكتور درديري نعيم عيسى : في دور أبو عمر ( تاجر المخدرات ) محمد توفيق : في دور أيوب عمران بحر : في دور بواب العمارة عبد

[Chunk 3]
الأشخاص: ابراهيم عبد الرازق، احمد خميس، احمد راتب، احمد لطفي، اف رشاد، امال رمزي، ت بيه، حمدي يوسف، سعيدة جلال، سلمى حسين فهمي، علوي، مختار، مشيرة، نبيل الدسوقي، نعيم عيسى، نور الشريف، وحيد سيف، ي عبد الرحمن، ير رمزي
المنظمات: جمعية الصدقة والاحسان، شرطة مكافحة المخدرات، مباحث المخدرات
النص: . نور الشريف : في دور رشدي عبد الرحمن سهير رمزي : في دور سلمى حسين فهمي : في دور أحمد لطفي ( ضابط شرطة مكافحة المخدرات ) إبراهيم عبد الرازق : في دور مختار ( صديق رشدي ) آمال رمزي : في دور علوية ( زوجة أحمد لطفي ) أحمد خميس : رئيس مباحث المخدرات أحمد راتب : في دور الدكش ( تاجر المخدرات ) عفاف رشاد : في دور روزيتا ( مساعدة رشدي ) وحيد سيف : في دور فاعل خير سعيدة جلال : في دور مشيرة ( مساعدة رشدي ) نعيم عيسى : في دور مشتري المخدرات حمدي يوسف : في دور مدحت بيه ( رئيس جمعية الصدقة والإحسان ) نبيل الدسوقي : في",ما هو دورها في إدارة مكافحة المخدرات ؟,عملت كمديرة لإدارة مكافحة المخدرات,كانت كارين بوميرانتز تاندي مديرة لإدارة مكافحة المخدرات من 2003 إلى 2007.,0.9,0.93,0.91
"[Chunk 1]
التواريخ: 16 ابريل 1512، 20 نوفمبر 1854، 21 يوليو 1656، 23 ديسمبر 1908، 3 يناير 1927، 7 ديسمبر 2485، 9 نوفمبر 1836
النص: . هذا الكسوف هو جزء من سلسلة فصل دراسي . يتكرر الكسوف في سلسلة فصل دراسي من الكسوف الشمسي كل 177 يوما تقريبا و 4 ساعات ( فصل دراسي ) في العقد المتناوبة من مدار القمر . ساروس 140. وهو جزء من دورة ساروس 140 يتكرر كل 18 سنة و 11 يوما ويحتوي على 71 حدثا . بدأت السلسلة بكسوف جزئي للشمس في 16 أبريل 1512. تحتوي على الكسوف الكلي من 21 يوليو 1656 حتى 9 نوفمبر 1836 ، والكسوف الهجين من 20 نوفمبر 1854 حتى 23 ديسمبر 1908 ، والكسوف الحلقي من 3 يناير 1927 حتى 7 ديسمبر 2485

[Chunk 2]
التواريخ: 16 ابريل 1512، 20 نوفمبر 1854، 21 يوليو 1656، 23 ديسمبر 1908، 3 يناير 1927، 7 ديسمبر 2485، 9 نوفمبر 1836
النص: . هذا الكسوف هو جزء من سلسلة فصل دراسي . يتكرر الكسوف في سلسلة فصل دراسي من الكسوف الشمسي كل 177 يوما تقريبا و 4 ساعات ( فصل دراسي ) في العقد المتناوبة من مدار القمر . ساروس 140. وهي جزء من دورة ساروس 140 تتكرر كل 18 سنة و 11 يوما وتحتوي على 71 حدثا . بدأت السلسلة بكسوف جزئي للشمس في 16 أبريل 1512. يحتوي على الكسوف الكلي من 21 يوليو 1656 حتى 9 نوفمبر 1836 ، والكسوف الهجين من 20 نوفمبر 1854 حتى 23 ديسمبر 1908 ، والكسوف الحلقي من 3 يناير 1927 حتى 7 ديسمبر 2485

[Chunk 3]
التواريخ: 9 اكتوبر 1428
النص: . هذا الكسوف هو جزء من سلسلة كسوف الشمس 2040 -2043. يتكرر الكسوف في كل 177 يوما تقريبا و 4 ساعات في العقد المتناوبة من مدار القمر . ساروس 134. وهي جزء من دورة ساروس 134 وتتكرر كل 18 سنة و 11 يوما وتحتوي على 71 حدثا . كانت أطول مدة الكلية هي دقيقة واحدة و 30 ثانية في 9 أكتوبر 1428. تحدث جميع الكسوفات في هذه السلسلة عند العقدة الهابطة للقمر . سلسلة اينكس . هذا الكسوف هو جزء من دورة اينكس طويلة الأمد ، يتكرر عند العقد المتناوبة ، كل 358 شهرا سينوديا ( 10571.95 يوما ، أو 29 عاما ناقص 20 يوما )",ما هي السلسة التي يعتبر هذا الكسوف جزء منها ؟,2044 -2047,ساروس 140.,0.4,0.93,0.3
"[Chunk 1]
الأشخاص: اس روزفلت، جيمس روزفلت، فران، نيكول، ين ديلانو روزفلت
المنظمات: rd university، بجامعة كولومبيا، بجامعة هارفارد، بكلية الحقوق
الأماكن: نيويورك
التواريخ: 190، 1900، 1907، 28 -، 4 -، 98 - 170، عام 1904
النص: . وتلقى أول دروسه على يد مدرسين خصوصيين ، ثم التحق بجامعة هارفارد ( Harvard University ) ، وتخرج فيها عام 1904. وعقب تخرجه التحق بكلية الحقوق بجامعة كولومبيا ( 1904 -1907 ) ، ولكنه لم يتخرج فيها ، إذ فشل في اجتياز الامتحان . ينحدر فرانكلين ديلانو روزفلت من أصل هولندي فرنسي . انتخب جده الأكبر ، نيكولاس روزفلت ، عمدة لمدينة نيويورك ( 1698 -1701 ). أما والده ، جيمس روزفلت ( 1828 -1900 ) ، فكان يعمل محاميا وخبيرا ماليا ، ومات إثر إصابته بمرض قلبي ، عندما كان فرانكلين في أولى سنوات دراسته بجامعة هارفارد

[Chunk 2]
الأشخاص: a eleanor roosevelt، اليا، جيمس روزفلت، ر روزفلت، لين د.، والي، وت روزفلت
المنظمات: الكونغرس، بالك، مجلس النواب
التواريخ: 190، 1975، 1988، 1990، 1991، السابع من نوفمبر، عام 1962
النص: . إلى أن ماتت في السابع من نوفمبر عام 1962. ورزق روزفلت ابنة واحدة ، هي آنا اليانور روزفلت ( 1906 -1975 ) ( Anna Eleanor Roosevelt ) ، وكانت تعمل صحفية وموظفة علاقات عامة . وله أربعة أبناء هم : جيمس روزفلت ( 1907 -1991 ) ، الذي كان رجل أعمال ، ثم انتخب عضوا في مجلس النواب بالكونغرس ، إلى جانب عمله كاتبا . واليوت روزفلت ( 1910 -1990 ) ، وكان رجل أعمال كذلك ، ثم انتخب عمدة ، وكان أيضا يعمل بالكتابة والتأليف . وفرانكلين د . روزفلت « الصغير » ( 1914 -1988 ) ، وكان رجل أعمال ومزارع ، ثم انتخب عضوا في الكونغرس

[Chunk 3]
الأشخاص: فران، ين ديلانو روزفلت
المنظمات: حكومة الولايات المتحدة، للولايات المتحدة
التواريخ: 12 ابريل 1945، 30 يناير 1882، عام 1933، عام 1945، منتصف القرن العشرين
النص: فرانكلين ديلانو روزفلت ( أو روزافالت حسب نطقه الخاص ) ، ( 30 يناير 1882 - 12 أبريل 1945 ) ، المعروف أيضا باختصار « إف دي آر » ، هو رجل دولة وزعيم سياسي أمريكي شغل منصب الرئيس الثاني والثلاثين للولايات المتحدة من عام 1933 حتى وفاته في عام 1945. روزفلت هو سياسي ديمقراطي ، وفاز في أربعة انتخابات رئاسية متتالية وبرز كشخصية مركزية في الأحداث العالمية خلال منتصف القرن العشرين . قاد حكومة الولايات المتحدة خلال الكساد الكبير والحرب العالمية الثانية",ما هو سبب وفاة والد روزفلت ؟,"مات إثر إصابته بمرض قلبي ، عندما كان فرانكلين في أولى سنوات دراسته بجامعة هارفارد","مات والده، جيمس روزفلت، إثر إصابته بمرض قلبي، عندما كان فرانكلين في أولى سنوات دراسته بجامعة هارفارد.",0.92,0.91,0.93
"[Chunk 1]
النص: المطيلية أو الممطوطية أو الممطولية هي الخاصية الفيزيائية للقدرة على الوقوع تحت تأثير التشوهات اللدنة ( البلاستيكية ) دون حدوث تصدع ( فمثلا في الفلزات يمكن سحبها على هيئة أسلاك ). وهي خاصية مميزة لسريان المادة تأثير إجهاد القص . التعريف . المطيلية مصطلح يطلق على المواد ذات القابلية العالية للتشكيل ، فهي خاصية ميكانيكية تستخدم لوصف مادة يمكن أن تتشوه بشكل لدن بدون أن تنكسر . وتعتبر المطيلية من أهم الخواص في تشكيل المعادن مثل الدرفلة والبثق والسحب

[Chunk 2]
النص: . دراسة المواد العضوية تتضمن استخدام المطيافية ( مثل رنين مغناطيسي نووي ) ومطيافية الكتلة والطرق الفيزيائية والكيميائية الأخرى لتحديد التركيب الكيميائي والصيغة الكيميائية للمركبات العضوية وفهم تفاعلاتها ، بل وإضافة مواد يستفيد منها الإنسان ، مثل الأدوية والأسمدة والبوليميرات المختلفة المستخدمة أحيانها كعوازل كهربائية أو حرارية أو صوتية . يدخل في تركيب المواد العضوية بصفة أساسية الكربون والنتروجين والهيدروجين والأكسجين

[Chunk 3]
النص: الفيزياء الجزيئية هي دراسة الخواص الفيزيائية للجزيئات ودراسة الروابط الكيميائية التي تربط الذرات المختلفة مكونة الجزيئات . وبالتالي يشكل هذا العلم فرعا أساسيا في فهم أسس الكيمياء ودراسة المطيافيات ( أطياف الأشعة تحت الحمراء ومطيافية الرنين النووي المغناطيسي ( NMR ). يعتبر هذا العلم وثيق الصلة بالفيزياء الذرية ويتقاطع بشكل كبير مع الكيمياء النظرية والكيمياء الفيزيائية .",ما هي المطيافية ؟,مطيافية الكتلة والطرق الفيزيائية والكيميائية الأخرى لتحديد التركيب الكيميائي والصيغة الكيميائية للمركبات العضوية وفهم تفاعلاتها,"المطيلية هو مصطلح يطلق على المواد ذات القابلية العالية للتشكيل، وهي خاصية ميكانيكية تستخدم لوصف مادة يمكن أن تتشوه بشكل لدن بدون أن تنكسر.",0.91,0.91,0.93
"[Chunk 1]
التواريخ: 28 \ 10، 28 اكتوبر، 28 تشرين الاول، الثامن والعشرين من الشهر العاشر، ماية
النص: 28 أكتوبر أو 28 تشرين الأول أو يوم 28 \ 10 ( اليوم الثامن والعشرين من الشهر العاشر ) هو اليوم الأول بعد الثلاثمائة ( 301 ) من السنة ، أو الثاني بعد الثلاثمائة ( 302 ) في السنوات الكبيسة ، وفقا للتقويم الميلادي الغربي ( الغريغوري ). يبقى بعده 64 يوما على انتهاء السنة .

[Chunk 2]
التواريخ: 28 \ 11، 28 تشرين الثاني، 28 نوفمبر، الثامن والعشرين من الشهر الحادي عشر، ماية
النص: 28 نوفمبر أو 28 تشرين الثاني أو يوم 28 \ 11 ( اليوم الثامن والعشرين من الشهر الحادي عشر ) هو اليوم الثاني والثلاثين بعد الثلاثمائة ( 332 ) من السنة ، أو الثالث والثلاثين بعد الثلاثمائة ( 333 ) في السنوات الكبيسة ، وفقا للتقويم الميلادي الغربي ( الغريغوري ). يبقى بعده 33 يوما على انتهاء السنة .

[Chunk 3]
التواريخ: 28 \ 7، 28 تموز، 28 يوليه، 28 يوليو، الثامن والعشرون من الشهر السابع
النص: 28 يوليو أو 28 تموز أو 28 يوليه أو يوم 28 \ 7 ( اليوم الثامن والعشرون من الشهر السابع ) هو اليوم التاسع بعد المئتين ( 209 ) من السنوات البسيطة ، أو اليوم العاشر بعد المئتين ( 210 ) من السنوات الكبيسة وفقا للتقويم الميلادي الغربي ( الغريغوري ). يبقى بعده 156 يوما لانتهاء السنة .",ما هو تاريخ اليوم 28 / 10 ؟,اليوم الثامن والعشرين من الشهر العاشر ) هو اليوم الأول بعد الثلاثمائة ( 301 ) من السنة,"28 أكتوبر أو 28 تشرين الأول أو يوم 28 \ 10 ( اليوم الثامن والعشرين من الشهر العاشر ) هو اليوم الأول بعد الثلاثمائة ( 301 ) من السنة ، أو الثاني بعد الثلاثمائة ( 302 ) في السنوات الكبيسة ، وفقا للتقويم الميلادي الغربي ( الغريغوري ).",0.92,0.91,0.91
"[Chunk 1]
الأشخاص: محمد الرحمون
المنظمات: الجيش السوري، تنظيم سرايا قاسيون
الأماكن: الاراضي السورية، الشمال المحرر، دمشق
النص: . كما تعهدت بمواصلة عملياته النوعية داخل مناطق سيطرة الحكومة ردا على ما وصفه ب « المجازر اليومية التي يرتكبها النظام وميليشياته .. في الشمال المحرر ». ينشط تنظيم سرايا قاسيون في مدينة دمشق وريفها وسبق أن تبنى عددا من الهجمات التي استهدفت الجيش السوري والفصائل المتحالفة معه . ردود الفعل . قال وزير الداخلية اللواء محمد الرحمون إن الهجوم جاء بعد دحر الإرهاب من أغلب الأراضي السورية ، وأضاف أن من خطط لهذا الهجوم كان يرغب في إيذاء أكبر عدد ممكن من المواطنين

[Chunk 2]
الأشخاص: صدام حسين
المنظمات: ايب اهل الحق، حزب الله، سرايا عاشوراء، سكاي نيوز
النص: . وتنشط كتائب حزب الله ، وعصائب أهل الحق ، وكذلك سرايا عاشوراء ، في تلك المناطق ، حيث تحتل عدة مواقع وبساتين زراعية ، كانت تعود لأقرباء صدام حسين ، إذ حولتها إلى مواقع لتخزين الأسلحة وتصنيعها ، والتخطيط لعمليات عسكرية ، واستهداف البعثات الأجنبية ، وغيرها "" ، ونقلت سكاي نيوز عن مصدرها أن "" سبب اختيار تلك المنطقة ، بسبب طبيعتها ، وكذلك بعدها النسبي عن أعين الرصد ، أو القوات الأمنية ، إذ لا يمكن لقوة أمنية ، دخولها ، إلا بعد التنسيق ، مع المجموعات المسلحة ، الموجودة هناك "".

[Chunk 3]
الأشخاص: جهاد، خليل البهتيني، طارق عز الدين
المنظمات: اسراييل، المجلس العسكري للسرايا، سرايا القدس
الأماكن: الضفة الغربية، القطاع، المنطقة الشمالية
النص: . تمكنت إسرائيل خلال هذه العملية التي أسمتها « عملية السهم الواقي » من اغتياله هو وقادة آخرين للسرايا في مناطق أخرى من القطاع ولعل أبرزهم خليل البهتيني عضو المجلس العسكري للسرايا وقائد المنطقة الشمالية ، والقائد طارق عز الدين أحد قادة العمل العسكري للحركة في الضفة الغربية . ردود الفعل . نعت سرايا القدس جهاد في بيان مطول مما جاء فيه : « إننا إذ ننعى شهدائنا القادة وزوجاتهم وعددا من أبنائهم لنؤكد على أن دماء الشهداء ستزيد من عزمنا ولن نغادر مواقعنا »",أي مناطق أخرى ينشط فيها تنظيم سرايا قاسيون ؟,في مدينة دمشق,يرشح تنظيم سرايا قاسيون في مدينة دمشق وريفها.,0.91,0.91,0.92
"[Chunk 1]
الأشخاص: جاك سيلكوك
المنظمات: انجلترا، م اثليتيك
التواريخ: عام 1934
النص: . حيث لعب 423 مباراة ، وسجل هدفين بقميص النادي ، قبل إنتقاله عام 1934 لنادي "" أولدهام أثليتيك "" ، حيث أنهى مسيرته كلاعب هناك . مسيرته الدولية فاز جاك سيلكوك مع منتخب بلاده إنجلترا بثلاث مباريات دولية بين عامي 1921 و 1923.

[Chunk 2]
الأشخاص: k silcock، جاك سيلكوك
المنظمات: اثير، ل جونيورز، مانشستر يونايتد
التواريخ: 15 يناير 1898، 28 يونيو 1966، عام 1916، عام 1919، عام 1966
النص: جاك سيلكوك ( بالإنجليزية : Jack Silcock ) ( 15 يناير 1898 - 28 يونيو 1966 ) كان لاعب كرة قدم إنجليزي ، لعب في مركز الظهير الأيسر ، وقضى معظم حياته المهنية في نادي مانشستر يونايتد الإنجليزي . توفي في عام 1966 ، عن عمر يناهز 68 عاما . مسيرته الإحترافية . لعب مع "" أسبل جونيورز "" و "" أثيرتون "" عندما كان شابا ، ثم في عام 1916 ، وقع مع مانشستر يونايتد كمتدرب ، وفي عام 1919 بدأ مسيرته الاحترافية معهم

[Chunk 3]
الأشخاص: اتم السباعي، امين
المنظمات: للمنتخب المغربي، موريتانيا
التواريخ: 11 اكتوبر 2008
النص: . مهنة دولية . لعب في صفوف منتخب المغرب تحت 21 عاما ، ولعب أول مباراة دولية للمنتخب المغربي ضمن تصفيات كأس العالم 2010 ضد موريتانيا في 11 أكتوبر 2008. الحياة الشخصية . له شقيقان محترفان هما أمين وحاتم السباعي .",هل لعب جاك سيلكوك مباريات دولية ؟,مسيرته الدولية فاز جاك سيلكوك مع منتخب بلاده إنجلترا بثلاث مباريات دولية,"نعم، لعب جاك سيلكوك مع منتخب إنجلترا ثلاث مباريات دولية بين عامي 1921 و 1923.",0.9,0.92,0.92
"[Chunk 1]
الأماكن: الاسكا، الشرق الاقصى، المحيط الهادي، امريكا الشمالية، بحر بيرنغ، راس ديجنيف، روسيا، شبه جزيرة تشوكشي، شبه جزيرة سيوارد، قارة اسيا، مضيق بيرينغ، وراس امير، ويلز
النص: مضيق بيرينغ مضيق يفصل بين قارة آسيا وقارة أمريكا الشمالية ، تحديدا بين « رأس ديجنيف » في روسيا ، ورأس أمير ويلز في ألاسكا ، وهو يقع بين المحيط الهادئ والمحيط المتجمد الشمالي ، ويصل ما بين بحر بيرنغ جنوبا والمحيط المتجمد الشمالي شمالا ، ويفصل شبه جزيرة تشوكشي في الشرق الأقصى الروسي عن شبه جزيرة سيوارد في ولاية ألاسكا الأمريكية

[Chunk 2]
الأماكن: حر بيرنغ، ر شاكشي، كندا، مضيق بيرينغ، يج الاسكا، يق بيرنغ
النص: . الولاية محدودة من الشرق بإقليم يوكون وكولومبيا البريطانية ( و اللتان هما منطقتان في كندا ) ، ومحدودة من الجنوب بخليج ألاسكا والمحيط الهاديء ، ومن الغرب ببحر بيرنغ ومضيق بيرنغ وبحر شاكشي ، ومن الشمال بالمحيط المتجمد الشمالي . مياه آلاسكا الإقليمية على اتصال مع المياه الإقليمية الروسية عن طريق مضيق بيرينغ ، حيث المسافة بين الجزر الروسية والجزر الألاسكية صغيرة

[Chunk 3]
المنظمات: الامبراطورية الروسية، الولايات المتحدة
الأماكن: الاس، القبايل، مضيق بيرنج، والش، والك، وريا
التواريخ: العام 1867
النص: .4 درجة مئوية ) ، وتتجمد مياهه في الشتاء . تساعد التيارات والرياح على دفع الكتل المتجمدة نحوالشمال . عندما اشترت الولايات المتحدة ولاية ألاسكا من الإمبراطورية الروسية في العام 1867 أضحى مضيق بيرنج منطقة نزاع حول حقوق صيد الأحياء البحرية النادرة فضلا عن كونه ممرا استراتيجيا مما يزيد من حدة النزاع بين الدولتين . يعيش على جانبي المضيق السكان الأصليون من القبائل القديمة كالإسكيمو والشوكشي ، والكورياك ، وتعمل هذه القبائل في صيد البحر والاتجار بجلود الحيوانات النادرة التي تكثر في تلكم المناطق",ما هو اسم المضيق الذي يفصل ولاية ألاسكا عن روسيا ؟,مضيق بيرينغ,مضيق بيرينغ.,0.92,0.91,0.92
"[Chunk 1]
النص: المرجئة هم فرقة كلامية تنتسب إلى الإسلام ، خالفوا رأي الخوارج وكذلك أهل السنة في مرتكب الكبيرة وغيرها من الأمور العقدية ، وقالوا بأن كل من آمن بوحدانية الله لا يمكن الحكم عليه بالكفر ، لأن الحكم عليه موكول إلى الله وحده يوم القيامة ، مهما كانت الذنوب التي اقترفها

[Chunk 2]
الأشخاص: يحيى بن معين، يونس بن بكير
النص: . وهم يستندون في اعتقادهم إلى قوله تعالى ( وآخرون مرجون لأمر الله إما يعذبهم وإما يتوب عليهم والله عليم حكيم ) الآية 106 سورة التوبة والعقيدة الأساسية عندهم عدم تكفير أي إنسان ، أيا كان ، ما دام قد اعتنق الإسلام ونطق بالشهادتين ، مهما ارتكب من المعاصي ، تاركين الفصل في أمره إلى الله تعالى وحده ، لذلك كانوا يقولون : لا تضر مع الإيمان معصية ، كما لا ينفع مع الكفر طاعة . كما عرفوا بالتزلف والتقرب من السلاطين والدفاع عنهم فيقول يحيى بن معين عن يونس بن بكير :

[Chunk 3]
الأشخاص: عثمان بن عفان، وعلي بن ابي طالب
النص: . وقد نشأ هذا المذهب في أعقاب الخلاف السياسي الذي نشب بعد مقتل عثمان بن عفان وعلي بن أبي طالب ، وعنه نشأ الاختلاف في مرتكب الكبيرة . فالخوارج يقولون بكفره والمرجئة يقولون برد أمره إلى الله تعالى إذا كان مؤمنا ، وعلى هذا لا يمكن الحكم على أحد من المسلمين بالكفر مهما عظم ذنبه ، لأن الذنب مهما عظم لا يمكن أن يذهب بالإيمان ، والأمر يرجأ إلى يوم القيامة وإلى الله مرجعه . ويذهب الخوارج ، خلافا للمرجئة ، إلى أن مرتكب الكبيرة مخلد في النار",ما هي العقيدة الأساسية عند المرجئة فيما يتعلق بالكفر والإيمان ؟,"وقالوا بأن كل من آمن بوحدانية الله لا يمكن الحكم عليه بالكفر ، لأن الحكم عليه موكول إلى الله وحده يوم القيامة","لا يمكن الحكم على أحد من المسلمين بالكفر مهما عظم ذنبه، لأن الذنب مهما عظم لا يمكن أن يذهب بالإيمان، والأمر يرجأ إلى يوم القيامة وإلى الله مرجعه.",0.92,0.91,0.92
"[Chunk 1]
المنظمات: المملكة العراقية الهاشمية
الأماكن: الخليج العربي، الشام، العراق، دجلة والفرات، راء العربية، والصح
النص: العراق الدولة التي تشمل حاليا جزئيا أراضي حضارة بلاد ما بين النهرين القديمة ، نشأت هذه الحضارة بين نهري دجلة والفرات ، تصب هذه الأنهار في الخليج العربي عبر دولة العراق . تأسست المملكة العراقية الهاشمية ك أول كيان عراقي والمعروفة أيضا باسم عراق الانتداب في مرحلتها الأولى ، بموجب الاتفاقية البريطانية العراقية 1922. تقع العراق في بلاد ما بين النهرين السفلى ( المقابلة لبابل التاريخية ) ولكنها تشمل أيضا جزءا من أعالي بلاد ما بين النهرين وبادية الشام والصحراء العربية . كان الآشوريين غالبية سكان العراق منذ العصور الساسانية

[Chunk 2]
الأشخاص: صر الاول
الأماكن: ادية، الاك، انية، بابل، شمال بلاد ما بين النهر، فيني، نينوى
التواريخ: عام 1000 ق. م، عام 1240 ق. م، عام 1273 ق. م، عام 1760 ق. م، عام 1813 ق.، عام 774 ق. م
النص: آشور ( الاكادية :، السريانية : أو ) هي حضارة قامت في مدينة اشور في شمال بلاد ما بين النهرين ، وتوسعت في الألفية الثانية ق . م . وامتدت شمالا لمدن نينوى ونمرود وخورسباد . ولقد حكم الملك شمشي مدينة آشور عام 1813 ق . م . واستولى حمورابي ملك بابل على آشور عام 1760 ق . م . إلا أن الملك الآشوري شلمنصر الأول استولى على بابل وهزم الميتانيين عام 1273 ق . م . ثم استولت آشور ثانية على بابل عام 1240 ق . م . وفي عام 1000 ق . م . استولى الآراميون على آشور ، لكن الآشوريين استولوا على فينيقيا عام 774 ق . م . وصورعام 734 ق

[Chunk 3]
الأشخاص: ور ناصربال الثاني
المنظمات: الاشورية
الأماكن: اربيل، المملكة، الموصل، بال تل، بشمال العراق، شمال وادي الرافدين، كالح، للمملكة، نهر الدجلة، نينوى
التواريخ: 612 ق
النص: آشور هي المدينة - الدولة التي أصبحت عاصمة المملكة الآشورية القديمة ، اسمها القديم ( بال تل ) وشكلت مع نينوى و أربيل المنطقة النواة للممالك الآشورية المتعاقبة . كانت تقع على بعد 60 ميل جنوب مدينة الموصل حاليا بشمال العراق على ضفاف نهر الدجلة . وكانت مدينة آشور العاصمة للمملكة الآشورية في شمال وادي الرافدين ( العراق ) سنة 2500 ق . م . إلا أن الملك آشور ناصربال الثاني ( 883 -859 ق . م .) قام بنقل العاصمة شمالا إلى مدينة كالح العراقية ( نمرود حاليا ). وسقطت المدينة عام 612 ق . م تحت هجمات البابليين و الميديين . م تحت هجمات البابليين و الميديين . ودمرت مدنها الكبيرة .",متى كانوا الآشوريين غالبية سكان العراق ؟,منذ العصور الساسانية,كانوا الآشوريين غالبية سكان العراق منذ العصور الساسانية.,0.9,0.93,0.93
"[Chunk 1]
النص: الطيف الكهرومغناطيسي مصطلح عام يشمل جميع الترددات الممكنة من الإشعاعات الكهرومغناطيسية . ويعرف الطيف الكهرومغناطيسي ايضا ( يسمى عادة بالطيف فقط ) بخطوط الأشعة الصادرة من جسم أسود عند درجة حرارة معينة ( لكل خط طول موجة معينة وتردد معين ). لكل عنصر كيميائي طيف يميزه ، أي له مجموعة خطوط متسلسلة تميزه عن غيره ، ويسمى هذا الطيف « طيف انبعاث ». يتغير طيف الأشعة المنبعثة من جسم بتغير درجة حرارة الجسم ، ويختار اللون الأسود بالذات لأنه « مثالي » في امتصاص الأشعة ومثالي أيضا في إصدار الأشعة

[Chunk 2]
النص: . يصنف الإشعاع الكهرومغناطيسي وفقا لتردد موجته ، ويتكون الطيف الكهرومغناطسي وفقا لتزايد التردد وتناقص الطول الموجي من الموجات الراديوية ، تليها الموجات الصغرية ، تليها الأشعة تحت الحمراء ، يليها الضوء المرئي ، يليه الأشعة فوق البنفسجية ، تليها الأشعة السينية ، وأخيرا أشعة غاما . تبدي أعين العديد من الكائنات حساسية لنافذة صغيرة ومتغيرة نوعا ما من ترددات الإشعاع الكهرومغناطيسي تدعى الطيف المرئي

[Chunk 3]
النص: . يكون طيف العناصر عادة في نطاق الضوء المرئي . يمتد الطيف الكهرومغناطيسي من الترددات المنخفضة مثل الترددات المستخدمة في الراديو ، عبر الترددات المتوسطة مثل ترددات أشعة الضوء المرئي ، إلى الترددات العالية مثل أشعة إكس ، وينتهي بأشعة غاما . ويعتبر أن حد أقصر طول موجي هو طول بلانك ، وأكبر طول موجي ممكن هو حجم الكون كله . ( شاهد علم الفضاء الطبيعي ). نطاقات الطيف الكهرومغناطيسي . الطيف عبارة عن المجموعة الكاملة للأمواج الكهرومغناطيسية",ماذا يسمى طيف الأشعة المنبعثة من جسم بخطوط متسلسلة ؟,لأنه « مثالي » في امتصاص الأشعة ومثالي أيضا في إصدار الأشعة .,يطيف انبعاث.,0.5,0.91,0.5
"[Chunk 1]
الأشخاص: هاري
المنظمات: اسراييل، الها
الأماكن: الاراضي الفلسطينية، والقد، يافا
التواريخ: 15 مايو 1948، ابريل 1948، عام 1945
النص: . الخلفية . منذ عام 1945 ، صممت الهاغاناه على أربع خطط عسكرية عامة ، مما أدى تنفيذها في النهاية إلى إنشاء إسرائيل ونزع ملكية الأراضي الفلسطينية ، وكانت الخطط هي : التفاصيل . بدأ تنفيذ الخطة « د » في ابريل 1948 وذلك بعملية نخشون ، بالرغم من أن نص الخطة ينص ان تلك الخطوة لم تكن من المفترض ان تطبق قبل خروج البريطانيين من فلسطين ، الامر الذي تم مع بداية 15 مايو 1948. ومن بعد عملية نخشون بدأت عملية هارئيل ، وكانت هاتان العمليتان تهدفان إلى احتلال وتدمير القرى الفلسطينية على امتداد الطريق الواصل بين يافا والقدس

[Chunk 2]
المنظمات: القوات الامريكية، القوات الانجليزية، الولايات المتحدة الاميركية، حكومة فيشي
الأماكن: الدار البيضاء، المغرب، مرسى الكبير، ميناء اسفي، هران
التواريخ: صباح ال 8 من نوفمبر / تشرين الثاني 1942
النص: . كانت تهدف في بدايتها إلى سيطرة القوات الأمريكية على ميناء آسفي ، الذي تديره حكومة فيشي الفرنسية في المغرب الفرنسي ، ومن ثم البدء في عملية للسيطرة على مدينة الدار البيضاء ، كانت الوحدة المسؤولة عن العملية هي فوج المشاة 47 الأمريكي ، واختير صباح ال 8 من نوفمبر / تشرين الثاني 1942 موعدا لها ، قامت الولايات المتحدة الاميركية بالهبوط بإنزال برمائي ، وبالتزامن مع هبوط القوات الإنجليزية - أمريكية في مرسى الكبير بوهران ، أعطى الجنرال أيزنهاور الضوء الأخضر لفوج المشاة 47 الأمريكي ، للإنزال في ميناء آسفي من أجل دعم

[Chunk 3]
الأشخاص: اسحاق رابين، ايلان بابي، هاري
المنظمات: اسراييل، الحركة الصهيونية، السلطات البريطانية، الها، ومصر
الأماكن: القدس، جزيرة رودس، فلسطين
التواريخ: 194، حزيران / يونيو 1946
النص: . في 1941 انضم إلى « الهاجاناه » وأصبح من كبار قادتها ، مما أدى إلى اعتقاله من قبل السلطات البريطانية في حزيران / يونيو 1946. عندما اندلعت حرب 1948 تعين قائدا لسرية « هارئيل » التي قاتلت في منطقة القدس ؛ ويشير المؤرخ اليهودي إيلان بابي في كتابه التطهير العرقي لفلسطين بأن إسحاق رابين هو أحد مهندسي ومخططي ومنفذي عملية ترحيل الفلسطينيين التي نفذتها الحركة الصهيونية على أرض فلسطين . وعند انتهاء الحرب اشترك في محادثات الهدنة التي دارت بين إسرائيل ومصر في جزيرة رودس اليونانية",ما هي عملية هارئيل وما هي أهدافها ؟,تهدفان إلى احتلال وتدمير القرى الفلسطينية على امتداد الطريق الواصل بين يافا والقدس,"عملية هارئيل هي عملية عسكرية نفذتها القوات الإسرائيلية في أبريل 1948، تهدف إلى احتلال وتدمير القرى الفلسطينية على امتداد الطريق الواصل بين يافا والقدس.",0.92,0.91,0.92
"[Chunk 1]
الأشخاص: ا باتريشيا رويز ماكفارلاند، كارل، يرمو رويز هيرنانديز
المنظمات: الجامعة الايبيرية الامريكية، حركة التجديد الوطني
الأماكن: ا كاليفورنيا، سان دييغو، وانا
التواريخ: عام 2020
النص: كارلا باتريشيا رويز ماكفارلاند هي سياسية مكسيكية تشغل منصب العمدة الثامن والعشرين والعمدة الحالي لتيخوانا منذ عام 2020. وهي عضو في حركة التجديد الوطني ، وهي أول امرأة تشغل منصب عمدة تيخوانا والأمين السابق للتعليم البلدي . الحياة المبكرة والتعليم . رويز ماكفارلاند هي ابنة غييرمو رويز هيرنانديز المدعي العام الحالي في باجا كاليفورنيا . درست في سيدة السلام وهي مدرسة ثانوية كاثوليكية خاصة في سان دييغو ، وتخرجت من الجامعة الأيبيرية الأمريكية في تيخوانا بدرجة البكالوريوس في الاتصالات . الوظيفة المبكرة

[Chunk 2]
الأشخاص: ز ماكفارلاند، ورو غونزاليس كروز
المنظمات: لبلدية تيخوانا
الأماكن: مورين، وانا
التواريخ: 12 فبراير 2021، 16 اكتوبر 2020، 5 نوفمبر
النص: . عمدة تيخوانا . تم تعيين رويز ماكفارلاند رئيسا لبلدية تيخوانا في 16 أكتوبر 2020 ، بعد أن استقال رئيس البلدية آنذاك أرتورو غونزاليس كروز لفترة وجيزة لطلب الترشح لحكومة الولاية لحزبه السياسي في مورينا . انتهت فترة ولايتها مؤقتا في 5 نوفمبر عندما استأنف غونزاليس مهام رئاسة البلدية في انتظار قرار بشأن ترشيحه . في 12 فبراير 2021 عادت إلى مكتب رئيس البلدية بعد استقالة غونزاليس .

[Chunk 3]
المنظمات: مجلس الوزراء البلدي، منتدى باها كاليفورنيا، وبي اس ان، ون ازتيكا
الأماكن: وانا
التواريخ: عام 2019
النص: . الوظيفة المبكرة . قبل دخولها عالم السياسة عملت في وكالات التسويق وفي منافذ الأخبار ، بما في ذلك تلفيزيون أزتيكا وبي إس إن . كما أسست منتدى باها كاليفورنيا ، وهي صحيفة متخصصة في القانون ، وشغلت منصب مدير العلاقات العامة في مكتب محاماة عائلتها . في عام 2019 انضمت إلى مجلس الوزراء البلدي كرئيسة لأمانة التعليم في البلدية . عمدة تيخوانا",ما هو المنصب الذي تشغله كارلا باتريشيا رويز ماكفارلاند في تيخوانا ؟,منصب العمدة الثامن والعشرين,عمدة تيخوانا.,0.92,0.91,0.9
"[Chunk 1]
الأشخاص: د ماركوس، دا جوزيفا ريميديوس، دا ماركوس، غ بونغ ماركوس، فردي، ماريا ايميل، نورت، والد، ي ماركوس، يز ماركوس
المنظمات: مجلس الشيوخ
الأماكن: س نورت
التواريخ: 12 نوفمبر 1955، 1998، 2007، 2010، 2019، عام 2019
النص: ماريا آيميلدا جوزيفا ريميديوس « آيمي » روموالديز ماركوس ( من مواليد 12 نوفمبر 1955 ) ، سياسية فلبينية وممثلة سابقة تعمل كعضو في مجلس الشيوخ منذ عام 2019. وهي ابنة فرديناند ماركوس والسيدة الأولى السابقة آيميلدا ماركوس والأخت الكبرى للرئيس الحالي بونغ بونغ ماركوس . شغلت سابقا منصب حاكمة إيلوكوس نورت بين عامي 2010- ، 2019 وممثلة لمنطقة إيلوكوس نورت الثانية بين عامي 1998 -2007. بدأت آيمي ماركوس حياتها السياسية خلال فترة حكم والدها بالأحكام العرفية

[Chunk 2]
الأشخاص: تراج، د ماركوس، زون اكينو، فردي، كورا، وس نورتي، ي ماركوس
المنظمات: مجلس الشيوخ، مجلس النواب، محكمة المقاطعة الامريكية
الأماكن: الفلبين
التواريخ: 2019، عام 1989، عام 1991، عام 1993
النص: . سمحت الرئيسة كورازون أكينو لعائلة ماركوس بالعودة إلى الفلبين في عام 1991 ، بعد وفاة فرديناند ماركوس في عام 1989. سرعان ما ترشحت آيمي لمنصب سياسي ، وفازت بثلاث ولايات في مجلس النواب وثلاث ولايات كحاكمة لإيلوكوس نورتي . انتخبت لعضوية مجلس الشيوخ في انتخابات 2019. أشير إلى إدانة إيمي ماركوس في قضية "" تراجانو ضد ماركوس "" عام 1993 أمام محكمة المقاطعة الأمريكية في هونولولو في الدوائر القانونية الأمريكية لفضح نقاط الضعف في مبدأ تصرف الدولة ، مما يسمح برفع دعاوى مماثلة

[Chunk 3]
الأشخاص: ايميل، د بونغ بونغ ماركوس، د ماركوس، دا ماركوس، فردي، واير، ي ماركوس، ين ماركوس ارانيتا
المنظمات: الفلبين، مجلس الشيوخ
الأماكن: قصر مالاكانانغ
التواريخ: 12 نوفمبر 1955، ديسمبر 1965، فبراير 1986
النص: . النشأة . ولدت آيمي ماركوس في 12 نوفمبر 1955 ، في ماندالويونغ ( التي كانت آنذاك بلدية في ريزال ) كأكبر أبناء الرئيس السابق فرديناند ماركوس والسيدة الأولى السابقة إيميلدا ماركوس ، وكلاهما مارس حكما استبداديا على الفلبين من ديسمبر 1965 إلى فبراير 1986. لديها ثلاثة أشقاء آخرين : فرديناند بونغ بونغ ماركوس الابن ، العضو السابق في مجلس الشيوخ والرئيس الحالي ، وإيرين ماركوس أرانيتا ، وآمي ماركوس المتبناة . نشأت ماركوس خلال طفولتها في قصر مالاكانانغ ، المقر الرسمي للرئيس",متى بدأت آيمي ماركوس حياتها السياسية ؟,2019,بدأت آيمي ماركوس حياتها السياسية خلال فترة حكم والدها بالأحكام العرفية.,0.22,0.93,0.3
"[Chunk 1]
الأشخاص: س هولباين الاكبر، مارتن لوثر
الأماكن: سبورغ
التواريخ: ال 15، القرن السابع عشر للميلاد، بداية، عام 1518 م
النص: . اشتهرت المدينة أثناء هذه الفترة ( القرنين ال 15 و 16 م ) في المجال الفني ، واكتسبت سمعتها من حرفييها المهرة في صناعة الذهب والفضة ، كما كانت مسقط رأس الرسامين « هانس هولباين الأكبر » ( أو القديم ) وابنه من بعده هولباين الصغير وفيها كانا يزاولان نشاطهما الفني . لعبت آوغسبورغ دورا كبير أثناء حركة الإصلاح البروتستانتية ( بداية القرن السابع عشر للميلاد ). قام مارتن لوثر عام 1518 م بعرض عقيدته الجديدة في هذه المدينة

[Chunk 2]
المنظمات: الكنيسة الانجليكانية، الكنيسة الكاثوليكية والارثوذكسية الشرقية
الأماكن: العالم، اوروبا الغربية
التواريخ: القرن السادس عشر
النص: البروتستانتية هي أحد مذاهب وأشكال الإيمان في الدين المسيحي . تعود أصول المذهب إلى الحركة الإصلاحية التي قامت في القرن السادس عشر هدفها إصلاح الكنيسة الكاثوليكية في أوروبا الغربية . وهي اليوم واحدة من الانقسامات الرئيسية في العالم المسيحي جنبا إلى جنب الكنيسة الكاثوليكية والأرثوذكسية الشرقية . وتعتبر الكنيسة الأنجليكانية في بعض الأحيان كنيسة مستقلة من البروتستانتية

[Chunk 3]
الأشخاص: شارل الخامس، لويس الرابع عشر
المنظمات: رابطة اوغسبورغ، فرنسا، مملكة بافاريا
الأماكن: المانيا، سبورغ
التواريخ: 1555، عام 1530 م، عام 1632 م، عام 1686 م، عام 1806 م
النص: . عام 1530 م ، قام أتباع العقيدة اللوثرية بنشر « إقرار أوغسبورغ » ، عارضين على الإمبراطور شارل الخامس اعتناق مذهبهم . بعدها وفي سنة 1548 م قام الإمبراطور بتعيين إدارة مؤقتة من جانبه في آوغسبورغ . سنة 1555 م وبموجب صلح آوغسبورغ تم تقسيم ألمانيا إلى منطقتين ، كاثوليكية ولوثرية . تعرضت المدينة للخراب أثناء حرب الثلاثين السنة . استولى عليها السويديون عام 1632 م . في عام 1686 م اجتمعت رابطة آوغسبورغ والتي كانت عبارة عن تحالف موجه ضد الملك فرنسا لويس الرابع عشر . في عام 1806 م تم ضمها إلى مملكة بافاريا",ما هو دور آوغسبورغ خلال حركة الإصلاح البروتستانتية ؟,قام مارتن لوثر عام 1518 م بعرض عقيدته الجديدة في هذه المدينة .,"لعب آوغسبورغ دورا كبيراً خلال حركة الإصلاح البروتستانتية، حيث قام مارتن لوثر عام 1518 م بعرض عقيدته الجديدة في هذه المدينة.",0.92,0.93,0.91
"[Chunk 1]
الأشخاص: احمد شاه مسعود، ت محمد خان، عبد الرزاق خان
المنظمات: الاستخبارات، الجيش الافغاني
الأماكن: دي بنجشير، كابول
التواريخ: 1954 م، عام 1953 م، عام 1974
النص: . النشأة . ولد أحمد شاه مسعود في بازارك بوادي بنجشير ( تدار اليوم كجزء من ولاية بنجشير ) بنجشير عام 1953 م أو 1954 م . كان اسمه عند ولادته « أحمد شاه ». اتخذ اسم « مسعود » اسما حركيا عندما انخرط في حركة المقاومة عام 1974. كان أبوه دوست محمد خان عقيدا في الجيش الأفغاني وعمه عبد الرزاق خان ضابطا في الاستخبارات . انتقلت عائلته من موطنه الأصلي بنجشيرلفترة وجيزة إلى هرات ثم إلى كابول ، حيث قضى مسعود معظم طفولته

[Chunk 2]
الأشخاص: احمد شاه مسعود
المنظمات: السوفيتي، طالبان
التواريخ: 1979، 1989، 2 يناير 1953 م، 9 سبتمبر 2001 م، التسعين، عام 2001، يات
النص: أحمد شاه مسعود ( 2 يناير 1953 م - 9 سبتمبر 2001 م ) سياسي وقائد أفغاني من أصول طاجيكية . كان قائد حرب عصابات قوي خلال المقاومة ضد الاحتلال السوفيتي بين 1979 و 1989. في التسعينيات ، قاد الجناح العسكري للحكومة ضد الميليشيات المنافسة . بعد استيلاء طالبان على السلطة ، كان قائد المعارضة الرئيسي ضد نظامهم حتى اغتياله في عام 2001

[Chunk 3]
الأشخاص: احمد شاه مسعود، اسد بنجشير، وامير صاحب
الأماكن: افغانستان، كابول، وادي بجشير
النص: . متزوج من وله خمس بنات وولد واحد . يشار إليه أحيانا بألقاب مثل أسد بنجشير ، وفاتح كابول ، وأمير صاحب . كان أحمد شاه مسعود مشهورا بشجاعته وحسن خلقه حتى اعترف به بعض من أعدائه . حارب السوفيت خلال عدوانهم على أفغانستان . تمكن من عقد معاهدة لوقف إطلاق النار لمدة سنة في وادي بجشير",ما هي خلفية عائلة أحمد شاه مسعود ؟,"انتقلت عائلته من موطنه الأصلي بنجشيرلفترة وجيزة إلى هرات ثم إلى كابول ، حيث قضى مسعود معظم طفولته .","كان أبوه دوست محمد خان عقيدا في الجيش الأفغاني وعمه عبد الرزاق خان ضابطا في الاستخبارات، وانتقلت عائلته من موطنه الأصلي بنجشير لفترة وجيزة إلى هرات ثم إلى كابول.",0.91,0.92,0.9
"[Chunk 1]
المنظمات: جامعة نورث كارولاينا
الأماكن: ابل هيل، الولايات المتحدة، اينا الشمالية، كارول
التواريخ: 187، عام 1789، عام 1871، عام 1875
النص: . التاريخ . التأسيس . تأسست جامعة نورث كارولاينا في تشابل هيل عام 1789 ، وهي واحدة من ثلاث مدارس حصلت على لقب أقدم جامعة عامة في الولايات المتحدة ، واجهت مشاكل مالية وأغلقت خلال الفترة من عام 1871 إلى عام 1875 خلال حقبة إعادة الإعمار ، في 1877 بدأت ولاية كارولاينا الشمالية في رعاية مؤسسات التعليم العالي الإضافية

[Chunk 2]
الأشخاص: ت اوليفيا سلوكم ساج، جيمس اي شيبرد، رو ويلسون
المنظمات: جامعة نورث كارولينا
الأماكن: الشمال الشرقي، نيويورك، هايتي
التواريخ: 5 يوليو 1910، عام 1909، عام 1915
النص: . تاريخ . تأسست جامعة نورث كارولينا المركزية من قبل الدكتور جيمس إي شيبرد كمدرسة وطنية للتدريب الديني للعرق الملون في منطقة هايتي . كانت شاتواكا حركة تعليمية نشأت في الشمال الشرقي . تم تسجيل المدرسة في عام 1909 كمؤسسة خاصة وافتتحت في 5 يوليو 1910. ساهم وودرو ويلسون ، الرئيس الأمريكي المستقبلي ، ببعض الدعم الخاص لتأسيس المدرسة . vtvy 7 t 7 تم بيع المدرسة وإعادة تنظيمها في عام 1915 ، لتصبح مدرسة التدريب الوطنية ؛ وقد أيدته مارجريت أوليفيا سلوكم ساج ، فاعلة خير من نيويورك كانت مهتمة بشكل خاص بالتعليم

[Chunk 3]
الأشخاص: جيمس اي. شيبرد
المنظمات: جامعة نورث كارولينا المركزية، حركة تشوتوكوا، مدرسة دورهام
الأماكن: الشمال والجنوب، دورهام، نورث كارولينا
التواريخ: عام 1909، عام 1923
النص: جامعة نورث كارولينا المركزية هي مؤسسة فنون ليبرالية مدعومة من الدولة ، وهي جامعة عامة سوداء تاريخيا في دورهام بولاية نورث كارولينا . أسسها الدكتور جيمس إي . شيبرد بالانتماء إلى حركة تشوتوكوا في عام 1909 ، وكانت مدعومة من أموال خاصة من كل من فاعلي الخير في الشمال والجنوب . تم جعلها جزءا من نظام الدولة في عام 1923 ، عندما تلقت تمويلا من الدولة لأول مرة وتمت تسميتها باسم مدرسة دورهام الحكومية العادية",متي تأسست جامعة نورث كارولاينا ؟,عام 1789,تأسست جامعة نورث كارولاينا في عام 1789.,0.92,0.91,0.93
"[Chunk 1]
النص: يتضمن مفهوم تخطيط الطاقة ( بالإنجليزية : Energy planning ) العديد من المعاني المختلفة ، ولكن المعنى الأكثر شيوعا للمصطلح هو عملية وضع السياسات ذات المدى الطويل للمساعدة في توجيه مستقبل نظام الطاقة المحلي أو الوطني أو الإقليمي أو حتى العالمي . وعادة يخطط للطاقة المؤسسات الحكومية ، وقد يطلع بهذا الدور أيضا شركات الطاقة الكبرى مثل شركات الكهرباء أو منتجي النفط والغاز

[Chunk 2]
التواريخ: السبع، ينيات
النص: . التخطيط المتكامل للموارد . تختلف الأساليب المتبعة في تخطيط الطاقة وفقا للجهة المسؤولة عن التخطيط ونطاق الممارسة . وترتبط عدة عبارات بتخطيط الطاقة ، والأساس لجميعها هو التخطيط للموارد ، أي رؤية للمصادر المحتملة للطاقة في المستقبل . ويمكن تقسيم الأساليب إلى نوعين حسب مدى اهتمام المخطط بإمكانية التأثير على استهلاك الطاقة ( الطلب ). وأنهت أزمة الطاقة في السبعينيات فترة استقرار نسبي في أسعار الطاقة واستقرار علاقة العرض والطلب

[Chunk 3]
النص: . وظهرت مفاهيم ترشد الطاقة والتخطيط الأقل تكلفة والتخطيط المتكامل للموارد مع التركيز الجديد على الحاجة إلى تقليل الطلب على الطاقة عن طريق التقنيات الجديدة أو توفير الطاقة البسيط . تخطيط الطاقة المستدامة . يؤدي المزيد من التكامل العالمي لأنظمة إمدادات الطاقة والحدود البيئية المحلية والعالمية إلى توسيع نطاق التخطيط من حيث الموضوع والمدة الزمنية",ما هو مفهوم تخطيط الطاقة ؟,هو عملية وضع السياسات ذات المدى الطويل للمساعدة في توجيه مستقبل نظام الطاقة المحلي أو الوطني أو الإقليمي أو حتى العالمي,يتضمن مفهوم تخطيط الطاقة عملية وضع السياسات ذات المدى الطويل للمساعدة في توجيه مستقبل نظام الطاقة المحلي أو الوطني أو الإقليمي أو حتى العالمي.,0.91,0.92,0.92
"[Chunk 1]
الأشخاص: اري الويس، اليكس كروس، جيمس باترسون، ديفيد كلاس، لي جود، مورغان فريمان، ي فليدر
الأماكن: اينا الشمالية، كارول، واشنطن
التواريخ: عام 1995، عام 1997، عام 2001
النص: تقبيل الفتيات هو فيلم نيو - نوار وإثارة نفسية أمريكي صدر عام 1997 ، الفيلم من إخراج غاري فليدر ومن بطولة مورغان فريمان ، آشلي جود ، وكاري إلويس . السيناريو من كتابة ديفيد كلاس استنادا إلى رواية جيمس باترسون الأكثر مبيعا في عام 1995 والتي تحمل نفس الاسم . تم إصدار تكملة للفيلم بعنوان عنكبوت يأتي على مقربة في عام 2001. القصة . يتوجه المحقق وعالم النفس الشرعي في واشنطن العاصمة أليكس كروس إلى درم بولاية كارولاينا الشمالية عندما تم الإبلاغ عن فقدان ابنة أخته الطالبة الجامعية نعومي

[Chunk 2]
الأشخاص: اس كيارستمي، انج ييمو، اي مينغ - ليانغ، تر سالس، دريه كونشالوفسكي، رس فون ترايير، شي كيتانو، غ كار واي، فد كروننبرغ، فيد لينش، م فيندرز، مان بولانسكي، ن لوتش، ني موريتي، و - هايسن هو، و غونزاليز، واكي كاوريسمكي، والاخ، والي، وان داردين، وان كوين، وايل، وس فان سانت، ووال، وول رويز، يا سليمان، يو انجيلوبولوس، يوسف شاهين
النص: . شارك فيه الكثير من المخرجين المهمين منهم يوسف شاهين وعباس كيارستمي ورومان بولانسكي وثيو أنجيلوبولوس وديفيد لينش ولارس فون ترايير وكين لوتش وآكي كاوريسمكي وناني موريتي وزانج ييمو وأليخاندرو غونزاليز وونغ كار واي وفيم فيندرز وتاكيشي كيتانو وهيساو - هايسن هو وجوس فان سانت وإيليا سليمان والأخوان داردين والأخوان كوين وديفد كروننبرغ وتساي مينغ - ليانغ وراؤول رويز ووالتر سالس وأندريه كونشالوفسكي . الفيلم عبارة عن مجموعة من 34 فيلما قصيرا ، مدة كل منها 3 دقائق ، من إخراج 36 مخرجا مشهودا

[Chunk 3]
الأشخاص: الشي، علوي، محمود ياسين
النص: . أحداث الفيلم . ثلاثة من الأصدقاء تخرجوا من الجامعة ، وتزوجوا من ثلاث فتيات جامعيات عن حب ، الأول علوي ( محمود ياسين ) الذي افتتح دارا للنشر وتزوج من المحامية نهاد ( بوسي ) التي فضلت العمل بالمحاماة وكانت مشكلتهم الحصول على شقة بدلا من الشقق المفروشة ، وكان علوي لا يقبل طباعة كتاب يخالف مبادئه مهما كانت المغريات المادية ، وهو الشيئ الذي سبب له المشاكل مع زوجته التي لجأت لقضايا المخدرات ، لايهمها كون موكلها ظالما ، المهم الأتعاب ، وفي ظل انشغالها بجمع مال الشقة ، أهملت بيتها وزوجها فضاع الحب","من هو مخرج فيلم "" تقبيل الفتيات "" ؟",غاري فليدر,غاري فليدر.,0.91,0.92,0.92
"[Chunk 1]
الأشخاص: ال رضوان، الباشا
المنظمات: الامبراطورية العثمانية
الأماكن: السن، دمشق، فلسطين
التواريخ: السادس عشر
النص: آل رضوان كانت من أبرز عائلات الباشا في فلسطين ، وحكمت المناطق الجنوبية الغربية من إيالة دمشق ("" ولاية دمشق "") في القرنين السادس عشر والسابع عشر تحت الحكم العثماني . كانت السلالة متمركزة في غزة ، حيث عمل أعضاؤها باستمرار "" كحكام الوراثة "" ( حكام المقاطعات ) في السنجق ( منطقة إقليمية ) لأكثر من قرن . حكم الأعضاء أيضا مقاطعات ومقاطعات مختلفة في جميع أنحاء الإمبراطورية العثمانية وحملوا ألقابا إضافية في أوقات مختلفة . كانت فترة الرضوان في غزة تعتبر العصر الذهبي الأخير للمدينة

[Chunk 2]
الأشخاص: ا شاهين مصطفى، احمد باشا، العرقي، رضوان، سليمان القانوني، مصطفى باشا، موسى باشا
المنظمات: الباب العالي
الأماكن: رضوان
التواريخ: عام 1690
النص: . كان آخر محافظي غزة في رضوان هو أحمد باشا نجل موسى باشا الذي انتهت ولايته عام 1690. تاريخ . التأسيس . تأسست سلالة رضوان على يد كارا شاهين مصطفى ( المعروف لاحقا باسم "" مصطفى باشا "") ، البوسني العرقي ، "" وكابيكولو "" سابقا ( مقر الباب العالي ) سليمان القانوني . كجزء من نظام "" التنمية "" العثمانية ، تلقى مصطفى باشا تعليمه من الخدمة الداخلية للقصر ، وتم ترقيته تدريجيا إلى مناصب رفيعة في الحكومة

[Chunk 3]
الأشخاص: احمد باشا بن رضوان، شاهين مصطفى باشا، مصطفى رضوان باشا
الأماكن: القدس
التواريخ: عام 1570
النص: . أسس هذه الأسرة قرا شاهين مصطفى باشا ، الذي شغل منصب حاكم عدد من المحافظات والمقاطعات ، بما في ذلك غزة ، خلال حياته المهنية . سميت الأسرة على اسم ابن مصطفى رضوان باشا الذي شغل منصب حاكم غزة عام 1570 حتى خلفه ابنه أحمد باشا بن رضوان بعد ذلك بعامين . خدم الأخير لمدة 30 عاما ، أصبحت خلالها غزة المعقل الرئيسي للسلالة . كان سنجق القدس ونابلس تحت إدارة أحمد باشا بشكل متقطع طوال فترة حكمه",من كانت آل رضوان ؟,"كانت من أبرز عائلات الباشا في فلسطين ،","آل رضوان كانت من أبرز عائلات الباشا في فلسطين، وحكمت المناطق الجنوبية الغربية من إيالة دمشق ("" ولاية دمشق "") في القرنين السادس عشر والسابع عشر تحت الحكم العثماني.",0.9,0.92,0.93
"[Chunk 1]
الأشخاص: ز البرت اينشتاين، ماري
الأماكن: اوايل، سويسرا، ي ساد
التواريخ: سبتمبر 1903، عام 1902، عام 1987، مايو 1904، يناير 1903
النص: . الزواج والأطفال . اكتشفت ونشرت المراسلات المبكرة بين أينشتاين وماريك في عام 1987 والتي كشفت أن الزوجين لديهما ابنة اسمها « ليسيرل » ، ولدت في أوائل عام 1902 في نوفي ساد حيث كانت ماريك تقيم مع والديها . عادت ماريك إلى سويسرا بدون الطفلة التي لا يعرف اسمها الحقيقي ومصيرها . محتويات رسالة أينشتاين في سبتمبر 1903 تشير إلى أن الفتاة إما وضعوها للتبني أو ماتت بسبب الحمى القرمزية في سن الطفولة . تزوج أينشتاين وماريك في يناير 1903. في مايو 1904 ، ولد ابنهما هانز ألبرت أينشتاين في برن ، سويسرا

[Chunk 2]
الأشخاص: البرت اينشتاين
التواريخ: 14 مارس 1879، 18 ابريل 1955، لعام 1921
النص: ألبرت أينشتاين ( 14 مارس 1879 – 18 أبريل 1955 ) عالم فيزياء ألماني المولد ، ( حيث تخلى عن الجنسية الألمانية لاحقا ) سويسري وأمريكي الجنسية ، من أبوين يهوديين ، وهو يشتهر بأب النسبية كونه واضع النسبية الخاصة والنسبية العامة الشهيرتين اللتين كانتا اللبنة الأولى للفيزياء النظرية الحديثة ، ولقد حاز على جائزة نوبل في الفيزياء لعام 1921 عن ورقة بحثية حول التأثير الكهروضوئي ، ضمن ثلاثمائة ورقة علمية أخرى له في تكافؤ المادة والطاقة ("" E = mc "") وميكانيكا الكم وغيرها ، وأدت استنتاجاته المبرهنة إلى تفسير العديد من

[Chunk 3]
الأشخاص: ادوارد، الرييسي، السا اينشتاين، لاين، ماري
الأماكن: برلين
التواريخ: 14 فبراير 1919، ابريل 1914، يوليو 1910
النص: . ولد ابنهما إدوارد في زيورخ في يوليو 1910. انتقل الزوجان إلى برلين في أبريل 1914 ، لكن ماريك عادت إلى زيورخ مع أبنائهما بعد أن علمت أنه على الرغم من علاقتهما الوثيقة من قبل ، كان الانجذاب الرومانسي الرئيسي لأينشتاين هو ابنة عمه إلسا أينشتاين ؛ كانت ابنة عمه الأولى وابنة عمه الثانية من الأب . انفصل أينشتاين وماريك في 14 فبراير 1919 ، بعد أن عاشا منفصلين لمدة خمس سنوات . كجزء من تسوية الطلاق ، وافق أينشتاين على منح ماريك - وذلك في المستقبل - مال جائزة نوبل",ما هو الغموض حول ليسيرل ابنة اينشتاين ؟,"لتي كشفت أن الزوجين لديهما ابنة اسمها « ليسيرل » ، ولدت في أوائل عام 1902 في نوفي ساد حيث كانت ماريك تقيم مع والديها . عادت ماريك إلى سويسرا بدون الطفلة التي لا يعرف اسمها الحقيقي ومصيرها . محتويات رسالة أينشتاين في سبتمبر 1903 تشير إلى أن الفتاة إما وضعوها للتبني أو ماتت بسبب الحمى القرمزية في سن الطف","الغموض حول ليسيرل ابنة اينشتاين هو أن مصيرها غير معروف، حيث لم يكن اسمها الحقيقي معلوماً ولا عرف ما حدث لها بعد أن تركها والداها.",0.91,0.93,0.92
"[Chunk 1]
الأماكن: اليابان، بالي، جزيرة هونشو، فوجي
التواريخ: 1 نوفمبر 1966، عام 2003
النص: فوجيديرا ( باليابانية ) هي مدينة يابانية تقع في محافظة أوساكا على جزيرة هونشو في اليابان . في عام 2003 بلغ عدد سكان المدينة 66 , 091 شخص بكثافة 7 , 434.31 شخص لكل كم موزعين على مساحة 8.89 كم وهي مساحة المدينة الكلية . أنشئت المدينة في 1 نوفمبر 1966.

[Chunk 2]
المنظمات: لواء عجلون
الأماكن: اربد
التواريخ: ات من القرن الحالي، ات من القرن الماضي، الخمسين، العشرين
النص: . المساحة والمخطط التنظيمي . لم تتجاوز مساحة المدينة في العهد العثماني 85 هكتار ( 0 , 10 كم ) وظلت كذلك قبيل نهاية الحرب العالمية الأولى ، ولكنها بدأت في الازدهار تدريجيا والازدياد في الحجم منذ العشرينات من القرن الماضي عندما أصبحت مركز متصرفية لواء عجلون ومركزا تجاريا مهما . في الثلاثينات أصبحت مساحة إربد نحو 30 هكتارا ( 0 , 31 كم ) ، وفي الخمسينات من القرن الحالي نمت إربد نموا ملحوظا بوصول اللاجئين الفلسطينيين لتصل مساحة المدينة إلى 131 هكتارا ( 1 , 32 كم )

[Chunk 3]
الأماكن: الاتجاه الشمالي الشرقي، البحر الاحمر، الحجاز، المدينة المنورة، المملكة العربية السعودية، مكة المكرمة، ميناء، ينبع
النص: . هي عاصمة منطقة المدينة المنورة الواقعة على أرض الحجاز التاريخية ، غرب المملكة العربية السعودية ، تبعد المدينة المنورة حوالي 400 كم عن مكة المكرمة في الاتجاه الشمالي الشرقي ، وعلى بعد حوالي 150 كم شرق البحر الأحمر ، وأقرب الموانئ لها هو ميناء ينبع والذي يقع في الجهة الغربية الجنوبية منها ويبعد عنها 220 كم ، تبلغ مساحة المدينة المنورة حوالي 589 كم منها 99 كم تشغلها المنطقة العمرانية ، أما باقي المساحة فهي خارج المنطقة العمرانية ، وتتكون من جبال ووديان ومنحدرات سيول وأراض صحراوية وأخرى زراعية ومقابر وأجزاء سيول وأراض صحراوية وأخرى زراعية ومقابر وأجزاء من شبكة الطرق السريعة",ما هي مساحة المدينة الكلية ؟,تبلغ المساحة الكلية للمدينة 18.27 كم .,مساحة المدينة الكلية في فوجي 8.89 كم.,0.33,0.92,0.37
"[Chunk 1]
الأماكن: الشرق الجزايري، د العثمانية، د بني هارون، سد مايي
النص: . المياه . تحتضن ولاية ميلة أكبر سد مائي على المستوى الوطني بسد بني هارون ، الذي يعتبر أهم مصدر للمياه في الشرق الجزائري بتزويده عدة ولايات بالمياه الشروب ، والمياه الموجهة لسقي الأراضي ، هذا السد يعتمد رأسا على واد الرمال وواد كبير ، ليتم ضح مياهه إلى سد التخزين بواد العثمانية . ونظرا لطابع الولاية الجغرافي فهي تحتوي على عدد لا حصر له من منابع المياه المعدنية الصافية . التقسيم الإداري .

[Chunk 2]
الأماكن: ام البواقي، بالش، سطيف، مال الشرقي الجزايري
التواريخ: 2008
النص: ولاية ميلة تقع بالشمال الشرقي الجزائري تحدها شرقا ولاية قسنطينة وغربا ولاية سطيف وولاية جيجل وجنوبا ولاية أم البواقي وولاية باتنة وشمالا ولاية جيجل وولاية سكيكدة تبلغ مساحتها 3 , 407 كم بتعداد سكاني قدر ( سنة 2008 ) ب : 766 , 886 نسمة .. أما الكثافة السكانية فبلغت 225 نسمة / كم في نفس السنة . التضاريس . ولاية ميلة تتميز بتضاريس مختلفة يمكن حصرها في منطقتين متباينتين الموقع الجغرافي . تحدها الولايات التالية : المناخ

[Chunk 3]
الأشخاص: جمال عبد الناصر
الأماكن: السد العالي، جنوب مصر، سد اسوان، سد مايي، نهر النيل
النص: سد أسوان العالي أو السد العالي هو سد مائي على نهر النيل في جنوب مصر ، أنشئ في عهد جمال عبد الناصر وقد أسهم السوفييت في بنائه . وقد ساعد السد كثيرا في التحكم على تدفق المياه والتخفيف من آثار فيضان النيل . يستخدم لتوليد الكهرباء في مصر . طول السد 3600 متر ، عرض القاعدة 980 متر ، عرض القمة 40 مترا ، والارتفاع 111 متر . حجم جسم السد 43 مليون متر مكعب من إسمنت وحديد ومواد أخرى ، ويمكن أن يمر خلال السد تدفق مائي يصل إلى 11 , 000 متر مكعب من الماء في الثانية الواحدة",ما هو أكبر سد مائي في ولاية ميلة ؟,تحتضن ولاية ميلة أكبر سد مائي على المستوى الوطني بسد بني هارون,السد بني هارون.,0.92,0.93,0.91
"[Chunk 1]
الأشخاص: ان بافون
المنظمات: يفو اسبانول
الأماكن: الارجنتين
التواريخ: 3 ابريل 1998
النص: إيفان بافون هو لاعب كرة قدم أرجنتيني في مركز الدفاع ، ولد في 3 أبريل 1998 في الأرجنتين . لعب مع ديبورتيفو إسبانول .

[Chunk 2]
الأشخاص: اييل بافون
المنظمات: بورت، دي اتليتي، س كوردوبا، كو بيلغرانو، منتخب الارجنتين لكرة القدم، يفو الافيس
الأماكن: الارجنتين
التواريخ: 4 نوفمبر 1953
النص: رافاييل بافون هو لاعب كرة قدم أرجنتيني في مركز الدفاع ، ولد في 4 نوفمبر 1953 في قرطبة في الأرجنتين . شارك مع منتخب الأرجنتين لكرة القدم . أما مع النوادي ، فقد لعب مع تاليريس كوردوبا وديبورتيفو ألافيس ونادي أتليتيكو بيلغرانو .

[Chunk 3]
الأشخاص: ان بويوفيتش، تورنا اغيليت، ي نيش
المنظمات: الاي، دي تشوكاريتشكي
الأماكن: الجبل الاسود
التواريخ: 17 مارس 1977
النص: إيفان بويوفيتش هو لاعب كرة قدم روسي في مركز الدفاع ، ولد في 17 مارس 1977 في بودغوريتسا في الجبل الأسود . لعب مع رادنيتشكي نيش وزالايغيرزيغي تورنا إغيليت ونادي تشوكاريتشكي .",من هو إيفان بافون ؟,لاعب كرة قدم أرجنتيني,"إيفان بافون هو لاعب كرة قدم أرجنتيني في مركز الدفاع، ولد في 3 أبريل 1998 في الأرجنتين.",0.92,0.92,0.91
"[Chunk 1]
النص: . ينقسم العلم الحديث عادة إلى ثلاثة فروع رئيسية تتكون من العلوم الطبيعية ( مثل الأحياء والكيمياء والفيزياء ) ، والتي تدرس الطبيعة بالمعنى الأوسع ؛ العلوم الاجتماعية مثل ( الاقتصاد وعلم النفس وعلم الاجتماع ) ، التي تدرس الأفراد والمجتمعات ؛ والعلوم الشكلية مثل ( المنطق والرياضيات وعلوم الحاسوب النظرية ) ، التي تدرس المفاهيم المجردة . هناك خلاف ، حول ما إذا كانت العلوم الشكلية تشكل في الواقع علما لأنها لا تعتمد على أدلة تجريبية

[Chunk 2]
النص: في تاريخ الفن ، الشكلية هي دراسة الفن من خلال تحليل ومقارنة الشكل والأسلوب . تشمل مناقشته أيضا طريقة صنع الأشياء وجوانبها المرئية أو المادية البحتة . في الرسم ، تؤكد الشكلية على العناصر التركيبية مثل اللون والخط والشكل والملمس والجوانب الإدراكية الأخرى بدلا من المحتوى أو المعنى أو السياق التاريخي والاجتماعي . في أقصى حدودها ، تفترض الشكليات في تاريخ الفن أن كل ما هو ضروري لفهم عمل فني موجود في العمل الفني

[Chunk 3]
النص: العلم الصعب والعلم السهل عبارة عن مصطلحات عامية تستخدم لمقارنة المجالات العلمية على أساس الدقة المنهجية المتصورة والدقة والموضوعية . بشكل عام ، تعتبر العلوم الشكلية والعلوم الطبيعية علما صعبا ، بينما توصف العلوم الاجتماعية والعلوم الأخرى بالعلوم السهلة",ما هي العلوم الشكلية وما هي المجالات التي تشملها ؟,"مثل ( المنطق والرياضيات وعلوم الحاسوب النظرية ) ، التي تدرس المفاهيم المجردة .","العلوم الشكلية هي مجالات العلمية التي تدرس المفاهيم المجردة، وتشمل المنطق والرياضيات وعلوم الحاسوب النظرية. كما أن الشكليات في تاريخ الفن هي دراسة الفن من خلال تحليل ومقارنة الشكل والأسلوب.",0.91,0.91,0.93
"[Chunk 1]
الأشخاص: ابن الحاجب، اسماعيل بن عمر بن كثير بن ضو بن درع القرشي، الشافعي، برهان الدين الفزاري، حاق الامدي، عماد الدين، قاضي، كمال الدين، وابن الزرا، وكما
الأماكن: دمشق
النص: عماد الدين أبو الفداء إسماعيل بن عمر بن كثير بن ضو بن درع القرشي الحصلي ، البصروي ، الشافعي ، ثم الدمشقي ، محدث ومفسر وفقيه ، ولد بمجدل من أعمال دمشق سنة 701 ه ، ومات أبوه سنة 703 ه ، ثم انتقل إلى دمشق مع أخيه كمال الدين سنة 707 ه بعد موت أبيه ، حفظ القرآن الكريم وختم حفظه في سنة 711 ه ، وقرأ القراءات وجمع التفسير ، وحفظ متن « التنبيه » في فقه الشافعي سنة 718 ه ، وحفظ مختصر ابن الحاجب ، وتفقه على الشيخين برهان الدين الفزاري ، وكمال الدين ابن قاضي شهبة ، سمع الحديث من ابن الشحنة ، وابن الزراد ، وإسحاق الآمدي

[Chunk 2]
الأشخاص: صلاح الدين، عماد الدين الكاتب
الأماكن: القدس، المسجد الاقصى، جد قبة الصخرة
التواريخ: 13 رمضان 597 ه، 20 يونيو، عام 583 ه، عام 589 ه
النص: الفتح القسي في الفتح القدسي هو كتاب تاريخي من تأليف عماد الدين الكاتب ( 519 ه / 1125 - 13 رمضان 597 ه / 20 يونيو 1201 ) ، أورد فيه الأحداث المتعلقة بالحملات الصليبية وفتح القدس من عام 583 ه حتى عام 589 ه ، والذي يعتبر ( إلى جانب الأعمال الأخرى للمؤلف كتاب البرق الشامي ) من المصادر التاريخية المهمة لفهم تاريخ الحروب الصليبية في عهد صلاح الدين الأيوبي ، كتب بنبرة ملحمية ، قال المؤلف في مقدمته : ، ويحتوي أيضا على معلومات تاريخية عن الأماكن المقدسة مثل المسجد الأقصى والمعابد اليهودية ومسجد قبة الصخرة وغيرها ،

[Chunk 3]
الأشخاص: ابو العباس، الزبيدي، زين الدين احمد بن، شهاب الدين احمد بن سراج الدين عبد اللطيف بن ابي بكر بن احمد بن عمر الشرجي
النص: . مؤلف الكتاب . نبذة . مؤلف الكتاب هو أبو العباس زين الدين أحمد بن شهاب الدين أحمد بن سراج الدين عبد اللطيف بن أبي بكر بن أحمد بن عمر الشرجي ، الزبيدي ، اليمني ( 812 ه 1410 م - 893 ه 1488 م ) عالم دين وراوي حديث مسلم سني حنفي ، تلقى تعليمه على يد جماعة من شيوخ زبيد ، ثم رحل إلى مكة ونهل من علمائها ، وكان أديبا ، شاعرا ، له مؤلفات منها ، « طبقات الخواص » ، « ونزهة الأحباب » في مجلد كبير ، يتضمن أشياء كثيرة ، من أشعار ونوادر ، وملح ، وحكايات ، وفوائد ، وأشهر مصنفاته هو هذا الكتاب",متي ولد مؤلف الكتاب عماد الدين الكاتب ؟,( 519 ه / 1125,ولد عماد الدين الكاتب سنة 701 ه.,0.3,0.92,0.2
"[Chunk 1]
الأشخاص: ابن مقاتا الاشبوني، احمد بن الزقاق، العباس، وابو الحسن بن حريق المرسي، وابو عبد الله محمد الرصافي
الأماكن: ad valenciana، الاندلس، بالاس، شرق اسبانيا
النص: منطقة بلنسية ( بالإسبانية : Comunidad Valenciana ) منطقة تقع في شرق إسبانيا ، من سبعة عشر مناطق حكم ذاتي في إسبانيا . عاصمتها هي مدينة بلنسية ، المنطقة مقسمة إلى ثلاث مقاطعات : لقنت ، قسطلونة وبلنسية . التسمية . عرفت باسم بلنسية أيام الحكم الإسلامي لإسبانيا ، وقد مدحها وأثنى على أهلها كثير من شعراء الأندلس من بينهم : ابن مقاتا الأشبوني ، وأبو عبد الله محمد الرصافي ، وأبو الحسن بن حريق المرسي ، وأبو العباس أحمد بن الزقاق

[Chunk 2]
الأماكن: البحر المتوسط، شرق اسبانيا
النص: بلنسية هي عاصمة مقاطعة بلنسية في شرق إسبانيا على البحر المتوسط ومن أكبر مدن البلاد . يبلغ عدد سكانها 798.033 نسمة . التسمية . كان الاسم اللاتيني الأصلي للمدينة هو "" فالنتيا "" "" Valentia "" والتي تعني القوة والبسالة ، بسبب الممارسة الرومانية في التعرف على شجاعة الجنود الرومان السابقين بعد الحرب . أثناء حكم الممالك الإسلامية ، لم يساير المسلمون الإسبان في إطلاق الاسم الأسباني على تلك المدينة ، بل غيروا بعض حروفه وأدخلوا تعديلا على رسمه فأصبح « بلنسية » ، وأوردوه بهذا الرسم في مؤلفاتهم التاريخية والجغرافية

[Chunk 3]
الأماكن: اسبانيا، التراب، تدمير
النص: . بلنسية منطقة شهيرة في إسبانيا ، تقع شرق مدينتي : تدمير ، وقرطبة ، وتتصل بزمام إقليم مدينة تدمير . وتقع على خط طول ( 1 ) غربا ، وعلى خط عرض 38 شمالا . وهي مدينة برية بحرية ، ذات أشجار وأنهار ، وتعرف باسم : مدينة التراب . وتتصل بها مدن تعد في جملتها . والغالب على شجرها : القراصيا ، ولا يخلو منها سهل ولا جبل ، وينبت في ضواحيها الزعفران ، وبينها وبين تدمير مسيرة أربعة أيام . الأنهار . أهم أنهار منطقة بلنسية :",أين تقع بلنسية ؟,في شرق إسبانيا على البحر المتوسط,تقع بلنسية في شرق إسبانيا على البحر المتوسط.,0.92,0.93,0.91
"[Chunk 1]
الأشخاص: فران، ين روزفلت
المنظمات: الولايات المتحدة، اليابان، طوكيو، فرنسا، والمانيا
الأماكن: الهند، جنوب شرق اسيا، فرنسا
التواريخ: 194
النص: قامت الولايات المتحدة بتجميد أرصدة اليابان في 1941 حيث قام الرئيس فرانكلين روزفلت رئيس الولايات المتحدة بإصدار قرار بتجميد كافة الأرصدة اليابانية في البنوك الأمريكية وذلك ردا على قيام اليابان باحتلال الهند الصينية الفرنسية . وكانت طوكيو قررت تعزيز موقعها بعد غزوها للصين من خلال التحرك صوب جنوب شرق آسيا . ولأن فرنسا كانت تحتل أجزاء من المنطقة منذ زمن بعيد وألمانيا - حليف اليابان - تسيطر على معظم فرنسا من خلال حكومة عميلة فقد وافقت فرنسا على احتلال مستعمرات الهند الصينية

[Chunk 2]
المنظمات: اليابان، بريطانيا، حكومة فرنسا
الأماكن: الفلبين، امريكا، سنغافورة، قاعدة كام ران
النص: . وتبعت اليابان ذلك باحتلال قاعدة كام ران البحرية التي تبعد 800 ميل عن الفلبين حيث توجد قوات أمريكية وقاعدة بريطانية في سنغافورة . وقد بادر الرئيس روزفلت بالرد من خلال تجميد كل الأرصدة اليابانية في أمريكا . وقد قامت بريطانيا بفعل نفس الشيء . وكانت النتيجة فقدان اليابان ثلاثة أرباع تجارتها عبر البحار و 88 % من البترول المستورد . وكان رد اليابان الفوري على ذلك هو احتلال سايجون بالتعاون مع حكومة فرنسا فيشي

[Chunk 3]
الأشخاص: غي كينزو
الأماكن: هيروشيما
النص: . إلا أن السبب المنطقي الأمريكي الغير معلن أن المقاتل الياباني مقاتل عنيد ولا يستسلم وكان عناد الجندي الياباني يسبب خسائر في الأرواح في صفوف الجنود الأمريكيين فكان لابد من إرسال رسالة أمريكية لا لبس فيها لكسر العناد الياباني وتمثلت الرسالة الأمريكية بقنبلة هيروشيما ولم يرضخ اليابانيون الا بعد قنبلة ناكاساكي . بعد الحرب وتحت إشراف « تانغي كينزو » ( معماري ياباني مشهور ) تم إعادة بناء المدينة ، أخذت النشاطات التجارية بعدها تستعيد حيوتها .",ماذا كانت الأسباب وراء تجميد أرصدة اليابان في الولايات المتحدة ؟,ذلك ردا على قيام اليابان باحتلال الهند الصينية الفرنسية,قامت الولايات المتحدة بتجميد أرصدة اليابان في 1941 ردا على احتلال الهند الصينية الفرنسية من قبل اليابان.,0.9,0.91,0.91
"[Chunk 1]
الأماكن: تنزانيا
التواريخ: 10 اغسطس 2019
النص: في 10 أغسطس 2019 ، انفجرت شاحنة صهريج في موروغورو ، تنزانيا ، مما أسفر عن مقتل 89 شخصا على الأقل وإصابة ما لا يقل عن 55 آخرين . كانت الحادثة واحدة من أكبر الكوارث من نوعها في تنزانيا .

[Chunk 2]
الأشخاص: يكو راشكوف
النص: . اصطدمت السيارة بحاجز على الطريق السريع إما قبل اشتعال النيران أو بعدها . فيما بعد قال أحد الركاب للصحفيين إنه كان نائما وأيقظه انفجار . ولقي ستة وأربعون شخصا حتفهم خلال الحادث من بينهم اثنا عشر طفلا . وتتراوح اعمار غالبية الضحايا الاخرين بين 20 و 30 عاما . صرح وزير الداخلية البلغاري بويكو راشكوف أن جثث الضحايا « احترقت بالكامل ». تمكن سبعة ركاب ( خمسة ذكور وامرأتان ) من الفرار عبر النوافذ وهم مصابون بحروق خطيرة وتم نقلهم إلى المستشفى في حالة حرجة

[Chunk 3]
المنظمات: بلدية موروغورو
الأماكن: البر الرييس لتنزان، ايرلندا، تانغا، تنزانيا، ماني، ني وليدي، ودود
التواريخ: لعام 2012
النص: إقليم موروغورو هو واحد من 31 إقليم إداري في تنزانيا . تبلغ مساحة الإقليم . يوازي الإقليم في مساحة الأرض دولة أيرلندا . يحد إقليم موروغورو من الشمال إقليم مانيارا وإقليم تانغا ، ومن الشرق إقليمي بواني وليدي ، ومن الجنوب ، ومن الغرب إقليمي إيرينغا ودودوما . العاصمة الإقليمية هي بلدية موروغورو . وفقا للإحصاء الوطني لعام 2012 ، بلغ عدد سكان الإقليم . جغرافية . يوجد الإقليم في الجزء الأوسط الشرقي من البر الرئيس لتنزانيا ويقع بين خطي عرض 5 58 ' و 10' جنوب خط الاستواء وبين خطي طول 35 25 ' و 38 30' شرق غرينتش","كم عدد الأشخاص الذين أصيبوا جراء حادثة انفجار الشاحنة في موروغورو ، تنزانيا ؟",ما لا يقل عن 55 آخرين,55 شخصا على الأقل.,0.92,0.92,0.93
"[Chunk 1]
التواريخ: عام 1992، عام 1997
النص: . يعمل برنامج دراسة الدكتوراه في الكلية منذ عام 1992. ويمكن دراسة المجالات التالية : علم التشريح ، و علم الأنسجة و علم الأجنة ، و الجراحة ، وعلم الأمراض الجلدية ، و طب الأطفال ، وعلم العقاقير الطبية ، و علم وظائف الأعضاء ، و أمراض النساء والتوليد ، والصحة العامة ، والطب الوقائي و علم الأوبئة ، طب الأعصاب والطب النفسي ، طب الأنف والأذن والحنجرة ، علم الأمراض ، الطب الاجتماعي ، طب الأسنان ، الطب الباطني ، الأشعة . منذ عام 1997 ، أصبح من الممكن الدراسة في الكلية في ما يسمى بجامعات العصر الثالث

[Chunk 2]
النص: الدكتوراه هي درجة الفلسفة في تخصص معين . وهي شهادة جامعية تمنحها الجامعات المعترف بها ، وهي أعلى شهادات التخصص في مجال ما معين ، وغالبا ما تسبق بمرحلة الماجستير وتليها مرحلة الأستاذية ، التي تمثل الاختصاص الدقيق . تخول هذه الشهادة حاملها للتدريس ، وفق اختصاصه في جميع جامعات العالم وممارسة البحث العلمي . تمنح الدكتوراه بعد تقديم أطروحة مطبوعة ومناقشتها أمام لجنة من الأساتذة المتخصصين في نفس المجال ، وعادة ما تكون تلك المناقشة علنية ، يتم إثرها منح الدرجة أو حجبها أو المطالبة بالقيام ببعض التنقيحات

[Chunk 3]
النص: . تستلزم مرحلة دراسة الدكتوراه سنتين كحد أدنى في معظم المؤسسات التعليمية في دول العالم ، حيث لا تجوز مناقشة الدكتوراه قبل هذه المدة ، ولكن في أغلب الأحيان تستغرق أكثر من ذلك بكثير . تتضمن أطروحة الدكتوراه إنجاز بحث مبتكر وأصيل أو مجموعة أبحاث متجانسة هي أطروحة . يتم تقييم الأطروحة ومناقشتها أمام مجموعة أساتذة مختصين في مجال الأطروحة . التاريخ . مصطلح « الدكتوراه » مشتقة من اللاتينية "" Docere "" معنى « يدرس »",ما هي مجالات الدراسة التي يمكن دراستها في برنامج الدكتوراه ؟,"علم التشريح ، و علم الأنسجة و علم الأجنة ، و الجراحة ، وعلم الأمراض الجلدية ، و طب الأطفال ، وعلم العقاقير الطبية ، و علم وظائف الأعضاء ، و أمراض النساء والتوليد ، والصحة العامة ، والطب الوقائي و علم الأوبئة ، طب الأعصاب والطب النفسي ، طب الأنف والأذن والحنجرة ، علم الأمراض ، الطب الاجتماعي ، طب الأسنان ، الطب الباطني ، الأشعة","يمكن دراسة المجالات التالية في برنامج الدكتوراه: علم التشريح، و علم الأنسجة، و علم الأجنة، والجراحة، وعلم الأمراض الجلدية، وطب الأطفال، وعلم العقاقير الطبية، و علم وظائف الأعضاء، وأمراض النساء والتوليد، والصحة العامة، والطب الوقائي، و علم الأوبئة، طب الأعصاب والطب النفسي، طب الأنف والأذن والحنجرة، علم الأمراض، الطب الاجتماعي، طب الأسنان، الطب الباطني، الأشعة.",0.92,0.92,0.93
"[Chunk 1]
الأشخاص: الوليد بن جهور، بن الافطس، محمد بن عبد الله البرزالي
الأماكن: اشبي، جنوب وغرب الاندلس
التواريخ: عام 434 ه، عام 443 ه
النص: . شن المعتضد حربا على كافة إمارات البربر في جنوب وغرب الأندلس ، وقد يكون ذلك بسبب نبوءة أخبره بها أحد منجميه تفيد بأن ملك سلالته سيزول على أيدي رجال من خارج الأندلس . بدأ بالهجوم على مدينة قرمونة عام 434 ه ، فتمكن من القضاء على ملكها محمد بن عبد الله البرزالي ، ثم تحول اتجاه لبلة فاضطر لخوض صراع كبير مع حليفها المظفر بن الأفطس أمير بطليوس ، وأدى الصراع إلى دمار وخراب ضواحي عاصمته إشبيلية ، قبل أن ينتهي عام 443 ه على إثر صلح عقد بوساطة من أبي الوليد بن جهور حاكم قرطبة

[Chunk 2]
الأشخاص: احمد المعتضد بالله
المنظمات: القوات العباسية، خمارويه، والقوات الطولونية
الأماكن: الرملة، دمشق، فلسطين، واحي
التواريخ: 1 ه / 885 م، عام ( 27
النص: وقعة الطواحين هي معركة حدثت عام ( 271 ه / 885 م ) بين القوات العباسية بقيادة أحمد المعتضد بالله والقوات الطولونية بقيادة خمارويه . وقعت المعركة بالقرب من مدينة الرملة ( في فلسطين اليوم ) وأنتهت بهزيمة خمارويه . سبب هذه الوقعه أن المعتضد سار من دمشق ، بعد أن ملكها نحو الرملة ناحية قوات خمارويه ، وكان العباسيين لديهم الرغبة بالتخلص من نفوذ الطولونيين

[Chunk 3]
الأشخاص: ابن حيان، الافطس، عبد الله بن محمد بن مسلمة
الأماكن: الاندلس، البل، بني تجيب، شمالي، مكناس، مملكة بطليوس
التواريخ: 102، 1094، 8 ه، عام 413 حتى
النص: بنو الأفطس هم سلالة عربية أو بربرية حكمت مدينة مملكة بطليوس في الأندلس خلال عصر ملوك الطوائف ، منذ عام 413 حتى 488 ه ( 1022 - 1094 م ). تنسب إلى مؤسسها عبد الله بن محمد بن مسلمة المعروف بابن الأفطس ، من قبيلة مكناسة البربرية النازلة بفحص البلوط شمالي قرطبة . غير أن بني الأفطس كانوا ينسبون أنفسهم إلى بني تجيب ، وهو ما استنكره المؤرخ الأندلسي ابن حيان القرطبي . ويوجد من يذكر أن بنو الأفطس : فرع من تجيب الكندية الحضرمية",متى انتهى صراع المعتضد بالله مع المظفر بن الأفطس ؟,عام 443 ه,انتهى الصراع عام 443 ه.,0.9,0.91,0.92
"[Chunk 1]
النص: . سلسلة ميتونيك . تتكرر السلسلة ميتونيك كل 19 عاما ( 6939.69 يوما ) ، وتستمر حوالي 5 دورات . يحدث الكسوف في نفس تاريخ التقويم تقريبا . بالإضافة إلى ذلك ، تتكرر سلسلة اكتون الفرعية 1 / 5 من ذلك أو كل 3.8 سنوات ( 1387.94 يوما ). تحدث جميع الكسوفات في هذا الجدول عند العقدة الهابطة للقمر .

[Chunk 2]
النص: . سلسلة ميتونيك . تتكرر السلسلة ميتونيك كل 19 عاما ( 6939.69 يوما ) ، وتستمر حوالي 5 دورات . يحدث الكسوف في نفس تاريخ التقويم تقريبا . بالإضافة إلى ذلك ، تتكرر سلسلة اكتون الفرعية 1 / 5 من ذلك أو كل 3.8 سنوات ( 1387.94 يوما ). تحدث جميع الكسوفات في هذا الجدول عند العقدة الهابطة للقمر .

[Chunk 3]
النص: . سلسلة ميتونيك . تكرر السلسلة ميتونيك كل 19 عاما ( 6939.69 يوما ) ، وتستمر حوالي 5 دورات . يحدث الكسوف في نفس تاريخ التقويم تقريبا . بالإضافة إلى ذلك ، تكرر سلسلة أوكتون الفرعية 1 / 5 من ذلك أو كل 3.8 سنوات ( 1387.94 يوما ). تحدث جميع الكسوفات في هذا الجدول عند العقدة الهابطة للقمر .",ما هي السلسلة الميتونيك ؟,"تتكرر السلسلة ميتونيك كل 19 عاما ( 6939.69 يوما ) ، وتستمر حوالي 5 دورات","السليله الميتونيك سلسلة تتكرر كل 19 عاما (6939.69 يوما) وتستمر حوالي 5 دورات، ويحدث الكسوف في نفس تاريخ التقويم تقريبا عند العقدة الهابطة للقمر.",0.91,0.93,0.92
"[Chunk 1]
الأشخاص: سلمان الفارسي
الأماكن: بني قريظة، فارس، وادي القرى
النص: سلمان الفارسي ( توفى سنة 33 ه ) صحابي ، ومولى النبي محمد ، وأحد رواة ، وهو أول الفرس إسلاما ؛ أصله من بلاد فارس ، ترك أهله وبلده سعيا وراء معرفة الدين الحق ؛ فانتقل بين البلدان ليصحب الرجال الصالحين من القساوسة ، إلى أن وصف له أحدهم ظهور نبي في بلاد العرب ، ووصف له علامات ليتحقق منه . اتفق سلمان مع قوم من بني كلب لينقلوه إلى بلاد العرب ، فغدروا به وباعوه إلى يهودي من وادي القرى ، ثم اشتراه يهودي آخر من يثرب من بني قريظة ، ورحل به إلى بلده

[Chunk 2]
الأشخاص: سلمان، عثمان بن عفان، عمر بن الخطاب
المنظمات: قريش
النص: . وعند هجرة النبي محمد إلى يثرب ، سمع به سلمان ، فسارع ليتحقق من العلامات ، فأيقن أنه النبي الذي يبحث عنه . فأسلم ، وأعانه النبي محمد وأصحابه على مكاتبة مالكه ، حتى أعتق . بعد عتقه ، شهد سلمان مع النبي محمد غزوة الخندق ، وهو الذي أشار على النبي محمد بحفر الخندق لحماية المدينة من قريش وحلفائها ، ثم شهد معه باقي المشاهد . وبعد وفاة النبي محمد ، شهد سلمان الفتح الإسلامي لفارس ، وتولى إمارة المدائن في خلافة عمر بن الخطاب إلى أن توفي في خلافة عثمان بن عفان . سيرته

[Chunk 3]
الأشخاص: سلمان، محمد
المنظمات: قريش
الأماكن: العراق، المدينة المنورة
النص: . كانت غزوة الخندق أول معارك سلمان التي يخوضها مع النبي محمد ، وهو الذي أشار عليه بحفر الخندق حول المدينة المنورة للدفاع عنها أمام جيش قريش ، وحلفائها . حيث كان الفرس يحفرون الخنادق للدفاع في الحرب ، فقال سلمان : ، ثم شهد معه باقي المشاهد بعدها . وبعد وفاة النبي محمد ، شارك سلمان في فتوح العراق ، تولى سلمان إمارة المدائن ورغم ذلك ، فكان يعمل بيده ، فإذا تحصل له مال اشترى به طعاما ، ودعا الفقراء يأكلون معه",كيف وصل سلمان الفارسي إلى العرب ؟,"ترك أهله وبلده سعيا وراء معرفة الدين الحق ؛ فانتقل بين البلدان ليصحب الرجال الصالحين من القساوسة ،","اتفق سلمان مع قوم من بني كلب لينقلوه إلى بلاد العرب، فغدروا به وباعوه إلى يهودي من وادي القرى، ثم اشتراه يهودي آخر من يثرب من بني قريظة، ورحل به إلى بلده.",0.8,0.93,0.7
"[Chunk 1]
المنظمات: تويوتا، نيسان، هوندا
الأماكن: الولايات المتحدة، اليابان
التواريخ: عام 1976 م
النص: . في بداية الستينيات ، قامت الشركة بتصنيع أولى الشاحنات والسيارات الخاصة بها ، عرفت هذه التصاميم نجاحا كبيرا ، إلا أن النجاح الأكبر الذي حققته الشركة كان اقتحامها للسوق الأمريكية ، قامت « هوندا » بتسويق منتجاتها من السيارات والدراجات النارية وحظي بعض الأصناف بشعبية كبيرة ، بيعت ملايين النسخ من سيارة « سيفيك » عام 1976 م ، كما أصبحت « أكورد » السيارة الأكثر مبيعا في الولايات المتحدة خلال هذه الفترة . بعد هذه النجاحات ، أصبحت « هوندا » ثالث مصنع للسيارات في اليابان ، بعد « تويوتا » و « نيسان »

[Chunk 2]
الأماكن: البرازيل، الولايات المتحدة، نبراس
التواريخ: 1962، عام 1935، عام 1944
النص: فولجيرز هي شركة قهوة أمريكية تأستت عام 1935 من قبل مستثمرين أمريكيين في ولاية نبراسكا وحققت نجاحا كبيرا حيث بلغت مبيعاتها عام 1944 450 مليون دولار . قام المستثمرون حينها بتوسيع شركتهم حيث قامو بشراء 15 مزرعة بن في البرازيل لتوسيع صادرات البن من البرازيل . بحلول 1962 مباشرة ارتفعت الايرادات حيث بلغت مليار دولار سنويا ، واستمرت الشركة في النمو بارتفاع الاستهلاك الكبير للبن والقهوة في الولايات المتحدة على الرغم من المنافسة الكبيرة مع شركة نسكافيه السويسرية

[Chunk 3]
الأشخاص: بيل هيوليت ودايفيد باكارد
الأماكن: بالو التو، جادة اديسون، كاليفورنيا، وادي السيليكون
التواريخ: عام 1938، عام 1939
النص: . تأسست الشركة في مرآب يتسع لسيارة واحدة في بالو ألتو بولاية كاليفورنيا بواسطة بيل هيوليت ودايفيد باكارد في عام 1939 ، وأنتجت في البداية مجموعة من معدات الاختبار والقياس الإلكترونية . تم تعيين جراج هوليت - باكارد في 367 جادة أديسون الآن كمعلم تاريخي رسمي في كاليفورنيا ، وقد تم تمييزه بلوحة تصف المكان بإنه « مسقط رأس وادي السيليكون ». حصلت الشركة على أول عقد كبير لها في عام 1938 ، حيث قدمت أدوات الاختبار والقياس لإنتاج فيلم الرسوم المتحركة لوالت ديزني « فانتازيا »",كيف حققت الشركة نجاحا كبيرا في الأعوام الأولى من تأسيسها ؟,قامو بشراء 15 مزرعة بن في البرازيل لتوسيع صادرات البن من البرازيل,"حققت الشركة نجاحا كبيرا في الأعوام الأولى من تأسيسها بسبب النجاح الأكبر الذي حققته في السوق الأمريكية، حيث بيعت ملايين النسخ من سيارة ""سيفيك"" عام 1976 م، كما أصبحت ""أكورد"" السيارة الأكثر مبيعا في الولايات المتحدة خلال تلك الفترة.",0.44,0.91,0.36
"[Chunk 1]
الأشخاص: بيير دي كوبر
المنظمات: الكونغرس الاولمبي، اللجنة الاولمبية الدولية، للحركة الاولمبية، والل
الأماكن: اثينا، اليونان
التواريخ: القرن الثامن قبل الميلاد، القرن الرابع الميلادي، عام 1894، عام 1896
النص: . تم استلهام إنشائها من الألعاب الأولمبية القديمة () ، التي كانت تعقد في أولمبيا ، اليونان من القرن الثامن قبل الميلاد إلى القرن الرابع الميلادي . حيث أسس البارون بيير دي كوبرتان اللجنة الأولمبية الدولية ( IOC ) في عام 1894 عبر الكونغرس الأولمبي ، هذه اللجنة التي قادت إلى تنظيم أول دورة ألعاب أولمبية حديثة في أثينا عام 1896. واللجنة الأولمبية الدولية هي الهيئة الإدارية للحركة الأولمبية ، ويحدد الميثاق الأولمبي هيكلتها وسلطتها

[Chunk 2]
الأماكن: الملعب الاولمبي
النص: . يكتنف أصل الألعاب الأولمبية الغموض والأساطير . وواحدة من أكثر الأساطير شيوعا تعتبر هرقل ( هيراكليس ) ووالده زيوس هم أسلاف ومؤسسي الألعاب الأولمبية . وفقا للأسطورة ، كان هيراكليس هو أول من أطلق على الألعاب تسمية « الأولمبية » ، وأرسى تقليد عقدها كل أربع سنوات . وتستمر الأسطورة بسرد الأحداث بأنه بعد أن أكمل هيراكليس أعماله الإثني عشر ، قام ببناء الملعب الأولمبي تكريما لزيوس

[Chunk 3]
المنظمات: اللجنة الاولمبية الدولية، كوبر
الأماكن: الكتلة الشرقية
النص: . كما تؤيد اللجنة الأولمبية الدولية ألعاب الصم والأولمبياد الخاص . وكان على اللجنة الأولمبية الدولية التكيف مع مجموعة متنوعة من التطورات الاقتصادية والسياسية والتكنولوجية . من بين هذه التطورات الاقتصادية إساءة استخدام قواعد الهواة من قبل بلدان الكتلة الشرقية ، التي دفعت اللجنة الأولمبية الدولية إلى السماح للرياضيين المحترفين بالمشاركة في الألعاب بعد أن كانت حكرا على مشاركة الرياضيين الهواة فقط ، كما أرادها مؤسس الألعاب كوبرتان",من هو الشخص الذي أسس اللجنة الأولمبية الدولية ؟,البارون بيير دي كوبرتان,البارون بيير دي كوبرتان.,0.92,0.91,0.93
"[Chunk 1]
الأشخاص: اف شيفشيك، ش شوروزو
المنظمات: منتخب بولندا لكرة القدم
الأماكن: بولندا
التواريخ: 11 سبتمبر 1962
النص: ميجيزواف شيفشيك هو لاعب كرة قدم بولندي في مركز الوسط ، ولد في 11 سبتمبر 1962 في أشفنشم في بولندا . شارك مع منتخب بولندا لكرة القدم . أما مع النوادي ، فقد لعب مع رتش شوروزو .

[Chunk 2]
الأشخاص: اف سيكورا، ست غليفيتسه، و بياوا
المنظمات: دي ال كي اس ودز
الأماكن: بولندا
التواريخ: 6 فبراير 1982
النص: ميجيزواف سيكورا هو لاعب كرة قدم بولندي في مركز الوسط ، ولد في 6 فبراير 1982 في في بولندا . لعب مع بياست غليفيتسه وبييلسكو بياوا ونادي ال كي اس ودز .

[Chunk 3]
المنظمات: الفت، اليرموك، جامعة الموصل بكرة، كرة السلة
الأماكن: البصرة، بعلبك
التواريخ: عام 1972، عام 1974
النص: . كان رياضيا بالهواية في شبابه ، وشارك في كرة القدم والسلة ولعب ضمن منتخب فريق كرة السلة . انتقل للعب مع نادي اليرموك بعد دمجه مع نادي الانتصار ثم انتقل ألى نادي الفتوة . أصبح ضمن تشكيلة فريق جامعة الموصل بكرة السلة وشارك بعددة مباريات وكان أحد الهدافين العشرة الذين سجلوا أعلى النقاط لفرقهم الرياضية حيث سجل 34 نقطة معدل في كل مباراة . شارك في الدورة الرياضية الثانية في البصرة عام 1972. شارك في بطولات أقيمت في حلب السورية عام 1974 وفي بعلبك اللبنانية",مع أي منتخب شارك ميجيزواف شيفشيك في كرة القدم ؟,منتخب بولندا لكرة القدم,شارك ميجيزواف شيفشيك مع منتخب بولندا لكرة القدم.,0.9,0.91,0.91
"[Chunk 1]
الأشخاص: دانيال غامارا
المنظمات: انك سيلي
الأماكن: الاوروغواي، مونت
التواريخ: 9 ديسمبر 1978
النص: دانيال غامارا هو لاعب كرة قدم أوروغواياني في مركز الوسط ، ولد في 9 ديسمبر 1978 في مونتفيدو في الأوروغواي . لعب مع التانك سيلي .

[Chunk 2]
الأشخاص: دانيال جارا، وان اوريتش
الأماكن: المكسيك
التواريخ: 1 سبتمبر 1996
النص: دانيال جارا هو لاعب كرة قدم مكسيكي في مركز الهجوم ، ولد في 1 سبتمبر 1996 في مازاتلان في المكسيك . لعب مع خوان أوريتش .

[Chunk 3]
الأشخاص: دانيال فيرايرا
المنظمات: اريو سنترال، دي كوكيمبو اونيدو، دي ميلغار اريكيبا، ر بليت، وريف
الأماكن: الارجنتين، سان نيكولاس دي لوس ارويوس
التواريخ: 22 يناير 1982
النص: دانيال فيرايرا هو لاعب كرة قدم أرجنتيني في مركز حراسة المرمى ، ولد في 22 يناير 1982 في مدينة سان نيكولاس دي لوس آرويوس في الأرجنتين . لعب مع روزاريو سنترال وريفر بليت ونادي كوكيمبو أونيدو ونادي ميلغار أريكيبا .",متي ولد دانيال غامارا ؟,9 ديسمبر 1978,9 ديسمبر 1978.,0.91,0.93,0.93
"[Chunk 1]
الأشخاص: فريج
النص: في المنطق الرياضي ، المسند من الدرجة الثانية هو المسند الذي يأخذ المسند من الدرجة الأولى كحجة / كوسيط . قارن المسند ذو الترتيب الأعلى . قدمت فكرة المسند من الدرجة الثانية من قبل عالم الرياضيات والفيلسوف الألماني فريجه . ويستند إلى فكرته أن المسند مثل « فيلسوف » أي أنه يعين مفهوما ، وليس شيئا ( تصورا وليس موضوعا ). في بعض الأحيان يمكن أن يكون المفهوم بحد ذاته مسند للاقتراح ، كما هو الحال في « لا يوجد فلاسفة بوسنيون »

[Chunk 2]
النص: الحدس المنطقي ، أو الحدس الرياضي ، أو الحدس العقلاني هو سلسلة من الصفات الفطرية للتنبؤ والمعرفة والذكاء يرتبط في الغالب بالقدرة على إدراك الحقيقة المنطقية أو الرياضية ، والقدرة على حل التحديات الرياضية بكفاءة . يستخدم الإنسان الحدس المنطقي في إثبات النظريات الرياضية ، وتحقق الحجج المنطقية ، وتطوير الخوارزميات والاستراتيجيات ، وفي سياقات ذات صلة بالتحديات الرياضية

[Chunk 3]
الأشخاص: المسند
الأماكن: الكنايس، شبه الجزيرة العربية
النص: . خط المسند كان نظام الكتابة الأقدم في شبه الجزيرة العربية ويعتبر أبجدية شقيقة للأبجدية الفينيقية ومتفرعا من الأبجدية السينائية الأولية واستعمل للتدوين من قبل المتحدثين بالعربية الشمالية القديمة واللغات الإثيوبية السامية فالمسند هو الخط العربي الأصلي فلم يطور سكان تلك المناطق نظام كتابة خاص بهم إلا أن جهود مبشري الكنائس الشرقية ساهم في إنتشار القلم النبطي المتأخر وهو أحد الخطوط السريانية على حساب المسند لأنه أسهل وساهم دخول اليمنيين في الإسلام إلى هجرهم قلمهم القديم واستبداله بالأبجدية النبطية المتأخرة التي",ما هو المسند من الدرجة الثانية في المنطق الرياضي ؟,المسند الذي يأخذ المسند من الدرجة الأولى كحجة / كوسيط,المسند من الدرجة الثانية في المنطق الرياضي هو المسند الذي يأخذ المسند من الدرجة الأولى كحجة/كوسيط.,0.9,0.92,0.93
"[Chunk 1]
النص: ألنيكو هو مصطلح يشير إلى مجموعة من السبائك التي تتركب بشكل أساسي من الحديد مع وجود نسب متفاوتة من الألومنيوم Al والنيكل Ni والكوبالت Co ، ومن تلك العناصر يتكون اسم السبيكة . يمكن لسبائك ألنيكو أن تحوي أيضا على النحاس وأحيانا على التيتانيوم . تتميز سبائك ألنيكو بأنها ذات مغناطيسية حديدية ، وكانت تستخدم بشكل أساسي في تصنيع المغانط الدائمة قبل أن تطوير مغناطيس العناصر الأرضية النادرة ( rare-earth magnet ). يطلق على سبائك ألنيكو أسماء تجارية مختلفة مثل أو أو أو أو .

[Chunk 2]
التواريخ: 6 يوليو 2009
النص: . وكلها مسميات تتناسب مع خطورة هذا الصاروخ . أما عن الأحرف الثلاثة بالإختصار ( ANL ) والملحقة بالتسمية الإنجليزية ، فهي صيغة مختصرة للعبارة الفرنسية "" Anti-Navire Léger "" والتي تعني مضاد السفن الخفيف . أي أن التسمية الأصلية "" Sea Venom / ANL "" تجمع بين تسمية الصاروخ باللغتين الإنجليزية والفرنسية . خلفية تاريخية . خلال قمة فرنسية بريطانية ، أكدت الدولتان عزمهما على دراسة مشتركة لصاروخ خفيف مضاد للسفن في المستقبل ، وكان ذلك في 6 يوليو 2009 بمدينة إيفيان الفرنسية

[Chunk 3]
الأشخاص: اوا اييه - ياسو، دو شونين
الأماكن: اليابان، جبل « نانتايي »، نارا، نهر « دايييا »
التواريخ: القرن الثامن للميلاد
النص: . بكثافة سكانية تبلغ 63.6 نسمة / كم 2. التاريخ . يرجع تاريخ « نيكو » إلى القرن الثامن للميلاد ، فقد أصبحت منذ ذلك العهد مركزا دينيا مهما في اليابان . سنة 766 م وأثناء فترة نارا ، قام الراهب البوذي « شودو شونين » ، أثناء حجه إلى جبل « نانتائي » باجتياز نهر « دائييا » ، وأسس بالقرب من المكان أول المعابد في نيكو . بعدها بقرون أصبحت المدينة مركزا بوذيا وشنتويا مشهورا ، وفيها اختار القائد « توكوغاوا إيئه - ياسو » أن يتخذ لنفسه ضريحا . المزارات والمعابد","س 1 : ما هو مصطلح "" ألنيكو "" ؟","يشير إلى مجموعة من السبائك التي تتركب بشكل أساسي من الحديد مع وجود نسب متفاوتة من الألومنيوم Al والنيكل Ni والكوبالت Co ، ومن تلك العناصر","مصطلح ""ألنيكو"" يشير إلى مجموعة من السبائك التي تتركب بشكل أساسي من الحديد مع وجود نسب متفاوتة من الألومنيوم Al والنيكل Ni والكوبالت Co.",0.91,0.91,0.91
"[Chunk 1]
الأشخاص: ندى صحناوي
الأماكن: بيروت، لبنان، والشرق الاوسط
التواريخ: 1958
النص: ندى صحناوي ( مواليد 1958 ) فنانة تشكيلية وناشطة سياسية . عرضت أعمالها الفنية ، التي تشمل الرسم ، والأعمال الإعلامية المختلطة ، والنحت والتركيبات ، على نطاق واسع دوليا ، وظهرت في الصحافة والمنشورات المطبوعة في جميع أنحاء العالم أقامت العديد من المعارض الفردية كما شاركت بمعارض جماعية . صحناوي ، التي ولدت في بيروت وتلقت تدريبها الأكاديمي في التاريخ وعلم الاجتماع والسينما والفنون الجميلة ، هي رائدة في المنشآت الفنية العامة سريعة الزوال في لبنان والشرق الأوسط

[Chunk 2]
الأشخاص: الصح، ناوي
المنظمات: المجلس البلدي لبيروت
الأماكن: اوروبا، بيروت مدينتي، سيليا، شنطن العاصمة، نيويورك، والد، والشرق الاوسط، والولايات المتحدة، وبار، وستن، وشمال افريقيا، يج وهي
التواريخ: عام 2016
النص: . عرضت أعمال الصحناوي دوليا في أوروبا والولايات المتحدة والشرق الأوسط وشمال إفريقيا ، بما في ذلك نيويورك وبوسطن وواشنطن العاصمة ولندن وباريس ومرسيليا ولييج وهيوستن وميونيخ وبيروت ودبي والدوحة . وهي ناشطة في مجال حقوق الإنسان والإصلاح السياسي ، صحناوي عضوة في بيروت مدينتي ، وهي منظمة سياسية عامة حضرية ترشحت تحت مظلتها لشغل مقعد في المجلس البلدي لبيروت في عام 2016

[Chunk 3]
الأماكن: بيروت، رويج، غلاديش، والبحرين، والن، والولايات المتحدة، وقطر
النص: . معارض . عرضت أعماله في بيروت ، والبحرين ، وعمان ، ودبي ، وقطر ، ولندن ، والنرويج ، وبنغلاديش ، والولايات المتحدة .",ما هي بعض المعارض والمنشآت التي عرضت فيها أعمال ندى صحناوي ؟,نيويورك وبوسطن وواشنطن العاصمة ولندن وباريس ومرسيليا ولييج وهيوستن وميونيخ وبيروت ودبي والدوحة,"عرضت أعمال ندى صحناوي على نطاق واسع دوليا، بما في ذلك نيويورك وبوسطن وواشنطن العاصمة ولندن وباريس ومرسيليا ولييج وهيوستن وميونيخ وبيروت ودبي والدوحة. كما عرضت أعمالها في بيروت والبحرين وعمان ودبي وقطر.",0.9,0.92,0.93
"[Chunk 1]
الأماكن: جزر المحيط الهادي، فيلا
التواريخ: عام 2000
النص: . تعداد عام 2000. بلغ عدد سكان فيلاس 9 , 064 نسمة بحسب تعداد عام 2000 ، وبلغ عدد الأسر 3 , 733 أسرة وعدد العائلات 2 , 458 عائلة مقيمة في المنطقة السكنية . في حين سجلت الكثافة السكانية . وبلغ عدد الوحدات السكنية 5 , 694 وحدة بمتوسط كثافة قدره . وتوزع التركيب العرقي للمنطقة السكنية بنسبة 96.35 % من البيض و 1.19 % من الأمريكيين الأفارقة و 0.28 % من الأمريكيين الأصليين و 0.35 % من الأمريكيين ذوي الأصول الآسيوية و 0.03 % من سكان جزر المحيط الهادئ و 0.86 % من الأعراق الأخرى و 0.94 % من عرقين مختلطين أو أكثر و 2

[Chunk 2]
الأماكن: فيلا
التواريخ: عام 2010
النص: .9 % تحت سن الثامنة عشر ونسبة 5.8 % في الخامسة والستين من العمر وما فوق . تعداد عام 2010. بلغ عدد سكان فيلاس 9 , 483 نسمة بحسب تعداد عام 2010 ، وبلغ عدد الأسر 3 , 896 أسرة وعدد العائلات 2 , 568 عائلة مقيمة في المنطقة السكنية . في حين سجلت الكثافة السكانية . وبلغ عدد الوحدات السكنية 5 , 849 وحدة بمتوسط كثافة قدره . وتوزع التركيب العرقي للمنطقة السكنية بنسبة 93.49 % من البيض و 1.95 % من الأمريكيين الأفارقة و 0.17 % من الأمريكيين الأصليين و 0.33 % من الأمريكيين ذوي الأصول الآسيوية و 0

[Chunk 3]
المنظمات: مكتب تعداد الولايات المتحدة
الأماكن: الولايات المتحدة، فيلا
التواريخ: 2000، 2010، عام 2000، عام 2010
النص: فيلاس هي منطقة سكنية تقع بولاية نيوجيرسي في الولايات المتحدة . تبلغ مساحتها 10.124 ، وترتفع عن سطح البحر 5 ، بلغ عدد سكانها 9 , 483 نسمة في عام 2010 حسب إحصاء مكتب تعداد الولايات المتحدة وتصل الكثافة السكانية فيها . التركيبة السكانية . حدد مكتب تعداد الولايات المتحدة بيانات التركيبة السكانية لفيلاس في تعداد الولايات المتحدة . في ما يلي ، التركيبة السكانية حسب تعدادي 2000 و 2010. تعداد عام 2000",كم عدد الأسر والعائلات المقيمة في فيلاس ؟,"بلغ عدد الأسر 3 , 733 أسرة وعدد العائلات 2 , 458 عائلة","بلغ عدد الأسر 3,733 أسرة وعدد العائلات 2,458 عائلة مقيمة في المنطقة السكنية في عام 2000، según [Chunk 1]. وفي عام 2010، بلغ عدد الأسر 3,896 أسرة وعدد العائلات 2,568 عائلة مقيمة في المنطقة السكنية، وفقاً [Chunk 2].",0.92,0.91,0.92
"[Chunk 1]
النص: الإسمنت هو مادة رابطة ناعمة تتصلب وتقسي فتملك بذلك خواصا تماسكية وتلاصقية بوجود الماء مما يجعله قادرا على ربط مكونات الخرسانة بعضها ببعض . وأهم استخدام للأسمنت هو الملاط والخرسانة حيث يربط المواد الاصطناعية أو الطبيعية لتشكل مواد بناء قوية مقاومة للتأثيرات البيئية العادية . يجب عدم الخلط بين الخرسانة والأسمنت ، فالأسمنت يشير إلى المسحوق الجاف المستخدم في ربط المواد الكلية للخرسانة . وللأسمنت المستخدم في البناء نوعين هما الأسمنت المائي والأسمنت غير المائي . تعتبر صناعة الأسمنت من الصناعات الإستراتجية

[Chunk 2]
الأماكن: sur - mer
التواريخ: عام 1870
النص: . إن أول مصنع للأسمنت اخترع بواسطة dupont et demarlé في سنة 1846 في منطقة boulogne-sur-mer ، ولقد تطورت بعد ظهور مواد جديدة ( فرن حركي الدوران حول نفسه ) مكسر لكريات الكلنكر ، تطورت وسائل صناعة الأسمنت دون توقف ، وفي عام 1870 كان إنتاج الطن الواحد من الكلنكر ( المكون الرئيسي للاسمنت ) يستغرق 40 ساعة ، أما الآن فيستغرق 3 دقائق فقط . تركيبة الأسمنت . الخليط الأساسي لصناعة الأسمنت يتكون من : والجير الطيني يملكان مواصفات تقارب 80 ٪ من الجير ، و 20 ٪ من الطين ، ومواد علاجية :

[Chunk 3]
الأشخاص: is vicat
الأماكن: طاليا
التواريخ: العام 1817، القرن 19
النص: . الأسمنت هو مزيج من الجير مثل القرميد والآجر المكسرة ، مضافة إلى الطين . la pouzzolane ( هي أرض بركانية لمنطقة بوزون بناحية نابولي بإيطاليا ) ، وهذا مستعمل كثيرا كمزيج ، الاسمنت لم يعرف كما هو موجود الآن ، حتى القرن 19 ، ثم قام العالم louis Vicat بكشف لغز الرطوبة في الجير في العام 1817 والمتعلقة بالاسمنت التي كانوا يسمونها الجير المميه . والجير المحدود في 1840",ما هي الخواص التي يمتلكها الإسمنت ؟,تماسكية وتلاصقية بوجود الماء مما يجعله قادرا على ربط مكونات الخرسانة بعضها ببعض,يملك الإسمنت خواص تماسكية وتلاصقية بوجود الماء مما يجعله قادرا على ربط مكونات الخرسانة بعضها ببعض.,0.92,0.91,0.93
"[Chunk 1]
الأشخاص: غو اوريجويلا
المنظمات: خب اسبانيا لكرة، خب كاتالونيا لكرة القدم، دي ساباديل، دي لاردة، منتخب اسبانيا، ومنت
الأماكن: اسبانيا
التواريخ: 20 يناير 1962
النص: دييغو أوريجويلا هو لاعب كرة قدم إسباني في مركز الوسط ، ولد في 20 يناير 1962 في في إسبانيا . شارك مع منتخب إسبانيا تحت 18 سنة لكرة القدم ومنتخب إسبانيا تحت 21 سنة لكرة القدم ومنتخب إسبانيا لكرة القدم ومنتخب كاتالونيا لكرة القدم . أما مع النوادي ، فقد لعب مع إسبانيول ونادي ساباديل ونادي لاردة .

[Chunk 2]
الأشخاص: انطونيو اوريجويلا
المنظمات: اتلتيكو مدريد، اريس واف، ال مايوركا، بالي، دي سالامانكا، دي غرناطة، منتخب اسبانيا، و فايكانو، وراي، ومنت
الأماكن: اسبانيا، فرانكفورت، مدريد
التواريخ: 2 ديسمبر 1960
النص: أنطونيو أوريجويلا هو لاعب كرة قدم إسباني في مركز الوسط ، ولد في 2 ديسمبر 1960 في مدريد في إسبانيا . شارك مع منتخب إسبانيا تحت 21 سنة لكرة القدم ومنتخب إسبانيا تحت 23 سنة لكرة القدم . أما مع النوادي ، فقد لعب مع أتلتيكو مدريد وأتليتيكو بالياريس وإف إس في فرانكفورت ورايو فايكانو وريال مايوركا ونادي سالامانكا ونادي غرناطة .

[Chunk 3]
الأشخاص: غو لاتوري
المنظمات: ا جونيورز، ا جيونيورز، دي تينيريفي، دي راسينغ، دي سالامانكا، دي سامبدوريا، دي كوميونيكيشنس، منتخب الارجنتين لكرة القدم، وز ازول، يو سنترال وفيورنتينا
الأماكن: ايطاليا
التواريخ: 4 اغسطس 1969
النص: دييغو لاتوري هو لاعب كرة قدم أرجنتيني في مركز الهجوم ، ولد في 4 أغسطس 1969 في في إيطاليا . شارك مع منتخب الأرجنتين لكرة القدم . أما مع النوادي ، فقد لعب مع بوكا جونيورز وتشاكاريتا جيونيورز وروزاريو سنترال وفيورنتينا وكروز آزول ونادي تينيريفي ونادي راسينغ ونادي سالامانكا ونادي سامبدوريا ونادي كوميونيكيشنس .",ما هي المنتخبات التي شارك فيها دييغو أوريجويلا ؟,منتخب إسبانيا تحت 18 سنة لكرة القدم ومنتخب إسبانيا تحت 21 سنة لكرة القدم ومنتخب إسبانيا لكرة القدم ومنتخب كاتالونيا لكرة القدم,شارك دييغو أوريجويلا مع منتخب إسبانيا تحت 18 سنة لكرة القدم ومنتخب إسبانيا تحت 21 سنة لكرة القدم ومنتخب إسبانيا لكرة القدم ومنتخب كاتالونيا لكرة القدم.,0.91,0.93,0.92
"[Chunk 1]
الأماكن: لبنان
التواريخ: ام 1943، عام 1926
النص: أنشأ منصب رئيس الوزراء في لبنان في عام 1926 أثناء فترة وقوعه تحت الانتداب الفرنسي . وعلى الرغم من أنه لا يذكر في الدستور ديانة من يتولى رئاسة الوزراء ، فإنه اتفق في الميثاق الوطني الموقع بعام 1943 على أن يكون من يتولى المنصب من الطائفة السنية . وكان المنصب قبل التوقيع على الميثاق الوطني قد تولاه أشخاص ينتمون إلى طوائف مسيحية

[Chunk 2]
المنظمات: الدولة اللبنانية، الطايفة، المارونية
الأماكن: لبنان
التواريخ: ام 1943، عام 1926
النص: أنشئ منصب رئيس الجمهورية للمرة الأولى أثناء الانتداب الفرنسي على لبنان عام 1926. وعلى الرغم من أنه لا يذكر في الدستور ديانة من يتولى الرئاسة ، فإنه اتفق في الميثاق الوطني الموقع بعام 1943 على أن يكون من يتولى المنصب من الطائفة المسيحية المارونية . وكان المنصب قبل التوقيع على الميثاق الوطني قد تولاه أشخاص ينتمون إلى طوائف مسيحية أخرى . رئيس الجمهورية في الدولة اللبنانية هو رئيس الدولة ورمز وحدة الوطن . يسهر على احترام الدستور والمحافظة على استقلال لبنان ووحدته وسلامة أراضيه وفقا لأحكام الدستور

[Chunk 3]
الأشخاص: تمام سلام
التواريخ: عام 1943
النص: . كما أن أطول فترة تشكيل حكومة كانت حكومة تمام سلام ؛ حيث استمرت فترة تشكيلها 315 يوما . الميثاق الوطني . على الرغم من أنه لم ينص على وجه التحديد في الدستور ، إلا أن الإتفاق غير المكتوب والمعروف باسم الميثاق الوطني ، والذي تم الاتفاق عليه في عام 1943 ، قد أدى إلى أن يكون المنصب مسلم سني في كل دورة انتخابية منذ ذلك الوقت . ومع ذلك ، فإن العديد من رؤساء الوزراء في الماضي كانوا مسيحيين .",هل تولى أشخاص من الطوائف المسيحية منصب رئيس الوزراء قبل التوقيع على الميثاق الوطني ؟,قد تولاه أشخاص ينتمون إلى طوائف مسيحية .,"نعم، تولى أشخاص ينتمون إلى طوائف مسيحية الأخرى المنصب قبل التوقيع على الميثاق الوطني.",0.9,0.91,0.91
"[Chunk 1]
المنظمات: الاف، الصين، الهند الشرقية
الأماكن: الصين، الهند، كانت
التواريخ: الف عام بعد الميلاد، القرن التاسع عشر
النص: . وبدأ تحضير الأدوية المسجلة من الأفيون في القرن التاسع عشر ، حيث استعملت مستحضرات الأفيون في علاج آلام التسنين عند الأطفال وعلاج الكحة والاسهال والزحار ( الدوسنتاريا ) وآلام الروماتيزم . قصة الأفيون مع الصين . ادخل الافيون إلى الصين منذ حوالي ألف عام بعد الميلاد واحتكر تدخينه طبقة الصفوة في البلاد ، وكان نبات الخشخاش يزرع في الهند ويهرب إلى الصين عن طريق كانتون . واحتكرت شركة الهند الشرقية زراعة وتجارة الأفيون الذي كان مصدر ربح عظيم للشركة وللتجار الأوربيين والصينيين

[Chunk 2]
التواريخ: اوايل القرن العشرين، عام 1980
النص: . الطريقة التقليدية تتطلب عمل مكثف للحصول على مادة اللاتكس بعد خدش قرون البذور غير الناضجة باليد عن طريق آلة حادة ؛ يتسرب اللاتكس ويجف ويتحول إلى بقايا صفراء لزجة يتم كشطها لاحقا وتجفيفها . الإنتاج . كان الأفيون محظورا في العديد من البلدان خلال أوائل القرن العشرين ، مما أدى إلى النمط الحديث لإنتاج الأفيون كسلائف للعقاقيرالاستجمامية غير القانونية أو الأدوية الموصوفة طبيا والتي تخضع لضرائب عالية . في عام 1980 ، تم توفير 2000 طن من الأفيون لجميع الاستخدامات المشروعة وغير القانونية

[Chunk 3]
الأماكن: جنيف
التواريخ: 13 يوليو عام 1931 م، 9 يوليو من عام 1933 م
النص: اتفاقية الحد من تصنيع وتنظيم توزيع المخدرات ، هي معاهدة لمكافحة المخدرات صدرت في جنيف في 13 يوليو عام 1931 م . وقد دخلت حيز النفاذ في 9 يوليو من عام 1933 م . نظرة عامة . وقد تم إنشاء مجموعتين من المخدرات ، تتألف المجموعة الأولى مما يلي : المورفين وأملاحه ، بما في ذلك أملاح الاستر مثل ثنائي أسيتات المورفين ( الهيروين ) والمستحضرات المصنوعة مباشرة من الأفيون الخام أو الطبي وتحتوي على أكثر من 20 % من المورفين ؛ الكوكايين وأملاحه ، بما في ذلك المستحضرات المصنوعة مباشرة من ورقة الكوكا وتحتوي على أكثر من 0 .1 في المائة من الكوكايين ، وجميع استرات الأكيجونين وأملاحها",متى بدأ تحضير الأدوية المسجلة من الأفيون ؟,في القرن التاسع عشر,بدأ تحضير الأدوية المسجلة من الأفيون في القرن التاسع عشر.,0.91,0.91,0.93
"[Chunk 1]
الأشخاص: اساسكو، رامي، مايك
المنظمات: اوداكس، باول، بوتافو، دي انترناسيونال، غو اس بي، ورت ريسيفي، ورت كلوب
الأماكن: البرازيل، ساو باولو
التواريخ: 8 مارس 1993
النص: مايك هو لاعب كرة قدم برازيلي في مركز الهجوم ، ولد في 8 مارس 1993 في ساو باولو في البرازيل . لعب مع باوليستا وسبورت ريسيفي وغراميو اساسكو اوداكس اسبورت كلوب ونادي إنترناسيونال ونادي بوتافوغو اس بي .

[Chunk 2]
الأشخاص: مايك ماكجينتي
المنظمات: شيكاغو فاير
الأماكن: كوريا الجنوبية
التواريخ: 17 اغسطس 1971
النص: مايك ماكجينتي هو لاعب كرة قدم أمريكي في مركز حراسة المرمى ، ولد في 17 أغسطس 1971 في سول في كوريا الجنوبية . لعب مع شيكاغو فاير .

[Chunk 3]
الأشخاص: مايكل ماك
المنظمات: ا غدانسك، منتخب بولندا
الأماكن: ا بسكيتسكا، بولندا
التواريخ: 14 نوفمبر 1991
النص: مايكل ماك هو لاعب كرة قدم بولندي في مركز الهجوم ، ولد في 14 نوفمبر 1991 في سوتشا بسكيتسكا في بولندا . شارك مع منتخب بولندا تحت 21 سنة لكرة القدم . أما مع النوادي ، فقد لعب مع ليخيا غدانسك .",أين ولد مايك ؟,ساو باولو في البرازيل,ولد Майك في ساو باولو في البرازيل.,0.91,0.9,0.92
"[Chunk 1]
الأشخاص: احمد جمال
الأماكن: الغربية
التواريخ: 3 يناير 1994
النص: أحمد جمال هو لاعب كرة قدم مصري في مركز الوسط ، ولد في 3 يناير 1994 في محافظة الغربية في مصر . لعب مع نادي بيراميدز .

[Chunk 2]
الأشخاص: احمد جمال سعيد، فريد شوقي، ى سلطان
التواريخ: 2004، 2008، 2021، 21 يناير 1989
النص: أحمد جمال سعيد ( مواليد 21 يناير 1989 ) هو ممثل مصري ، عرف لدوره في لقاء على الهواء ( 2004 ) ، مسجون ترانزيت ( 2008 ) وإلا أنا ( 2021 ). وهو حفيد فريد شوقي وهدى سلطان .

[Chunk 3]
الأشخاص: جمال عبد الناصر، فاروق، محمد علي
المنظمات: الاتحاد العربي الاشتراكي، لاتحاد الدول العربية
التواريخ: 15 يناير 1918، 1956، 23 يوليو، 28 سبتمبر 1970
النص: جمال عبد الناصر ( 15 يناير 1918 – 28 سبتمبر 1970 ) ، هو ثاني رؤساء مصر . تولى السلطة من سنة 1956 إلى وفاته . وهو قائد الاتحاد العربي الاشتراكي الذي يدعوا لإتحاد الدول العربية وهو أحد قادة ثورة 23 يوليو 1952 التي أطاحت بالملك فاروق ( آخر حاكم فعلي من أسرة محمد علي ) وحولت نظام مصر لجمهورية رئاسية ، والذي شغل منصب نائب رئيس الوزراء في حكومتها الجديدة",من هو أحمد جمال ؟,لاعب كرة قدم مصري,"أحمد جمال هو لاعب كرة قدم مصري في مركز الوسط، ولد في 3 يناير 1994 في محافظة الغربية في مصر.",0.92,0.92,0.93
"[Chunk 1]
الأشخاص: بدر الدين عبد الواجد بن محمد بن محمد الحنفي، قطب الدين الشيرازي
المنظمات: الاناضول، صد المراغة، مدرسة دميركابي
الأماكن: ايران، تركيا، مشهد
التواريخ: 1434
النص: بدر الدين عبد الواجد بن محمد بن محمد الحنفي ( مواليد مشهد ، في إيران - وتوفي في 1434 بكوتاهية ، في تركيا ) هو عالم فلك فارسي مسلم بارز ، قام بالتدريس في مدرسة دميركابي العثمانية ، وهي مدرسة للرصد الفلكي والتعليم . غير اسم مدرسة دميركابي لاحقا إلى المدرسة الوجيدية تكريما له . يعتبر عبد الواجد مع قطب الدين الشيرازي ، من جلبوا نفوذ مرصد المراغة إلى الأناضول .

[Chunk 2]
المنظمات: اديمية ساندهيرست العسكرية الملكية، القوات المسلحة القطرية، للقوات المسلحة
الأماكن: المملكة المتحدة
التواريخ: شهر يوليو من عام 1971 م
النص: . دراسته وأعماله . تلقى دراسته الابتدائية والإعدادية والثانوية في مدارس الدولة ، ثم التحق بأكاديمية ساندهيرست العسكرية الملكية في المملكة المتحدة ، وتخرج فيها في شهر يوليو من عام 1971 م ، وانضم بعدها إلى القوات المسلحة القطرية ، وتدرج في المناصب والرتب العسكرية حتى رقي إلى رتبة لواء ، وعين قائدا عاما للقوات المسلحة ، وقد لعب دورا رئيسا في تطوير القوات المسلحة وزيادة عدد أفرادها ، واستحداث وحدات جديدة وتجهيزها بأحدث الأسلحة ، والاهتمام بتدريب الضباط والأفراد على أحدث الأساليب العسكرية المتطورة

[Chunk 3]
الأشخاص: قيبة
المنظمات: جامعة عين شمس
الأماكن: القاهرة، تونس العاصمة
التواريخ: 195، 1961، 1968، عام 1972
النص: . تعليمه . دخل إلى الفرع الزيتوني بتوزر ، ونال منه الشهادة الأهلية سنة 53- 54 بامتياز ، وفي تونس العاصمة وبعد ثلاث سنوات أحرز على شهادة التحصيل وذلك سنة 1957 بامتياز ، وبجائزة الرئيس بورقيبة آنذاك . سافر إلى القاهرة لمواصلة دراساته العليا ، فنال شهادة الليسانس في التاريخ سنة 1961 ، وشهادة الماجستير في التاريخ الإسلامي في سنة 1968 ، ودكتوراه دولة في التاريخ الإسلامي من جامعة عين شمس في عام 1972",ما هي الدورة التعليمية التي قام بها بدر الدين عبد الواجد ؟,قام بالتدريس في مدرسة دميركابي العثمانية,"لم يكن هناك أي ذكر لدورة تعليمية معينة قام بها بدر الدين عبد الواجد في السياق، لذلك لا يمكنني الإجابة على السؤال بشكل مباشر. ولكن من خلال قراءة السياق، نرى أن بدر الدين عبد الواجد بن محمد الحنفي هو عالم فلك فارسي مسلم بارز، ولم يكن هناك أي ذكر لدورة تعليمية أو دراسة في الفلك أو العلوم الطبيعية. لذلك لا يمكنني الإجابة على السؤال بشكل مباشر.",0.41,0.14,0.2
"[Chunk 1]
الأشخاص: تين هوفمان، روبرت ايفانز، ريتشارد سيلبرت، ك ريتشاردز، ون فرانكنهايمر، ويليام هورتسبيرغ
المنظمات: ونت بيكتشرز
التواريخ: عام 1978
النص: . الإنتاج . تطوير الفيلم . بدأ ويليام هورتسبيرغ العمل على فيلم مقتبس بعد نشر روايته "" ملاك ساقط "" عام 1978 ، أخذ صديقه ريتشارد سيلبرت وهو مصمم الإنتاج نسخة الكتاب إلى المنتج روبرت إيفانز . نالت شركة باراماونت بيكتشرز حقوق الفيلم للرواية ، حيث تم تعيين إيفانز لإنتاج الفيلم ، وجون فرانكنهايمر لإخراج الفيلم ، وهجورتسبرغ ككاتب السيناريو . تم استبدال فرانكهايمر لاحقا بديك ريتشاردز ، كان ينظر إلى داستين هوفمان لتأدية الدور الرئيسي

[Chunk 2]
الأشخاص: دان سيتون، سلام فياض
المنظمات: اسراييل، جيب للانتاج، لشتاين، للحركة الصهيونية، ون واليز
التواريخ: عام 2009
النص: . يظهر الفيلم الوثائقي أسماء الأشخاص التالية : إنتاج . الفيلم من إخراج دان سيتون وإنتاج سيتون وإليز بيرلشتاين . سمع سيتون رئيس الوزراء الفلسطيني سلام فياض يلقي خطابا إذاعيا في عام 2009 ورأى أن خطة فياض لبناء الخدمات الاجتماعية والبنية التحتية الاقتصادية كانت طريقا مماثلا للحركة الصهيونية التي أدت إلى إنشاء إسرائيل . التقى سيتون بفياض في عام 2009 قبل وقت قصير من بدء صانعي الفيلم في تصوير الفيلم الوثائقي . بدأ التصوير بدعم من شركة زجيب للإنتاج الفرنسية

[Chunk 3]
الأشخاص: اليكس راناريفيلو، ن باتريك فلانيري، يس كويد، ينا بودين
المنظمات: افلام فورست
الأماكن: بيتا، كاليفورنيا
التواريخ: اغسطس من نفس العام، صيف 2019، يوليو 2019
النص: . إنتاج الفيلم . أعلنت شركة « أفلام فورست » عزمها على تصوير فيلم « ولد بطل » ثم أعيد الإعلان عن تصويره ولكن تحت عنوان « ميكي كيلي » في يوليو 2019. كما تم الإعلان عن أن الإخراج تم إسناده للمخرج أليكس راناريفيلو ، والممثلين شون باتريك فلانيري وكاترينا بودين ودينيس كويد ( الشخصيات المركزية في الفيلم ). عمل فلانيري أيضا كأحد منتجي الفيلم وشارك في كتابة السيناريو جنبا إلى جنب مع المخرج راناريفيلو . تم التصوير في بيتالوما ، كاليفورنيا خلال صيف 2019 وانتهى في أغسطس من نفس العام",من هم منتجين الفيلم ؟,ويل سميث وجادا بينكيت سميث,"روبرت إيفانز، جون فرانكنهايمر (لاحقا ديك ريتشاردز)، ويليام هورتسبيرغ (ككاتب السيناريو)، ن واليز (في فيلم وثائقي)، ن باتريك فلانيري (كمنتج وكاتب سيناريو) في فيلم ""ميكي كيلي"".",0.5,0.92,0.21
"[Chunk 1]
المنظمات: اليونسكو
الأماكن: اليابان، بيل مول، جزيرة هونشو، كانت، منطقة
النص: محافظة توتشيغي هي محافظة في اليابان تقع في منطقة كانتو من جزيرة هونشو ، عاصمتها هي مدينة أوتسونوميا . تشتهر أوتسونوميا بوجود العديد من محلات أكلة الغيوزا . أيضا في أوتسونوميا يقع أكبر مراكز التسوق في شمال منطقة كانتو وهو بيل مول . كما تشتهر محافظة توتشيغي بموقع نيكو الذي يضم العديد من أضرحة الشنتو القديمة والمعابد البوذية التي وضعتها اليونسكو على لائحة مواقع التراث العالمي . من المواقع الشهيرة الأخرى في توتشيغي منطقة تسمى ناسو تشتهر بمواقع الأونسين والبحيرات المحلية ومنتجعات التزلج

[Chunk 2]
المنظمات: اليون
الأماكن: جي - جو، صر اللقلق الابيض
التواريخ: ال 10 للميلا، عام 1608 م
النص: . المعالم . من بين معالم المدينة المشهورة ، معبد بوذي يعود إلى القرن ال 10 للميلاد وقصر اللقلق الأبيض ( هيميجي - جو ) ، لقب بذلك بسبب لون جدارانه الأبيض ، شيد عام 1608 م ، وصنفته اليونيسكو ضمن قائمة التراث الثقافي العالمي . توأمة . لهيميجي ( هيوغو ) اتفاقيات توأمة مع كل من :

[Chunk 3]
الأشخاص: ومات
الأماكن: اليابان، بالي، معبد السرادق الذهبي، معبد زن بوذي، و - جي
التواريخ: 36 - 1573
النص: كينكاكو - جي ( باليابانية : = معبد السرادق الذهبي ) هو معبد زن بوذي ، يقع بالقرب من كيوتو ، ويعد أشهر المعالم السياحية في اليابان . يعتبر البناء وحديقته التي حافظت على تصميمها الأصلي ، من أبرز الشواهد على عمارة فترة موروماتشي ( 1336 -1573 م ) ، ورمزا للحركة التي قام بها الشوغون « يوشي - ميتسو » لصالح الآداب والفنون",ما هي المعالم السياحية الشهيرة في توتشيغي ؟,بوجود العديد من محلات أكلة الغيوزا . أيضا في أوتسونوميا يقع أكبر مراكز التسوق,"توتشيغي تشتهر بموقع نيكو الذي يضم العديد من أضرحة الشنتو القديمة والمعابد البوذية التي وضعتها اليونسكو على لائحة مواقع التراث العالمي، بالإضافة إلى بيل مول أكبر مراكز التسوق في شمال منطقة كانتو.",0.91,0.91,0.92
"[Chunk 1]
النص: . كان المصريون القدماء يؤمنون بعدة آلهة أخرى بجانب الآلهة الرئيسية . والآلهة الرئيسية هي : فهذه كانت أسماء الإله الأعظم خالق الكون والحياة . فلقد كان قدماء المصريون ينظرون إليه على أنه إله واحد أزلي لم يكن قبله شيء وخالق الآلهة وكل شيء ونظم الدنيا ، إلا أن قدماء المصريين أشركوا به وشاركوا معه آلهة أخرى ، إلا أن الإله آتون ظل بأسمائه القديمة الإله الأكبر لهذه الآلهة . أناشيد آتون . ابتكر إخناتون فكرة جديدة وهي أناشيد للمعبود بدلا من الصلوات له ، وهذه أحد أناشيده : نشيد المشرق

[Chunk 2]
الأشخاص: عبادة امون
النص: آمون ، إله الشمس والريح والخصوبة ؛ أحد الآلهة الرئيسيين في الميثولوجيا المصرية القديمة ( ديانة قدماء المصريين ) ، ومعنى اسمه الخفي . من العسير معرفة كيف كان اسمه ينطق بالضبط لأن الكتابة المصرية القديمة الهيروغليفية كانت تستعمل الحروف الساكنة ( الصوامت ) ، فكان اسمه يكتب « أمن» ومن الممكن أنه كان ينطق « أمن» مع إمالة الكسر إلى الفتح . اللاهوت . إن عبادة آمون ( و أمنرع فيما بعد ) والديانة المرتبطة بهما من أعقد ثيولوجيات مصر القديمة

[Chunk 3]
الأشخاص: امون
النص: آتون هو الإله الذي أعلن عنه الملك إخناتون واعتبر إله الشمس الإله الموحد الذي لا شريك له ونور آتون يفيد جميع الأجناس ، يمثل آتون في شكل قرص الشمس ، بأشعتها التي تنتهي بأيد بشرية ، لتمنح الحياة والرخاء للأسرة الملكية ، وبعد وفاة إخناتون ، عاد آمون مرة أخرى ، لمكانته الأولى ، كأحد الأرباب المصرية . التوحيد عند قدماء المصريين . عرف المصريون القدماء التوحيد قبل دعوة التوحيد التي تبناها الملك إخناتون ولكن كان هناك دائما إله مسيطر على باقي الآلهة ، فدعوة التوحيد كانت قائمة منذ عصر تحتمس الرابع وفعلها أخناتون",ما هي الآلهة الرئيسية عند قدماء المصريين ؟,فهذه كانت أسماء الإله الأعظم خالق الكون والحياة . فلقد كان قدماء المصريون ينظرون إليه على أنه إله واحد أزلي لم يكن قبله شيء وخالق الآلهة وكل شيء ونظم الدنيا,"الآلهة الرئيسية عند قدماء المصريين هي الإله الأعظم خالق الكون والحياة، بالإضافة إلى آتون.",0.9,0.91,0.91
"[Chunk 1]
المنظمات: روما
الأماكن: اراضي، قلعة اسكوبية، مقدونيا الشمالية
التواريخ: 4000 قبل الميلاد
النص: إسكوبية ( ، هي عاصمة مقدونيا الشمالية وأكبر مدنها . فهي مركز الدولة السياسي والاقتصادي والأكاديمي . كانت تعرف قديما في عهد روما القديمة باسم « سكوبي ». استوطنت أراضي إسكوبية منذ 4000 قبل الميلاد على الأقل . وقد عثر على بقايا التجمعات السكانية في العصر الحجري الحديث في منطقة قلعة إسكوبية التي تشرف على مركز المدينة

[Chunk 2]
المنظمات: الجيش البلغاري، الدولة العثمانية، مملكة صربيا، مملكة يوغوسلافيا
الأماكن: البل، بلغاريا
التواريخ: عام 1392 م، عام 1912
النص: . في عام 1392 م ، فتح العثمانيون المدينة وبقت تحت سيطرة الدولة العثمانية والتي أسمت المدينة : « أسكوب » ، وظلت إسكوبية تحت الحكم العثماني ما يزيد عن 500 عام . في ذلك الوقت ، اشتهرت المدينة بهندستها المعمارية الشرقية . عام 1912 ، تم ضمها من قبل مملكة صربيا أثناء حروب البلقان ، وبعد الحرب العالمية الأولى ، أصبحت المدينة جزءا من مملكة يوغوسلافيا الحديثة . أما في الحرب العالمية الثانية احتل الجيش البلغاري المدينة وكانت بلغاريا من دول المحور

[Chunk 3]
المنظمات: جمهورية مقدونيا، ورية يوغوسلافيا الاشتراكية الاتحادية
الأماكن: شمال البلقان، نهر فاردار، وبية
التواريخ: 1963، عام 1944، عام 1963، عام 1991
النص: . عام 1944 ، أصبحت إسكوبية عاصمة جمهورية مقدونيا الاشتراكية والتي كانت دولة فيدرالية تابعة لجمهورية يوغوسلافيا الاشتراكية الاتحادية . تطورت المدينة بسرعة بعد الحرب العالمية الثانية ، لكن سرعان ما انقطع هذا الاتجاه عام 1963 عندما ضرب المدينة زلزال مدمر ( زلزال إسكوبية 1963 ). عام 1991 ، أصبحت إسكوبية عاصمة جمهورية مقدونيا المستقلة . تقع إسكوبية في المنطقة العليا من نهر فاردار ، على الطريق الرئيسي الذي يربط شمال البلقان بجنوبها بين بلغراد وأثينا",ما هي تاريخ إسكوبية ؟,استوطنت أراضي إسكوبية منذ 4000 قبل الميلاد على الأقل . وقد عثر على بقايا التجمعات السكانية في العصر الحجري الحديث في منطقة قلعة إسكوبية التي تشرف على مركز المدينة,"تاريخ إسكوبية يعود إلى 4000 قبل الميلاد، عندما استوطنت أراضي المدينة منذ الأزمنة القديمة.",0.91,0.93,0.93
"[Chunk 1]
الأشخاص: مارتين يوبانكي
المنظمات: منتخب بيرو لكرة القدم
الأماكن: بيرو
التواريخ: 20 اكتوبر 1962
النص: مارتين يوبانكي هو لاعب كرة قدم بيروفي في مركز حراسة المرمى ، ولد في 20 أكتوبر 1962 في ليما في بيرو . شارك مع منتخب بيرو لكرة القدم . أما مع النوادي ، فقد لعب مع نادي يونيفرسيتاريو .

[Chunk 2]
المنظمات: اف 91 دوديلانج، المنتخب المغربي
التواريخ: 2018 - 19، يناير 2009، يوليو 2010
النص: . في يناير 2009 ، انضم إلى نادي يوبين البلجيكي ، وفي يوليو 2010 وقع عقدا مع إف 91 دوديلانج الذي ينافس في دوري لوكسمبورغ الوطني . لعب مع النادي حتى نهاية موسم 2018 -19. مهنة دولية . تم استدعاءه للعب في صفوف المنتخب المغربي تحت 20 سنة ، ولعب ايضا في صفوف المنتخب تحت 23 سنة .

[Chunk 3]
الأشخاص: بوخارست
المنظمات: الكت، براي، ري كرا، وا بوخارست
التواريخ: 1986، 1996، عام 1991، عام 1992، عام 1995
النص: . في عام 1991 انضم إلى نادي برايتون الإنجليزي ، لكنه عاد إلى ستيوا في عام 1992 لمدة نصف موسم فقط قبل التوقيع مع رابيد بوخارست ، ثم إلكتروبوتيري كرايوفا في عام 1995. موسمه الأخير كلاعب كرة قدم محترف كان 1996–97 مع ريشيتا . لعب يوفان إجمالي 373 مباراة في دوري الدرجة الأولى الروماني وسجل 20 هدفا . كان بطل الدوري في ست مناسبات وفاز أيضا بكأس رومانيا ثلاث مرات ، جميعها مع ستيوا بوخارست . كان قائد فريق ستيوا عندما فازوا بكأس أوروبا 1986 وكأس السوبر الأوروبي",مع أي منتخب لكرة القدم لعب مارتين يوبانكي ؟,منتخب بيرو,لعب مارتين يوبانكي مع منتخب بيرو لكرة القدم.,0.91,0.93,0.92
"[Chunk 1]
الأشخاص: و اوركيكسوكوا، و دي اوركويهو اي ايبارا
المنظمات: البرلمان الاسباني، الكار
الأماكن: اسبانيا، الباس
التواريخ: 187، 190، 195
النص: خوليو دي أوركويهو إي إيبارا ، كونت أوركويهو ( 1871 – 1950 ) ، والذي اتخذ لنفسه في لغة الباسك اسم "" خوليو أوركيكسوكوا "" ، عالم لسانيات في الباسكية ، وناشط ثقافي ، وسياسي إسباني كارلي . وعمل نائبا برلمانيا عن الكارلية التقليدية ، إذ خدم مرتين في البرلمان الإسباني خلال الفترات 1903 – 1905 ، و 1931 – 1933 ، رغم أنه بلغ ذروة نشاطه السياسي في أواخر حقبة عودة البوربون إلى إسبانيا

[Chunk 2]
الأشخاص: بيو اوسبين اوركويهو اي ثاباليغوي، سيرا، ماريا ديل روزاريو دي ايبارا اي ارامباري، و ادولفو اوسبين اوركو، و غويكويشيا
المنظمات: البرلمان الاسباني، كلية الحقوق المحلية، مجلس البلدية، مجلس مدينة بلباو
الأماكن: كاية
التواريخ: 187، العام 1865
النص: . لسنوات عديدة شغل جد خوليو ، سيرابيو أوسبين أوركويهو إي ثاباليغوي ، شغل منصب سكرتير مجلس مدينة بلباو ؛ وكان والد خوليو ، نيكاسيو أدولفو أوسبين أوركويهو غويكويشيا ( 1839 – 1875 ) ، عميد كلية الحقوق المحلية ، ومسؤول مجلس البلدية ، وعمل لمدة قصيرة نائبا في البرلمان الإسباني . في العام 1865 تزوج والده من ماريا ديل روزاريو دي إيبارا إي أرامباري ( 1846 – 1875 ) ، وريثة الأسرة التي كانت جزءا من الأوليغاركية الصناعية الباسكية ؛ فقد هيمنت على 40 % من تعدين خام الحديد في مقاطعة بسكاية

[Chunk 3]
الأشخاص: اريو، و لامه، و ورو
المنظمات: المجلس الاقليمي لمقاطعة
الأماكن: كاية
التواريخ: العام 1869
النص: . وكان والدها وجد خوليو لأمه واحدا من الزعماء السياسيين المحليين . وشغل منصب رئيس المجلس الإقليمي لمقاطعة بسكاية . وشغل عددا من المناصب الرسمية الأخرى ، بالإضافة إلى رئاسته العديد من الهيئات والشركات التجارية . في العام 1869 انتقل أدولفو وروزاريو إلى ديوستو ، إحدى ضواحي بلباو في ذلك الوقت . استقرا في مسكن لا كافا ، الذي انتهى من بنائه قبل وقت قصير والد روزاريو . أنجب الزوجان 5 أطفال ، ابنتين و 3 أبناء",كم مرة خدم خوليو في البرلمان الإسباني ؟,"خدم مرتين في البرلمان الإسباني خلال الفترات 1903 – 1905 ، و 1931 – 1933 ،","خدم خوليو دي أوركويهو إي إيبارا مرتين في البرلمان الإسباني، خلال الفترات 1903-1905 و 1931-1933.",0.92,0.92,0.92
"[Chunk 1]
النص: النشاط الجنسي بين الناس هو نوع من الود الحسي الفطري ، يمارس لأسباب عديدة مثل الإنجاب ، الروحانية ، تعبير عن العشق أو الاستمتاع كي تشبع الشهوة ، الشهوة للجنس هو من أحد الدوافع الأساسية لسلوك الإنسان . لكل ثقافة أنواع عديدة من الأساليب كي يصل الشخص إلى الجنس . السلوك الجنسي للإنسان هو السلوك المستخدم لدى الإنسان حين ينشد عن خليل جنسي ، وحين يقبل بزيادة الخلائل ، وبناء علاقات ، تعبير عن العشق ، واللقاء الجنسي . الأنشطة الجنسية البشرية . مدى المفهوم

[Chunk 2]
النص: . الأنشطة الجنسية البشرية . مدى المفهوم . السلوك الجنسي تعبير شامل ، يتحدث عن السلوك المعروف عامة والسلوك غير المعروف كذلك ، ولذلك يشمل السلوك الجنسي كل من العلاقات الجنسية خارج الزواج أو العلاقات الزوجية وحتى الاغتصاب أو الاعتداء الجنسي . الجنس والحس . ليس هناك فارق واضح بين الاستمتاع الجنسي واللاجنسي للتحسس من جسم شخصا آخر . مثلا ، مسك الأيادي قد يكون له مفهوم جنسي وقد لايكون له ذلك ، حسب الثقافة والحالة . عادة ، الجنس يتعلق ب : علاقات جنسية

[Chunk 3]
النص: التوجه الجنسي هو نمط مستمر من الانجذاب الرومانسي أو الجنسي ( أو كليهما ) لأشخاص من الجنس الآخر أو من نفس الجنس أو لكلا الجنسين . تتضمن هذه الانجذابات بشكل عام المغايرة الجنسية والمثلية الجنسية وازدواجية الميول الجنسية ، في حين تعرف اللاجنسية ( انعدام الانجذاب الجنسي للآخرين ) أحيانا على أنها الفئة الرابعة . إن هذه الفئات هي جوانب لطبيعة أكثر دقة عن الهوية الجنسية ومصطلحاتها . على سبيل المثال ، قد يستخدم الناس تسميات أخرى مثل "" جامع جنسي "" أو "" متعدد جنسي "" ، أو قد لا يستخدموا أي تسميات على الإطلاق",ما هو النشاط الجنسي ؟,هو نوع من الود الحسي الفطري,"النشاط الجنسي بين الناس هو نوع من الود الحسي الفطري، يمارس لأسباب عديدة مثل الإنجاب، الروحانية، تعبير عن العشق أو الاستمتاع كي تشبع الشهوة.",0.9,0.93,0.91
"[Chunk 1]
الأشخاص: سمير غانم، عادل نصيف، وليام شكسبير
المنظمات: اضواء المسرح، السم، بجامعة الاسكندرية، بجامعة عين شمس
التواريخ: عام 1938
النص: عادل نصيف ممثل مصري من مواليد عام 1938 وهو أحد أعضاء فريق ثلاثي أضواء المسرح . قدم على مسرح الجامعة عددا من أشهر الأعمال التراجيدية ، ومنها « عطيل » و « ماكبث » للكاتب البريطاني وليام شكسبير . تقلد رئاسة فرقة « السمر » المسرحية بجامعة عين شمس ، وهي الفرقة التي كانت سببا في تعرفه على رفيق دربه الفنان سمير غانم ، الذي كان رئيسا لفرقة « سمر » المسرحية بجامعة الإسكندرية

[Chunk 2]
الأشخاص: اولاد غانم، جورج وسمر وعادل، سمير، عادل نصيف، فواد، ق عادل
المنظمات: بجامعة عين شمس، كلية الزراعة
النص: .. بقينا نظهر في التليفزيون كمان » فرد جورج على سمير رد غير متوقع : « طب إيه رأيك تظهر معايا في التلفزيون » فوافق سمير وبالفعل قدموا فقرة « سلامات حول العالم » ولاقت نجاحا كبيرا وطلب فؤاد المزيد . إتجه « جورج » إلى زميله في كلية الزراعة بجامعة عين شمس عادل نصيف وعرض عليه العمل معه ومع سمير فوافق عادل وبالفعل ظهر الثلاثي « جورج وسمر وعادل » وبدأ الفريق تحت اسم « أولاد غانم » وقدموا فقرة « الشحاتين حول العالم »

[Chunk 3]
الأشخاص: سمير غانم، عادل نصيف، عمرو الليثي، وحيد سيف
المنظمات: بكلية الزراعة
الأماكن: الاسكندرية، اهرة
النص: . ظهر الفنان سمير غانم على إحدى القنوات الفضائية في حوار مع الإعلامي عمرو الليثي وقال إن الثلاثي في البداية لم يكن « سمير والضيف وجورج » ، لكنه كان مكونا من الثلاثي « سمير غانم والفنان وحيد سيف والفنان عادل نصيف » ، وقال إن وحيد سيف ترك الفرقة لأنه لم يستطع السفر من الأسكندرية للقاهرة لعمل الحفلات بسبب دراسته وأيضا لأنه كان موظفا في نفس الوقت ، وأن الفنان عادل نصيف ترك الفرقة بسبب إكماله دراسته العليا ، حيث كان يدرس في تخصص علم الحشرات بكلية الزراعة وسفره لبلجيكا من أجل ذلك ، ثم هجرته للبرازيل فيما بعد ،",ما هو الفريق الذي كان عادل نصيف عضو فيه ؟,ثلاثي أضواء المسرح,"كان عادل نصيف عضواً في فرقة ""السم"" المسرحية بجامعة عين شمس، كما كان رئيساً لها. بالإضافة إلى ذلك، كان عادل نصيف عضواً في الفريق الثلاثي ""أولاد غانم"" الذي قدموا فقرة ""الشحاتين حول العالم"".",0.2,0.93,0.31
"[Chunk 1]
النص: زيت قرنفل ( Clove Oil ) هو زيت مطهر للجروح ومضاد للجراثيم ومخفف لآلام الأسنان ويفيد في العدوي التنفسية . الاستخدامات . تستعمل للربو والسعال الديكي ودوار الحركة والبحر والرعشة وآلام الروماتيزم . ويضاف للملينات ليقلل آلامها وتقلصاتها في البطن . أعراض جانبية لاستخدامه . توجد مادة الأوجينول في زيت القرنفل ، تتسبب بإتلاف الأنسجة وتسمم الكبد في حال تناولها بكميات كبيرة .

[Chunk 2]
الأماكن: حوض البحر الابيض المتوسط
النص: زيت الزيتون هو زيت ناتج من عصر أو ضغط ثمار الزيتون ، وهي شجرة تنمو في حوض البحر الأبيض المتوسط ؛ يستعمل زيت زيتون في الطبخ والصيدلة والطب ، وفي إشعال المواقيد الزيتية وفي الصابون . زيت الزيتون مستعمل بكثرة لكونه غذاء صحي غني بالدهون المفيدة والفيتامينات . وتعتبر 85 % من الدهون الموجودة فيه صديقة للقلب ، كما تساعد في التقليل من نسبة الكوليسترول في الدم . الأسواق . هناك أكثر من 750 مليون شجرة زيتون تزرع في جميع أنحاء العالم ، 95 ٪ منها في منطقة البحر الأبيض المتوسط

[Chunk 3]
الأماكن: بلاد الشرق
النص: . يحوي زيوتا عطرية وأصباغ تذوب في الماء . يمنع المغص وطارد للأرياح وينظم العادة الشهرية وبه مادة Curcumin الصبغة الصفراء ولها تأثير يفوق الكورتيزون في الأمراض الجلدية وهي مضادة للأكسدة وأشد من فيتامين E ويقلل . ويخفض ضغط الدم . ومن هذا المسحوق تحضر الخلطة المعروفة باسم الكاري ذات التاريخ الطويل في بلاد الشرق كأشهر التوابل حيث يعطيها الطعم الحاد والمر نسبيا والرائحة المميزة نتيجة وجود زيت الكركومين الطيار Curcumins oil ، والكركم يوجد منه عدة أنواع تنمو في أماكن مختلفة من العالم",ما هو زيت القرنفل ؟,هو زيت مطهر للجروح ومضاد للجراثيم,زيت قرنفل (Clove Oil) هو زيت مطهر للجروح ومضاد للجراثيم ومخفف لآلام الأسنان ويفيد في العدوي التنفسية.,0.9,0.91,0.92
"[Chunk 1]
الأشخاص: جاك والتون
الأماكن: المملكة المتحدة
التواريخ: 23 ابريل 1998
النص: جاك والتون هو لاعب كرة قدم بريطاني في مركز حراسة المرمى ، ولد في 23 أبريل 1998 في في المملكة المتحدة . لعب مع نادي بارنسلي .

[Chunk 2]
الأشخاص: ويلت
المنظمات: دي فلومينينسي، دي فيتوريا، دي كوريتيبا، دي ناوتيكو، ساو باولو
الأماكن: البرازيل، تا ريدوندا، و هوريزونتي
التواريخ: 13 اكتوبر 1947، 13 ديسمبر 2009
النص: ويلتون هو لاعب كرة قدم برازيلي في مركز الوسط ، ولد في 13 أكتوبر 1947 في بيلو هوريزونتي في البرازيل ، وتوفي في 13 ديسمبر 2009 في فولتا ريدوندا في البرازيل . لعب مع نادي ساو باولو ونادي فلومينينسي ونادي فيتوريا ونادي كوريتيبا ونادي ناوتيكو .

[Chunk 3]
الأشخاص: جون غاتنبي بولتون
المنظمات: ب باركس، صد اوينز فالي
الأماكن: استراليا، كاليفورنيا، ومركز درب التبانة
التواريخ: 5 يونيو 1922، 6 يوليو 1993
النص: جون غاتنبي بولتون ( 5 يونيو 1922 - 6 يوليو 1993 ) عالم فلك بريطاني أسترالي كان دوره أساسيا في تطوير علم الفلك الراديوي . كان دور بولتون محوريا في إثبات أن المصادر الراديوية المتقطعة هي إما مجرات أو بقايا مستعرات عظمى ، وليست نجوما . لعب أيضا دورا مهما في اكتشاف النجوم الزائفة ومركز درب التبانة . شغل بولتون منصب المدير الافتتاحي لتلسكوب باركس الراديوي في أستراليا وأنشأ مرصد أوينز فالي الراديوي في كاليفورنيا . شغل طلاب بولتون مناصب إدارية في معظم المراصد الراديوية في العالم وحاز أحدهم على جائزة نوبل",ما هي جنسية جاك والتون ؟,بريطاني,britani.,0.92,0.5,0.91
"[Chunk 1]
النص: الشفرة اللونية للمقاومات الكهربائية في الكهرباء هي حلقات ملونة تطلى بها المقاومات الكهربائية بغرض تعيين قدرها بالأوم . كما ابتكرت الصناعات الإلكترونية شفرات مشابهة تستخدم مع المكثفات و الملفات للتعريف بقيمها عند الاستخدام . في المقاومات تطلى عادة أربعة حلقات ملونة تعطي قدر المقاومة . وفي الاتصالات تستخدم 25 زوجا من الحلقات الملونة للتعريف بنوع الكبلات

[Chunk 2]
المنظمات: es allian، اتحاد الصناعات الالكترونية، رابطة صناعة الراديو
التواريخ: العشرين، يات من القرن الماضي
النص: . وقد ابتكرت فكرة وضع حلقات ملونة على المقاومات أثناء العشرينيات من القرن الماضي عن طريق رابطة صناعة الراديو وتسمى الآن « أتحاد الصناعات الإلكترونية » Electronic Industries Alliance ( EIA ), ونشر كتقرير رقم EIA-RS-279. والمستند القياسي العالمي المعترف به حاليا هو IEC 60062. واستخدمت الحلقات الملونة للتعريف بمقدار المقاومة لأن المقاومات كانت صغيرة الحجم وبغرض خفض مصاريف الإنتاج والبيع . المقاومات الحرارية

[Chunk 3]
النص: . والمكثفات المصنعة لها صفائح معدنية رقيقة موصلة للكهرباء توضع فوق بعضها وبينها طبقات العوازل أو تلف حول بعضها لتصغير حجم المواسع . يطلق على المكثف أيضا اسم مواسعة أو متسعة . وفي اللغة الإنجليزية يستخدم اسم « مواسعة ( Capacitaire )» في الوقت الحالي بشكل أكبر ، فيما كان يشار له بالاسم « مكثف ( Condenser )» في السابق . تعمل المتسعات تحت جهد كهربائي مختلف من بضع عشرات فولت كما في الدوائر الإلكترونية والكهربائية إلى آلاف الفولتات كما في شبكات القدرة الكهربائية . قوانين",ما هي الحلقات الملونة التي تستخدم مع المكثفات والملفات في الصناعات الإلكترونية ؟,في المقاومات تطلى عادة أربعة حلقات ملونة تعطي قدر المقاومة,"لا توجد حلقات ملونة تستخدم مع المكثفات والملفات في الصناعات الإلكترونية، فالحلقة الملونة هي شفرة لونية للمقاومات الكهربائية فقط.",0.91,0.91,0.8
"[Chunk 1]
التواريخ: القرن السادس عشر، نهاية القرن الثامن عشر
النص: . لاستعادة صورة هذا المجمع الديني ، من الضروري بالتالي الرجوع إلى أوصاف المؤرخين أو الجغرافيين أو علماء التاريخ الذين تمكنوا من زيارة الموقع إما في العصور القديمة ، عندما كان المعبد ، الذي كان عمره ألف عام ، لا يزال يعمل ، أو لاحقا للمسافرين العرب الذين ساروا عبر أنقاضه . تم إجراء المحاولات الأولى لتحديد الهوية وبدأت من القرن السادس عشر . في نهاية القرن الثامن عشر ، صدق علماء بونابرت على الموقع ومهدوا الطريق للاستكشافات الأولى

[Chunk 2]
الأشخاص: احمد ياسين، سى النشار، وابراهيم اليازوري، وصلاح شحادة، وعبد العزيز الرنتيسي، وعبد الفتاح دخان، ومحمد شمعة
المنظمات: حركة حماس
الأماكن: الساحة الفلسطينية، الشمال، خان يونس
التواريخ: 6 كانون الاول 1987 م
النص: . أعلن عن تأسيسها الشيخ أحمد ياسين بعد حادث الشاحنة الصهيونية في 6 كانون الأول 1987 م ، حيث اجتمع سبعة من كوادر وكبار قادة العمل الدعوي الإسلامي معظمهم من الدعاة العاملين في الساحة الفلسطينية وهم : أحمد ياسين ، وإبراهيم اليازوري ، ومحمد شمعة ( ممثلو مدينة غزة ) ، وعبد الفتاح دخان ( ممثل المنطقة الوسطى ) ، وعبد العزيز الرنتيسي ( ممثل خان يونس ) ، وعيسى النشار ( ممثل مدينة رفح ) ، وصلاح شحادة ( ممثل منطقة الشمال ) ، وكان هذا الاجتماع إيذانا بانطلاق حركة حماس وبداية الشرارة الأولى للعمل الجماهيري الإسلامي ضد

[Chunk 3]
النص: . التأسيس . من المستحيل أن نجزم بسنة محددة نؤرخ بها تأسيسها ، فنحن لا نعرف على وجه اليقين كم من القرون تفصل بين نوح والهجرة النبوية وما ذكره بعض المؤرخين روايات شفهية لا تستند إلى دليل مرجح . وكل ما يمكن أن نتوقعه هو أنه حدث في عهود سحيقة على أيدي أمم انقرضت ، فعبيل أو العماليق ، هي من الأمم البائدة ، وليس لدينا آثار تساعدنا على تحديد فترة زمنية معينة للتأسيس . ويضع بعضهم تاريخا تقريبيا يمتد إلى 1600 سنة قبل الهجرة النبوية اعتمادا على أن قبيلة عبيل كانت تتكلم العربية ، وأن اللغة العربية وجدت في ذلك التاريخ",متى تم تأسيس هذا المجمع الديني ؟,عام 1869,"لا يمكن تحديد سنة محددة نؤرخ بها تأسيس هذا المجمع الديني، فمن المستحيل أن نجزم بسنة محددة نؤرخ بها تأسيسها، فنحن لا نعرف على وجه اليقين كم من القرون تفصل بين نوح والهجرة النبوية وما ذكره بعض المؤرخين روايات شفهية لا تستند إلى دليل مرجح.",0.31,0.2,0.11
"[Chunk 1]
الأشخاص: تو نو يوريتومو، مينا
المنظمات: الحكومة العسكرية، اليابان، شوغونات
الأماكن: a - shi، اليابان، بالي، جزيرة، كانا
التواريخ: 119، 2008، عام 1180 م
النص: كاماكورا ( باليابانية : = Kamakura-shi ) هي مدينة في اليابان ، في وسط جزيرة « هونشو ». تتبع إدرايا « محافظة كاناغاوا ». يبلغ عدد سكانها حوالي 173 , 575 نسمة ( 2008 ). التاريخ . للمدينة تاريخ عريق ، فقد كانت عاصمة لأول شوغونات البلاد ( الحكومة العسكرية ) ، أسسها القائد « ميناموتو نو يوريتومو » واتخذها مقرا مؤقتا لحكومته عام 1180 م ، عندما اشتد الصراع ( على حكم اليابان ) بين عشيرته « ميناموتو » وعشيرة « تائيرا ». بعد انتصاره وتقلده منصب ال « شوغون » سنة 1192 م ، أصبحت المدينة مقره الدائم

[Chunk 2]
الأشخاص: الشو
المنظمات: التاييرا
الأماكن: دان نو اورا، را جداي
التواريخ: 118
النص: فترة كاماكورا ( باليابانية : ، تلفظ "" كاماكورا جداي "") امتدت ما بين ( 1185 -1333 م .) من فترات التاريخ الياباني . عرفت هذه الفترة ولأول مرة نظام حكم جديد ، أصبح الشوغون الحاكم الأول في البلاد فيما انحسر دور الإمبراطور أكثر . تعتبر الهزيمة التي منيت بها عشيرة التائيرا في معركة دان نو أورا ( 1185 م ) الحدث الفاصل بين فترة هييآن التي انقضت وفترة كاماكورا التي تلتها . انتهت مع الفترة السابقة الفترات التاريخية القديمة للبلاد ، وبدأت مرحلة العصور الوسطى . فترة وصاية شوغون وهوجو على العرش

[Chunk 3]
الأشخاص: - تايي - شوغون، يوريتو
الأماكن: بلاط ال، تو نو، شوغونات، مينا
التواريخ: العام 1192 م
النص: . ابتداء من هذا العهد صار المؤرخون يسمون الفترات التاريخية باسم المكان الذي يحتضن بلاط ال « شوغونات » - و ليس الأباطرة كما جرت العادة - ، فالسلطة الفعلية للبلاد أصبحت في أيدي هؤلاء ، وعلى هذا سميت هذه الفترة باسم كاماكورا () وهي المدينة التي احتضنت البلاط الثاني . في العام 1192 م . خلع الإمبراطور على « ميناموتو نو يوريتومو » () لقب « سيئي - تائي - شوغون » () أو « قائد الذين يحاربون البرابرة » ، اختصر اللقب فيما بعد إلى « شوغون » ( و في بعض الترجمات العربية « شوجون »)",ما هو المنصب الذي تولاه مؤسس كاماكورا ؟,منصب ال « شوغون »,قائد الذين يحاربون البرابرة (سيئي-تائي-شوغون) ثم اختصار إلى شوغون.,0.92,0.93,0.8
"[Chunk 1]
الأماكن: ' odham، k doag، الشمال الشرقي، الشمال الغربي، ة واسون، جبال تورتوليتا، جبال توكسون، جبال روسكروغ، جبال رينكون، جبال سانتا ريتا، جبال سانتا كاتالينا، جبال سيريتا، جبال سيلفر بيل، غرب توكسون، نهر سانتا كروز، وادي افرا، وض توكسون
النص: جبال توكسون ( O'odham : Cuk Doag ) هي سلسلة جبلية صغيرة تقع غرب توكسون ، أريزونا . تعد جبال توكسون ، بما في ذلك قنة واسون ، وهي واحدة من أربع سلاسل جبلية بارزة تحيط بحوض توكسون . تقع جبال سانتا كاتالينا في الشمال الشرقي ، وتقع جبال رينكون إلى الشرق من توكسون ، وتقع جبال سانتا ريتا في الجنوب . بالإضافة إلى جبال سيريتا التي تقع جنوبا ، وتقع جبال روسكروغ في الغرب عبر وادي أفرا ، وتقع جبال سيلفر بيل في الشمال الغربي ، وتقع جبال تورتوليتا في الشمال عبر نهر سانتا كروز .

[Chunk 2]
الأماكن: w doag، ال تورتوليتا، ال توكسون، ال سانتا ريتا، الشمال الغربي، الولايات المتحدة، جبال رينكون، جبال سانتا كاتالينا، دي توكسون، ر ريدنجتون
النص: جبال رينكون ( بالأودهمية : Cew Doag ) هي سلسلة جبلية مهمة تقع شرق توكسون ، مقاطعة بيما ، أريزونا ، في الولايات المتحدة . جبال رينكون هي واحدة من خمس سلاسل جبلية تحيط بوادي توكسون . تشمل السلاسل الأخرى الأبرز في المنطقة ، جبال سانتا كاتالينا في الشمال ، وجبال سانتا ريتا من الجنوب ، وجبال توكسون في الغرب ، وجبال تورتوليتا في الشمال الغربي . يفصل ممر ريدنجتون بين جبال رينكون وجبال سانتا كاتالينا . تعتبر جبال رينكون عموما أقل وعورة من جبال سانتا كاتالينا وجبال سانتا ريتا

[Chunk 3]
الأماكن: to :، wa kuswo doag، الشمال الغربي والجنوب الشرقي، جبال باتاغونيا، جبال سانتا ريتا، جبل رايتسون، جنوب شرق توك، وادي ماديرا كانيون
النص: جبال سانتا ريتا ( بالأودهمية : To : wa Kuswo Doag )، تقع على بعد حوالي 65 كم ( 40 ميل ) جنوب شرق توكسون ، أريزونا ، وتمتد 42 كم ( 26 ميل ) من الشمال إلى الجنوب ، ثم تتجه إلى الجنوب الشرقي . تندمج مرة أخرى باتجاه الجنوب الشرقي في جبال باتاغونيا ، وتتجه نحو الشمال الغربي والجنوب الشرقي . أعلى نقطة في السلسلة وفي منطقة توكسون ، هو جبل رايتسون ، بارتفاع 9453 قدما ( 2881 مترا ) ، وتحتوي السلسلة على وادي ماديرا كانيون ، أحد مناطق الطيور الرئيسية في العالم",أين تقع جبال سانتا كاتالينا بالنسبة لجبال توكسون ؟,الشمال الشرقي,تقع جبال سانتا كاتالينا في الشمال الشرقي بالنسبة لجبال توكسون.,0.92,0.93,0.92
"[Chunk 1]
الأشخاص: سا كاتشو، سى براهيمي، ش حسان دادي
المنظمات: ثيقيار
الأماكن: الجزاير، ام البواقي
التواريخ: بداية التسعينيات
النص: فرقة ثيقيار ومعنها باللغة العربية الجذور من أشهر الفرق الموسيقية المؤدية لطابع الروك في الجزائر نالت شهرة كبيرة في بداية التسعينيات بفضل الاستعانة بالتراث الشاوي من ملاحم وموسيقى تقليدية لكنهم إستطاعوا مزجها بالموسيقى العصرية خاصة الروك الذي كان مكتسحا لسوق الموسيقى العالمية بأجمعه وكانت الفرقة تنشط في مدينة أم البواقي وإستطاعت أن تكون خير سفير للمدينة والتراث الشاوي . إذ ألهمت العديد من فنانين الأغنية الشاوية مثل ماسينيسا كاتشو وعيسى براهيمي وعميروش حسان دادي

[Chunk 2]
المنظمات: صابرين
النص: . انتهجت فرقة صابرين اتجاها ثالثا يمثل خليطا من كلا الاتجاهين ، فيمزج بين عناصر الموسيقى العربية والموسيقى الشرقية التقليدية فاستخدمت في موسيقاها آلات شرقية كالعود والكوال والبزق والقانون إلى جانب بعض الآلات الغربية مثل الجيتار والكمان والتشيلو والكمان الأجهر ، مع بعض التأثر بأنواع أخرى من الموسيقى العالمية بدءا من الموسيقى الهندية والموسيقى الأفريقية وحتى موسيقى الجاز والبلوز الأمريكية

[Chunk 3]
الأشخاص: حسن والحسين، زة ابن عبد الله، عبد القادر ابن حسن، وابراهيم العاتي، وعبدالله
النص: . بدأت الفرقة تحت إسم "" الأحباب "" ثم "" امرجان "" ليستقر الإسم على في الأخير على "" آيت العاتي "" ، الذي إختارته المجموعة كإسم لتبنيه للفرقة إجلالا للإسم العائلي للأعضاء فهم إخوة في الأصل : حسن والحسين وعبدالله وإبراهيم العاتي ، وإلتحق بهم كل من عبد القادر ابن حسن وحمزة ابن عبد الله في الوقت الحاضر . تتميز موسيقى المجموعة بالايقاع السريع والعزف الموسيقي المتميز الذي يعتمد على الخفة والسرعة والإتقان والإنسجام بين الآلات الموسيقية الوترية كالبانجو والقيثارة ، والآلات التقليدية كالطام طام والبندير والناقوس",كيف استطاعت فرقة ثيقيار مزج التراث الشاوي بالموسيقى العصرية ؟,مزجها بالموسيقى العصرية خاصة الروك الذي كان مكتسحا لسوق الموسيقى العالمية بأجمعه,استطاعت فرقة ثيقيار مزج التراث الشاوي بالموسيقى العصرية بفضل الاستعانة بالتراث الشاوي من ملاحم وموسيقى تقليدية لكنهم إستطاعوا مزجها بالموسيقى العصرية خاصة الروك الذي كان مكتسحا لسوق الموسيقى العالمية بأجمعه.,0.9,0.92,0.93
"[Chunk 1]
الأشخاص: احمد سيد غريب، سو موسيماني
المنظمات: الاتحاد، الاسماعيلي، بالنادي الاهلي
التواريخ: 23 فبراير 2002، 7 اغسطس 2022
النص: أحمد سيد غريب ( مواليد 23 فبراير 2002 ) هو لاعب كرة قدم مصري يلعب في مركز المهاجم في النادي الأهلي . مشواره . بدأ أحمد سيد مشواره في قطاع الناشئين بالنادي الأهلي إلى أن قرر المدير الفني وقتها بيتسو موسيماني تصعيده للفريق الأول ، شارك مع الفريق في بطولة كأس الرابطة المصرية وأستطاع إحراز هدف التعادل في الدقيقة الأخيرة أمام نادي الإسماعيلي في مباراة أنتهت بنتيجة 1 -1 ، وفي 7 أغسطس 2022 شارك مع النادي الأهلي لأول مرة كأساسي في مباراة بالدوري المصري وأستطاع تسجيل هدفين في مرمى نادي الاتحاد .

[Chunk 2]
الأشخاص: اسماعيل
المنظمات: اكو الزامبي، الرجاء، الزمالك، لاندو بيراتس
التواريخ: 20 مايو 2022، 2018، 2019
النص: . شارك في كأس الكونفيدرالية الإفريقية ، حيث وصل النادي إلى نهائي موسم 2018 -2019 ، ولكن خسر بركلات الترجيح أمام نادي الزمالك ، لعب إسماعيل 16 مباراة فيها ؛ وفي الموسم التالي ، فاز بالبطولة مع النادي على حساب بيراميدز المصري في المباراة النهائية بنتيجة ( 1 -0 ). وشارك في 14 مباراة ، مع تمريرتين مساعدتين ضد فريق زاناكو الزامبي . وفي 20 مايو 2022 ، فاز بكأس الاتحاد للمرة الثانية بفوزه على نادي أورلاندو بيراتس بركلات الترجيح ( التعادل 1 -1 ). الرجاء الرياضي

[Chunk 3]
الأشخاص: اسماعيل المبارك، جعفر الصادق، موسى الكاظم
المنظمات: الاث، الاسماعيلية
الأماكن: الاسماعيلية
النص: الإسماعيلية إحدى فرق الشيعة وثاني أكبرها بعد الاثنى عشرية ، وهي من الفرق الباطنية . يشترك الإسماعيلية مع الاثنا عشرية في مفهوم الإمامة ، إلا أن الانشقاق وقع بينهم وبين باقي الشيعة بعد موت الإمام السادس جعفر الصادق ، إذ رأى فريق من جمهور الشيعة أن الإمامة في ابنه الأكبر الذي أوصى له إسماعيل المبارك ، بينما رأى فريق آخر أن الإمام هو أخوه موسى الكاظم لثبوت موت إسماعيل في حياة أبيه وشهادة الناس ذلك",ما هو نتيجة مباراة الإسماعيلي التي شارك فيها أحمد سيد غريب ؟,"نتيجة 1 -1 ،",انتهت المباراة بنتيجة 1-1.,0.92,0.91,0.92
"[Chunk 1]
الأشخاص: جبريل، عيسى، مريم
النص: . البشارة . كانت مريم داخل المعبد عندما زارها ملك جبريل والذي أحضر إليها بشرى سارة بولادة ابن مقدس . ذكر القرآن أن الله أرسل البشرى عبر جبريل إلى مريم ، أن الله كرمها من بين جميع نساء العالم . أخبر جبريل أيضا مريم أنها ستلد ابنا مقدسا ، يسمى عيسى ، وأنه سيكون نبيا ، وأن الله سينزل عليه الإنجيل . وأخبرها أن عيسى سيتكلم وهو طفل وسيتكلم وهو كهل ، وسيكون من الصالحين . عندما سمعت مريم هذه الأخبار ، سألت جبريل عن كيفية حملها وولادتها وهي لم يمسسها رجل ولم تكن فاسدة

[Chunk 2]
الأشخاص: عيسى بن مريم، مريم بنت عمران
النص: مريم بنت عمران هي مريم « العذراء » « الصديقة » أم المسيح عيسى بن مريم ، جاء ذكرها في القرآن في عدة مواضع حتى أن هناك سورة باسمها ، ذكرت كذلك في السنة النبوية مما روي من أحاديث النبي محمد . شهد الله لها بالعفة وطهرها واصطفاها على نساء العالمين ، واصطفاها لمعجزة إلهية تمثلت بحملها بعيسى وولادته من غير أب . روي في كمالها عن النبي محمد أنه قال : ( رواه البخاري ومسلم ). ولادتها

[Chunk 3]
الأشخاص: اييل، سف النجار، مريم العذراء، يسوع الناصري
النص: مريم العذراء أو القديسة مريم العذراء ( بالعبرية : وبالسريانية : وباليونانية ) شخصية مميزة ورد ذكرها في العهد الجديد والقرآن . هي أم يسوع الناصري ، الذي ولدته ، حسب المعتقدات المسيحية والإسلامية ، ولادة عذرية دون تدخل رجل . وفق المعتقدات المسيحية فإن مريم كانت مخطوبة ليوسف النجار ، عندما بشرها الملاك جبرائيل بحملها بيسوع وظلت بقربه حتى الصلب",ما هو الحديث الذي ذكر فيه النبي غيسي بن مريم ؟,"وفي صحيح البخاري عن أبي هريرة قال : قال رسول الله صلى الله عليه وسلم : ( لا تقوم الساعة حتى ينزل فيكم ابن مريم حكما مقسطا ، فيكسر الصليب ، ويقتل الخنزير ، ويضع الجزية ، ويفيض المال حتى لا يقبله أحد ).","لم يذكر النبي عيسى بن مريم في أي حديث، فلا توجد إشارة إليه في السياق الم 제공.",0.91,0.77,0.31
"[Chunk 1]
الأشخاص: با باي موتيني، كريس هاوسر، ن ماس
المنظمات: بيونيرز، مركز
الأماكن: الولايات المتحدة، بيير
التواريخ: 9 مارس 1973
النص: كريس هاوسر هو لاعب كرة قدم أمريكي في مركز الدفاع ، ولد في 9 مارس 1973 في بيير في الولايات المتحدة . لعب مع تامبا باي موتيني ووسترن ماس بيونيرز .

[Chunk 2]
الأشخاص: كريس هاني
المنظمات: الحزب الشيوعي الجنوب افريقي، تنظيم رمح الامة، لحزب الموتمر الوطني الافريقي، لحكومة الابارتايد
التواريخ: 10 ابريل 1993، 28 يونيو 1942
النص: كريس هاني ( 28 يونيو 1942 - 10 أبريل 1993 ) كان سياسي وزعيم الحزب الشيوعي الجنوب أفريقي ورئيس أركان تنظيم رمح الأمة الجناح العسكري لحزب المؤتمر الوطني الأفريقي وكان معارض شرس لحكومة الأبارتايد حتى أغتيل على يد مهاجر بولندي في 10 أبريل 1993.

[Chunk 3]
الأشخاص: كريس هولينز
المنظمات: الدر، ت تاون
الأماكن: المملكة المتحدة
التواريخ: 20 مارس 1971
النص: كريس هولينز هو لاعب كرة قدم ولاعب كريكت بريطاني في مركز الوسط ، ولد في 20 مارس 1971 في في المملكة المتحدة . لعب مع نادي ألدرشوت تاون .",من هو كريس هاوسر ؟,لاعب كرة,"كريس هاوسر لاعب كرة قدم أمريكي في مركز الدفاع، ولد في 9 مارس 1973 في بيير في الولايات المتحدة.",0.91,0.91,0.93
"[Chunk 1]
الأشخاص: ا سوكو
الأماكن: اليابان
التواريخ: 160، 1685، 186
النص: بوشيدو ( باليابانية : = طريق المحارب ) هي مجموعة من القوانين الأخلاقية التي كان يتبعها المحاربون ( بوشي ) في اليابان أثناء العصور الوسطى ، تم تدوينها أثناء فترة إيدو ( 1603 -1867 م ) ، تأثرت هذه التعاليم بمذهب زن البوذي والعقيدة الكونفشيوسية . تدوين التعاليم . كان « ياماغا سوكو » ع ( 1622 -1685 م ) أول من تعرض لمبادئ ال « بوشيدو » وفسرها في مجموعة رسائله

[Chunk 2]
الأشخاص: شيوس
الأماكن: الصين، اليابان، بالص، شرق اسيا، كوريا، ينية
النص: الكونفوشية ( بالصينية :): هي مجموعة من المعتقدات والمبادئ في الفلسفة الصينية ، طورت عن طريق تعاليم كونفيشيوس () وأتباعه ، تتمحور في مجملها حول الأخلاق والآداب ، طريقة إدارة الحكم والعلاقات الاجتماعية . أثرت الكونفشيوسية في منهج حياة الصينيين ، حددت لهم أنماط الحياة وسلم القيم الاجتماعية ، كما وفرت المبادئ الأساسية التي قامت عليها النظريات والمؤسسات السياسية في الصين . انطلاقا من الصين ، انتشرت هذه المدرسة إلى كوريا ، ثم إلى اليابان وفيتنام ، أصبحت ركيزة ثابتة في ثقافة شعوب شرق آسيا

[Chunk 3]
الأشخاص: البو
النص: . تركز تعاليم البوشيدو على تنمية الروح المعنوية القتالية للمحارب ، وكذا الحالة البدنية والمهارات القتالية ، تحفز هذه التعاليم المحاربين على إبداء الشجاعة أمام الخصم ، والتحلي بالإخلاص ، الأمانة وروح التضحية ، هذا في الجانب الحربي ، إلا أنها تناولت حياتهم اليومية أيضا من خلال حثهم على التحلي بالأدب ، التواضع تجاه الآخرين ، البساطة ، السخاء والزهد والتقشف وغير ذلك من الخصال الحميدة",ما هو تأثير التعاليم الكونفشيوسية على البوشيدو وما القيم التي يشتركان فيها ؟,"على طاعة الوالدين ، كما اعتبر أن أقصى درجات الشرف هي أن يخدم المحارب سيده بإخلاص حتى مماته . غير أنه يتوجب على الساموراي الالتزام المطلق بطاعة سيده ، ولو على حساب الضرر الذي يمكن أن يلحق بوالديه وأهله .","تأثر التعاليم الكونفشيوسية بمذهب زن البوذي والعقيدة الكونفشيوسية، مما أدى إلى تناولها حياة المحاربين في اليابان أثناء العصور الوسطى، وتشتركان فيها القيم مثل الأخلاق والآداب والتواضع تجاه الآخرين والبساطة والسخاء والزهد والتقشف وغير ذلك من الخصال الحميدة.",0.9,0.92,0.93
"[Chunk 1]
الأشخاص: اليكس راناريفيلو، زو جرايسي، سون باربوزا، كي غال، ن باتريك فلانيري وراناريفيلو، ي كيلي، يس كويد، ينا بودين
الأماكن: امريكا
التواريخ: 22 يناير 2021، لعام 2021
النص: ولد بطل ( بالإنجليزية : Born a Champion ) دراما لفنون الدفاع عن النفس الأمريكية لعام 2021 من إخراج أليكس راناريفيلو وكتبه شون باتريك فلانيري وراناريفيلو . ومن النجوم فلانيري ودينيس كويد وكاترينا بودين . يضم الفيلم أيضا مقاتل فنون القتال المختلطة إدسون باربوزا ، مع ظهور رينزو جرايسي وميكي غال . يروي الفيلم قصة ميكي كيلي ، أحد أوائل من حاز الحزام الأسود في أمريكا ، في بطولة ( MMA ) الغير مصرح بها . صدر الفيلم في 22 يناير 2021. طاقم التمثيل

[Chunk 2]
الأشخاص: اليكس راناريفيلو، ن باتريك فلانيري، يس كويد، ينا بودين
المنظمات: افلام فورست
الأماكن: بيتا، كاليفورنيا
التواريخ: اغسطس من نفس العام، صيف 2019، يوليو 2019
النص: . إنتاج الفيلم . أعلنت شركة « أفلام فورست » عزمها على تصوير فيلم « ولد بطل » ثم أعيد الإعلان عن تصويره ولكن تحت عنوان « ميكي كيلي » في يوليو 2019. كما تم الإعلان عن أن الإخراج تم إسناده للمخرج أليكس راناريفيلو ، والممثلين شون باتريك فلانيري وكاترينا بودين ودينيس كويد ( الشخصيات المركزية في الفيلم ). عمل فلانيري أيضا كأحد منتجي الفيلم وشارك في كتابة السيناريو جنبا إلى جنب مع المخرج راناريفيلو . تم التصوير في بيتالوما ، كاليفورنيا خلال صيف 2019 وانتهى في أغسطس من نفس العام

[Chunk 3]
المنظمات: معهد الفيلم البريطاني
الأماكن: لندن
التواريخ: 13 نوفمبر 1945، 25 نوفمبر، عام 1999
النص: . عرض الفيلم لأول مرة في لندن في 13 نوفمبر 1945 ، وتم إصداره لدور العرض في 25 نوفمبر ، وأثار موجة نقدية واسعة النطاق . حصل الفيلم على ثلاثة ترشيحات في حفل توزيع جوائز الأوسكار التاسع عشر ، لأفضل مخرج ، وأفضل ممثلة ، وأفضل سيناريو مقتبس . يتم الاستشهاد بالفيلم على نطاق واسع من نقاد السينما والمؤرخين والعلماء باعتباره أحد أعظم الأفلام في كل العصور . صنفه معهد الفيلم البريطاني في عام 1999 ، على أنه ثاني أعظم فيلم بريطاني في كل العصور",متي صدر فيلم ولد بطل ؟,22 يناير 2021,22 يناير 2021.,0.92,0.93,0.92
"[Chunk 1]
الأشخاص: احمد بن طولون
المنظمات: الدولة العباسية
الأماكن: الديار، الشام، بني طولون
النص: الدولة الطولونية أو الإمارة الطولونية أو دولة بني طولون ، وتعرف اختصارا وفي الخطاب الشعبي باسم الطولونيون ، هي إمارة إسلامية أسسها أحمد بن طولون التغزغزي التركي في مصر ، وتمددت لاحقا باتجاه الشام ، لتكون بذلك أول دويلة تنفصل سياسيا عن الدولة العباسية وتتفرد سلالتها بحكم الديار المصرية والشامية

[Chunk 2]
المنظمات: الحرس التركي، الدولة العباسية
النص: . قامت الدولة الطولونية خلال زمن تعاظم قوة الترك في الدولة العباسية وسيطرة الحرس التركي على مقاليد الأمور ، وهو ذاته العصر الذي كان يشهد نموا في النزعة الشعوبية وتغلب نزعة الانفصال على شعوب وولاة الدولة مترامية الأطراف ، فكان قيام الدولة الطولونية إحدى النتائج الحتمية لتنامي هذا الفكر

[Chunk 3]
الأشخاص: احمد بن طولون
المنظمات: الدولة، شيدية
الأماكن: الشام
النص: . وحتى يحقق أحمد بن طولون رغبته بالاستقلال في حكم مصر ؛ رأى أن يدعم سلطته بجيش مملوكي من الترك من بني جنسه بالإضافة إلى العنصر الديلمي ، وقد بلغ تعداد هذا الجيش ما يزيد عن أربعة وعشرين ألف غلام تركي . ومنذ ذلك الوقت ، أضحى جند مصر وولاتها من المماليك الترك ، ولما توسعت حدود الدولة الطولونية لتشمل الشام ، أضحى حال جند الشام كحال جند مصر . وقد نهجت الدولة الإخشيدية ، التي خلفت الدولة الطولونية في حكم مصر ، نهج هذه الدولة الأخيرة في الاعتماد على المماليك",كيف كانت توسعت الدولة الطولونية ؟,"وتمددت لاحقا باتجاه الشام ، لتكون بذلك أول دويلة تنفصل سياسيا عن الدولة العباسية وتتفرد سلالتها بحكم الديار المصرية والشامية","توسعت الدولة الطولونية باتجاه الشام، لتكون بذلك أول دويلة تنفصل سياسيا عن الدولة العباسية وتتفرد سلالتها بحكم الديار المصرية والشامية.",0.91,0.93,0.93
"[Chunk 1]
الأشخاص: ون سيانكا
المنظمات: تي الفيزياء والرياضيات، كلية الفيزياء والرياضيات، لجامعة ولاية بيلاروسيا
التواريخ: عام 1957، عام 1958
النص: . في عام 1957 ، تم تعيين عالم التحليل الطيفي البارز أنطون سيانكا عميدا لجامعة ولاية بيلاروسيا . قاد الجامعة لمدة 15 عاما وأشرف على توسعها الكبير . في عام 1958 ، تم تقسيم كلية الفيزياء والرياضيات إلى قسمين ، كليتي الفيزياء والرياضيات .

[Chunk 2]
الأشخاص: فلاديمير لينين
المنظمات: بيلوروسيا الاشتراكية السوفياتية
الأماكن: الحرم الجامعي
التواريخ: اوايل الخمسينيات من القرن الماضي، عام 1949، عام 1957، عام 1975
النص: . تم افتتاح نصب تذكاري للطلاب وأعضاء هيئة التدريس والموظفين الذين ماتوا في الحرب العالمية الثانية في الحرم الجامعي في عام 1975. في عام 1949 ، تم تسمية الجامعة على اسم فلاديمير لينين للاحتفال بالذكرى الثلاثين لجمهورية بيلوروسيا الاشتراكية السوفياتية . تم ترميم مرافق أبحاث ما قبل الحرب في الغالب بحلول أوائل الخمسينيات من القرن الماضي . بحلول عام 1957 ، كانت الجامعة تتكون من سبع كليات . بلغ عدد أعضاء هيئة التدريس 29 أستاذا و 160 أستاذا مساعدا و 150 مدرسا

[Chunk 3]
المنظمات: الجيش البولندي، ورية بيلاروسيا الاشتراكية السوفياتية
الأماكن: بيلاروسيا
التواريخ: 25 فبراير 1919، 30 اكتوبر 1921
النص: جامعة ولاية بيلاروسيا ؛ هي جامعة في مينسك ، بيلاروسيا . تأسست في 30 أكتوبر 1921. تاريخ . في 25 فبراير 1919 ، قررت اللجنة التنفيذية المركزية لجمهورية بيلاروسيا الاشتراكية السوفياتية إنشاء أول جامعة وطنية في بيلاروسيا . ومع ذلك ، أدى احتلال الجيش البولندي لمينسك إلى تأخير هذه الخطط ، وافتتحت الجامعة فعليا في 30 أكتوبر 1921. في البداية ، كانت الجامعة تتألف من ثلاث كليات ( عمال ، وطب ، وعلوم إنسانية ) التحق بها ما مجموعه 1 ، 390 طالبا",من كان عميدا لجامعة ولاية بيلاروسيا في عام 1957 ؟,عالم التحليل الطيفي البارز أنطون سيانكا,أنطون سيانكا.,0.92,0.92,0.92
"[Chunk 1]
الأشخاص: ابو العتاهية
النص: . سبب تسميته . أبو العتاهية كنية غلبت عليه لما عرف به في شبابه من مجون ، وقيل أطلقها عليه الخليفة المهدي بقوله : « أراك متخلطا متعتها » ، وقيل بل كان له ولد اسمه « عتاهية » وأنكر بعضهم ذلك ، وقيل لحبه المجون والخلاغة في أوائل حياته ، ثم كف عن ذلك ومال إلى التنسك والزهد ، وانصرف عن ملذات الدنيا والحياة ، وشغل بخواطر الموت ، ودعا الناس إلى التزود من دار الفناء إلى دار البقاء . اتصاله بالخلفاء

[Chunk 2]
الأشخاص: ابو العتاهية، لابن المعتز
النص: . رمي أبو العتاهية كغيره من الشعراء والأدباء بتهمة الزندقة والمانوية ، مع ما بينهم من التفاوت في ثبوتها واعترافهم بها ، إلا أن أبو العتاهية يختلف كثيرا عن غيره ، فقد سخر شعره لرد تلك التهم ونفيها عن نفسه ، وهذه التهم وإن كانت قليلة في المصادر المتقدمة ، كما في الأغاني للأصفهاني ، وطبقات الشعراء لابن المعتز ، إلا أن بعض كتاب التاريخ في العصر الحديث أشاعوا تلك التهم وحاولوا اثباتها وصرفها عن سياقها وواقعها التاريخي دون أن يوردوا نفيه لها من خلال شعره ، وأنها في الحقيقة كانت تعبر عن فترة متقدمة يسيرة من حياته الحقيقة كانت تعبر عن فترة متقدمة يسيرة من حياته قبل أن يتحول عنها

[Chunk 3]
الأشخاص: ابراهيم الموصلي، ابو العتاهية، عتبة
الأماكن: الكوفة، بغداد
النص: . اتصاله بالخلفاء . كان أبو العتاهية في بدء أمره يبيع الجرار ، ثم قدم من الكوفة إلى بغداد مع إبراهيم الموصلي ، ثم افترقا ونزل الحيرة ، ولم يكن الخليفة المهدي قد سمع بذكره حتى قدم بغداد ، فاستدعاه إلى قصره ، واستمع إلى شعره فأعجب به ونال رضاه ، وعلت مكانته عنده ، واتفق أن عرف ( عتبة ) جارية الخليفة المهدي",من هو أبو العتاهية ؟,كان أبو العتاهية في بدء أمره يبيع الجرار,أبو العتاهية كنية غلبت عليه لما عرف به في شبابه من مجون.,0.4,0.93,0.5
"[Chunk 1]
الأشخاص: الجز، س الافسي
التواريخ: القرن الثاني الميلادي
النص: أونيروكريتيكا أو تعبير الرؤيا و هي أطروحة يونانية قديمة حول تعبير الرؤيا كتبها أرطميدورس الإفسي في القرن الثاني الميلادي ، وهي أول عمل يوناني موجود حول هذا الموضوع ، يتألف من خمسة كتب . وكانت الأجزاء الثلاثة الأولى مخصصة للجمهور العام ، حيث تتضمن معالجة شاملة لموضوع الأحلام ، بينما كتب الجزآن الأخيران للاستخدام الخاص لابن الكاتب ، وهو مبتدئ في تفسير الأحلام . وقد نقش أرطميدورس اسمه على الكتاب "" أرطميدورس الإفسي من دالديس "" ، على الرغم من أنه ولد في إفسس ، ليحتفل بمكان ولادة والدته في ليديا والذي كان مجهولا

[Chunk 2]
الأشخاص: ميشيل فوكو
التواريخ: 1976، 1984
النص: . يقترح أرطميدورس أن الأحلام فريدة لكل فرد ، وأن حياة الشخص اليقظة ستؤثر على الرموز في أحلامه . ويظهر أنه يدرك قدرة العقل الحالم على استخدام الاستعارات في رسائله . ميشيل فوكو ، الذي يناقش أونيروكريتيكا في """" هوس الذات "" ، الجزء الثالث من سلسلته "" تاريخ الجنسانية """" ( 1976 -1984 ) ، يصف النص كدليل عملي وتجريبي . ووفقا لفوكو ، يكشف العمل عن أنماط ثقافية بارزة تتعلق ب "" التجربة الأخلاقية للمحرضات الجنسية "". الكتب . تقسم الكتب الثلاثة الأولى الأحلام إلى مجموعات رئيسية

[Chunk 3]
المنظمات: ad de costa rica، جامعة سانتو توماس، جامعة كوستاريكا
الأماكن: امريكا اللاتينية، جمهورية كوستاريكا، سان بيدرو مونتيس دي اوكا، سان خوسيه، و فاسيو، وامريكا الوسطى
التواريخ: عام 1843
النص: جامعة كوستاريكا ( الإسبانية : "" Universidad de Costa Rica ، "" واختصار UCR ) هي جامعة عامة في جمهورية كوستاريكا ، في أمريكا الوسطى . يقع حرمها الرئيسي ، مدينة رودريجو فاسيو الجامعية ، في سان بيدرو مونتيس دي أوكا ، في مقاطعة سان خوسيه . وهي أقدم وأكبر مؤسسة للتعليم العالي في كوستاريكا ، وقد تأسست في الأصل باسم "" جامعة سانتو توماس "" في عام 1843. وهي أيضا أهم جامعة بحثية في البلاد وأمريكا الوسطى ، وتعد من أرقى جامعات أمريكا اللاتينية . يحضر ما يقرب من 45000 طالب جامعة كوستاريكا على مدار العام . التاريخ","ما هي أطروحة "" أونيروكريتيكا "" ؟","هي أطروحة يونانية قديمة حول تعبير الرؤيا كتبها أرطميدورس الإفسي في القرن الثاني الميلادي ، وهي أول عمل يوناني موجود حول هذا الموضوع ، يتألف من خمسة كتب","أطروحة ""أونيروكريتيكا"" هي أطروحة يونانية قديمة حول تعبير الرؤيا كتبها أرطميدورس الإفسي في القرن الثاني الميلادي، وهي أول عمل يوناني موجود حول هذا الموضوع.",0.92,0.91,0.91
"[Chunk 1]
الأشخاص: و بيروجيا
الأماكن: متحف اللوفر
التواريخ: عام 1911
النص: سرقة الفن ، التي تسمى أحيانا الاختطاف الفني ، هي سرقة اللوحات أو المنحوتات أو غيرها من أشكال الفن البصري من المعارض أو المتاحف أو المواقع العامة والخاصة . غالبا ما يعاد بيع المسروقات أو يستخدمها المجرمون ضمانا لتأمين القروض . تسترد نسبة صغيرة من الفن المسروق بما يقدر بنحو 10 %. تدير العديد من الدول فرق شرطة للتحقيق في سرقة الفن والتجارة غير المشروعة في الفن والآثار المسروقة . تشمل بعض قضايا السرقة الفنية سرقة لوحة الموناليزا من متحف اللوفر في عام 1911 بواسطة الموظف فينتشنزو بيروجيا

[Chunk 2]
الأماكن: متحف ايزابيلا ستيورات غاردنر، متحف مونش
التواريخ: عام 1990، عام 2004، عام 2006
النص: . والسرقة الأخرى هي سرقة لوحة الصرخة ، التي سرقت من متحف مونش في عام 2004 ، ولكنها استعيدت في عام 2006. حدثت أكبر سرقة فنية من حيث القيمة في متحف إيزابيلا ستيورات غاردنر في بوسطن ، عندما سرق 13 عملا فنيا ، تبلغ قيمتها مجتمعة 500 مليون دولار في عام 1990. ولا تزال القضية دون حل . السرقة الفردية . العديد من اللصوص مدفوعون بحقيقة أن القطع الفنية القيمة تساوي ملايين الدولارات وتزن بضعة كيلوغرامات فقط على الأكثر

[Chunk 3]
المنظمات: القوات البريطانية، ملكة بنين
الأماكن: القصر الملكي، المتحف البريطاني، بنين برونز، جنوب نيجيريا، لندن
التواريخ: القرن الثالث عشر، عام 1897
النص: بنين برونز هي مجموع من أكثر من ألف لوحة معدنية ومنحوتات زينت القصر الملكي لمملكة بنين في ما يعرف الآن بنيجيريا . بشكل جماعي ، تشكل القطع الفنية أشهر الأمثلة على فن بنين ، وقد تم نحتها من القرن الثالث عشر وما بعده من قبل فنانين من شعب إيدو . سرقت القوات البريطانية معظم اللوحات والأشياء الأخرى خلال حملة بنين عام 1897 حيث تم تعزيز السيطرة الإمبراطورية في جنوب نيجيريا . تم نقل مائتي قطعة إلى المتحف البريطاني في لندن ، بينما وجدت البقية طريقها إلى متاحف أوروبية أخرى",ما هي إحدى اللوحات المشهورة التي تمت سرقتها في هذه السرقة ؟,"الحفلة الموسيقية,لوحة الموناليزا.",اللوحة الموناليزا.,0.82,0.91,0.76
"[Chunk 1]
المنظمات: جامعة جنوب كاليفورنيا، معهد كاليفورنيا للتقنية
الأماكن: ابل هيل، ادين، اينا الشمالية، تي بارك، حدايق، كارول، كاليفورنيا، لوس انجلوس، مزرعة ديزني، منزل
التواريخ: 16 ابريل 1996
النص: . التصوير . بدأ التصوير الرئيسي في 16 أبريل 1996. استمر تصوير الفيلم لمدة أسبوعين في مواقع في كارولاينا الشمالية في شوارع درم ، في حدائق المقاطعة القريبة ، وخارج منزل تشابل هيل بولاية كارولاينا الشمالية . تم بناء مركز الشرطة في مستودع وسط مدينة درم . حدثت غالبية عمليات التصوير في منطقة لوس أنجلوس ، مع مواقع تشمل مزرعة ديزني ، وأثينيوم في معهد كاليفورنيا للتقنية في باسادينا ، كاليفورنيا ، ومنزل في منطقة آدامز التاريخية بلوس أنجلوس ، وفي حرم جامعة جنوب كاليفورنيا في يونيفرسيتي بارك

[Chunk 2]
الأشخاص: بارك، تري ستار بيكتشرز
المنظمات: جمعية الفيلم الامريكي
الأماكن: نيويورك، و اورلينز
التواريخ: مارس 1986، يونيو من ذلك العام
النص: . تم التصوير في نيويورك ونيو أورلينز ، واستمر التصوير الرئيسي من مارس 1986 إلى يونيو من ذلك العام . واجه الفيلم مشكلات قضايا الرقابة من جمعية الفيلم الأمريكي قبل أسابيع من عرضه المسرحي ، وذلك بسبب وجود مشهد يعد من المحتوى الجنسي ، أجبر باركر على إزالة عشر ثوان من اللقطات لتجنب تصنيف X وتأمين تصنيف R الذي أراده موزع الفيلم تري ستار بيكتشرز . الإنتاج . تطوير الفيلم

[Chunk 3]
الأشخاص: اليز، ج بلتاجي، شتاين، مود المضاوي
المنظمات: جيب للانتاج
الأماكن: الضفة الغربية، رام الله
النص: . بدأ التصوير بدعم من شركة زجيب للإنتاج الفرنسية . وسرعان ما اقترب من الإعلام المشارك للحصول على الدعم ، ووسعت الشركة إنتاج الفيلم ونصحت المخرج بزيادة نطاقه . ألحقوا المنتج إليز بيرلشتاين بالعمل مع سيتون . وجرى تصوير الفيلم في عدة مدن في الضفة الغربية ، بما فيها رام الله . وظهر فيها مدونان فلسطينيان ، هما مادج بلتاجي من الضفة الغربية ، ومحمود المضاوي من غزة ، لإظهار نشطاء شعبيين يستخدمون الشبكات الاجتماعية",كيف تم تصوير الفيلم ؟,آيفون 7 بلس,"بدأ التصوير الرئيسي في 16 أبريل 1996، واستمر لمدة أسبوعين في مواقع مختلفة في كارولاينا الشمالية، لوس أنجلوس، مزرعة ديزني، منزل، وغيرها. كما تم تصوير الفيلم في نيويورك ونيو أورلينز من مارس إلى يونيو 1986، بالإضافة إلى التصوير في الضفة الغربية، رام الله، تحت دعم شركة زجيب للإنتاج الفرنسية.",0.33,0.9,0.23
