retrieved_context,question,reference,response,faithfullness,answer_relevance,answer_correctness
"[Chunk 1]
جمال أحمد حمزة خاشقجي ( 13 أكتوبر 1958 ، المدينة المنورة - 2 أكتوبر 2018 ) ، صحفي وإعلامي سعودي ، رأس عدة مناصب لعدد من الصحف في السعودية ، وتقلد منصب مستشار ، كما أنه مدير عام قناة العرب الإخبارية سابقا . ويكتب عمودا في صحيفة واشنطن بوست منذ 2017 ، وصف في الصحف وأجهزة الاعلام العالمية بأنه "" وفي للدولة السعودية "" و "" منتقد لسياساتها "".

[Chunk 2]
جمال أحمد حمزة خاشقجي ( 13 أكتوبر 1958 ، المدينة المنورة - 2 أكتوبر 2018 ) ، صحفي وإعلامي سعودي ، رأس عدة مناصب لعدد من الصحف في السعودية ، وتقلد منصب مستشار ، كما أنه مدير عام قناة العرب الإخبارية سابقا .

[Chunk 3]
حمزة بن عبد المطلب الهاشمي القرشي صحابي من صحابة رسول الإسلام محمد ، وعمه وأخوه من الرضاعة وأحد وزرائه الأربعة عشر ، وهو خير أعمامه لقوله : « خير إخوتي علي ، وخير أعمامي حمزة رضي الله عنهما ».",من هو جمال أحمد حمزة خاشقجي ؟,صحفي وإعلامي,"صحفي وإعلامي سعودي، كان يكتب عموداً في صحيفة واشنطن بوست منذ 2017.",0.67,0.92,0.92
"[Chunk 1]
جمال أحمد حمزة خاشقجي ( 13 أكتوبر 1958 ، المدينة المنورة - 2 أكتوبر 2018 ) ، صحفي وإعلامي سعودي ، رأس عدة مناصب لعدد من الصحف في السعودية ، وتقلد منصب مستشار ، كما أنه مدير عام قناة العرب الإخبارية سابقا . ويكتب عمودا في صحيفة واشنطن بوست منذ 2017 ، وصف في الصحف وأجهزة الاعلام العالمية بأنه "" وفي للدولة السعودية "" و "" منتقد لسياساتها "".

[Chunk 2]
دونالد جون ترامب ( بالإنجليزية : Donald John Trump ) ( ولد في 14 يونيو 1946 ) هو الرئيس الخامس والأربعون للولايات المتحدة الأمريكية والحالي منذ 20 يناير 2017 ، وهو أيضا رجل أعمال وملياردير أمريكي ، وشخصية تلفزيونية ومؤلف أمريكي ورئيس منظمة ترامب ، والتي يقع مقرها في الولايات المتحدة . أسس ترامب وأدار عدة مشاريع وشركات ومنتجعات ترفيهية ، التي تدير العديد من الكازينوهات ، الفنادق ، ملاعب الغولف ، والمنشآت الأخرى في جميع أنحاء العالم ، ساعد نمط حياته ونشر علامته التجارية وطريقته الصريحة بالتعامل مع السياسة في الحديث ؛ على جعله من المشاهير في كل من الولايات المتحدة والعالم ، وقدم البرنامج الواقعي "" ذا أبرينتايس "" على قناة إن بي سي .

[Chunk 3]
غادر خاشقجي السعودية في سبتمبر 2017 ، وكتب بعد ذلك مقالات صحفية انتقد فيها الحكومة السعودية . انتقد خاشقجي بصورة كبيرة ولي العهد السعودي محمد بن سلمان ، والملك سلمان بن عبد العزيز . وكذلك عارض التدخل العسكري في اليمن .",في أي صحيفة قام بكتابة عمود منذ عام 2017 ؟,واشنطن بوست,صحيفة واشنطن بوست.,0.91,0.92,0.91
"[Chunk 1]
غادر خاشقجي السعودية في سبتمبر 2017 ، وكتب بعد ذلك مقالات صحفية انتقد فيها الحكومة السعودية . انتقد خاشقجي بصورة كبيرة ولي العهد السعودي محمد بن سلمان ، والملك سلمان بن عبد العزيز . وكذلك عارض التدخل العسكري في اليمن .

[Chunk 2]
جمال أحمد حمزة خاشقجي ( 13 أكتوبر 1958 ، المدينة المنورة - 2 أكتوبر 2018 ) ، صحفي وإعلامي سعودي ، رأس عدة مناصب لعدد من الصحف في السعودية ، وتقلد منصب مستشار ، كما أنه مدير عام قناة العرب الإخبارية سابقا . ويكتب عمودا في صحيفة واشنطن بوست منذ 2017 ، وصف في الصحف وأجهزة الاعلام العالمية بأنه "" وفي للدولة السعودية "" و "" منتقد لسياساتها "".

[Chunk 3]
جمال أحمد حمزة خاشقجي ( 13 أكتوبر 1958 ، المدينة المنورة - 2 أكتوبر 2018 ) ، صحفي وإعلامي سعودي ، رأس عدة مناصب لعدد من الصحف في السعودية ، وتقلد منصب مستشار ، كما أنه مدير عام قناة العرب الإخبارية سابقا .",متى غادر خاشقجي السعودية ؟,"في سبتمبر 2017 ،",غادر خاشقجي السعودية في سبتمبر 2017.,0.91,0.92,0.92
"[Chunk 1]
السعودية أو ( رسميا : المملكة العربية السعودية ) هي دولة عربية ، وتعد أكبر دولة في الشرق الأوسط وتقع تحديدا في الجنوب الغربي من قارة آسيا وتشكل الجزء الأكبر من شبه الجزيرة العربية إذ تبلغ مساحتها حوالي مليوني كيلومتر مربع .

[Chunk 2]
السعودية ورسميا المملكة العربية السعودية هي أكبر دولة في الشرق الأوسط وتقع تحديدا في الجنوب الغربي من قارة آسيا وتشكل الجزء الأكبر من شبه الجزيرة العربية إذ تبلغ مساحتها حوالي مليوني كيلومتر مربع . يحدها من الشمال العراق والأردن وتحدها الكويت من الشمال الشرقي ، ومن الشرق تحدها كل من قطر والإمارات العربية المتحدة بالإضافة إلى البحرين التي ترتبط بالسعودية من خلال جسر الملك فهد الواقع على الخليج العربي ، ومن الجنوب تحدها اليمن ، وعمان من الجنوب الشرقي ، كما يحدها البحر الأحمر من جهة الغرب .

[Chunk 3]
الجمهورية الإسلامية الإيرانية ( بالفارسية : جمهورى اسلامى ايران ) هي دولة تقع في غرب آسيا . وهي ثاني أكبر دول بالشرق الأوسط من حيث عدد السكان بعد مصر باجمالي 81 مليون نسمة وكذلك ثاني أكبر بلدان الشرق الاوسط مساحة بعد السعودية بمساحة تبلغ 1 ، 648 ، 195 كم 2 ما يجعلها تحتل المرتبة الثامنة عشر بين بلدان في العالم من حيث المساحة تتميز ايران بموقع جيوسياسي يجعلها نقطة التقاء لثلاث مجالات آسيوية ( غرب آسيا ووسطها وجنوبها ).",أي دولة هي أكبر دولة في الشرق الأوسط ؟,المملكة العربية السعودية ),السعودية,0.92,0.92,0.9
"[Chunk 1]
إنجلترا أو إنكلترا ( بالإنجليزية : England إنلاند ) هي أكبر دولة في المملكة المتحدة وتشترك في الحدود البرية مع اسكتلندا في الشمال وويلز في الغرب والبحر الأيرلندي في الشمال الغربي وبحر الكلت في الجنوب الغربي وبحر الشمال في الشرق ، وتفصلها القناة الإنجليزية عن القارة الأوروبية جنوبا .

[Chunk 2]
فلسطين ( بالعبرية : أو حسب السياق ، باليونانية : ) هي منطقة جغرافية في غرب آسيا عادة ما تشمل إسرائيل ، والضفة الغربية ، وقطاع غزة ، وفي بعض التعاريف ، بعض أجزاء من غرب الأردن مشكلة الجزء الجنوبي الغربي من بلاد الشام . عقب الحرب العالمية الأولى وتبعاتها من سقوط الدولة العثمانية التي كانت تسيطر على فلسطين ومعاهدة سيفر ومؤتمر سان ريمو واتفاقية سايكس بيكو ، رسمت حدود الإنتداب البريطاني على فلسطين ، فكانت الحدود تمتد بشكل طولي من الشمال إلى الجنوب على نحو أربع درجات عرض ، حيث تمتد بين دائرتي عرض 29 , 30 و 33 , 15 شمالا وبين خطي الطول 34 , 15 و 35 , 40 شرقا ، بمساحة 26 , 990 كم 2 ، بما في ذلك بحيرة طبريا ونصف البحر الميت . يحدها من الغرب البحر المتوسط بساحل طوله 224 كم ، ومن الشرق سورية والأردن ، ومن الشمال لبنان ، ومن الجنوب مصر وخليج العقبة . وفلسطين مستطيلة الشكل طولها من الشمال إلى الجنوب 430 كم ، أما عرضها ففي الشمال يراوح بين 51 - 70 كم ، وفي الوسط 72 - 95 كم عند القدس ، أما في الجنوب فإن العرض يتسع ليصل إلى 117 كم عند رفح وخان يونس حتى البحر الميت . وتمتلك المنطقة أرضا متنوعة جدا ، وتقسم جغرافيا إلى أربع مناطق ، وهي من الغرب إلى الشرق السهل الساحلي ، والتلال ، والجبال ( جبال الجليل وجبال نابلس وجبال القدس وجبال الخليل ) والأغوار ( غور الأردن ). في أقصى الجنوب هناك صحراء النقب . بين جبال نابلس وجبال الجليل يقع مرج بن عامر ويقطع جبل الكرمل ، الذي يمتد من جبال نابلس شمالا غربا ، السهل الساحلي . تتراوح الارتفاعات من 417 مترا تحت مستوى البحر في البحر الميت ( وهي أخفض نقطة على سطح اليابسة في العالم ) إلى 1204 مترا فوق مستوى البحر في قمة جبل الجرمق ( جبل ميرون كما يسمى في إسرائيل ).

[Chunk 3]
عقب الحرب العالمية الأولى وتبعاتها من سقوط الدولة العثمانية التي كانت تسيطر على فلسطين ومعاهدة سيفر ومؤتمر سان ريمو واتفاقية سايكس بيكو ، رسمت حدود الإنتداب البريطاني على فلسطين ، فكانت الحدود تمتد بشكل طولي من الشمال إلى الجنوب على نحو أربع درجات عرض ، حيث تمتد بين دائرتي عرض 29 , 30 و 33 , 15 شمالا وبين خطي الطول 34 , 15 و 35 , 40 شرقا ، بمساحة 26 , 990 كم 2 ، بما في ذلك بحيرة طبريا ونصف البحر الميت . يحدها من الغرب البحر المتوسط بساحل طوله 224 كم ، ومن الشرق سورية والأردن ، ومن الشمال لبنان ، ومن الجنوب مصر وخليج العقبة . وفلسطين مستطيلة الشكل طولها من الشمال إلى الجنوب 430 كم ، أما عرضها ففي الشمال يراوح بين 51 - 70 كم ، وفي الوسط 72 - 95 كم عند القدس ، أما في الجنوب فإن العرض يتسع ليصل إلى 117 كم عند رفح وخان يونس حتى البحر الميت . وتمتلك المنطقة أرضا متنوعة جدا ، وتقسم جغرافيا إلى أربع مناطق ، وهي من الغرب إلى الشرق السهل الساحلي ، والتلال ، والجبال ( جبال الجليل وجبال نابلس وجبال القدس وجبال الخليل ) والأغوار ( غور الأردن ). في أقصى الجنوب هناك صحراء النقب . بين جبال نابلس وجبال الجليل يقع مرج بن عامر ويقطع جبل الكرمل ، الذي يمتد من جبال نابلس شمالا غربا ، السهل الساحلي . تتراوح الارتفاعات من 417 مترا تحت مستوى البحر في البحر الميت ( وهي أخفض نقطة على سطح اليابسة في العالم ) إلى 1204 مترا فوق مستوى البحر في قمة جبل الجرمق ( جبل ميرون كما يسمى في إسرائيل ).",ما هي الحدود في الشمال ؟,يحدها من الشمال العراق والأردن,"between دائرتي عرض 29 , 30 شمالاً",0.6,0.3,0.2
"[Chunk 1]
حكم آل سعود تاريخيا في نجد ومناطق واسعة من الجزيرة العربية أكثر من مرة ، وتعتبر المملكة السعودية الحالية نتاجا ووارثة لتلك الكيانات التاريخية ، أول تلك الكيانات إمارة الدرعية التي أسسها محمد بن سعود سنة 1157 ه / 1744 وظلت حتى قاد إبراهيم باشا جيش والي مصر العثماني في حملة للقضاء عليها عام 1233 ه / 1818 م ، ويشار إلى تلك المرحلة باسم "" الدولة السعودية الأولى "" ، ولكن لم يطل الوقت بعد سقوط الدولة الأولى حتى أقام تركي بن عبد الله بن محمد إمارة جديدة لآل سعود في نجد ، اتخذت من الرياض عاصمة واستمرت حتى انتزع حكام إمارة حائل إمارة الرياض من آل سعود سنة 1308 ه / 1891 ، ويشار إلى تلك المرحلة ب "" الدولة السعودية الثانية "". لاحقا استرد عبد العزيز آل سعود الشاب سنة 1319 ه / 1902 إمارة الرياض من يد آل رشيد ، وتوسع مسيطرا على كامل نجد 1921 وتسمت بسلطنة نجد حتى نجح عبد العزيز بانتزاع مملكة الحجاز من يد الهاشميين ، فنصب ملكا على الحجاز في يناير من عام 1926 ، وبعدها بعام غير لقبه من سلطان نجد إلى ملك نجد ، وسميت المناطق التي يسيطر عليها مملكة الحجاز ونجد وملحقاتها ، وظلت بذلك الاسم حتى وحد عبد العزيز جميع المناطق التي يسيطر عليها في كيان واحد ، وكان ذلك في 1351 ه / 23 سبتمبر 1932 وأعلن اسمها "" المملكة العربية السعودية "".

[Chunk 2]
نادي الهلال السعودي هو ناد رياضي ، ثقافي ، اجتماعي سعودي أسس عام 1957 ، مقره في العاصمة السعودية الرياض ويعتبر الفريق الأول في السعودية من حيث عدد البطولات المحلية ، وأكثر الأندية الآسيوية فوزا بالبطولات القارية بمختلف مسمياتها ، إذ تبلغ عدد بطولاته الرسمية على المستوى المحلي والإقليمي والقاري 61 بطولة ، والاجمالية سواء كانت رسمية أو ودية 97 بطولة .

[Chunk 3]
نادي الهلال السعودي هو ناد رياضي ، ثقافي ، اجتماعي سعودي أسس عام 1957 ، مقره في العاصمة السعودية الرياض ويعتبر الفريق الأول في السعودية من حيث عدد البطولات المحلية ، وأكثر الأندية الآسيوية فوزا بالبطولات القارية بمختلف مسمياتها ، إذ تبلغ عدد بطولاته الرسمية على المستوى المحلي والإقليمي والقاري 61 بطولة ، والاجمالية سواء كانت رسمية أو ودية 97 بطولة . ويحتل الفريق الأول لكرة القدم نادي الهلال السعودي المرتبة التاسعة والسبعين عالميا في قائمة أفضل 100 فريق كرة قدم في العالم خلال فترة القرن العشرين من حيث تحقيق البطولات المحلية والقارية من قبل الاتحاد الدولي لتاريخ وإحصاءات كرة القدم .",ما هي الكيانات الأولى في المملكة العربية السعودية ؟,أول تلك الكيانات إمارة الدرعية,الدولة السعودية الأولى وstate السعودية الثانية.,0.34,0.3,0.23
"[Chunk 1]
مصر أو ( رسميا : جمهورية مصر العربية ) هي دولة عربية تقع في الركن الشمالي الشرقي من قارة أفريقيا ، ولديها امتداد آسيوي ، حيث تقع شبه جزيرة سيناء داخل قارة آسيا فهي دولة عابرة للقارات ، قدر عدد سكانها ب 104 مليون نسمة ، ليكون ترتيبها الثالثة عشر بين دول العالم بعدد السكان والأكثر سكانا عربيا .

[Chunk 2]
مصر أو رسميا جمهورية مصر العربية هي دولة عربية تقع في الركن الشمالي الشرقي من قارة أفريقيا ، ولديها امتداد آسيوي ، حيث تقع شبه جزيرة سيناء داخل قارة آسيا فهي دولة عابرة للقارات ، قدر عدد سكانها ب 104 مليون نسمة ، ليكون ترتيبها الثالثة عشر بين دول العالم بعدد السكان والأكثر سكانا عربيا . ولجمهورية مصر العربية سواحل طويلة على البحرين الأبيض والأحمر ، وتشترك بحدود مع سبعة دول وكيانات فيحدها في الشمال الشرقي منطقة فلسطين ( إسرائيل وقطاع غزة ) بطول 265 كم ، ويحدها من الغرب ليبيا على امتداد خط بطول 1115 كم ، كما تشترك مع السودان بأطول حدود برية لها بطول 1280 كم . بالإضافة إلى حدودها البحرية مع السعودية شرقا وقبرص واليونان شمالا . تبلغ مساحة جمهورية مصر العربية حوالي 1.002.000 كيلومتر مربع والمساحة المأهولة تبلغ 78990 كم 2 بنسبة 7.8 % من المساحة الكلية . وتقسم مصر إداريا إلى 27 محافظة ، وتنقسم كل محافظة إلى تقسيمات إدارية أصغر وهي المراكز أو الأقسام .

[Chunk 3]
ويتركز أغلب سكان مصر في وادي النيل وفي الحضر ويشكل وادي النيل والدلتا أقل من 4 % من المساحة الكلية للبلاد أي حوالي 33000 كم 2 ، وأكبر الكتل السكانية هي القاهرة الكبرى التي بها تقريبا ربع السكان ، تليها الإسكندرية ؛ كما يعيش أغلب السكان الباقين في الدلتا وعلى ساحلي البحر المتوسط والبحر الأحمر ومدن قناة السويس ، وتشغل هذه الأماكن ما مساحته 40 ألف كيلومتر مربع . بينما تشكل الصحراء غير المعمورة غالبية مساحة البلاد .",أين تقع مصر ؟,"تقع في الركن الشمالي الشرقي من قارة أفريقيا ،",في الركن الشمالي الشرقي من قارة أفريقيا.,0.92,0.92,0.92
"[Chunk 1]
مصر أو رسميا جمهورية مصر العربية هي دولة عربية تقع في الركن الشمالي الشرقي من قارة أفريقيا ، ولديها امتداد آسيوي ، حيث تقع شبه جزيرة سيناء داخل قارة آسيا فهي دولة عابرة للقارات ، قدر عدد سكانها ب 104 مليون نسمة ، ليكون ترتيبها الثالثة عشر بين دول العالم بعدد السكان والأكثر سكانا عربيا . ولجمهورية مصر العربية سواحل طويلة على البحرين الأبيض والأحمر ، وتشترك بحدود مع سبعة دول وكيانات فيحدها في الشمال الشرقي منطقة فلسطين ( إسرائيل وقطاع غزة ) بطول 265 كم ، ويحدها من الغرب ليبيا على امتداد خط بطول 1115 كم ، كما تشترك مع السودان بأطول حدود برية لها بطول 1280 كم . بالإضافة إلى حدودها البحرية مع السعودية شرقا وقبرص واليونان شمالا . تبلغ مساحة جمهورية مصر العربية حوالي 1.002.000 كيلومتر مربع والمساحة المأهولة تبلغ 78990 كم 2 بنسبة 7.8 % من المساحة الكلية . وتقسم مصر إداريا إلى 27 محافظة ، وتنقسم كل محافظة إلى تقسيمات إدارية أصغر وهي المراكز أو الأقسام .

[Chunk 2]
عقب الحرب العالمية الأولى وتبعاتها من سقوط الدولة العثمانية التي كانت تسيطر على فلسطين ومعاهدة سيفر ومؤتمر سان ريمو واتفاقية سايكس بيكو ، رسمت حدود الإنتداب البريطاني على فلسطين ، فكانت الحدود تمتد بشكل طولي من الشمال إلى الجنوب على نحو أربع درجات عرض ، حيث تمتد بين دائرتي عرض 29 , 30 و 33 , 15 شمالا وبين خطي الطول 34 , 15 و 35 , 40 شرقا ، بمساحة 26 , 990 كم 2 ، بما في ذلك بحيرة طبريا ونصف البحر الميت . يحدها من الغرب البحر المتوسط بساحل طوله 224 كم ، ومن الشرق سورية والأردن ، ومن الشمال لبنان ، ومن الجنوب مصر وخليج العقبة . وفلسطين مستطيلة الشكل طولها من الشمال إلى الجنوب 430 كم ، أما عرضها ففي الشمال يراوح بين 51 - 70 كم ، وفي الوسط 72 - 95 كم عند القدس ، أما في الجنوب فإن العرض يتسع ليصل إلى 117 كم عند رفح وخان يونس حتى البحر الميت . وتمتلك المنطقة أرضا متنوعة جدا ، وتقسم جغرافيا إلى أربع مناطق ، وهي من الغرب إلى الشرق السهل الساحلي ، والتلال ، والجبال ( جبال الجليل وجبال نابلس وجبال القدس وجبال الخليل ) والأغوار ( غور الأردن ). في أقصى الجنوب هناك صحراء النقب . بين جبال نابلس وجبال الجليل يقع مرج بن عامر ويقطع جبل الكرمل ، الذي يمتد من جبال نابلس شمالا غربا ، السهل الساحلي . تتراوح الارتفاعات من 417 مترا تحت مستوى البحر في البحر الميت ( وهي أخفض نقطة على سطح اليابسة في العالم ) إلى 1204 مترا فوق مستوى البحر في قمة جبل الجرمق ( جبل ميرون كما يسمى في إسرائيل ).

[Chunk 3]
فلسطين ( بالعبرية : أو حسب السياق ، باليونانية : ) هي منطقة جغرافية في غرب آسيا عادة ما تشمل إسرائيل ، والضفة الغربية ، وقطاع غزة ، وفي بعض التعاريف ، بعض أجزاء من غرب الأردن مشكلة الجزء الجنوبي الغربي من بلاد الشام . عقب الحرب العالمية الأولى وتبعاتها من سقوط الدولة العثمانية التي كانت تسيطر على فلسطين ومعاهدة سيفر ومؤتمر سان ريمو واتفاقية سايكس بيكو ، رسمت حدود الإنتداب البريطاني على فلسطين ، فكانت الحدود تمتد بشكل طولي من الشمال إلى الجنوب على نحو أربع درجات عرض ، حيث تمتد بين دائرتي عرض 29 , 30 و 33 , 15 شمالا وبين خطي الطول 34 , 15 و 35 , 40 شرقا ، بمساحة 26 , 990 كم 2 ، بما في ذلك بحيرة طبريا ونصف البحر الميت . يحدها من الغرب البحر المتوسط بساحل طوله 224 كم ، ومن الشرق سورية والأردن ، ومن الشمال لبنان ، ومن الجنوب مصر وخليج العقبة . وفلسطين مستطيلة الشكل طولها من الشمال إلى الجنوب 430 كم ، أما عرضها ففي الشمال يراوح بين 51 - 70 كم ، وفي الوسط 72 - 95 كم عند القدس ، أما في الجنوب فإن العرض يتسع ليصل إلى 117 كم عند رفح وخان يونس حتى البحر الميت . وتمتلك المنطقة أرضا متنوعة جدا ، وتقسم جغرافيا إلى أربع مناطق ، وهي من الغرب إلى الشرق السهل الساحلي ، والتلال ، والجبال ( جبال الجليل وجبال نابلس وجبال القدس وجبال الخليل ) والأغوار ( غور الأردن ). في أقصى الجنوب هناك صحراء النقب . بين جبال نابلس وجبال الجليل يقع مرج بن عامر ويقطع جبل الكرمل ، الذي يمتد من جبال نابلس شمالا غربا ، السهل الساحلي . تتراوح الارتفاعات من 417 مترا تحت مستوى البحر في البحر الميت ( وهي أخفض نقطة على سطح اليابسة في العالم ) إلى 1204 مترا فوق مستوى البحر في قمة جبل الجرمق ( جبل ميرون كما يسمى في إسرائيل ).",ما طول الحدود الليبية ؟,"1115 كم ،",1115 كم,0.5,0.92,0.9
"[Chunk 1]
ويتركز أغلب سكان مصر في وادي النيل وفي الحضر ويشكل وادي النيل والدلتا أقل من 4 % من المساحة الكلية للبلاد أي حوالي 33000 كم 2 ، وأكبر الكتل السكانية هي القاهرة الكبرى التي بها تقريبا ربع السكان ، تليها الإسكندرية ؛ كما يعيش أغلب السكان الباقين في الدلتا وعلى ساحلي البحر المتوسط والبحر الأحمر ومدن قناة السويس ، وتشغل هذه الأماكن ما مساحته 40 ألف كيلومتر مربع . بينما تشكل الصحراء غير المعمورة غالبية مساحة البلاد .

[Chunk 2]
مصر أو ( رسميا : جمهورية مصر العربية ) هي دولة عربية تقع في الركن الشمالي الشرقي من قارة أفريقيا ، ولديها امتداد آسيوي ، حيث تقع شبه جزيرة سيناء داخل قارة آسيا فهي دولة عابرة للقارات ، قدر عدد سكانها ب 104 مليون نسمة ، ليكون ترتيبها الثالثة عشر بين دول العالم بعدد السكان والأكثر سكانا عربيا .

[Chunk 3]
مصر أو رسميا جمهورية مصر العربية هي دولة عربية تقع في الركن الشمالي الشرقي من قارة أفريقيا ، ولديها امتداد آسيوي ، حيث تقع شبه جزيرة سيناء داخل قارة آسيا فهي دولة عابرة للقارات ، قدر عدد سكانها ب 104 مليون نسمة ، ليكون ترتيبها الثالثة عشر بين دول العالم بعدد السكان والأكثر سكانا عربيا . ولجمهورية مصر العربية سواحل طويلة على البحرين الأبيض والأحمر ، وتشترك بحدود مع سبعة دول وكيانات فيحدها في الشمال الشرقي منطقة فلسطين ( إسرائيل وقطاع غزة ) بطول 265 كم ، ويحدها من الغرب ليبيا على امتداد خط بطول 1115 كم ، كما تشترك مع السودان بأطول حدود برية لها بطول 1280 كم . بالإضافة إلى حدودها البحرية مع السعودية شرقا وقبرص واليونان شمالا . تبلغ مساحة جمهورية مصر العربية حوالي 1.002.000 كيلومتر مربع والمساحة المأهولة تبلغ 78990 كم 2 بنسبة 7.8 % من المساحة الكلية . وتقسم مصر إداريا إلى 27 محافظة ، وتنقسم كل محافظة إلى تقسيمات إدارية أصغر وهي المراكز أو الأقسام .",أين تتركز الغالبية العظمى من سكان مصر ؟,مصر في وادي النيل وفي الحضر,في القاهرة الكبرى والدلتا.,0.92,0.9,0.5
"[Chunk 1]
أبو القاسم محمد بن عبد الله بن عبد المطلب ( 22 أبريل 571 - 8 يونيو 632 ) يؤمن المسلمون بأنه رسول الله إلى الإنس والجن ؛ ليعيدهم إلى توحيد الله وعبادته شأنه شأن كل الأنبياء والمرسلين ، وهو خاتمهم ، وأرسل للناس كافة ، ويؤمنون أيضا بأنه أشرف المخلوقات وسيد البشر ، كما يعتقدون فيه العصمة . عند ذكر اسمه ، يلحق المسلمون عبارة « صلى الله عليه وسلم » مع إضافة « وآله » و « وصحبه » في بعض الأحيان ، لما جاء في القرآن والسنة النبوية مما يحثهم على الصلاة عليه . . ترك محمد أثرا كبيرا في نفوس المسلمين ، وكثرت مظاهر محبتهم وتعظيمهم له باتباعهم لأمره وأسلوب حياته وتعبده لله ، واحتفالهم بمولده في شهر ربيع الأول ، وقيامهم بحفظ أقواله وأفعاله وصفاته وجمع ذلك في كتب عرفت بكتب السيرة والحديث النبوي . اعتبره الكاتب اليهودي مايكل هارت أعظم الشخصيات أثرا في تاريخ الإنسانية كلها باعتباره « الإنسان الوحيد في التاريخ الذي نجح نجاحا مطلقا على المستوى الديني والدنيوي ».

[Chunk 2]
المسيح عيسى بن مريم ويعرف أيضا بيشوع بالعبرية و بيسوع في العهد الجديد ، هو رسول الله والمسيح في الإسلام ، ويعتبر من أولي العزم من الرسل ، أرسل ليقود بني إسرائيل إلى كتاب مقدس جديد وهو الإنجيل ، ويفضل المسلمون إضافة عبارة "" عليه السلام "" بعد اسمه ككل الأنبياء توقيرا لهم . الإيمان بعيسى ( وكل الأنبياء والرسل ) ركن من أركان الإيمان ، ولا يصح إسلام شخص بدونه . ذكر عيسى باسمه في القرآن 25 مرة ، بينما ذكر محمد 4 مرات .

[Chunk 3]
أبو القاسم محمد بن عبد الله بن عبد المطلب ( 22 أبريل 571 - 8 يونيو 632 ) يؤمن المسلمون بأنه رسول الله إلى الإنس والجن ؛ ليعيدهم إلى توحيد الله وعبادته شأنه شأن كل الأنبياء والمرسلين ، وهو خاتمهم ، وأرسل للناس كافة ، ويؤمنون أيضا بأنه أشرف المخلوقات وسيد البشر ، كما يعتقدون فيه العصمة .",من هو رسول الله ؟,أبو القاسم محمد بن عبد الله بن عبد المطلب,أبو القاسم محمد بن عبد الله بن عبد المطلب (محمد),0.77,0.92,0.9
"[Chunk 1]
المسيح عيسى بن مريم ويعرف أيضا بيشوع بالعبرية و بيسوع في العهد الجديد ، هو رسول الله والمسيح في الإسلام ، ويعتبر من أولي العزم من الرسل ، أرسل ليقود بني إسرائيل إلى كتاب مقدس جديد وهو الإنجيل ، ويفضل المسلمون إضافة عبارة "" عليه السلام "" بعد اسمه ككل الأنبياء توقيرا لهم . الإيمان بعيسى ( وكل الأنبياء والرسل ) ركن من أركان الإيمان ، ولا يصح إسلام شخص بدونه . ذكر عيسى باسمه في القرآن 25 مرة ، بينما ذكر محمد 4 مرات .

[Chunk 2]
المسيح عيسى بن مريم ويعرف أيضا بيشوع بالعبرية و بيسوع في العهد الجديد ، هو رسول الله والمسيح في الإسلام ، ويعتبر من أولي العزم من الرسل ، أرسل ليقود بني إسرائيل إلى كتاب مقدس جديد وهو الإنجيل ، ويفضل المسلمون إضافة عبارة "" عليه السلام "" بعد اسمه ككل الأنبياء توقيرا لهم .

[Chunk 3]
لفظ شيعة في الأساس من الفعل تشيع وهو الاتباع . وعلى مدار التاريخ الإسلامي أطلق لفظ شيعة على العديد من الحركات الإسلامية المجموعات مثل شيعة عثمان وشيعة معاوية وغيرهم ولكن لفظة الشيعة وحدها تعتبر علما لشيعة علي متبعيه . ويرى الشيعة بأن أصل التسمية ورد في حديث لمحمد بن عبد الله نبي الإسلام في حياته حيث سأله علي بن أبي طالب عن خير البرية فأجابه : « أنت وشيعتك » ، لذلك يعتقد الشيعة أن التشيع لم يظهر بعد وفاة محمد بل هو الإسلام الحقيقي الذي بعث به محمد . وقد ورد هذا الحديث بروايات مختلفة في كتب الشيعة وبعض المذاهب الإسلامية الأخرى .",ما هي العبارة التي يلحقها المسلمون عند ذكر الاسم ؟,« صلى الله عليه وسلم »,عليه السلام,0.9,0.91,0.9
"[Chunk 1]
ولد جبران لعائلة مارونية . أمه كاميليا رحمة ( واسمها الأصلي كاملة ) كان عمرها 30 عندما ولدته وهي من عائلة محترمة ومتدينة . وأبوه خليل هو الزوج الثالث لها بعد وفاة زوجها الأول وبطلان زواجها الثاني . كانت أسرته فقيرة بسبب كسل والده وانصرافه إلى السكر والقمار ، لذلك لم يستطع الذهاب للمدرسة ، بدلا من ذلك كان كاهن القرية ، الأب جرمانوس ، يأتي لمنزل جبران ويعلمه الإنجيل والعربية والسريانية . تعلم مبادئ القراءة والكتابة من الطبيب الشاعر سليم الضاهر مما فتح أمامه مجال المطالعة والتعرف إلى التاريخ والعلوم والآداب . في سنة 1891 تقريبا ، سجن والده بتهمة اختلاس وصودرت أملاكة ، وأطلق سراحه في 1894. في 25 يونيو 1895 ، قررت والدته الهجرة مع أخيها إلى أمريكا وتحديدا نيويورك مصطحبة معها كلا من جبران وأختيه ، ماريانا وسلطانة ، وأخيه بطرس .

[Chunk 2]
ولد في مكة في شهر ربيع الأول من عام الفيل قبل ثلاث وخمسين سنة من الهجرة ( هجرته من مكة إلى المدينة ) ، ما يوافق سنة 570 أو 571 ميلاديا و 52 ق ه . ولد يتيم الأب ، وفقد أمه في سن مبكرة فتربى في كنف جده عبد المطلب ، ثم من بعده عمه أبي طالب حيث ترعرع ، وكان في تلك الفترة يعمل بالرعي ثم بالتجارة . تزوج في سن الخامسة والعشرين من خديجة بنت خويلد وأنجب منها كل أولاده باستثناء إبراهيم . كان قبل الإسلام يرفض عبادة الأوثان والممارسات الوثنية التي كانت منتشرة في مكة . ويؤمن المسلمون أن الوحي نزل عليه وكلف بالرسالة وهو ذو أربعين سنة ، أمر بالدعوة سرا لثلاث سنوات ، قضى بعدهن عشر سنوات أخر في مكة مجاهرا بدعوة أهلها ، وكل من يرد إليها من التجار والحجيج وغيرهم . هاجر إلى المدينة المنورة والمسماة يثرب آنذاك عام 622 م وهو في الثالثة والخمسين من عمره بعد أن تآمر عليه سادات قريش ممن عارضوا دعوته وسعوا إلى قتله ، فعاش فيها عشر سنين أخر داعيا إلى الإسلام ، وأسس بها نواة الحضارة الإسلامية ، التي توسعت لاحقا وشملت مكة وكل المدن والقبائل العربية ، حيث وحد العرب لأول مرة على ديانة توحيدية ودولة موحدة ، ودعا لنبذ العنصرية والعصبية القبلية .

[Chunk 3]
تعد حادثة الإسراء والمعراج في العقيدة الإسلامية حدثا ضخما من أحداث الدعوة الإسلامية ، سبقته البعثة وجاء قبل الهجرة . بعد أن فقد النبي محمد زوجته خديجة و عمه أبو طالب الذان كانا يؤانسانه ويؤازرانه ، ضاقت الأرض به نظرا لما لاقاه من تكذيب و رد من قبل المشركين ، وبعد وفاة عمه توفيت زوجته خديجة التي كانت نعم الزوج في نفس السنة ، فسميت تلك السنة بعام الحزن ، و في سبيل الدعوة ذهب الرسول ( ص ) إلى الطائف وحيدا يدعوهم إلى الإسلام و التوحيد لكنهم طردوه و سلطوا عليه صبيانهم و غلمانهم يرمونه بالحجارة فآذوه كثيرا و هنا دعا النبي ( ص ) دعاءه المشهور شاكيا إلى ربه : "" اللهم إلى من تكلني .. "" فيرسل الله إليه جبريل عليه السلام مع ملك الجبال و يقول له جبريل لو شئت نطبق عليهم الجبال فيقول الرسول الرحيم ( ص ) "" لا - لعل الله يخرج من أصلابهم من يوحد الله "" فكرمه الله تعالى بقدرة إلهية وآنسه بحادثة الإسراء والمعراج ، فأي تكريم ومؤانسة أشد وأعظم من تكريم كهذا إذ أتى جبريل عليه السلام ليصحب الرسول عليه الصلاة والسلام في رحلة الإسراء والمعراج ، وورد في سورة الإسراء ( سبحان الذي أسرى بعبده ليلا من المسجد الحرام إلى المسجد الأقصى الذي باركنا حوله لنريه من آياتنا إنه هو السميع البصير ).",متى فقد أمه ؟,أمه في سن مبكرة,في سن مبكرة.,0.8,0.92,0.91
"[Chunk 1]
المغرب أو ( رسميا : المملكة المغربية ) ( بالأمازيغية : : وتنطق لمغريب ) هي دولة عربية تقع في أقصى غرب شمال أفريقيا عاصمتها الرباط وأكبر مدنها الدار البيضاء التي تعد العاصمة الاقتصادية ، ومن أهم المدن : سلا ، فاس ، مراكش ، مكناس ، طنجة ، أكادير ، آسفي ، تطوان ، وزان ، وجدة ، سطات ، تازة ، العيون ( مدينة ) والحسيمة .

[Chunk 2]
المغرب عضو في الأمم المتحدة منذ 1956 وجامعة الدول العربية منذ 1958 واللجنة الدولية الأولمبية منذ 1959 ومنظمة التعاون الإسلامي منذ 1969 والمنظمة الدولية الفرانكوفونية منذ 1981 وهو عضو مؤسس في اتحاد المغرب العربي منذ 1989 ومجموعة الحوار المتوسطي منذ 1995 ومجموعة سبعة وسبعون منذ 2003 ومنظمة حلف شمال الأطلسي كحليف رئيس خارجه منذ 2004 ، ثم الاتحاد من أجل المتوسط سنة 2008. كما تم انتخاب المغرب مؤخرا عضوا جديدا غير دائم بمجلس الأمن التابع للأمم المتحدة لولاية تمتد لسنتين ، ابتداء من فاتح يناير 2012 إلى غاية ديسمبر 2013 ، وعضو في الاتحاد الأفريقي الذي حل محل منظمة الوحدة الأفريقية والتي كان قد سبق وانسحب منها المغرب عام 1984 بسبب رفضها الاعتراف بسيادته على الصحراء المغربية ، بيد أن لها مكانا خاصا في الاتحاد : بالاستفادة من الخدمات التي تتيحها دول الاتحاد ، كمجموعة البنك الإفريقي للتنمية . سنة 2008 منح الاتحاد الأوروبي للمغرب الوضع المتقدم في اتفاقيات الشراكة والجوار والذي يمكن المغرب من المشاركة في بعض الوكالات الأوروبية . كما وافق المغرب على الانضمام تدريجيا إلى مجلس التعاون الخليجي بعد دعوة تلقاها للانضمام سنة 2011.

[Chunk 3]
موريتانيا أو ( رسميا : الجمهورية الإسلامية الموريتانية ) ، هي دولة عربية وأفريقية ، تقع في شمال غرب أفريقيا وعلى شاطئ المحيط الأطلسي ، يحدها من الشمال كل من المغرب والجزائر ، ومن الجنوب السنغال ، ومن الشرق والجنوب مالي ، وكنقطة وصل بين شمال أفريقيا وجنوبها تجمع صحراء موريتانيا الشاسعة منذ آلاف السنين ، بين أعراق وثقافات مختلفة منها عربية وأمازيغية وإفريقية .",أين يقع المغرب ؟,تقع في أقصى غرب شمال أفريقيا,في أقصى غرب شمال أفريقيا.,0.66,0.92,0.92
"[Chunk 1]
المغرب عضو في الأمم المتحدة منذ 1956 وجامعة الدول العربية منذ 1958 واللجنة الدولية الأولمبية منذ 1959 ومنظمة التعاون الإسلامي منذ 1969 والمنظمة الدولية الفرانكوفونية منذ 1981 وهو عضو مؤسس في اتحاد المغرب العربي منذ 1989 ومجموعة الحوار المتوسطي منذ 1995 ومجموعة سبعة وسبعون منذ 2003 ومنظمة حلف شمال الأطلسي كحليف رئيس خارجه منذ 2004 ، ثم الاتحاد من أجل المتوسط سنة 2008. كما تم انتخاب المغرب مؤخرا عضوا جديدا غير دائم بمجلس الأمن التابع للأمم المتحدة لولاية تمتد لسنتين ، ابتداء من فاتح يناير 2012 إلى غاية ديسمبر 2013 ، وعضو في الاتحاد الأفريقي الذي حل محل منظمة الوحدة الأفريقية والتي كان قد سبق وانسحب منها المغرب عام 1984 بسبب رفضها الاعتراف بسيادته على الصحراء المغربية ، بيد أن لها مكانا خاصا في الاتحاد : بالاستفادة من الخدمات التي تتيحها دول الاتحاد ، كمجموعة البنك الإفريقي للتنمية . سنة 2008 منح الاتحاد الأوروبي للمغرب الوضع المتقدم في اتفاقيات الشراكة والجوار والذي يمكن المغرب من المشاركة في بعض الوكالات الأوروبية . كما وافق المغرب على الانضمام تدريجيا إلى مجلس التعاون الخليجي بعد دعوة تلقاها للانضمام سنة 2011.

[Chunk 2]
الأمم المتحدة منظمة عالمية تضم في عضويتها جميع دول العالم المستقلة تقريبا . تأسست منظمة الأمم المتحدة بتاريخ 24 أكتوبر 1945 في مدينة سان فرانسيسكو ، كاليفورنيا الأمريكية ، تبعا لمؤتمر دومبارتون أوكس الذي عقد في العاصمة واشنطن .

[Chunk 3]
الأمم المتحدة منظمة عالمية تضم في عضويتها جميع دول العالم المستقلة تقريبا . تأسست منظمة الأمم المتحدة بتاريخ 24 أكتوبر 1945 في مدينة سان فرانسيسكو ، كاليفورنيا الأمريكية ، تبعا لمؤتمر دومبارتون أوكس الذي عقد في العاصمة واشنطن . يتم تمويل المنظمة من خلال المساهمات المقدرة والمساهمات الطوعية من الدول الأعضاء فيها . توجد مكاتب رئيسية أخرى في جنيف ونيروبي وفيينا . وتشمل أهدافها الحفاظ على السلام والأمن الدوليين ، وحماية حقوق الإنسان ، وتقديم المساعدات الإنسانية ، وتعزيز التنمية المستدامة ، ودعم القانون الدولي .",من متى كان المغرب عضوا في الأمم المتحدة ؟,منذ 1956,منذ 1956,0.5,0.92,0.9
"[Chunk 1]
المغرب دولة ذات نظام ملكي برلماني دستوري ببرلمان يتم انتخابه . الانتخابات البرلمانية لعام 2011 تم رصدها من طرف مراقبين دوليين لثاني مرة في المغرب ، وعلى الرغم من ذلك فإن نسبة المشاركة بلغت 45 , 44 % من إجمالي الناخبين ، الرابح في الانتخابات الأخيرة هو حزب العدالة والتنمية بعد حصوله على 125 مقعد في البرلمان ،

[Chunk 2]
المغرب عضو في الأمم المتحدة منذ 1956 وجامعة الدول العربية منذ 1958 واللجنة الدولية الأولمبية منذ 1959 ومنظمة التعاون الإسلامي منذ 1969 والمنظمة الدولية الفرانكوفونية منذ 1981 وهو عضو مؤسس في اتحاد المغرب العربي منذ 1989 ومجموعة الحوار المتوسطي منذ 1995 ومجموعة سبعة وسبعون منذ 2003 ومنظمة حلف شمال الأطلسي كحليف رئيس خارجه منذ 2004 ، ثم الاتحاد من أجل المتوسط سنة 2008. كما تم انتخاب المغرب مؤخرا عضوا جديدا غير دائم بمجلس الأمن التابع للأمم المتحدة لولاية تمتد لسنتين ، ابتداء من فاتح يناير 2012 إلى غاية ديسمبر 2013 ، وعضو في الاتحاد الأفريقي الذي حل محل منظمة الوحدة الأفريقية والتي كان قد سبق وانسحب منها المغرب عام 1984 بسبب رفضها الاعتراف بسيادته على الصحراء المغربية ، بيد أن لها مكانا خاصا في الاتحاد : بالاستفادة من الخدمات التي تتيحها دول الاتحاد ، كمجموعة البنك الإفريقي للتنمية . سنة 2008 منح الاتحاد الأوروبي للمغرب الوضع المتقدم في اتفاقيات الشراكة والجوار والذي يمكن المغرب من المشاركة في بعض الوكالات الأوروبية . كما وافق المغرب على الانضمام تدريجيا إلى مجلس التعاون الخليجي بعد دعوة تلقاها للانضمام سنة 2011.

[Chunk 3]
المغرب أو ( رسميا : المملكة المغربية ) ( بالأمازيغية : : وتنطق لمغريب ) هي دولة عربية تقع في أقصى غرب شمال أفريقيا عاصمتها الرباط وأكبر مدنها الدار البيضاء التي تعد العاصمة الاقتصادية ، ومن أهم المدن : سلا ، فاس ، مراكش ، مكناس ، طنجة ، أكادير ، آسفي ، تطوان ، وزان ، وجدة ، سطات ، تازة ، العيون ( مدينة ) والحسيمة .",ما هي الانتخابات التي راقبها مراقبون دوليون للمرة الثانية في المغرب ؟,الانتخابات البرلمانية لعام 2011,انتخابات برلمانية 2011,0.9,0.9,0.91
"[Chunk 1]
الدولة العثمانية ، أو الدولة العلية العثمانية ( بالتركية العثمانية : دولت عليه عثمانيه ؛ بالتركية الحديثة : Yüce Osmanlı Devleti ) أو الخلافة العثمانية ، هي إمبراطورية إسلامية أسسها عثمان الأول بن أرطغرل ، واستمرت قائمة لما يقرب من 600 سنة ، وبالتحديد من 27 يوليو 1299 م حتى 29 أكتوبر 1923 م .

[Chunk 2]
الدولة العثمانية ، أو الدولة العلية العثمانية ( بالتركية العثمانية : دولت عليه عثمانيه ؛ بالتركية الحديثة : Yüce Osmanlı Devleti ) أو الخلافة العثمانية ، هي إمبراطورية إسلامية أسسها عثمان الأول بن أرطغرل ، واستمرت قائمة لما يقرب من 600 سنة ، وبالتحديد من 27 يوليو 1299 م حتى 29 أكتوبر 1923 م . نشأت الدولة العثمانية بداية كإمارة حدود تركمانية تعمل في خدمة سلطنة سلاجقة الروم وترد الغارات البيزنطية عن ديار الإسلام ، وبعد سقوط السلطنة سالفة الذكر استقلت الإمارات التركمانية التابعة لها ، بما فيها الإمارة العثمانية ، التي قدر لها أن تبتلع سائر الإمارات بمرور الوقت . عبر العثمانيون إلى أوروبا الشرقية لأول مرة بعد سنة 1354 م ، وخلال السنوات اللاحقة تمكن العثمانيون من فتح أغلب البلاد البلقانية ، فتحولت إمارتهم الصغيرة إلى دولة كبيرة ، وكانت أول دولة إسلامية تتخذ لها موطئ قدم في البلقان ، كما قدر للعثمانيين أن يفتتحوا القسطنطينية سنة 1453 م ، ويسقطوا الإمبراطورية البيزنطية بعد أن عاشت أحد عشر قرنا ونيفا ، وذلك تحت قيادة السلطان محمد الفاتح .

[Chunk 3]
سلاطين الدولة العثمانية هم مجموعة من السلاطين الترك المسلمين السنة من آل عثمان حكموا إمبراطورية مترامية الأطراف امتدت أراضيها على ثلاث قارات ، وقد جمعوا بين الخلافة الإسلامية والسلطنة بداية من عام 1517 م ، ودام ملكهم من عام 1299 م إلى عام 1922 م . امتدت دولتهم عندما بلغت أوج عظمتها وقوتها من المجر شمالا إلى الحبشة جنوبا ( ما يعرف بالصومال حاليا ) ، ومن المغرب الأوسط ( الجزائر حاليا ) غربا إلى أذربيجان شرقا ( بعض أنحاء محافظة أذربيجان الشرقية في إيران حاليا ).",من اسس الدولة العثمانية ؟,"عثمان الأول بن أرطغرل ،",عثمان الأول بن أرطغرل,0.9,0.91,0.91
"[Chunk 1]
الدولة العثمانية ، أو الدولة العلية العثمانية ( بالتركية العثمانية : دولت عليه عثمانيه ؛ بالتركية الحديثة : Yüce Osmanlı Devleti ) أو الخلافة العثمانية ، هي إمبراطورية إسلامية أسسها عثمان الأول بن أرطغرل ، واستمرت قائمة لما يقرب من 600 سنة ، وبالتحديد من 27 يوليو 1299 م حتى 29 أكتوبر 1923 م . نشأت الدولة العثمانية بداية كإمارة حدود تركمانية تعمل في خدمة سلطنة سلاجقة الروم وترد الغارات البيزنطية عن ديار الإسلام ، وبعد سقوط السلطنة سالفة الذكر استقلت الإمارات التركمانية التابعة لها ، بما فيها الإمارة العثمانية ، التي قدر لها أن تبتلع سائر الإمارات بمرور الوقت . عبر العثمانيون إلى أوروبا الشرقية لأول مرة بعد سنة 1354 م ، وخلال السنوات اللاحقة تمكن العثمانيون من فتح أغلب البلاد البلقانية ، فتحولت إمارتهم الصغيرة إلى دولة كبيرة ، وكانت أول دولة إسلامية تتخذ لها موطئ قدم في البلقان ، كما قدر للعثمانيين أن يفتتحوا القسطنطينية سنة 1453 م ، ويسقطوا الإمبراطورية البيزنطية بعد أن عاشت أحد عشر قرنا ونيفا ، وذلك تحت قيادة السلطان محمد الفاتح .

[Chunk 2]
بلغت الدولة العثمانية ذروة مجدها وقوتها خلال القرنين السادس عشر والسابع عشر ، فامتدت أراضيها لتشمل أنحاء واسعة من قارات العالم القديم الثلاثة : أوروبا وآسيا وأفريقيا ، حيث خضعت لها كامل آسيا الصغرى وأجزاء كبيرة من جنوب شرق أوروبا ، وغربي آسيا ، وشمالي أفريقيا . وصل عدد الولايات العثمانية إلى 29 ولاية ، وكان للدولة سيادة اسمية على عدد من الدول والإمارات المجاورة في أوروبا ، التي أضحى بعضها يشكل جزءا فعليا من الدولة مع مرور الزمن ، بينما حصل بعضها الآخر على نوع من الاستقلال الذاتي . وعندما ضم العثمانيون الشام ومصر والحجاز سنة 1517 م ، وأسقطوا الدولة المملوكية بعد أن شاخت وتراجعت قوتها ، تنازل آخر الخلفاء العباسيين المقيم في القاهرة محمد المتوكل على الله عن الخلافة للسلطان سليم الأول ، ومنذ ذلك الحين أصبح سلاطين آل عثمان خلفاء المسلمين . كان للدولة العثمانية سيادة على بضعة دول بعيدة كذلك الأمر ، إما بحكم كونها دولا إسلامية تتبع شرعا سلطان آل عثمان كونه يحمل لقب "" أمير المؤمنين "" و "" خليفة المسلمين "" ، كما في حالة سلطنة آتشيه السومطرية التي أعلنت ولاءها للسلطان في سنة 1565 م ؛ أو عن طريق استحواذها عليها لفترة مؤقتة ، كما في حالة جزيرة "" أنزاروت "" في المحيط الأطلسي ، والتي فتحها العثمانيون سنة 1585 م .

[Chunk 3]
سلاطين الدولة العثمانية هم مجموعة من السلاطين الترك المسلمين السنة من آل عثمان حكموا إمبراطورية مترامية الأطراف امتدت أراضيها على ثلاث قارات ، وقد جمعوا بين الخلافة الإسلامية والسلطنة بداية من عام 1517 م ، ودام ملكهم من عام 1299 م إلى عام 1922 م . امتدت دولتهم عندما بلغت أوج عظمتها وقوتها من المجر شمالا إلى الحبشة جنوبا ( ما يعرف بالصومال حاليا ) ، ومن المغرب الأوسط ( الجزائر حاليا ) غربا إلى أذربيجان شرقا ( بعض أنحاء محافظة أذربيجان الشرقية في إيران حاليا ).",متى عبر العثمانيون إلى أوروبا الشرقية لأول مرة ؟,"بعد سنة 1354 م ،",1354 م,0.91,0.92,0.9
"[Chunk 1]
سلاطين الدولة العثمانية هم مجموعة من السلاطين الترك المسلمين السنة من آل عثمان حكموا إمبراطورية مترامية الأطراف امتدت أراضيها على ثلاث قارات ، وقد جمعوا بين الخلافة الإسلامية والسلطنة بداية من عام 1517 م ، ودام ملكهم من عام 1299 م إلى عام 1922 م . امتدت دولتهم عندما بلغت أوج عظمتها وقوتها من المجر شمالا إلى الحبشة جنوبا ( ما يعرف بالصومال حاليا ) ، ومن المغرب الأوسط ( الجزائر حاليا ) غربا إلى أذربيجان شرقا ( بعض أنحاء محافظة أذربيجان الشرقية في إيران حاليا ).

[Chunk 2]
بلغت الدولة العثمانية ذروة مجدها وقوتها خلال القرنين السادس عشر والسابع عشر ، فامتدت أراضيها لتشمل أنحاء واسعة من قارات العالم القديم الثلاثة : أوروبا وآسيا وأفريقيا ، حيث خضعت لها كامل آسيا الصغرى وأجزاء كبيرة من جنوب شرق أوروبا ، وغربي آسيا ، وشمالي أفريقيا . وصل عدد الولايات العثمانية إلى 29 ولاية ، وكان للدولة سيادة اسمية على عدد من الدول والإمارات المجاورة في أوروبا ، التي أضحى بعضها يشكل جزءا فعليا من الدولة مع مرور الزمن ، بينما حصل بعضها الآخر على نوع من الاستقلال الذاتي . وعندما ضم العثمانيون الشام ومصر والحجاز سنة 1517 م ، وأسقطوا الدولة المملوكية بعد أن شاخت وتراجعت قوتها ، تنازل آخر الخلفاء العباسيين المقيم في القاهرة محمد المتوكل على الله عن الخلافة للسلطان سليم الأول ، ومنذ ذلك الحين أصبح سلاطين آل عثمان خلفاء المسلمين . كان للدولة العثمانية سيادة على بضعة دول بعيدة كذلك الأمر ، إما بحكم كونها دولا إسلامية تتبع شرعا سلطان آل عثمان كونه يحمل لقب "" أمير المؤمنين "" و "" خليفة المسلمين "" ، كما في حالة سلطنة آتشيه السومطرية التي أعلنت ولاءها للسلطان في سنة 1565 م ؛ أو عن طريق استحواذها عليها لفترة مؤقتة ، كما في حالة جزيرة "" أنزاروت "" في المحيط الأطلسي ، والتي فتحها العثمانيون سنة 1585 م .

[Chunk 3]
سلاطين الدولة العثمانية هم مجموعة من السلاطين الترك المسلمين السنة من آل عثمان حكموا إمبراطورية مترامية الأطراف امتدت أراضيها على ثلاث قارات ، وقد جمعوا بين الخلافة الإسلامية والسلطنة بداية من عام 1517 م ، ودام ملكهم من عام 1299 م إلى عام 1922 م .",ما هي القارات ابتي شملتها أراضي الدولة العثمانية ؟,"أوروبا وآسيا وأفريقيا ،",أوروبا وآسيا وأفريقيا,0.92,0.91,0.91
"[Chunk 1]
الولايات المتحدة الأمريكية هي جمهورية دستورية اتحادية تضم خمسين ولاية ومنطقة العاصمة الاتحادية . تقع معظم البلاد في وسط أمريكا الشمالية ، حيث تقع 48 ولاية وواشنطن العاصمة بين المحيط الهادئ والمحيط الأطلسي وتحدها كندا شمالا والمكسيك جنوبا . تقع ولاية ألاسكا في الشمال الغربي من القارة ، وتحدها كندا شرقا وروسيا غربا عبر مضيق بيرينغ . أما ولاية هاواي ، وهي عبارة عن أرخبيل فتقع في منتصف المحيط الهادئ . كما تضم الدولة العديد من الأراضي والجزر في الكاريبي والمحيط الهادئ .

[Chunk 2]
الولايات المتحدة الأمريكية ( 2 ) ( بالإنجليزية : United States of America يونايتد ستيتس أوف أميركا ) هي جمهورية دستورية اتحادية ( 1 ) تضم خمسين ولاية ومنطقة العاصمة الاتحادية .

[Chunk 3]
تأتي الولايات المتحدة في المركز الثالث من حيث المساحة ( 3.79 مليون ميل مربع أو 9.83 مليون كم ) ، وتحتل المرتبة الثالثة من حيث عدد السكان ( 307 مليون نسمة ). وتتميز الولايات المتحدة بأنها واحدة من أكثر دول العالم تنوعا من حيث العرق والثقافة ، وجاء ذلك نتيجة الهجرة الكبيرة إليها من بلدان مختلفة . يعتبر الاقتصاد الأمريكي أكبر اقتصاد وطني في العالم ، حيث يقدر إجمالي الناتج المحلى لعام 2008 بنحو 14.3 تريليون دولار أمريكي ( 23 في المائة من المجموع العالمي ، استنادا إلى إجمالي الناتج المحلى الاسمي و 21 % تقريبا من حيث القوة الشرائية ).",ما هو عدد الولايات في الولايات المتحدة الأمريكية ؟,خمسين ولاية,خمسين,0.92,0.9,0.91
"[Chunk 1]
الولايات المتحدة الأمريكية هي جمهورية دستورية اتحادية تضم خمسين ولاية ومنطقة العاصمة الاتحادية . تقع معظم البلاد في وسط أمريكا الشمالية ، حيث تقع 48 ولاية وواشنطن العاصمة بين المحيط الهادئ والمحيط الأطلسي وتحدها كندا شمالا والمكسيك جنوبا . تقع ولاية ألاسكا في الشمال الغربي من القارة ، وتحدها كندا شرقا وروسيا غربا عبر مضيق بيرينغ . أما ولاية هاواي ، وهي عبارة عن أرخبيل فتقع في منتصف المحيط الهادئ . كما تضم الدولة العديد من الأراضي والجزر في الكاريبي والمحيط الهادئ .

[Chunk 2]
الولايات المتحدة الأمريكية ( 2 ) ( بالإنجليزية : United States of America يونايتد ستيتس أوف أميركا ) هي جمهورية دستورية اتحادية ( 1 ) تضم خمسين ولاية ومنطقة العاصمة الاتحادية .

[Chunk 3]
كندا ( بالإنجليزية والفرنسية : Canada ) ، رسميا اتحاد كندا ، هي دولة في أمريكا الشمالية تتألف من 10 مقاطعات وثلاثة أقاليم . أراضي كندا مأهولة منذ آلاف السنين من قبل مجموعات مختلفة من السكان الأصليين . مع حلول أواخر القرن الخامس عشر بدأت الحملات البريطانية والفرنسية استكشاف المنطقة ومن ثم استوطنتها على طول ساحل المحيط الأطلسي . تنازلت فرنسا عن ما يقرب من جميع مستعمراتها في أمريكا الشمالية في عام 1763 بعد حرب السنوات السبع . في عام 1867 ، مع اتحاد ثلاثة مستعمرات بريطانية في أمريكا الشمالية عبر كونفدرالية تشكلت كندا باعتبارها كيانا فدراليا ذا سيادة يضم أربع مقاطعات . بدأ ذلك عملية اتسعت فيها مساحة كندا وتوسع حكمها الذاتي عن المملكة المتحدة . تجلت هذه الاستقلالية من خلال تشريع وستمنستر عام 1931 وبلغت ذروتها في صورة قانون كندا عام 1982 والذي قطع الاعتماد القانوني لكندا على البرلمان البريطاني .",اين تقع ولاية ألاسكا ؟,"الشمال الغربي من القارة ،",في الشمال الغربي من القارة.,0.9,0.91,0.92
"[Chunk 1]
تأتي الولايات المتحدة في المركز الثالث من حيث المساحة ( 3.79 مليون ميل مربع أو 9.83 مليون كم ) ، وتحتل المرتبة الثالثة من حيث عدد السكان ( 307 مليون نسمة ). وتتميز الولايات المتحدة بأنها واحدة من أكثر دول العالم تنوعا من حيث العرق والثقافة ، وجاء ذلك نتيجة الهجرة الكبيرة إليها من بلدان مختلفة . يعتبر الاقتصاد الأمريكي أكبر اقتصاد وطني في العالم ، حيث يقدر إجمالي الناتج المحلى لعام 2008 بنحو 14.3 تريليون دولار أمريكي ( 23 في المائة من المجموع العالمي ، استنادا إلى إجمالي الناتج المحلى الاسمي و 21 % تقريبا من حيث القوة الشرائية ).

[Chunk 2]
الولايات المتحدة الأمريكية هي جمهورية دستورية اتحادية تضم خمسين ولاية ومنطقة العاصمة الاتحادية . تقع معظم البلاد في وسط أمريكا الشمالية ، حيث تقع 48 ولاية وواشنطن العاصمة بين المحيط الهادئ والمحيط الأطلسي وتحدها كندا شمالا والمكسيك جنوبا . تقع ولاية ألاسكا في الشمال الغربي من القارة ، وتحدها كندا شرقا وروسيا غربا عبر مضيق بيرينغ . أما ولاية هاواي ، وهي عبارة عن أرخبيل فتقع في منتصف المحيط الهادئ . كما تضم الدولة العديد من الأراضي والجزر في الكاريبي والمحيط الهادئ .

[Chunk 3]
الولايات المتحدة الأمريكية ( 2 ) ( بالإنجليزية : United States of America يونايتد ستيتس أوف أميركا ) هي جمهورية دستورية اتحادية ( 1 ) تضم خمسين ولاية ومنطقة العاصمة الاتحادية .",ما هي مساحة الولايات المتحدة الأمريكية ؟,"( 3.79 مليون ميل مربع أو 9.83 مليون كم ) ،",3.79 مليون ميل مربع أو 9.83 مليون كم²,0.91,0.9,0.9
"[Chunk 1]
الحرب العالمية الأولى ، وتسمى أيضا الحرب العظمى ، كانت حرب عالمية نشبت بداية في أوروبا من 28 يوليو 1914 وانتهت في 11 نوفمبر 1918. وصفت وقت حدوثها ب "" الحرب التي ستنهي كل الحروب "" ، وتم جمع أكثر من 70 مليون فرد عسكري ، 60 مليون منهم أوربيين ، للمشاركة في واحدة من أكبر الحروب في التاريخ .

[Chunk 2]
الحرب العالمية الأولى ، وتسمى أيضا الحرب العظمى ، كانت حرب عالمية نشبت بداية في أوروبا من 28 يوليو 1914 وانتهت في 11 نوفمبر 1918. وصفت وقت حدوثها ب "" الحرب التي ستنهي كل الحروب "" ، وتم جمع أكثر من 70 مليون فرد عسكري ، 60 مليون منهم أوربيين ، للمشاركة في واحدة من أكبر الحروب في التاريخ . لقي أكثر من تسعة ملايين مقاتل وسبعة ملايين مدني مصرعهم نتيجة الحرب ، وتعتبر أيضا عامل مساهم في عدد من جرائم الإبادة الجماعية والإنفلونزا الأسبانية عام 1918 ، والذي تسبب في ما بين 50 و 100 مليون حالة وفاة في جميع أنحاء العالم . تفاقم معدل الخسائر العسكرية بسبب التطور التقني والصناعي للمتحاربين ، والركود التكتيكي الناجم عن حرب الخنادق القاسية . تعد الحرب أحد أعنف صراعات في التاريخ ، وتسببت في التمهيد لتغييرات سياسية كبيرة تضمنت ثورات 1917–1923 في العديد من الدول المشتركة . ساهمت الصراعات غير المحلولة في نهاية النزاع في بداية الحرب العالمية الثانية بعد عشرين سنة .

[Chunk 3]
الحرب العالمية الثانية هي حرب دولية بدأت في الأول من سبتمبر من عام 1939 في أوروبا وانتهت في الثاني من سبتمبر عام 1945 ، شاركت فيه الغالبية العظمى من دول العالم منها الدول العظمى في حلفين عسكريين متنازعين هما : قوات الحلفاء ، ودول المحور ، كما أنها الحرب الأوسع في التاريخ ، وشارك فيها بصورة مباشرة أكثر من 100 مليون شخص من أكثر من 30 بلدا ، وقد وضعت الدول الرئيسية كافة قدراتها العسكرية والاقتصادية والصناعية والعلمية في خدمة المجهود الحربي .",متى نشبت الحرب العالمية الأولى ؟,28 يوليو 1914,28 يوليو 1914,0.91,0.91,0.91
"[Chunk 1]
الحرب العالمية الأولى ، وتسمى أيضا الحرب العظمى ، كانت حرب عالمية نشبت بداية في أوروبا من 28 يوليو 1914 وانتهت في 11 نوفمبر 1918. وصفت وقت حدوثها ب "" الحرب التي ستنهي كل الحروب "" ، وتم جمع أكثر من 70 مليون فرد عسكري ، 60 مليون منهم أوربيين ، للمشاركة في واحدة من أكبر الحروب في التاريخ . لقي أكثر من تسعة ملايين مقاتل وسبعة ملايين مدني مصرعهم نتيجة الحرب ، وتعتبر أيضا عامل مساهم في عدد من جرائم الإبادة الجماعية والإنفلونزا الأسبانية عام 1918 ، والذي تسبب في ما بين 50 و 100 مليون حالة وفاة في جميع أنحاء العالم . تفاقم معدل الخسائر العسكرية بسبب التطور التقني والصناعي للمتحاربين ، والركود التكتيكي الناجم عن حرب الخنادق القاسية . تعد الحرب أحد أعنف صراعات في التاريخ ، وتسببت في التمهيد لتغييرات سياسية كبيرة تضمنت ثورات 1917–1923 في العديد من الدول المشتركة . ساهمت الصراعات غير المحلولة في نهاية النزاع في بداية الحرب العالمية الثانية بعد عشرين سنة .

[Chunk 2]
الحرب العالمية الأولى ، وتسمى أيضا الحرب العظمى ، كانت حرب عالمية نشبت بداية في أوروبا من 28 يوليو 1914 وانتهت في 11 نوفمبر 1918. وصفت وقت حدوثها ب "" الحرب التي ستنهي كل الحروب "" ، وتم جمع أكثر من 70 مليون فرد عسكري ، 60 مليون منهم أوربيين ، للمشاركة في واحدة من أكبر الحروب في التاريخ .

[Chunk 3]
الحرب العالمية الثانية هي حرب دولية بدأت في الأول من سبتمبر من عام 1939 في أوروبا وانتهت في الثاني من سبتمبر عام 1945 ، شاركت فيه الغالبية العظمى من دول العالم منها الدول العظمى في حلفين عسكريين متنازعين هما : قوات الحلفاء ، ودول المحور ، كما أنها الحرب الأوسع في التاريخ ، وشارك فيها بصورة مباشرة أكثر من 100 مليون شخص من أكثر من 30 بلدا ، وقد وضعت الدول الرئيسية كافة قدراتها العسكرية والاقتصادية والصناعية والعلمية في خدمة المجهود الحربي . تميزت الحرب العالمية الثانية بعدد كبير من القتلى المدنيين ، القصف الاستراتيجي الذي أودى بحياة حوالي مليون شخص ، ومنه القنبلتان الذريتان اللتان ألقيتا على هيروشيما وناغازاكي ، أدت الحرب إلى وقوع ما بين 50 و 85 مليون قتيل حسب التقديرات ؛ لذلك تعد الحرب العالمية الثانية أكثر الحروب دموية في تاريخ البشرية .",ما هو عدد القتلى نتيجة الحرب العالمية الأولى ؟,"أكثر من 70 مليون فرد عسكري ،",أكثر من تسعة ملايين مقاتل وسبعة ملايين مدني مصرعهم,0.9,0.9,0.92
"[Chunk 1]
بين عامي 1908 و 1914 ، كانت منطقة البلقان قد زعزع استقرارها بسبب مزيج من الإمبراطورية العثمانية الضعيفة وحروب البلقان 1912 -1913 والأهداف الروسية والنمساوية المجرية المتنافسة . وفي يوم 28 يونيو 1914 ، قام القومي الصرب بوسني اليوغسلافيوي غافريلو برينسيب باغتيال ولي عهد النمسا الأرشيدوق فرانز فرديناند مع زوجته في سراييفو ، ما أدى إلى نشوب أزمة يوليو . وفي 23 يوليو ، أصدرت النمسا - المجر إنذارا نهائيا إلى صربيا . وسرعان ما استقطبت التحالفات المتشابكة جميع القوى الأوروبية الرئيسية مع الإمبراطوريات الاستعمارية الخاصة بها ، وانتشر الصراع بسرعة في جميع أنحاء العالم .

[Chunk 2]
حاليا ، النظام السياسي في النمسا هو الديمقراطية التمثيلية البرلمانية شبه رئاسي تضم تسع ولايات اتحادية والعاصمة ( فيينا ) وهي أكبر المدن ، يتجاوز عدد سكانها 1.7 مليون نسمة النمسا هي واحدة من أغنى البلدان في العالم ، حيث يبلغ الناتج المحلي الإجمالي الاسمي للفرد الواحد حوالي 46 , 330 $ ( 2012 تخمين ). وقد وضعت البلاد على مستوى عال من المعيشة في عام 2011 وكانت في المرتبة 19 في العالم من حيث مؤشر التنمية البشرية . النمسا عضو في الأمم المتحدة منذ عام 1955 انضمت إلى الاتحاد الأوروبي في عام 1995 ، من وهو يمؤسس منظمة التعاون والتنمية . كما وقعت النمسا اتفاقية شنغن في عام 1995 ، واعتمدت العملة الأوروبية ، اليورو ، في عام 1999. العيد الوطني في النمسا يقع في يوم 26 أكتوبر / تشرين الأول .

[Chunk 3]
سويسرا ""( بالألمانية : die Schweiz ، بالفرنسية : la Suisse ، بالإيطالية : Svizzera ، بالرومانشية : Svizra )"" ورسميا الاتحاد السويسري هي جمهورية فيدرالية تتكون من 26 كانتون ، مع برن كمقر للسلطات الاتحادية . تقع سويسرا في غرب أوروبا ، حيث تحدها ألمانيا من الشمال ، فرنسا من الغرب ، إيطاليا من الجنوب ، والنمسا وليختنشتاين من الشرق . تشكلت الكنفدرالية السويسرية على مدى عدة قرون ، لكنها تميزت منذ نهاية القرن الثالث عشر بحرصها على الحياد ، وابتعادها عن الدخول في حروب مع جيرانها . ومع أنها تقع في قلب القارة الأوروبية ، إلا أنها تمتاز عن معظم الدول المجاورة لها بتنوعها الديني واللغوي وتمسكها بممارسة الديمقراطية المباشرة .",متى قام غافريلو برينسيب باغتيال ولي عهد النمسا فرانز فرديناند ؟,"28 يونيو 1914 ،",28 يونيو 1914,0.44,0.9,0.9
"[Chunk 1]
الحرب العالمية الثانية هي حرب دولية بدأت في الأول من سبتمبر من عام 1939 في أوروبا وانتهت في الثاني من سبتمبر عام 1945 ، شاركت فيه الغالبية العظمى من دول العالم منها الدول العظمى في حلفين عسكريين متنازعين هما : قوات الحلفاء ، ودول المحور ، كما أنها الحرب الأوسع في التاريخ ، وشارك فيها بصورة مباشرة أكثر من 100 مليون شخص من أكثر من 30 بلدا ، وقد وضعت الدول الرئيسية كافة قدراتها العسكرية والاقتصادية والصناعية والعلمية في خدمة المجهود الحربي .

[Chunk 2]
الحرب العالمية الثانية هي حرب دولية بدأت في الأول من سبتمبر من عام 1939 في أوروبا وانتهت في الثاني من سبتمبر عام 1945 ، شاركت فيه الغالبية العظمى من دول العالم منها الدول العظمى في حلفين عسكريين متنازعين هما : قوات الحلفاء ، ودول المحور ، كما أنها الحرب الأوسع في التاريخ ، وشارك فيها بصورة مباشرة أكثر من 100 مليون شخص من أكثر من 30 بلدا ، وقد وضعت الدول الرئيسية كافة قدراتها العسكرية والاقتصادية والصناعية والعلمية في خدمة المجهود الحربي . تميزت الحرب العالمية الثانية بعدد كبير من القتلى المدنيين ، القصف الاستراتيجي الذي أودى بحياة حوالي مليون شخص ، ومنه القنبلتان الذريتان اللتان ألقيتا على هيروشيما وناغازاكي ، أدت الحرب إلى وقوع ما بين 50 و 85 مليون قتيل حسب التقديرات ؛ لذلك تعد الحرب العالمية الثانية أكثر الحروب دموية في تاريخ البشرية .

[Chunk 3]
الحرب العالمية الأولى ، وتسمى أيضا الحرب العظمى ، كانت حرب عالمية نشبت بداية في أوروبا من 28 يوليو 1914 وانتهت في 11 نوفمبر 1918. وصفت وقت حدوثها ب "" الحرب التي ستنهي كل الحروب "" ، وتم جمع أكثر من 70 مليون فرد عسكري ، 60 مليون منهم أوربيين ، للمشاركة في واحدة من أكبر الحروب في التاريخ . لقي أكثر من تسعة ملايين مقاتل وسبعة ملايين مدني مصرعهم نتيجة الحرب ، وتعتبر أيضا عامل مساهم في عدد من جرائم الإبادة الجماعية والإنفلونزا الأسبانية عام 1918 ، والذي تسبب في ما بين 50 و 100 مليون حالة وفاة في جميع أنحاء العالم . تفاقم معدل الخسائر العسكرية بسبب التطور التقني والصناعي للمتحاربين ، والركود التكتيكي الناجم عن حرب الخنادق القاسية . تعد الحرب أحد أعنف صراعات في التاريخ ، وتسببت في التمهيد لتغييرات سياسية كبيرة تضمنت ثورات 1917–1923 في العديد من الدول المشتركة . ساهمت الصراعات غير المحلولة في نهاية النزاع في بداية الحرب العالمية الثانية بعد عشرين سنة .",متى بدأت الحرب العالمية الثانية ؟,في الأول من سبتمبر من عام 1939,في الأول من سبتمبر عام 1939.,0.92,0.9,0.91
"[Chunk 1]
الحرب العالمية الثانية هي حرب دولية بدأت في الأول من سبتمبر من عام 1939 في أوروبا وانتهت في الثاني من سبتمبر عام 1945 ، شاركت فيه الغالبية العظمى من دول العالم منها الدول العظمى في حلفين عسكريين متنازعين هما : قوات الحلفاء ، ودول المحور ، كما أنها الحرب الأوسع في التاريخ ، وشارك فيها بصورة مباشرة أكثر من 100 مليون شخص من أكثر من 30 بلدا ، وقد وضعت الدول الرئيسية كافة قدراتها العسكرية والاقتصادية والصناعية والعلمية في خدمة المجهود الحربي . تميزت الحرب العالمية الثانية بعدد كبير من القتلى المدنيين ، القصف الاستراتيجي الذي أودى بحياة حوالي مليون شخص ، ومنه القنبلتان الذريتان اللتان ألقيتا على هيروشيما وناغازاكي ، أدت الحرب إلى وقوع ما بين 50 و 85 مليون قتيل حسب التقديرات ؛ لذلك تعد الحرب العالمية الثانية أكثر الحروب دموية في تاريخ البشرية .

[Chunk 2]
الحرب العالمية الثانية هي حرب دولية بدأت في الأول من سبتمبر من عام 1939 في أوروبا وانتهت في الثاني من سبتمبر عام 1945 ، شاركت فيه الغالبية العظمى من دول العالم منها الدول العظمى في حلفين عسكريين متنازعين هما : قوات الحلفاء ، ودول المحور ، كما أنها الحرب الأوسع في التاريخ ، وشارك فيها بصورة مباشرة أكثر من 100 مليون شخص من أكثر من 30 بلدا ، وقد وضعت الدول الرئيسية كافة قدراتها العسكرية والاقتصادية والصناعية والعلمية في خدمة المجهود الحربي .

[Chunk 3]
الحرب العالمية الأولى ، وتسمى أيضا الحرب العظمى ، كانت حرب عالمية نشبت بداية في أوروبا من 28 يوليو 1914 وانتهت في 11 نوفمبر 1918. وصفت وقت حدوثها ب "" الحرب التي ستنهي كل الحروب "" ، وتم جمع أكثر من 70 مليون فرد عسكري ، 60 مليون منهم أوربيين ، للمشاركة في واحدة من أكبر الحروب في التاريخ . لقي أكثر من تسعة ملايين مقاتل وسبعة ملايين مدني مصرعهم نتيجة الحرب ، وتعتبر أيضا عامل مساهم في عدد من جرائم الإبادة الجماعية والإنفلونزا الأسبانية عام 1918 ، والذي تسبب في ما بين 50 و 100 مليون حالة وفاة في جميع أنحاء العالم . تفاقم معدل الخسائر العسكرية بسبب التطور التقني والصناعي للمتحاربين ، والركود التكتيكي الناجم عن حرب الخنادق القاسية . تعد الحرب أحد أعنف صراعات في التاريخ ، وتسببت في التمهيد لتغييرات سياسية كبيرة تضمنت ثورات 1917–1923 في العديد من الدول المشتركة . ساهمت الصراعات غير المحلولة في نهاية النزاع في بداية الحرب العالمية الثانية بعد عشرين سنة .",ما هو عدد القتلى نتيجة الحرب العالمية الثانية ؟,ما بين 50 و 85 مليون قتيل,50 إلى 85 مليون قتيل حسب التقديرات,0.78,0.92,0.91
"[Chunk 1]
كانت الإمبراطورية اليابانية قد أعلنت الحرب على جمهورية الصين في 7 يوليو 1937 ، حيث هدفت إلى السيطرة على آسيا والمحيط الهادي ، إلا أن البداية الفعلية للحرب تعتبر في الأول من سبتمبر عام 1939 ، وذلك عندما قامت ألمانيا باجتياح بولندا ، وتوالت بعدها إعلانات الحرب على ألمانيا من قبل فرنسا والمملكة المتحدة . ومن أواخر عام 1939 إلى أوائل عام 1941 ، سيطرت ألمانيا النازية على مساحة واسعة من قارة أوروبا بعد سلسلة من الحملات العسكرية ، وشكلت تحالف دول المحور مع إيطاليا واليابان ، كما اتفقت مع الاتحاد السوفييتي على تقاسم الأراضي المجاورة لهما : بولندا ، وفنلندا ، ورومانيا ، ودول البلطيق . بقيت المعركة الأساسية في الحرب هي بين دول المحور من جهة ، والمملكة المتحدة إلى جانب دول الكومنولث من جهة أخرى ، إضافة إلى حملة في شمال إفريقيا وحملة أخرى في شرق أفريقيا ، إضافة إلى معركة برلين الجوية وقصف لندن ، وحملة البلقان ، ومعركة المحيط الأطلسي . وفي يونيو 1941 ، قام تحالف دول المحور بغزو الاتحاد السوفييتي فيما يعرف بعملية بارباروسا ، ما أدى إلى إشعال الجبهة الشرقية ، وهي أكبر مسرح للحرب في التاريخ ، ما جعل كبرى دول المحور في حرب استنزاف ، وقامت اليابان في ديسمبر 1941 بالهجوم على ميناء بيرل هاربر ، كما هاجمت منطقة ملايا البريطانية في المحيط الهادي ، فسيطرت سريعا على جزء كبير من غرب المحيط الهادي .

[Chunk 2]
اليابان ( باليابانية : وتنطق : نيون \ نيهون ، ومعناها : مصدر الشمس أو مشرق الشمس ، من : ني أي الشمس ، هون أي المنبع أو الأصل .) بلد في شرق آسيا ، تقع بين المحيط الهادئ وبحر اليابان ، وشرق شبه الجزيرة الكورية . أطلق الصينيون على البلاد اسم أرض مشرق - منبع - الشمس ، وهذا لوقوعها في أقصى شرقي العالم المأهول آنذاك . تتكون اليابان من جزر عديدة ( حوالي ثلاثة آلاف جزيرة ) ، أربع من هذه الجزر تعد الأهم والأكبر على الإطلاق ، وهي على التوالي ( من الجنوب إلى الشمال ): كيوشو (), شيكوكو (), هونشو (), هوكايدو (). بعد اعتماد الدستور في عام 1947 تحول نظام الحكم في اليابان إلى نظام ملكي دستوري يضم إمبراطورا وبرلمان منتخبا .

[Chunk 3]
ظهرت بدايات تمزق تلك الإمبراطورية في أعقاب الحرب على وراثة الحكم ما بين عامي 1260 و 1264 ما بين القبيلة الذهبية وخانات الجاكاتاي وهو بواقع الأمر بمثابة استقلال ورفض الخضوع لقوبلاي خان كخاقان للمغول . ولكن بعد موت قوبلاي خان انقسمت الإمبراطورية إلى أربعة خانات أو إمبراطوريات ، كل منها يهدف لتحقيق مصالحه واهتماماته الخاصة ، لكن الإمبراطورية ككل بقيت متماسكة ، متحدة وقوية . اتخذ خانات أسرة يوان الكبار ، لقب أباطرة الصين ، وقاموا بنقل عاصمتهم من قراقورم إلى خان بالق ( بكين حاليا ). وعلى الرغم من أن معظم الخانات تقبلوا هؤلاء الحكام الجدد وقدموا لهم الولاء وبعض الدعم بعد معاهدة السلام عام 1304 ، فإن الخانات الثلاثة الغربية تمتعت باستقلال تام تقريبا ، واستمر كل منها بالازدهار والنمو وحده ، كدولة ذات سيادة . وبنهاية القرن الرابع عشر كانت معظم خانات الإمبراطورية قد تحللت وانتهى أمرها ، على الرغم من أن أسرة يوان الشمالية استمرت بحكم منغوليا حتى القرن السابع عشر .",متى اعلنت الإمبراطورية اليابانية الحرب على جمهورية الصين ؟,"7 يوليو 1937 ،",7 يوليو 1937,0.92,0.91,0.91
"[Chunk 1]
كأس العالم 2018 هي البطولة الحادية والعشرون من بطولات كأس العالم لفرق الرجال الوطنية ، والمقامة تحت رعاية الاتحاد الدولي لكرة القدم ، وقد استضافتها روسيا في الفترة ما بين 14 يونيو ولغاية 15 يوليو من عام 2018. حيث استطاعت روسيا الفوز بشرف استضافة البطولة بعد قرار الاتحاد الدولي لكرة القدم المعلن عنه في 2 ديسمبر 2010. حيث استطاعت روسيا التغلب على 3 ترشيحات بالمجمل ، فتغلبت على ترشيح مشترك بين إسبانيا والبرتغال ، وتغلبت كذلك على ترشيح مشترك أيضا بين هولندا وبلجيكا ، وترشيح وحيد لإنجلترا . وهي النسخة الأولى من بطولات كأس العالم التي أقيمت في أوروبا الشرقية ، وكذلك هي المرة الأولى التي تستضيف بها القارة الأوروبية منافسات البطولة بعد بطولة كأس العالم 2006 والتي أقيمت في ألمانيا .

[Chunk 2]
كأس العالم 2018 هي البطولة الحادية والعشرون من بطولات كأس العالم لفرق الرجال الوطنية ، والمقامة تحت رعاية الاتحاد الدولي لكرة القدم ، وقد استضافتها روسيا في الفترة ما بين 14 يونيو ولغاية 15 يوليو من عام 2018. حيث استطاعت روسيا الفوز بشرف استضافة البطولة بعد قرار الاتحاد الدولي لكرة القدم المعلن عنه في 2 ديسمبر 2010. حيث استطاعت روسيا التغلب على 3 ترشيحات بالمجمل ، فتغلبت على ترشيح مشترك بين إسبانيا والبرتغال ، وتغلبت كذلك على ترشيح مشترك أيضا بين هولندا وبلجيكا ، وترشيح وحيد لإنجلترا .

[Chunk 3]
بطولة كأس العالم من أكثر الأحداث الرياضية مشاهدة على مستوى العالم ، ففي نهائي كأس العالم لكرة القدم 2006 ، الذي أقيم في ألمانيا ، قدر عدد من تابع المباراة النهائية ب 715 مليون شخص . حامل اللقب الحالي هو المنتخب الفرنسي الفائز بكأس العالم 2018 الذي أقيم في روسيا بعد فوزها في النهائي على المنتخب الكرواتي بنتيجة 4 -2.",أين أقيم كأس العالم 2018 ؟,روسيا,روسيا,0.9,0.9,0.9
"[Chunk 1]
كأس العالم 2018 هي البطولة الحادية والعشرون من بطولات كأس العالم لفرق الرجال الوطنية ، والمقامة تحت رعاية الاتحاد الدولي لكرة القدم ، وقد استضافتها روسيا في الفترة ما بين 14 يونيو ولغاية 15 يوليو من عام 2018. حيث استطاعت روسيا الفوز بشرف استضافة البطولة بعد قرار الاتحاد الدولي لكرة القدم المعلن عنه في 2 ديسمبر 2010. حيث استطاعت روسيا التغلب على 3 ترشيحات بالمجمل ، فتغلبت على ترشيح مشترك بين إسبانيا والبرتغال ، وتغلبت كذلك على ترشيح مشترك أيضا بين هولندا وبلجيكا ، وترشيح وحيد لإنجلترا . وهي النسخة الأولى من بطولات كأس العالم التي أقيمت في أوروبا الشرقية ، وكذلك هي المرة الأولى التي تستضيف بها القارة الأوروبية منافسات البطولة بعد بطولة كأس العالم 2006 والتي أقيمت في ألمانيا .

[Chunk 2]
بطولة كأس العالم من أكثر الأحداث الرياضية مشاهدة على مستوى العالم ، ففي نهائي كأس العالم لكرة القدم 2006 ، الذي أقيم في ألمانيا ، قدر عدد من تابع المباراة النهائية ب 715 مليون شخص . حامل اللقب الحالي هو المنتخب الفرنسي الفائز بكأس العالم 2018 الذي أقيم في روسيا بعد فوزها في النهائي على المنتخب الكرواتي بنتيجة 4 -2.

[Chunk 3]
تهيمن قارتا أوروبا وأمريكا الجنوبية على منافسات كأس العالم لكرة القدم ، فلم يخرج اللقب من تلك القارتين منذ إنشاء البطولة ، بل لم يتمكن أي فريق من خارج تلك القارتين بالتأهل للمباراة النهائية . ثمان منتخبات استطاعت الفوز بلقب كأس العالم ، 3 منهم في قارة أمريكا الجنوبية وهم البرازيل والأرجنتين والأوروغواي و 5 من القارة الأوروبية وهم إيطاليا وألمانيا وإنجلترا وفرنسا وإسبانيا . فخلال 21 نسخة من نسخ كأس العالم حققت المنتخبات الأوروبية 12 لقبا ، في المقابل حققت منتخبات أمريكا الجنوبية 9 ألقاب فقط . تكرر الحال في استضافة منافسات فمنذ نشأتها إلى عام 1970 ، لم تقم البطولة خارج القارتين . لكن في عام 1970 أقيمت البطولة لأول مرة في قارة أمريكا الشمالية وتحديدا في المكسيك ، تلتها أيضا أعوام 1986 في المكسيك ، و 1994 في الولايات المتحدة الأمريكية . وبعد إقرار الفيفا لمبدأ المداورة في تنطيم كأس العالم ، استضافات دول آسيا وهي كوريا الجنوبية واليابان منافسات كأس العالم لكرة القدم 2002 ، واستضافت جنوب أفريقيا منافسات كأس العالم لكرة القدم 2010 ، وتبقى بذلك قارة أوقيانوسيا الوحيدة التي لم تستضف فعاليات المنافسة .",أين أقيمت بطولة كأس العالم 2006 ؟,ألمانيا .,ألمانيا,0.88,0.91,0.92
"[Chunk 1]
ومن الملاحظ أن المدن المستضيفة لمنافسات البطولة هي جلها مدن روسيا الأوروبية ، وهي التي تقع في الجانب الغربي من روسيا ، وتحديدا في غرب جبال الأورال ؛ باستثناء مدينة يكاترينبورغ والتي تبعد حوالي 1420 كم عن العاصمة موسكو ، من أجل تسهيل عملية انتقال الجماهير بين المدن قدر الإمكان . وتجرى مباريات كأس العالم 2018 في 11 مدينة روسية . واحتضنت العاصمة موسكو مباراة الافتتاح وستستضيف المباراة النهائية كذلك ؛ حيث ستلعب المبارتين على ملعب لوجنيكي . ومن الجدير بالذكر ، أن هذه النسخة من كأس العالم قد شهذت حدثا تاريخيا جديدا ، حيث تم استخدام تقنية الفار لأول مرة في تاريخ البطولة .

[Chunk 2]
كأس العالم 2018 هي البطولة الحادية والعشرون من بطولات كأس العالم لفرق الرجال الوطنية ، والمقامة تحت رعاية الاتحاد الدولي لكرة القدم ، وقد استضافتها روسيا في الفترة ما بين 14 يونيو ولغاية 15 يوليو من عام 2018. حيث استطاعت روسيا الفوز بشرف استضافة البطولة بعد قرار الاتحاد الدولي لكرة القدم المعلن عنه في 2 ديسمبر 2010. حيث استطاعت روسيا التغلب على 3 ترشيحات بالمجمل ، فتغلبت على ترشيح مشترك بين إسبانيا والبرتغال ، وتغلبت كذلك على ترشيح مشترك أيضا بين هولندا وبلجيكا ، وترشيح وحيد لإنجلترا . وهي النسخة الأولى من بطولات كأس العالم التي أقيمت في أوروبا الشرقية ، وكذلك هي المرة الأولى التي تستضيف بها القارة الأوروبية منافسات البطولة بعد بطولة كأس العالم 2006 والتي أقيمت في ألمانيا .

[Chunk 3]
كأس العالم 2018 هي البطولة الحادية والعشرون من بطولات كأس العالم لفرق الرجال الوطنية ، والمقامة تحت رعاية الاتحاد الدولي لكرة القدم ، وقد استضافتها روسيا في الفترة ما بين 14 يونيو ولغاية 15 يوليو من عام 2018. حيث استطاعت روسيا الفوز بشرف استضافة البطولة بعد قرار الاتحاد الدولي لكرة القدم المعلن عنه في 2 ديسمبر 2010. حيث استطاعت روسيا التغلب على 3 ترشيحات بالمجمل ، فتغلبت على ترشيح مشترك بين إسبانيا والبرتغال ، وتغلبت كذلك على ترشيح مشترك أيضا بين هولندا وبلجيكا ، وترشيح وحيد لإنجلترا .",أين تقع المدن المستضيفة لمنافسات البطولة ؟,"الجانب الغربي من روسيا ،","في الجانب الغربي من روسيا، وتحديداً في غرب جبال الأورال.",0.9,0.92,0.9
"[Chunk 1]
الدولة الفاطمية أو الخلافة الفاطمية أو الدولة العبيدية هي إحدى دول الخلافة الإسلامية ، والوحيدة بين دول الخلافة التي اتخذت من المذهب الشيعي ( ضمن فرعه الإسماعيلي ) مذهبا رسميا لها .

[Chunk 2]
شكل العصر الفاطمي امتدادا للعصر الذهبي للإسلام ، لكن قصور الخلفاء لم تحفل بالعلماء والكتاب البارزين كما فعلت قصور بغداد قبلها . وكان الجامع الأزهر ودار الحكمة مركزين كبيرين لنشر العلم وتعليم أصول اللغة والدين . وأبرز علماء هذا العصر كان الحسن ابن الهيثم كبير علماء الطبيعيات ، والأخصائي بعلم البصريات ، وقد جاوزت مؤلفاته المائة في الرياضيات وعلم الفلك والطب . أخذت الدولة الفاطمية تتراجع بسرعة كبيرة خلال القرنين الحادي عشر والثاني عشر الميلاديين ، فاستبد الوزراء بالسلطة وأصبح اختيار الخلفاء بأيديهم . وكان هؤلاء الخلفاء غالبا من الأطفال أو الفتيان ، واختلف عدد كبير من الوزراء مع قادة الجيش وولاة الأمصار ورجال القصر ، فعاشوا في جو من الفتن والدسائس ، تاركين الناس يموتون من المجاعة والأوبئة المتفشية . وخلال ذلك الوقت كانت الخلافة العباسية قد أصبحت في حماية السلاجقة ، الذين أخذوا على عاتقهم استرجاع الأراضي التي خسرها العباسيون لصالح الفاطميين ، ففتحوا شمال الشام وسواحلها وسيطروا عليها لفترة من الزمن قبل أن يستردها الفاطميون ، لكنها لم تلبث بأيديهم طويلا ، إذ كانت الحملة الصليبية الأولى قد بلغت المشرق ، وفتح الملوك والأمراء الإفرنج المدن والقلاع الشامية الواحدة تلو الأخرى ، وبلغ أحد هؤلاء الملوك ، وهو عموري الأول أبواب القاهرة وهددها بالسقوط . استمرت الدولة الفاطمية تنازع حتى سنة 1171 م عندما استقل صلاح الدين الأيوبي بمصر بعد وفاة آخر الخلفاء الفاطميين ، وهو أبو محمد عبد الله العاضد لدين الله ، وأزال سلطتهم الإسمية بعد أن كانت سلطتهم الفعلية قد زالت منذ عهد الوزير بدر الدين الجمالي .

[Chunk 3]
اختلفت المصادر التاريخية حول تحديد نسب الفاطميين ، فمعظم المصادر الشيعية تؤكد صحة ما قال به مؤسس هذه السلالة ، الإمام عبيد الله المهدي بالله ، وهو أن الفاطميين يرجعون بنسبهم إلى محمد بن إسماعيل بن جعفر الصادق ، فهم بهذا علويون ، ومن سلالة الرسول محمد عبر ابنته فاطمة الزهراء ورابع الخلفاء الراشدين الإمام علي بن أبي طالب . بالمقابل ، أنكرت مصادر أخرى هذا النسب وأرجعت أصل عبيد الله المهدي إلى الفرس أو اليهود . أسس الفاطميون مدينة المهدية في ولاية إفريقية سنة 300 ه الموافقة لسنتي 912 - 913 م ، واتخذوها عاصمة لدولتهم الناشئة ، وفي سنة 336 ه الموافقة لسنة 948 م ، نقلوا مركز الحكم إلى مدينة المنصورية ، ولما تم للفاطميين فتح مصر سنة 358 ه الموافقة لسنة 969 م ، أسسوا مدينة القاهرة شمال الفسطاط ، وجعلوها عاصمتهم ، فأصبحت مصر المركز الروحي والثقافي والسياسي للدولة ، وبقيت كذلك حتى انهيارها .",كم استمرت الخلافة الفاطمية ؟,262,103 سنوات.,0.91,0.9,0.32
"[Chunk 1]
الملك الناصر أبو المظفر صلاح الدين والدنيا يوسف بن أيوب بن شاذي بن مروان بن يعقوب الدويني التكريتي ( 532 - 589 ه / 1138 - 1193 م ) ، المشهور بلقب صلاح الدين الأيوبي قائد عسكري أسس الدولة الأيوبية التي وحدت مصر والشام والحجاز وتهامة واليمن في ظل الراية العباسية ، بعد أن قضى على الخلافة الفاطمية التي استمرت 262 سنة . قاد صلاح الدين عدة حملات ومعارك ضد الفرنجة وغيرهم من الصليبيين الأوروبيين في سبيل استعادة الأراضي المقدسة التي كان الصليبيون قد استولوا عليها في أواخر القرن الحادي عشر ، وقد تمكن في نهاية المطاف من استعادة معظم أراضي فلسطين ولبنان بما فيها مدينة القدس ، بعد أن هزم جيش بيت المقدس هزيمة منكرة في معركة حطين .

[Chunk 2]
الملك الناصر أبو المظفر صلاح الدين والدنيا يوسف بن أيوب بن شاذي بن مروان بن يعقوب الدويني التكريتي ( 532 - 589 ه / 1138 - 1193 م ) ، المشهور بلقب صلاح الدين الأيوبي قائد عسكري أسس الدولة الأيوبية التي وحدت مصر والشام والحجاز وتهامة واليمن في ظل الراية العباسية ، بعد أن قضى على الخلافة الفاطمية التي استمرت 262 سنة .

[Chunk 3]
قررت الجيوش الإسلامية الانسحاب من الجابية بالقرب من دمشق إلى اليرموك بعد تقدم جيش الروم نحوهم . تولى خالد بن الوليد القيادة العامة للجيش بعد أن تنازل أبوعبيدة بن الجراح ، كانت قوات جيش المسلمين تعد 36 ألف مقاتل في حين كانت جيوش الروم تبلغ 240 ألف مقاتل .",في أي معركة هزم صلاح الدين الأيوبي جيش بيت المقدس ؟,معركة حطين .,في معركة حطين.,0.9,0.9,0.92
"[Chunk 1]
كان صلاح الدين يقول بمذهب أهل السنة والجماعة ، وروي أن عبد القادر الجيلاني دعا له عندما رآه بالبركة فيه ، خلال "" زيارة خفية "" لنجم الدين أيوب وأسرته ببغداد سنة 533 ه / 1138 م ، وهذا يفسر أتباعه الطريقة القادرية فيما بعد وبعض العلماء كالمقريزي ، وبعض المؤرخين المتأخرين قالوا : إنه كان أشعريا ، وإنه كان يصحب علماء الصوفية الأشاعرة لأخذ الرأي والمشورة ، وأظهر العقيدة الأشعرية . يشتهر صلاح الدين بتسامحه ومعاملته الإنسانية لأعدائه ، لذا فهو من أكثر الأشخاص تقديرا واحتراما في العالمين الشرقي الإسلامي والأوروبي المسيحي ، حيث كتب المؤرخون الصليبيون عن بسالته في عدد من المواقف ، أبرزها عند حصاره لقلعة الكرك في مؤاب ، وكنتيجة لهذا حظي صلاح الدين باحترام خصومه لا سيما ملك إنلترا ريتشارد الأول "" قلب الأسد "" ، وبدلا من أن يتحول لشخص مكروه في أوروبا الغربية ، استحال رمزا من رموز الفروسية والشجاعة ، وورد ذكره في عدد من القصص والأشعار الإنليزية والفرنسية العائدة لتلك الحقبة .

[Chunk 2]
الملك الناصر أبو المظفر صلاح الدين والدنيا يوسف بن أيوب بن شاذي بن مروان بن يعقوب الدويني التكريتي ( 532 - 589 ه / 1138 - 1193 م ) ، المشهور بلقب صلاح الدين الأيوبي قائد عسكري أسس الدولة الأيوبية التي وحدت مصر والشام والحجاز وتهامة واليمن في ظل الراية العباسية ، بعد أن قضى على الخلافة الفاطمية التي استمرت 262 سنة . قاد صلاح الدين عدة حملات ومعارك ضد الفرنجة وغيرهم من الصليبيين الأوروبيين في سبيل استعادة الأراضي المقدسة التي كان الصليبيون قد استولوا عليها في أواخر القرن الحادي عشر ، وقد تمكن في نهاية المطاف من استعادة معظم أراضي فلسطين ولبنان بما فيها مدينة القدس ، بعد أن هزم جيش بيت المقدس هزيمة منكرة في معركة حطين .

[Chunk 3]
الملك الناصر أبو المظفر صلاح الدين والدنيا يوسف بن أيوب بن شاذي بن مروان بن يعقوب الدويني التكريتي ( 532 - 589 ه / 1138 - 1193 م ) ، المشهور بلقب صلاح الدين الأيوبي قائد عسكري أسس الدولة الأيوبية التي وحدت مصر والشام والحجاز وتهامة واليمن في ظل الراية العباسية ، بعد أن قضى على الخلافة الفاطمية التي استمرت 262 سنة .",بأي مذهب كان يقول صلاح الدين الأيوبي ؟,"بمذهب أهل السنة والجماعة ،",كان يقول صلاح الدين الأيوبي بمذهب أهل السنة والجماعة.,0.92,0.91,0.91
"[Chunk 1]
العراق أو ( رسميا : جمهورية العراق ) ، و ( بالكردية : كمارى عراق ) ، هي دولة عربية ، وتعد جمهورية برلمانية اتحادية وفقا لدستور العراق ، وتتكون من ثمان عشرة محافظة رسميا ، وتسع عشرة محافظة بحكم الأمر الواقع ( محافظة حلبجة ) ، عاصمته بغداد ، والعراق أحد دول غرب آسيا المطلة على الخليج العربي .

[Chunk 2]
العراق ( رسميا : جمهورية العراق ) ، و ( بالكردية : كمارى عراق ) ، هو جمهورية برلمانية اتحادية وفقا لدستور العراق ، ويتكون من ثمان عشرة محافظة رسميا ، وتسع عشرة محافظة بحكم الأمر الواقع ( محافظة حلبجة ) ، عاصمته بغداد ، والعراق أحد دول غرب آسيا المطلة على الخليج العربي . يحده من الجنوب الكويت والمملكة العربية السعودية ، ومن الشمال تركيا ، ومن الغرب سوريا والأردن ، ومن الشرق إيران ، وهو عضو في جامعة الدول العربية ومنظمة المؤتمر الإسلامي ومنظمة أوبك . معظم المنطقة التي تسمى بالعراق حاليا كانت تسمى قديما بلاد ما بين النهرين ، و ( بيث نهرين بالآرامية ) ، و ، حوى على أولى المراكز الحضارية في العالم التي كانت تشمل المساحة الواقعة بين نهري دجلة والفرات وهي حضارة سومر ، وامتدت حدود هذه الحضارة التي شغلتها بلاد ما بين النهرين إلى سوريا وفارس وإلى منطقة جنوب شرق الأناضول تركيا حاليا ، كما وجدت آثار سومرية في دولة الكويت الحالية والبحرين والأحواز بإيران . كان لبلاد الرافدين انفتاح واتصال بالحضارات القديمة في مصر والهند . وتعاقب على حكم العراق دول وحضارات كثيرة من أهمها السومرية ، و ، و ، والآشورية ، والميديون ، والسلوقيون ، والإمبراطورية البارثية ، والإمبراطورية الرومانية ، والساسانيون ، والمناذرة ، والخلافة الراشدة ، والدولة الأموية ، والدولة العباسية ، والمغول ، والدولة الصفوية ، والدولة الأفشارية ، والدولة العثمانية ، ثم ، ومن ثم المملكة العراقية ، ثم الجمهورية ، ثم سلطة الأورها ( إعادة إعمار العراق ) ، فسلطة الائتلاف المؤقتة ، فالحكومة العراقية المؤقتة ، ثم الجمهورية البرلمانية الاتحادية في العراق .

[Chunk 3]
يقدر عدد سكان الجمهورية العراقية في 2016 م بحوالي 37 , 547 , 686 نسمة ، وتصل نسبة العرب من 75 % إلى 80 % من الشعب العراقي ، والأكراد إلى 15 % من الشعب ، أما ال ( 5 %-10 %) الباقية فمن ، وتركمان العراق وأقليات أخرى وهي المندائيين ، والأرمن ، والشركس ، وإيرانيين ، وشبك ، وأيزيديين ، والكاولية ، وغالبية سكان العراق مسلمين وتصل نسبتهم إلى 95 % من السكان وهناك جدل حول نسبة الشيعة والسنة في البلاد ، وكلا الطائفتين تدعي إنها تشكل الأغلبية العددية ، دون وجود تعداد عام للسكان وبإشراف دولي وتؤكد الهيئات الدولية أن ثقلهما متقارب ومتوازن .. وتصل الأقليات الدينية إلى 5 % من السكان ، غالبيتهم من المسيحيين السريان وتوجد أديان أخرى كالمندائية ، والأيزيدية ، واليهودية ، واليارسانية ، والبهائية . أما الإثنيات الدينية في العراق فهي العربية الشيعية ، والعربية السنية ، والكردية ، والتركمانية ، وال ، والآشورية ، والسريانية ، والكرد الفيليون ، والأيزيديون ، والشبك ، واليارسانية ، واليهودية ، وشركس العراق ، وأرمن العراق ، والكاولية ( غجر العراق ) ، والبهائية ، وإثنيات دينية أخرى .",ماهي عاصمة العراق ؟,"بغداد ،",بغداد,0.9,0.9,0.91
"[Chunk 1]
العراق ( رسميا : جمهورية العراق ) ، و ( بالكردية : كمارى عراق ) ، هو جمهورية برلمانية اتحادية وفقا لدستور العراق ، ويتكون من ثمان عشرة محافظة رسميا ، وتسع عشرة محافظة بحكم الأمر الواقع ( محافظة حلبجة ) ، عاصمته بغداد ، والعراق أحد دول غرب آسيا المطلة على الخليج العربي . يحده من الجنوب الكويت والمملكة العربية السعودية ، ومن الشمال تركيا ، ومن الغرب سوريا والأردن ، ومن الشرق إيران ، وهو عضو في جامعة الدول العربية ومنظمة المؤتمر الإسلامي ومنظمة أوبك . معظم المنطقة التي تسمى بالعراق حاليا كانت تسمى قديما بلاد ما بين النهرين ، و ( بيث نهرين بالآرامية ) ، و ، حوى على أولى المراكز الحضارية في العالم التي كانت تشمل المساحة الواقعة بين نهري دجلة والفرات وهي حضارة سومر ، وامتدت حدود هذه الحضارة التي شغلتها بلاد ما بين النهرين إلى سوريا وفارس وإلى منطقة جنوب شرق الأناضول تركيا حاليا ، كما وجدت آثار سومرية في دولة الكويت الحالية والبحرين والأحواز بإيران . كان لبلاد الرافدين انفتاح واتصال بالحضارات القديمة في مصر والهند . وتعاقب على حكم العراق دول وحضارات كثيرة من أهمها السومرية ، و ، و ، والآشورية ، والميديون ، والسلوقيون ، والإمبراطورية البارثية ، والإمبراطورية الرومانية ، والساسانيون ، والمناذرة ، والخلافة الراشدة ، والدولة الأموية ، والدولة العباسية ، والمغول ، والدولة الصفوية ، والدولة الأفشارية ، والدولة العثمانية ، ثم ، ومن ثم المملكة العراقية ، ثم الجمهورية ، ثم سلطة الأورها ( إعادة إعمار العراق ) ، فسلطة الائتلاف المؤقتة ، فالحكومة العراقية المؤقتة ، ثم الجمهورية البرلمانية الاتحادية في العراق .

[Chunk 2]
العراق أو ( رسميا : جمهورية العراق ) ، و ( بالكردية : كمارى عراق ) ، هي دولة عربية ، وتعد جمهورية برلمانية اتحادية وفقا لدستور العراق ، وتتكون من ثمان عشرة محافظة رسميا ، وتسع عشرة محافظة بحكم الأمر الواقع ( محافظة حلبجة ) ، عاصمته بغداد ، والعراق أحد دول غرب آسيا المطلة على الخليج العربي .

[Chunk 3]
الأردن أو ( رسميا : المملكة الأردنية الهاشمية ) هي دولة عربية تقع في جنوب غرب آسيا ، تتوسط الشرق الأوسط بوقوعها في الجزء الجنوبي من منطقة بلاد الشام ، والشمالي لمنطقة شبه الجزيرة العربية . يعتبر الأردن بلد يجمع بين ثقافات ولهجات عربية مختلفة بشكل ملفت ، ولا تفصله أي حدود طبيعية عن جيرانه العرب سوى نهر الأردن ونهر اليرموك اللذين يشكلان على التوالي جزءا من حدوده مع فلسطين وسوريا . أما باقي الحدود فهي امتداد لبادية الشام في الشمال والشرق وصحراء النفوذ في الجنوب ، ووادي عربة إلى الجنوب الغربي . تتنوع التضاريس بالأردن بشكل كبير ، وأهم جباله جبال عجلون في الشمال الغربي ، وجبال الشراة في الجنوب ، أعلى قمة تلك الموجودة على جبل أم الدامي 1854 متر ، وأخفض نقطة في البحر الميت والتي تعتبر أخفض نقطة في العالم .",ما الدول التي تحد العراق من الجنوب ؟,"الكويت والمملكة العربية السعودية ،",الكويت والمملكة العربية السعودية,0.59,0.9,0.92
"[Chunk 1]
يقدر عدد سكان الجمهورية العراقية في 2016 م بحوالي 37 , 547 , 686 نسمة ، وتصل نسبة العرب من 75 % إلى 80 % من الشعب العراقي ، والأكراد إلى 15 % من الشعب ، أما ال ( 5 %-10 %) الباقية فمن ، وتركمان العراق وأقليات أخرى وهي المندائيين ، والأرمن ، والشركس ، وإيرانيين ، وشبك ، وأيزيديين ، والكاولية ، وغالبية سكان العراق مسلمين وتصل نسبتهم إلى 95 % من السكان وهناك جدل حول نسبة الشيعة والسنة في البلاد ، وكلا الطائفتين تدعي إنها تشكل الأغلبية العددية ، دون وجود تعداد عام للسكان وبإشراف دولي وتؤكد الهيئات الدولية أن ثقلهما متقارب ومتوازن .. وتصل الأقليات الدينية إلى 5 % من السكان ، غالبيتهم من المسيحيين السريان وتوجد أديان أخرى كالمندائية ، والأيزيدية ، واليهودية ، واليارسانية ، والبهائية . أما الإثنيات الدينية في العراق فهي العربية الشيعية ، والعربية السنية ، والكردية ، والتركمانية ، وال ، والآشورية ، والسريانية ، والكرد الفيليون ، والأيزيديون ، والشبك ، واليارسانية ، واليهودية ، وشركس العراق ، وأرمن العراق ، والكاولية ( غجر العراق ) ، والبهائية ، وإثنيات دينية أخرى .

[Chunk 2]
العراق أو ( رسميا : جمهورية العراق ) ، و ( بالكردية : كمارى عراق ) ، هي دولة عربية ، وتعد جمهورية برلمانية اتحادية وفقا لدستور العراق ، وتتكون من ثمان عشرة محافظة رسميا ، وتسع عشرة محافظة بحكم الأمر الواقع ( محافظة حلبجة ) ، عاصمته بغداد ، والعراق أحد دول غرب آسيا المطلة على الخليج العربي .

[Chunk 3]
العراق ( رسميا : جمهورية العراق ) ، و ( بالكردية : كمارى عراق ) ، هو جمهورية برلمانية اتحادية وفقا لدستور العراق ، ويتكون من ثمان عشرة محافظة رسميا ، وتسع عشرة محافظة بحكم الأمر الواقع ( محافظة حلبجة ) ، عاصمته بغداد ، والعراق أحد دول غرب آسيا المطلة على الخليج العربي . يحده من الجنوب الكويت والمملكة العربية السعودية ، ومن الشمال تركيا ، ومن الغرب سوريا والأردن ، ومن الشرق إيران ، وهو عضو في جامعة الدول العربية ومنظمة المؤتمر الإسلامي ومنظمة أوبك . معظم المنطقة التي تسمى بالعراق حاليا كانت تسمى قديما بلاد ما بين النهرين ، و ( بيث نهرين بالآرامية ) ، و ، حوى على أولى المراكز الحضارية في العالم التي كانت تشمل المساحة الواقعة بين نهري دجلة والفرات وهي حضارة سومر ، وامتدت حدود هذه الحضارة التي شغلتها بلاد ما بين النهرين إلى سوريا وفارس وإلى منطقة جنوب شرق الأناضول تركيا حاليا ، كما وجدت آثار سومرية في دولة الكويت الحالية والبحرين والأحواز بإيران . كان لبلاد الرافدين انفتاح واتصال بالحضارات القديمة في مصر والهند . وتعاقب على حكم العراق دول وحضارات كثيرة من أهمها السومرية ، و ، و ، والآشورية ، والميديون ، والسلوقيون ، والإمبراطورية البارثية ، والإمبراطورية الرومانية ، والساسانيون ، والمناذرة ، والخلافة الراشدة ، والدولة الأموية ، والدولة العباسية ، والمغول ، والدولة الصفوية ، والدولة الأفشارية ، والدولة العثمانية ، ثم ، ومن ثم المملكة العراقية ، ثم الجمهورية ، ثم سلطة الأورها ( إعادة إعمار العراق ) ، فسلطة الائتلاف المؤقتة ، فالحكومة العراقية المؤقتة ، ثم الجمهورية البرلمانية الاتحادية في العراق .",بكم يقدر عدد سكان العراق ؟,"بحوالي 37 , 547 , 686 نسمة ،","حوالي 37,547,686 نسمة.",0.91,0.9,0.5
"[Chunk 1]
ألبرت أينشتاين ( بالألمانية : Albert Einstein ) ( 14 مارس 1879 – 18 أبريل 1955 ) عالم فيزياء ألماني المولد ، ( حيث تخلى عن الجنسية الألمانية لاحقا ) سويسري وأمريكي الجنسية ، من أبوين يهوديين ، وهو يشتهر بأب النسبية كونه واضع النسبية الخاصة والنسبية العامة الشهيرتين اللتين كانتا اللبنة الأولى للفيزياء النظرية الحديثة ، ولقد حاز في عام 1921 على جائزة نوبل في الفيزياء عن ورقة بحثية عن التأثير الكهروضوئي ، ضمن ثلاثمائة ورقة علمية أخرى له في تكافؤ المادة والطاقة وميكانيكا الكم وغيرها ، وأدت استنتاجاته المبرهنة إلى تفسير العديد من الظواهر العلمية التي فشلت الفيزياء الكلاسيكية في إثباتها .

[Chunk 2]
ألبرت أينشتاين ( 14 مارس 1879 – 18 أبريل 1955 ) عالم فيزياء ألماني المولد ، ( حيث تخلى عن الجنسية الألمانية لاحقا ) سويسري وأمريكي الجنسية ، من أبوين يهوديين ، وهو يشتهر بأب النسبية كونه واضع النسبية الخاصة والنسبية العامة الشهيرتين اللتين كانتا اللبنة الأولى للفيزياء النظرية الحديثة ، ولقد حاز في عام 1921 على جائزة نوبل في الفيزياء عن ورقة بحثية عن التأثير الكهروضوئي ، ضمن ثلاثمائة ورقة علمية أخرى له في تكافؤ المادة والطاقة وميكانيكا الكم وغيرها ، وأدت استنتاجاته المبرهنة إلى تفسير العديد من الظواهر العلمية التي فشلت الفيزياء الكلاسيكية في إثباتها . بدأ أينشتاين "" بالنسبية الخاصة "" التي خالفت نظرية نيوتن في الزمان والمكان لتحل بشكل خاص مشاكل النظرية القديمة فيما يتعلق بالأمواج الكهرومغناطيسية عامة ، والضوء خاصة ، وذلك ما بين ( 1902 - 1909 ) في سويسرا . أما "" النسبية العامة "" فقد طرحها عام 1915 حيث ناقش فيها الجاذبية ، وتمثل الوصف الحالي للجاذبية في الفيزياء الحديثة . تعمم النسبية العامة كل من النسبية الخاصة وقانون الجذب العام لنيوتن ، بتقديمها لوصف موحد للجاذبية على أنها خاصية هندسية للزمان والمكان ، أو الزمكان .

[Chunk 3]
عاش أينشتاين في سويسرا بين عامي ( 1895 - 1914 ) ، باستثناء عام واحد في براغ ، وحصل على دبلومه الأكاديمي من المدرسة التقنية الفدرالية السويسرية في زيورخ في عام 1900. حصل على الجنسية السويسرية في عام 1901 ، احتفظ بها لبقية حياته بعد أن أصبح بلا جنسية لأكثر من خمس سنوات . في عام 1905 ، حصل على درجة الدكتوراه من جامعة زيورخ . في العام نفسه ، نشر أربع ورقات رائدة ( سميت تلك السنة "" بالسنة المعجزة "") التي نقلته إلى العالم الأكاديمي في سن السادسة والعشرين . قام أينشتاين بتدريس الفيزياء النظرية في زيورخ بين عامي ( 1912 - 1914 ) قبل أن يغادر إلى برلين ، حيث انتخب في أكاديمية العلوم البروسية .",في أي علم ولد ألبرت أينشتاين ؟,1879,في علم الفيزياء.,0.9,0.12,0.22
"[Chunk 1]
ألبرت أينشتاين ( 14 مارس 1879 – 18 أبريل 1955 ) عالم فيزياء ألماني المولد ، ( حيث تخلى عن الجنسية الألمانية لاحقا ) سويسري وأمريكي الجنسية ، من أبوين يهوديين ، وهو يشتهر بأب النسبية كونه واضع النسبية الخاصة والنسبية العامة الشهيرتين اللتين كانتا اللبنة الأولى للفيزياء النظرية الحديثة ، ولقد حاز في عام 1921 على جائزة نوبل في الفيزياء عن ورقة بحثية عن التأثير الكهروضوئي ، ضمن ثلاثمائة ورقة علمية أخرى له في تكافؤ المادة والطاقة وميكانيكا الكم وغيرها ، وأدت استنتاجاته المبرهنة إلى تفسير العديد من الظواهر العلمية التي فشلت الفيزياء الكلاسيكية في إثباتها . بدأ أينشتاين "" بالنسبية الخاصة "" التي خالفت نظرية نيوتن في الزمان والمكان لتحل بشكل خاص مشاكل النظرية القديمة فيما يتعلق بالأمواج الكهرومغناطيسية عامة ، والضوء خاصة ، وذلك ما بين ( 1902 - 1909 ) في سويسرا . أما "" النسبية العامة "" فقد طرحها عام 1915 حيث ناقش فيها الجاذبية ، وتمثل الوصف الحالي للجاذبية في الفيزياء الحديثة . تعمم النسبية العامة كل من النسبية الخاصة وقانون الجذب العام لنيوتن ، بتقديمها لوصف موحد للجاذبية على أنها خاصية هندسية للزمان والمكان ، أو الزمكان .

[Chunk 2]
ألبرت أينشتاين ( بالألمانية : Albert Einstein ) ( 14 مارس 1879 – 18 أبريل 1955 ) عالم فيزياء ألماني المولد ، ( حيث تخلى عن الجنسية الألمانية لاحقا ) سويسري وأمريكي الجنسية ، من أبوين يهوديين ، وهو يشتهر بأب النسبية كونه واضع النسبية الخاصة والنسبية العامة الشهيرتين اللتين كانتا اللبنة الأولى للفيزياء النظرية الحديثة ، ولقد حاز في عام 1921 على جائزة نوبل في الفيزياء عن ورقة بحثية عن التأثير الكهروضوئي ، ضمن ثلاثمائة ورقة علمية أخرى له في تكافؤ المادة والطاقة وميكانيكا الكم وغيرها ، وأدت استنتاجاته المبرهنة إلى تفسير العديد من الظواهر العلمية التي فشلت الفيزياء الكلاسيكية في إثباتها .

[Chunk 3]
عاش أينشتاين في سويسرا بين عامي ( 1895 - 1914 ) ، باستثناء عام واحد في براغ ، وحصل على دبلومه الأكاديمي من المدرسة التقنية الفدرالية السويسرية في زيورخ في عام 1900. حصل على الجنسية السويسرية في عام 1901 ، احتفظ بها لبقية حياته بعد أن أصبح بلا جنسية لأكثر من خمس سنوات . في عام 1905 ، حصل على درجة الدكتوراه من جامعة زيورخ . في العام نفسه ، نشر أربع ورقات رائدة ( سميت تلك السنة "" بالسنة المعجزة "") التي نقلته إلى العالم الأكاديمي في سن السادسة والعشرين . قام أينشتاين بتدريس الفيزياء النظرية في زيورخ بين عامي ( 1912 - 1914 ) قبل أن يغادر إلى برلين ، حيث انتخب في أكاديمية العلوم البروسية .",إلى ماذا أدت الاستنتاجات المبرهنة لألبرت أينشتاين ؟,تفسير العديد من الظواهر العلمية التي فشلت الفيزياء الكلاسيكية في إثباتها .,أدت استنتاجاته المبرهنة إلى تفسير العديد من الظواهر العلمية التي فشلت الفيزياء الكلاسيكية في إثباتها.,0.91,0.9,0.92
"[Chunk 1]
عاش أينشتاين في سويسرا بين عامي ( 1895 - 1914 ) ، باستثناء عام واحد في براغ ، وحصل على دبلومه الأكاديمي من المدرسة التقنية الفدرالية السويسرية في زيورخ في عام 1900. حصل على الجنسية السويسرية في عام 1901 ، احتفظ بها لبقية حياته بعد أن أصبح بلا جنسية لأكثر من خمس سنوات . في عام 1905 ، حصل على درجة الدكتوراه من جامعة زيورخ . في العام نفسه ، نشر أربع ورقات رائدة ( سميت تلك السنة "" بالسنة المعجزة "") التي نقلته إلى العالم الأكاديمي في سن السادسة والعشرين . قام أينشتاين بتدريس الفيزياء النظرية في زيورخ بين عامي ( 1912 - 1914 ) قبل أن يغادر إلى برلين ، حيث انتخب في أكاديمية العلوم البروسية .

[Chunk 2]
ألبرت أينشتاين ( بالألمانية : Albert Einstein ) ( 14 مارس 1879 – 18 أبريل 1955 ) عالم فيزياء ألماني المولد ، ( حيث تخلى عن الجنسية الألمانية لاحقا ) سويسري وأمريكي الجنسية ، من أبوين يهوديين ، وهو يشتهر بأب النسبية كونه واضع النسبية الخاصة والنسبية العامة الشهيرتين اللتين كانتا اللبنة الأولى للفيزياء النظرية الحديثة ، ولقد حاز في عام 1921 على جائزة نوبل في الفيزياء عن ورقة بحثية عن التأثير الكهروضوئي ، ضمن ثلاثمائة ورقة علمية أخرى له في تكافؤ المادة والطاقة وميكانيكا الكم وغيرها ، وأدت استنتاجاته المبرهنة إلى تفسير العديد من الظواهر العلمية التي فشلت الفيزياء الكلاسيكية في إثباتها .

[Chunk 3]
ألبرت أينشتاين ( 14 مارس 1879 – 18 أبريل 1955 ) عالم فيزياء ألماني المولد ، ( حيث تخلى عن الجنسية الألمانية لاحقا ) سويسري وأمريكي الجنسية ، من أبوين يهوديين ، وهو يشتهر بأب النسبية كونه واضع النسبية الخاصة والنسبية العامة الشهيرتين اللتين كانتا اللبنة الأولى للفيزياء النظرية الحديثة ، ولقد حاز في عام 1921 على جائزة نوبل في الفيزياء عن ورقة بحثية عن التأثير الكهروضوئي ، ضمن ثلاثمائة ورقة علمية أخرى له في تكافؤ المادة والطاقة وميكانيكا الكم وغيرها ، وأدت استنتاجاته المبرهنة إلى تفسير العديد من الظواهر العلمية التي فشلت الفيزياء الكلاسيكية في إثباتها . بدأ أينشتاين "" بالنسبية الخاصة "" التي خالفت نظرية نيوتن في الزمان والمكان لتحل بشكل خاص مشاكل النظرية القديمة فيما يتعلق بالأمواج الكهرومغناطيسية عامة ، والضوء خاصة ، وذلك ما بين ( 1902 - 1909 ) في سويسرا . أما "" النسبية العامة "" فقد طرحها عام 1915 حيث ناقش فيها الجاذبية ، وتمثل الوصف الحالي للجاذبية في الفيزياء الحديثة . تعمم النسبية العامة كل من النسبية الخاصة وقانون الجذب العام لنيوتن ، بتقديمها لوصف موحد للجاذبية على أنها خاصية هندسية للزمان والمكان ، أو الزمكان .",من أي مدرسة حصل أبرت أينشتاين على دبلومه الأكاديمي ؟,المدرسة التقنية الفدرالية السويسرية في زيورخ,حصل أليبرت أينشتاين على دبلومه الأكاديمي من المدرسة التقنية الفدرالية السويسرية في زيورخ.,0.91,0.92,0.92
"[Chunk 1]
عمان أو ( رسميا : سلطنة عمان ) ، هي دولة عربية تقع في غرب آسيا وتشكل المرتبة الثالثة من حيث المساحة في شبه الجزيرة العربية وتقع سلطنة عمان في الربع الجنوبي الشرقي من شبه الجزيرة العربية وتغطي مساحة اجمالية تبلغ 309.500 كم .

[Chunk 2]
الأردن أو ( رسميا : المملكة الأردنية الهاشمية ) هي دولة عربية تقع في جنوب غرب آسيا ، تتوسط الشرق الأوسط بوقوعها في الجزء الجنوبي من منطقة بلاد الشام ، والشمالي لمنطقة شبه الجزيرة العربية . يعتبر الأردن بلد يجمع بين ثقافات ولهجات عربية مختلفة بشكل ملفت ، ولا تفصله أي حدود طبيعية عن جيرانه العرب سوى نهر الأردن ونهر اليرموك اللذين يشكلان على التوالي جزءا من حدوده مع فلسطين وسوريا . أما باقي الحدود فهي امتداد لبادية الشام في الشمال والشرق وصحراء النفوذ في الجنوب ، ووادي عربة إلى الجنوب الغربي . تتنوع التضاريس بالأردن بشكل كبير ، وأهم جباله جبال عجلون في الشمال الغربي ، وجبال الشراة في الجنوب ، أعلى قمة تلك الموجودة على جبل أم الدامي 1854 متر ، وأخفض نقطة في البحر الميت والتي تعتبر أخفض نقطة في العالم .

[Chunk 3]
مصر أو رسميا جمهورية مصر العربية هي دولة عربية تقع في الركن الشمالي الشرقي من قارة أفريقيا ، ولديها امتداد آسيوي ، حيث تقع شبه جزيرة سيناء داخل قارة آسيا فهي دولة عابرة للقارات ، قدر عدد سكانها ب 104 مليون نسمة ، ليكون ترتيبها الثالثة عشر بين دول العالم بعدد السكان والأكثر سكانا عربيا . ولجمهورية مصر العربية سواحل طويلة على البحرين الأبيض والأحمر ، وتشترك بحدود مع سبعة دول وكيانات فيحدها في الشمال الشرقي منطقة فلسطين ( إسرائيل وقطاع غزة ) بطول 265 كم ، ويحدها من الغرب ليبيا على امتداد خط بطول 1115 كم ، كما تشترك مع السودان بأطول حدود برية لها بطول 1280 كم . بالإضافة إلى حدودها البحرية مع السعودية شرقا وقبرص واليونان شمالا . تبلغ مساحة جمهورية مصر العربية حوالي 1.002.000 كيلومتر مربع والمساحة المأهولة تبلغ 78990 كم 2 بنسبة 7.8 % من المساحة الكلية . وتقسم مصر إداريا إلى 27 محافظة ، وتنقسم كل محافظة إلى تقسيمات إدارية أصغر وهي المراكز أو الأقسام .",كم تبلغ المساحة الإجمالية لعمان ؟,309.500 كم .,309.500 كم²,0.33,0.9,0.9
"[Chunk 1]
من أواخر القرن 15 كانت سلطنة عمان إمبراطورية قوية تتنافس مع المملكة المتحدة والبرتغال على النفوذ في منطقة الخليج العربي والمحيط الهندي في ذروتها في القرن 19 النفوذ العماني وسيطرته التي تمتد عبر مضيق باب السلام إلى العصر الحديث الإمارات وباكستان وإيران وجنوبا حتى زنجبار كما إنخفضت قوتها في القرن 20 جاءت السلطنة تحت تأثير المملكة المتحدة وتاريخيا كانت مسقط الميناء التجاري الرئيسي في منطقة الخليج العربي ، مسقط كانت أيضا من بين أهم الموانئ التجارية في المحيط الهندي .

[Chunk 2]
عمان أو ( رسميا : سلطنة عمان ) ، هي دولة عربية تقع في غرب آسيا وتشكل المرتبة الثالثة من حيث المساحة في شبه الجزيرة العربية وتقع سلطنة عمان في الربع الجنوبي الشرقي من شبه الجزيرة العربية وتغطي مساحة اجمالية تبلغ 309.500 كم .

[Chunk 3]
يعتقد أن مجان الواردة في الكتابات السومرية تشير إلى عمان الغالب أن عمان كانت محطة وصل مهمة للقوافل التجارية وعرفت هذه المنطقة التاريخية باسم جبل النحاس ولها إرتباط بثقافة أم النار وصلات تجارية مع بلاد الرافدين ولا يعرف الكثير عن طبيعة النظم في تلك المستوطنات الصغيرة واختفت مجان من النصوص السومرية مبكرا في العام 1800 عام قبل الميلاد . تمتلك عمان أربعة مواقع ضمن مواقع التراث العالمي وصنفت رقصة البرعة ضمن التراث الثقافي اللامادي للإنسانية واختيرت عدة مرات كوجهة سياحية لتاريخ البلاد وثقافتها وتنوع تضاريسها الجغرافية .","على ماذا كانت تتنافس سلطنة عمان ، المملكة المتحدة و البرتغال ، في أواخر القرن 15 ؟",النفوذ في منطقة الخليج العربي والمحيط الهندي,"في أواخر القرن 15، تنافست سلطنة عمان، المملكة المتحدة والبرتغال على النفوذ في منطقة الخليج العربي والمحيط الهندي.",0.67,0.92,0.91
"[Chunk 1]
عمان أو ( رسميا : سلطنة عمان ) ، هي دولة عربية تقع في غرب آسيا وتشكل المرتبة الثالثة من حيث المساحة في شبه الجزيرة العربية وتقع سلطنة عمان في الربع الجنوبي الشرقي من شبه الجزيرة العربية وتغطي مساحة اجمالية تبلغ 309.500 كم .

[Chunk 2]
يعتقد أن مجان الواردة في الكتابات السومرية تشير إلى عمان الغالب أن عمان كانت محطة وصل مهمة للقوافل التجارية وعرفت هذه المنطقة التاريخية باسم جبل النحاس ولها إرتباط بثقافة أم النار وصلات تجارية مع بلاد الرافدين ولا يعرف الكثير عن طبيعة النظم في تلك المستوطنات الصغيرة واختفت مجان من النصوص السومرية مبكرا في العام 1800 عام قبل الميلاد . تمتلك عمان أربعة مواقع ضمن مواقع التراث العالمي وصنفت رقصة البرعة ضمن التراث الثقافي اللامادي للإنسانية واختيرت عدة مرات كوجهة سياحية لتاريخ البلاد وثقافتها وتنوع تضاريسها الجغرافية .

[Chunk 3]
سميت الأردن نسبة إلى نهر الأردن . تتألف كلمة جوردان ( Jordan ) من "" جور "" و "" دان "" فهي جمع لاسم رافد النهر المقدس المار بالأردن جور ( بانياس ) ورافده دان ( اللدان ) فيصبح الاسم جوردان ويوردان في بعض اللغات ، أصبحت مع الزمن أوردان وأردن ، وأطلق العرب عليه اسم الأردن ، وقد عرفت المنطقة المجاورة لنهر الأردن من منبعه إلى مصبه على الجانبين باسم "" الأردن "" واسم "" فلسطين "" على حد سواء . وتعني كلمة "" الأردن "" الشدة والغلبة وقيل أن الأردن أحد أحفاد نوح . ويذكر قاموس الكتاب المقدس أن الأردن اسم عبري معناه الوارد المنحدر ، وهو أهم أنهار فلسطين . الاسم الإغريقي للأردن هو يوردانيم ( jordanem ) وجوردن ( Jordan ) ومعناها المنحدر أو السحيق . وأطلق اليونان والرومان على بلاد الأردن لفظ ثيم الأردن وهو مسمى عسكري حيث كانت الأردن مقرا لمقاطعة عسكرية ، كما أطلق الفاتحون العرب على مناطق الشام اسم الأجناد ، وكان من بينها جند الأردن الذي كان يضم جزءا من جنوبي لبنان ، وشمالي فلسطين ، وكذلك أجزاء من سورية . أما مسمى شرقي الأردن ؛ فقد عرف لأول مرة في العهد الصليبي ، وأن أول تسمية بهذا المعنى نقلها وليم الصوري ، مؤرخ مملكة بيت المقدس اللاتينية ، فقد أطلق عليها "" ultra jordanem "" وذكر أنها تشمل بلاد ؛ جلعاد ، وعمون ، ومؤاب ، ويطلق عليها أحيانا اسم ترانس جوردن "" trans Jordan "" التي تعني بلاد ما وراء النهر ، عبر الأردن ، أو شرقي الأردن أيضا ، وعندما أسس الملك عبد الله بن الحسين الإمارة الأردنية أطلق على البلاد اسم إمارة الشرق العربي ثم استقلت الإمارة تحت اسم إمارة شرقي الأردن .",بأي إسم عرفت عمان ؟,باسم جبل النحاس,عرفت عمان بسلطنة عمان.,0.91,0.92,0.45
"[Chunk 1]
سورية أو سوريا ، واسمها الرسمي الجمهورية العربية السورية منذ 1961 ، هي جمهورية مركزية ، مؤلفة من 14 محافظة ، عاصمتها مدينة دمشق ، تقع ضمن منطقة الشرق الأوسط في غرب آسيا ؛ يحدها شمالا تركيا ، وشرقا العراق ، وجنوبا الأردن ، وغربا فلسطين ، ولبنان ، والبحر الأبيض المتوسط ، بمساحة 185180 كم مربع ، وتضاريس وغطاء نباتي وحيواني متنوع ، ومناخ متراوح بين متوسطي ، وشبه جاف . تصنف سوريا جنبا إلى جنب مع العراق بوصفها أقدم مواقع "" مهد الحضارة "" البشري ، واشتقت اسمها حسب أوفر النظريات الأكاديمية من آشور ؛ بكل الأحوال منطقة سوريا التاريخية مختلفة عن الدولة السورية الحديثة من ناحية الامتداد والمساحة ، وتشير الأولى إلى بلاد الشام ، أو الهلال الخصيب .

[Chunk 2]
سورية أو سوريا ، أو ( رسميا : الجمهورية العربية السورية ) منذ 1961 ، هي دولة عربية تعد جمهورية مركزية ، مؤلفة من 14 محافظة ، عاصمتها مدينة دمشق ، تقع ضمن منطقة الشرق الأوسط في غرب آسيا ؛ يحدها شمالا تركيا ، وشرقا العراق ، وجنوبا الأردن ، وغربا فلسطين ، ولبنان ، والبحر الأبيض المتوسط ، بمساحة 185180 كم مربع ، وتضاريس وغطاء نباتي وحيواني متنوع ، ومناخ متراوح بين متوسطي ، وشبه جاف .

[Chunk 3]
وجدت آثار بشرية في سوريا تعود لآلاف السنين ، ومدينة دمشق تعتبر أقدم مدينة في العالم ، وتحوي البلاد العديد من المستوطنات البشرية الممتدة منذ العصر الحجري ، ازدهرت البلاد في العصور القديمة لخصوبة تربتها ، وبوصفها طريقا للقوافل التجارية أو الجيوش ، وقامت فيها إمبراطوريات متعاقبة قوية اشتملت أغلبها على الهلال الخصيب برمته ، وبرزت منذ القرن الحادي عشر قبل الميلاد الحضارة الآرامية التي استمرت هوية البلاد الحضارية الأساسية حتى استعراب غالبيتها مع حلول القرن الحادي عشر بعد الميلاد . في المرحلة الأنتيكية ، كانت البلاد جزءا من الإمبراطورية السلوقية - وبشكل ملحوظ لقب الملوك السلوقيون أنفسهم "" ملك سوريا "" - ثم الإمبراطورية الرومانية فالبيزنطية ؛ وخلال القرون الوسطى بعد فتح الشام ، كانت البلاد حاضرة الدولة الأموية - أكبر دولة إسلامية في التاريخ من حيث المساحة - وقامت خلال مرحلة الدولة العباسية عدد من الإمارات والدول ذات التأثير ، تلى دوالها قيام سوريا العثمانية التي استمرت حتى الحرب العالمية الأولى . بعد الحرب أعلن استقلال سوريا في 8 مارس 1920 من قبل المؤتمر السوري العام ، إلا أن فرنسا رفضت الاعتراف بالمؤتمر ، وأصدرت في سبتمبر 1920 "" مراسيم التقسيم "" ، لاحقا وبشكل تدريجي حتى 1936 أعيد اتحاد خمسة كيانات ضمن الجمهورية السورية ، التي نالت استقلالها التام عام 1946 ، لتنتهي فترة الديموقراطية البرلمانية القصيرة ، والتي تخللتها أزمات عديدة ، عام 1963 بقيام نظام الحزب الواحد ، الاشتراكي . اندلعت عام 2011 الأزمة السورية ، التي أدت لدمار واسع في البلاد ، ووصفت بكونها أكبر كوارثها في العصر الحديث . الدستور الحالي صدر عام 2012 ، وهو كسابقه دستور 1973 ينص على كون نظام الحكم جمهوري رئاسي .",ماهي عاصمة سوريا ؟,"دمشق ،",مدينة دمشق,0.91,0.91,0.9
"[Chunk 1]
سورية أو سوريا ، واسمها الرسمي الجمهورية العربية السورية منذ 1961 ، هي جمهورية مركزية ، مؤلفة من 14 محافظة ، عاصمتها مدينة دمشق ، تقع ضمن منطقة الشرق الأوسط في غرب آسيا ؛ يحدها شمالا تركيا ، وشرقا العراق ، وجنوبا الأردن ، وغربا فلسطين ، ولبنان ، والبحر الأبيض المتوسط ، بمساحة 185180 كم مربع ، وتضاريس وغطاء نباتي وحيواني متنوع ، ومناخ متراوح بين متوسطي ، وشبه جاف . تصنف سوريا جنبا إلى جنب مع العراق بوصفها أقدم مواقع "" مهد الحضارة "" البشري ، واشتقت اسمها حسب أوفر النظريات الأكاديمية من آشور ؛ بكل الأحوال منطقة سوريا التاريخية مختلفة عن الدولة السورية الحديثة من ناحية الامتداد والمساحة ، وتشير الأولى إلى بلاد الشام ، أو الهلال الخصيب .

[Chunk 2]
سورية أو سوريا ، أو ( رسميا : الجمهورية العربية السورية ) منذ 1961 ، هي دولة عربية تعد جمهورية مركزية ، مؤلفة من 14 محافظة ، عاصمتها مدينة دمشق ، تقع ضمن منطقة الشرق الأوسط في غرب آسيا ؛ يحدها شمالا تركيا ، وشرقا العراق ، وجنوبا الأردن ، وغربا فلسطين ، ولبنان ، والبحر الأبيض المتوسط ، بمساحة 185180 كم مربع ، وتضاريس وغطاء نباتي وحيواني متنوع ، ومناخ متراوح بين متوسطي ، وشبه جاف .

[Chunk 3]
وجدت آثار بشرية في سوريا تعود لآلاف السنين ، ومدينة دمشق تعتبر أقدم مدينة في العالم ، وتحوي البلاد العديد من المستوطنات البشرية الممتدة منذ العصر الحجري ، ازدهرت البلاد في العصور القديمة لخصوبة تربتها ، وبوصفها طريقا للقوافل التجارية أو الجيوش ، وقامت فيها إمبراطوريات متعاقبة قوية اشتملت أغلبها على الهلال الخصيب برمته ، وبرزت منذ القرن الحادي عشر قبل الميلاد الحضارة الآرامية التي استمرت هوية البلاد الحضارية الأساسية حتى استعراب غالبيتها مع حلول القرن الحادي عشر بعد الميلاد . في المرحلة الأنتيكية ، كانت البلاد جزءا من الإمبراطورية السلوقية - وبشكل ملحوظ لقب الملوك السلوقيون أنفسهم "" ملك سوريا "" - ثم الإمبراطورية الرومانية فالبيزنطية ؛ وخلال القرون الوسطى بعد فتح الشام ، كانت البلاد حاضرة الدولة الأموية - أكبر دولة إسلامية في التاريخ من حيث المساحة - وقامت خلال مرحلة الدولة العباسية عدد من الإمارات والدول ذات التأثير ، تلى دوالها قيام سوريا العثمانية التي استمرت حتى الحرب العالمية الأولى . بعد الحرب أعلن استقلال سوريا في 8 مارس 1920 من قبل المؤتمر السوري العام ، إلا أن فرنسا رفضت الاعتراف بالمؤتمر ، وأصدرت في سبتمبر 1920 "" مراسيم التقسيم "" ، لاحقا وبشكل تدريجي حتى 1936 أعيد اتحاد خمسة كيانات ضمن الجمهورية السورية ، التي نالت استقلالها التام عام 1946 ، لتنتهي فترة الديموقراطية البرلمانية القصيرة ، والتي تخللتها أزمات عديدة ، عام 1963 بقيام نظام الحزب الواحد ، الاشتراكي . اندلعت عام 2011 الأزمة السورية ، التي أدت لدمار واسع في البلاد ، ووصفت بكونها أكبر كوارثها في العصر الحديث . الدستور الحالي صدر عام 2012 ، وهو كسابقه دستور 1973 ينص على كون نظام الحكم جمهوري رئاسي .",ماهي الدولة التي تحد سوريا جنوبا ؟,"الأردن ،",الأردن,0.91,0.9,0.91
"[Chunk 1]
سورية أو سوريا ، واسمها الرسمي الجمهورية العربية السورية منذ 1961 ، هي جمهورية مركزية ، مؤلفة من 14 محافظة ، عاصمتها مدينة دمشق ، تقع ضمن منطقة الشرق الأوسط في غرب آسيا ؛ يحدها شمالا تركيا ، وشرقا العراق ، وجنوبا الأردن ، وغربا فلسطين ، ولبنان ، والبحر الأبيض المتوسط ، بمساحة 185180 كم مربع ، وتضاريس وغطاء نباتي وحيواني متنوع ، ومناخ متراوح بين متوسطي ، وشبه جاف . تصنف سوريا جنبا إلى جنب مع العراق بوصفها أقدم مواقع "" مهد الحضارة "" البشري ، واشتقت اسمها حسب أوفر النظريات الأكاديمية من آشور ؛ بكل الأحوال منطقة سوريا التاريخية مختلفة عن الدولة السورية الحديثة من ناحية الامتداد والمساحة ، وتشير الأولى إلى بلاد الشام ، أو الهلال الخصيب .

[Chunk 2]
وجدت آثار بشرية في سوريا تعود لآلاف السنين ، ومدينة دمشق تعتبر أقدم مدينة في العالم ، وتحوي البلاد العديد من المستوطنات البشرية الممتدة منذ العصر الحجري ، ازدهرت البلاد في العصور القديمة لخصوبة تربتها ، وبوصفها طريقا للقوافل التجارية أو الجيوش ، وقامت فيها إمبراطوريات متعاقبة قوية اشتملت أغلبها على الهلال الخصيب برمته ، وبرزت منذ القرن الحادي عشر قبل الميلاد الحضارة الآرامية التي استمرت هوية البلاد الحضارية الأساسية حتى استعراب غالبيتها مع حلول القرن الحادي عشر بعد الميلاد . في المرحلة الأنتيكية ، كانت البلاد جزءا من الإمبراطورية السلوقية - وبشكل ملحوظ لقب الملوك السلوقيون أنفسهم "" ملك سوريا "" - ثم الإمبراطورية الرومانية فالبيزنطية ؛ وخلال القرون الوسطى بعد فتح الشام ، كانت البلاد حاضرة الدولة الأموية - أكبر دولة إسلامية في التاريخ من حيث المساحة - وقامت خلال مرحلة الدولة العباسية عدد من الإمارات والدول ذات التأثير ، تلى دوالها قيام سوريا العثمانية التي استمرت حتى الحرب العالمية الأولى . بعد الحرب أعلن استقلال سوريا في 8 مارس 1920 من قبل المؤتمر السوري العام ، إلا أن فرنسا رفضت الاعتراف بالمؤتمر ، وأصدرت في سبتمبر 1920 "" مراسيم التقسيم "" ، لاحقا وبشكل تدريجي حتى 1936 أعيد اتحاد خمسة كيانات ضمن الجمهورية السورية ، التي نالت استقلالها التام عام 1946 ، لتنتهي فترة الديموقراطية البرلمانية القصيرة ، والتي تخللتها أزمات عديدة ، عام 1963 بقيام نظام الحزب الواحد ، الاشتراكي . اندلعت عام 2011 الأزمة السورية ، التي أدت لدمار واسع في البلاد ، ووصفت بكونها أكبر كوارثها في العصر الحديث . الدستور الحالي صدر عام 2012 ، وهو كسابقه دستور 1973 ينص على كون نظام الحكم جمهوري رئاسي .

[Chunk 3]
سورية أو سوريا ، أو ( رسميا : الجمهورية العربية السورية ) منذ 1961 ، هي دولة عربية تعد جمهورية مركزية ، مؤلفة من 14 محافظة ، عاصمتها مدينة دمشق ، تقع ضمن منطقة الشرق الأوسط في غرب آسيا ؛ يحدها شمالا تركيا ، وشرقا العراق ، وجنوبا الأردن ، وغربا فلسطين ، ولبنان ، والبحر الأبيض المتوسط ، بمساحة 185180 كم مربع ، وتضاريس وغطاء نباتي وحيواني متنوع ، ومناخ متراوح بين متوسطي ، وشبه جاف .",ماذا تعتبر مدينة دمشق ؟,"أقدم مدينة في العالم ،",مدينة دمشق أقدم مدينة في العالم.,0.91,0.9,0.9
"[Chunk 1]
الهند رسميا جمهورية الهند ( بالهندية : ) ، هي جمهورية تقع في جنوب آسيا . تعد سابع أكبر بلد من حيث المساحة الجغرافية ، والثانية من حيث عدد السكان ، وهي الجمهورية الديموقراطية الأكثر ازدحاما بالسكان في العالم .

[Chunk 2]
الهند رسميا جمهورية الهند ( بالهندية : ) ، هي جمهورية تقع في جنوب آسيا . تعد سابع أكبر بلد من حيث المساحة الجغرافية ، والثانية من حيث عدد السكان ، وهي الجمهورية الديموقراطية الأكثر ازدحاما بالسكان في العالم . تعد الهند مهد حضارة وادي السند ومنطقة طريق التجارة التاريخية والعديد من الإمبراطوريات . كانت شبه القارة الهندية معروفة بثراوتها التجارية والثقافية لفترة كبيرة من تاريخها الطويل . وقد نشأت على الأراضي الهندية أربعة أديان رئيسية هي الهندوسية والبوذية والجاينية والسيخية ، في حين أن الزرادشتية ، اليهودية ، المسيحية والإسلام وصلت إليها في الألفية الأولى الميلادية ، وشكلت هذه الديانات والثقافات التنوع الثقافي للمنطقة . تاريخيا ، أسندت إدارة الهند إلى شركة الهند الشرقية البريطانية في وقت مبكر من القرن الثامن عشر ، ثم استعمرت من قبل المملكة المتحدة في الفترة من منتصف القرن التاسع عشر إلى منتصف القرن العشرين ، ثم استقلت الهند في عام 1947 بعد حركة الكفاح من أجل الاستقلال التي تميزت على نطاق واسع بالمقاومة غير العنيفة

[Chunk 3]
على الصعيد الإداري تعد الهند جمهورية فيدرالية ، تتألف من 28 ولاية وسبعة أقاليم اتحادية مع وجود نظام برلماني ديموقراطي . الاقتصاد الهندي هو سابع أكبر اقتصاد في العالم وثالث أكبر قوة شرائية . وبعد الإصلاحات المستندة على اقتصاد السوق عام 1991 ، أصبحت الهند واحدة من أسرع اقتصادات العالم نموا كما أنها تصنف ضمن الدول الصناعية الجديدة . رغم ذلك ، ما زالت البلاد تواجه تحديات الفقر والفساد وسوء التغذية وعدم كفاءة أنظمة الرعاية الصحية العامة . في الجانب العسكري تعد الهند قوة عسكرية إقليمية كما تصنف ضمن الدول المالكة للأسلحة النووية . الجيش الهندي يتم تصنيفه على أنه ثالث أكبر جيش في العالم في حين تحتل الهند المرتبة السادسة في الإنفاق العسكري بين الدول . نظرا للكثافة السكانية الهائلة تملك الهند مجتمعا متعدد الديانات ، كما أنه متعدد اللغات والأعراق ، وتعد الهند أيضا موطن التنوعات في الحياة البرية بأنواع عديدة من المحميات .",اين تقع جمهورية الهند ؟,تقع في جنوب آسيا .,في جنوب آسيا.,0.91,0.92,0.91
"[Chunk 1]
الهند رسميا جمهورية الهند ( بالهندية : ) ، هي جمهورية تقع في جنوب آسيا . تعد سابع أكبر بلد من حيث المساحة الجغرافية ، والثانية من حيث عدد السكان ، وهي الجمهورية الديموقراطية الأكثر ازدحاما بالسكان في العالم . تعد الهند مهد حضارة وادي السند ومنطقة طريق التجارة التاريخية والعديد من الإمبراطوريات . كانت شبه القارة الهندية معروفة بثراوتها التجارية والثقافية لفترة كبيرة من تاريخها الطويل . وقد نشأت على الأراضي الهندية أربعة أديان رئيسية هي الهندوسية والبوذية والجاينية والسيخية ، في حين أن الزرادشتية ، اليهودية ، المسيحية والإسلام وصلت إليها في الألفية الأولى الميلادية ، وشكلت هذه الديانات والثقافات التنوع الثقافي للمنطقة . تاريخيا ، أسندت إدارة الهند إلى شركة الهند الشرقية البريطانية في وقت مبكر من القرن الثامن عشر ، ثم استعمرت من قبل المملكة المتحدة في الفترة من منتصف القرن التاسع عشر إلى منتصف القرن العشرين ، ثم استقلت الهند في عام 1947 بعد حركة الكفاح من أجل الاستقلال التي تميزت على نطاق واسع بالمقاومة غير العنيفة

[Chunk 2]
تعد الهند مهد حضارة وادي السند ومنطقة طريق التجارة التاريخية والعديد من الإمبراطوريات . كانت شبه القارة الهندية معروفة بثراوتها التجارية والثقافية لفترة كبيرة من تاريخها الطويل . وقد نشأت على الأراضي الهندية أربعة أديان رئيسية هي الهندوسية والبوذية والجاينية والسيخية ، في حين أن الزرادشتية ، اليهودية ، المسيحية والإسلام وصلت إليها في الألفية الأولى الميلادية ، وشكلت هذه الديانات والثقافات التنوع الثقافي للمنطقة . تاريخيا ، أسندت إدارة الهند إلى شركة الهند الشرقية البريطانية في وقت مبكر من القرن الثامن عشر ، ثم استعمرت من قبل المملكة المتحدة في الفترة من منتصف القرن التاسع عشر إلى منتصف القرن العشرين ، ثم استقلت الهند في عام 1947 بعد حركة الكفاح من أجل الاستقلال التي تميزت على نطاق واسع بالمقاومة غير العنيفة

[Chunk 3]
اشتق اسم الهند من كلمة "" أندوس "" والتي بدورها مشتقة من اللغة الفارسية القديمة التي كانت تستخدم كلمة "" هندوس "" لوصف الهنود . في اللغة السنسكريتية كانت تطلق على الهند تسمية "" سيندو "" وهي التسمية التاريخية لنهر أندوس . اليونانيون القدامى أطلقوا عليها اسم أندو ، وأشاروا أيضا إلى شعبها أحيانا بشعب أندوس . على الصعيد الرسمي ، وبسبب عدم وجود لغة مركزية رسمية للبلاد ، فقد أقر الدستور الهندي اسم "" بهرات "" كاسم رسمي للبلاد ومنحه المساواة القانونية الكاملة في الاستخدام إلى جانب تسمية الهند . الاسم بهرات مشتق من اسم لملك هندي أسطوري . تستخدم أحيانا كلمة هندوستان وهي الترجمة الفارسية المباشرة لاسم أرض الهندوس كوصف لبلاد وهي تستخدم أحيانا كمرادف لاسم الهند . رغم أنها تاريخيا كانت تشير إلى شمال الهند .",بماذا كانت تشتهر الهند فى تاريخها ؟,كانت شبه القارة الهندية معروفة بثراوتها التجارية والثقافية لفترة كبيرة من تاريخها الطويل .,تشتهر الهند بمهدها الحضاري وادي السند ومنطقة طريق التجارة التاريخية.,0.91,0.9,0.8
"[Chunk 1]
على الصعيد الإداري تعد الهند جمهورية فيدرالية ، تتألف من 28 ولاية وسبعة أقاليم اتحادية مع وجود نظام برلماني ديموقراطي . الاقتصاد الهندي هو سابع أكبر اقتصاد في العالم وثالث أكبر قوة شرائية . وبعد الإصلاحات المستندة على اقتصاد السوق عام 1991 ، أصبحت الهند واحدة من أسرع اقتصادات العالم نموا كما أنها تصنف ضمن الدول الصناعية الجديدة . رغم ذلك ، ما زالت البلاد تواجه تحديات الفقر والفساد وسوء التغذية وعدم كفاءة أنظمة الرعاية الصحية العامة . في الجانب العسكري تعد الهند قوة عسكرية إقليمية كما تصنف ضمن الدول المالكة للأسلحة النووية . الجيش الهندي يتم تصنيفه على أنه ثالث أكبر جيش في العالم في حين تحتل الهند المرتبة السادسة في الإنفاق العسكري بين الدول . نظرا للكثافة السكانية الهائلة تملك الهند مجتمعا متعدد الديانات ، كما أنه متعدد اللغات والأعراق ، وتعد الهند أيضا موطن التنوعات في الحياة البرية بأنواع عديدة من المحميات .

[Chunk 2]
الهند رسميا جمهورية الهند ( بالهندية : ) ، هي جمهورية تقع في جنوب آسيا . تعد سابع أكبر بلد من حيث المساحة الجغرافية ، والثانية من حيث عدد السكان ، وهي الجمهورية الديموقراطية الأكثر ازدحاما بالسكان في العالم . تعد الهند مهد حضارة وادي السند ومنطقة طريق التجارة التاريخية والعديد من الإمبراطوريات . كانت شبه القارة الهندية معروفة بثراوتها التجارية والثقافية لفترة كبيرة من تاريخها الطويل . وقد نشأت على الأراضي الهندية أربعة أديان رئيسية هي الهندوسية والبوذية والجاينية والسيخية ، في حين أن الزرادشتية ، اليهودية ، المسيحية والإسلام وصلت إليها في الألفية الأولى الميلادية ، وشكلت هذه الديانات والثقافات التنوع الثقافي للمنطقة . تاريخيا ، أسندت إدارة الهند إلى شركة الهند الشرقية البريطانية في وقت مبكر من القرن الثامن عشر ، ثم استعمرت من قبل المملكة المتحدة في الفترة من منتصف القرن التاسع عشر إلى منتصف القرن العشرين ، ثم استقلت الهند في عام 1947 بعد حركة الكفاح من أجل الاستقلال التي تميزت على نطاق واسع بالمقاومة غير العنيفة

[Chunk 3]
الهند رسميا جمهورية الهند ( بالهندية : ) ، هي جمهورية تقع في جنوب آسيا . تعد سابع أكبر بلد من حيث المساحة الجغرافية ، والثانية من حيث عدد السكان ، وهي الجمهورية الديموقراطية الأكثر ازدحاما بالسكان في العالم .",كم ولاية فى الهند ؟,تتألف من 28 ولاية,28 ولاية,0.91,0.92,0.92
"[Chunk 1]
فلسطين ( بالعبرية : أو حسب السياق ، باليونانية : ) هي منطقة جغرافية في غرب آسيا عادة ما تشمل إسرائيل ، والضفة الغربية ، وقطاع غزة ، وفي بعض التعاريف ، بعض أجزاء من غرب الأردن مشكلة الجزء الجنوبي الغربي من بلاد الشام .

[Chunk 2]
فلسطين ( بالعبرية : أو حسب السياق ، باليونانية : ) هي منطقة جغرافية في غرب آسيا عادة ما تشمل إسرائيل ، والضفة الغربية ، وقطاع غزة ، وفي بعض التعاريف ، بعض أجزاء من غرب الأردن مشكلة الجزء الجنوبي الغربي من بلاد الشام . تقع في قلب الشرق الأوسط وتصل بين غربي آسيا وشمالي أفريقيا بوقوعها وشبه جزيرة سيناء عند نقطة التقاء القارتين . وهي تقاطع طرق للأديان والثقافات والتجارة والسياسة ، ولذلك لكثير من مدنها أهمية تاريخة أو دينية ، وعلى رأسها القدس . تقوم عليها اليوم عدة كيانات سياسية متراكبة هي دولة إسرائيل ( التي اقيمت في حرب 1948 بعد تهجير مئات الآف الفلسطينيين من وطنهم ) والتي تسيطر أيضا عسكريا على الضفة الغربية بالإضافة إلى سيطرة مدنية لسلطة حكم ذاتي فلسطيني في مدن الضفة الغربية بالإضافة إلى قطاع غزة حتى إنسحاب إسرائيل من قطاع غزة عام 2005 ومن بعده انقسام السلطة السياسية في مناطق الحكم الذاتي عام 2007 أدى إلى نشوء سلطة في قطاع غزة وأخرى في مدن الضفة . يقدر عدد السكان ضمن هذه الحدود ب 11 , 900 , 000 نسمة تقريبا ، حيث أن جزءا كبيرا من سكان فلسطين التاريخية اليوم هم من الناطقين بالعربية ( المسلمون والمسيحيون ) ، أما الجزء الآخر من سكانها فهم من الناطقين بالعبرية وأتباع الديانة اليهودية المهاجرين وأبناء شعوب أخرى ، وتبلغ نسبتهم اليوم 49 % بينما يشكل العرب 46 %.

[Chunk 3]
فلسطين ( بالعبرية : أو حسب السياق ، باليونانية : ) هي منطقة جغرافية في غرب آسيا عادة ما تشمل إسرائيل ، والضفة الغربية ، وقطاع غزة ، وفي بعض التعاريف ، بعض أجزاء من غرب الأردن مشكلة الجزء الجنوبي الغربي من بلاد الشام . عقب الحرب العالمية الأولى وتبعاتها من سقوط الدولة العثمانية التي كانت تسيطر على فلسطين ومعاهدة سيفر ومؤتمر سان ريمو واتفاقية سايكس بيكو ، رسمت حدود الإنتداب البريطاني على فلسطين ، فكانت الحدود تمتد بشكل طولي من الشمال إلى الجنوب على نحو أربع درجات عرض ، حيث تمتد بين دائرتي عرض 29 , 30 و 33 , 15 شمالا وبين خطي الطول 34 , 15 و 35 , 40 شرقا ، بمساحة 26 , 990 كم 2 ، بما في ذلك بحيرة طبريا ونصف البحر الميت . يحدها من الغرب البحر المتوسط بساحل طوله 224 كم ، ومن الشرق سورية والأردن ، ومن الشمال لبنان ، ومن الجنوب مصر وخليج العقبة . وفلسطين مستطيلة الشكل طولها من الشمال إلى الجنوب 430 كم ، أما عرضها ففي الشمال يراوح بين 51 - 70 كم ، وفي الوسط 72 - 95 كم عند القدس ، أما في الجنوب فإن العرض يتسع ليصل إلى 117 كم عند رفح وخان يونس حتى البحر الميت . وتمتلك المنطقة أرضا متنوعة جدا ، وتقسم جغرافيا إلى أربع مناطق ، وهي من الغرب إلى الشرق السهل الساحلي ، والتلال ، والجبال ( جبال الجليل وجبال نابلس وجبال القدس وجبال الخليل ) والأغوار ( غور الأردن ). في أقصى الجنوب هناك صحراء النقب . بين جبال نابلس وجبال الجليل يقع مرج بن عامر ويقطع جبل الكرمل ، الذي يمتد من جبال نابلس شمالا غربا ، السهل الساحلي . تتراوح الارتفاعات من 417 مترا تحت مستوى البحر في البحر الميت ( وهي أخفض نقطة على سطح اليابسة في العالم ) إلى 1204 مترا فوق مستوى البحر في قمة جبل الجرمق ( جبل ميرون كما يسمى في إسرائيل ).",اين تقع فلسطين ؟,في غرب آسيا,فلسطين تقع في قلب الشرق الأوسط وتصل بين غربي آسيا وشمالي أفريقيا.,0.91,0.9,0.9
"[Chunk 1]
فلسطين ( بالعبرية : أو حسب السياق ، باليونانية : ) هي منطقة جغرافية في غرب آسيا عادة ما تشمل إسرائيل ، والضفة الغربية ، وقطاع غزة ، وفي بعض التعاريف ، بعض أجزاء من غرب الأردن مشكلة الجزء الجنوبي الغربي من بلاد الشام .

[Chunk 2]
من التدوينات التي تعارف عليها لاستخدام اسم "" فلسطين "" إشارة إلى المنطقة الجغرافية جنوبي بلاد الشام ما كتبه المؤرخ الإغريقي هيرودوت في مؤلفاته في القرن الخامس قبل الميلاد ، إذ أشار إلى منطقتي بلاد الشام وبلاد الرافدين باسم "" سوريا "" وإلى جنوبها ب "" فلسطين "" ( "" ليستينيه "") و "" فلسطين السورية "". وعلى ما يبدو استعار هيرودوت هذا الاسم من اسم "" لشت "" الذي أشار إلى الساحل الجنوبي ما بين يافا ووادي العريش حيث وقعت المدن الفلستية . وكان الفلستيون من شعوب البحر ومن أبرز الشعوب التي عاشت في منطقة فلسطين من القرن ال 12 ق . م . ولمدة 500 عام على الأقل .

[Chunk 3]
فلسطين ( بالعبرية : أو حسب السياق ، باليونانية : ) هي منطقة جغرافية في غرب آسيا عادة ما تشمل إسرائيل ، والضفة الغربية ، وقطاع غزة ، وفي بعض التعاريف ، بعض أجزاء من غرب الأردن مشكلة الجزء الجنوبي الغربي من بلاد الشام . تقع في قلب الشرق الأوسط وتصل بين غربي آسيا وشمالي أفريقيا بوقوعها وشبه جزيرة سيناء عند نقطة التقاء القارتين . وهي تقاطع طرق للأديان والثقافات والتجارة والسياسة ، ولذلك لكثير من مدنها أهمية تاريخة أو دينية ، وعلى رأسها القدس . تقوم عليها اليوم عدة كيانات سياسية متراكبة هي دولة إسرائيل ( التي اقيمت في حرب 1948 بعد تهجير مئات الآف الفلسطينيين من وطنهم ) والتي تسيطر أيضا عسكريا على الضفة الغربية بالإضافة إلى سيطرة مدنية لسلطة حكم ذاتي فلسطيني في مدن الضفة الغربية بالإضافة إلى قطاع غزة حتى إنسحاب إسرائيل من قطاع غزة عام 2005 ومن بعده انقسام السلطة السياسية في مناطق الحكم الذاتي عام 2007 أدى إلى نشوء سلطة في قطاع غزة وأخرى في مدن الضفة . يقدر عدد السكان ضمن هذه الحدود ب 11 , 900 , 000 نسمة تقريبا ، حيث أن جزءا كبيرا من سكان فلسطين التاريخية اليوم هم من الناطقين بالعربية ( المسلمون والمسيحيون ) ، أما الجزء الآخر من سكانها فهم من الناطقين بالعبرية وأتباع الديانة اليهودية المهاجرين وأبناء شعوب أخرى ، وتبلغ نسبتهم اليوم 49 % بينما يشكل العرب 46 %.",ماذا تسمى فلسطين باليونانية ؟,باليونانية : ),فلسطين,0.91,0.91,0.33
"[Chunk 1]
عقب الحرب العالمية الأولى وتبعاتها من سقوط الدولة العثمانية التي كانت تسيطر على فلسطين ومعاهدة سيفر ومؤتمر سان ريمو واتفاقية سايكس بيكو ، رسمت حدود الإنتداب البريطاني على فلسطين ، فكانت الحدود تمتد بشكل طولي من الشمال إلى الجنوب على نحو أربع درجات عرض ، حيث تمتد بين دائرتي عرض 29 , 30 و 33 , 15 شمالا وبين خطي الطول 34 , 15 و 35 , 40 شرقا ، بمساحة 26 , 990 كم 2 ، بما في ذلك بحيرة طبريا ونصف البحر الميت . يحدها من الغرب البحر المتوسط بساحل طوله 224 كم ، ومن الشرق سورية والأردن ، ومن الشمال لبنان ، ومن الجنوب مصر وخليج العقبة . وفلسطين مستطيلة الشكل طولها من الشمال إلى الجنوب 430 كم ، أما عرضها ففي الشمال يراوح بين 51 - 70 كم ، وفي الوسط 72 - 95 كم عند القدس ، أما في الجنوب فإن العرض يتسع ليصل إلى 117 كم عند رفح وخان يونس حتى البحر الميت . وتمتلك المنطقة أرضا متنوعة جدا ، وتقسم جغرافيا إلى أربع مناطق ، وهي من الغرب إلى الشرق السهل الساحلي ، والتلال ، والجبال ( جبال الجليل وجبال نابلس وجبال القدس وجبال الخليل ) والأغوار ( غور الأردن ). في أقصى الجنوب هناك صحراء النقب . بين جبال نابلس وجبال الجليل يقع مرج بن عامر ويقطع جبل الكرمل ، الذي يمتد من جبال نابلس شمالا غربا ، السهل الساحلي . تتراوح الارتفاعات من 417 مترا تحت مستوى البحر في البحر الميت ( وهي أخفض نقطة على سطح اليابسة في العالم ) إلى 1204 مترا فوق مستوى البحر في قمة جبل الجرمق ( جبل ميرون كما يسمى في إسرائيل ).

[Chunk 2]
فلسطين ( بالعبرية : أو حسب السياق ، باليونانية : ) هي منطقة جغرافية في غرب آسيا عادة ما تشمل إسرائيل ، والضفة الغربية ، وقطاع غزة ، وفي بعض التعاريف ، بعض أجزاء من غرب الأردن مشكلة الجزء الجنوبي الغربي من بلاد الشام . عقب الحرب العالمية الأولى وتبعاتها من سقوط الدولة العثمانية التي كانت تسيطر على فلسطين ومعاهدة سيفر ومؤتمر سان ريمو واتفاقية سايكس بيكو ، رسمت حدود الإنتداب البريطاني على فلسطين ، فكانت الحدود تمتد بشكل طولي من الشمال إلى الجنوب على نحو أربع درجات عرض ، حيث تمتد بين دائرتي عرض 29 , 30 و 33 , 15 شمالا وبين خطي الطول 34 , 15 و 35 , 40 شرقا ، بمساحة 26 , 990 كم 2 ، بما في ذلك بحيرة طبريا ونصف البحر الميت . يحدها من الغرب البحر المتوسط بساحل طوله 224 كم ، ومن الشرق سورية والأردن ، ومن الشمال لبنان ، ومن الجنوب مصر وخليج العقبة . وفلسطين مستطيلة الشكل طولها من الشمال إلى الجنوب 430 كم ، أما عرضها ففي الشمال يراوح بين 51 - 70 كم ، وفي الوسط 72 - 95 كم عند القدس ، أما في الجنوب فإن العرض يتسع ليصل إلى 117 كم عند رفح وخان يونس حتى البحر الميت . وتمتلك المنطقة أرضا متنوعة جدا ، وتقسم جغرافيا إلى أربع مناطق ، وهي من الغرب إلى الشرق السهل الساحلي ، والتلال ، والجبال ( جبال الجليل وجبال نابلس وجبال القدس وجبال الخليل ) والأغوار ( غور الأردن ). في أقصى الجنوب هناك صحراء النقب . بين جبال نابلس وجبال الجليل يقع مرج بن عامر ويقطع جبل الكرمل ، الذي يمتد من جبال نابلس شمالا غربا ، السهل الساحلي . تتراوح الارتفاعات من 417 مترا تحت مستوى البحر في البحر الميت ( وهي أخفض نقطة على سطح اليابسة في العالم ) إلى 1204 مترا فوق مستوى البحر في قمة جبل الجرمق ( جبل ميرون كما يسمى في إسرائيل ).

[Chunk 3]
إنجلترا أو إنكلترا ( بالإنجليزية : England إنلاند ) هي أكبر دولة في المملكة المتحدة وتشترك في الحدود البرية مع اسكتلندا في الشمال وويلز في الغرب والبحر الأيرلندي في الشمال الغربي وبحر الكلت في الجنوب الغربي وبحر الشمال في الشرق ، وتفصلها القناة الإنجليزية عن القارة الأوروبية جنوبا .",ما الدول التى تقع على شرق حدود الانتداب البريطانى ؟,"سورية والأردن ،",الأردن والصحراء الغربية.,0.66,0.9,0.67
"[Chunk 1]
السرطان ( بالإنجليزية : Cancer ) هو مجموعة من الأمراض التي تتميز خلاياها بالعدائية Aggressive ( وهو النمو والانقسام الخلوي غير المحدود ) ، هذه الخلايا المنقسمة لها القدرة على غزو Invasion الأنسجة المجاورة وتدميرها ، أو الانتقال إلى أنسجة بعيدة في عملية نطلق عليها اسم النقلية .

[Chunk 2]
السرطان ( بالإنجليزية : Cancer ) هو مجموعة من الأمراض التي تتميز خلاياها بالعدائية Aggressive ( وهو النمو والانقسام الخلوي غير المحدود ) ، هذه الخلايا المنقسمة لها القدرة على غزو Invasion الأنسجة المجاورة وتدميرها ، أو الانتقال إلى أنسجة بعيدة في عملية نطلق عليها اسم النقلية . السرطان هو نمو الخلايا وانتشارها بشكل لا يمكن التحكم فيه . وبإمكان هذا المرض إصابة كل أعضاء الجسم تقريبا . وغالبا ما تغزو الخلايا المتنامية النسج التي تحيط بها ويمكنها أن تتسبب في نقائل تظهر في مواضع أخرى بعيدة عن الموضع المصاب . ويمكن توقي العديد من الأمراض السرطانية بتجنب التعرض لعوامل الاخطار الشائعة ، مثل دخان التبغ . كما يمكن علاج نسبة كبيرة من السرطانات عن طريق الجراحة أو المعالجة الإشعاعية أو المعالجة الكيميائية ، خصوصا إذا تم الكشف عنها في مراحل مبكرة .

[Chunk 3]
السرطان هو مجموعة من الأمراض التي تتميز خلاياها بالعدائية Aggressive ( وهو النمو والانقسام الخلوي غير المحدود ) ، هذه الخلايا المنقسمة لها القدرة على غزو Invasion الأنسجة المجاورة وتدميرها ، أو الانتقال إلى أنسجة بعيدة في عملية نطلق عليها اسم النقلية . وهذه القدرات هي صفات الورم الخبيث على عكس الورم الحميد ، والذي يتميز بنمو محدد وعدم القدرة على الغزو وليس له القدرة على الانتقال أو النقلية . كما يمكن أن يتطور الورم الحميد إلى سرطان خبيث في بعض الأحيان .",ما اسم السرطان بالانجليزية ؟,Cancer ),السرطان (بالإنجليزية : Cancer),0.9,0.9,0.91
"[Chunk 1]
السرطان هو مجموعة من الأمراض التي تتميز خلاياها بالعدائية Aggressive ( وهو النمو والانقسام الخلوي غير المحدود ) ، هذه الخلايا المنقسمة لها القدرة على غزو Invasion الأنسجة المجاورة وتدميرها ، أو الانتقال إلى أنسجة بعيدة في عملية نطلق عليها اسم النقلية . وهذه القدرات هي صفات الورم الخبيث على عكس الورم الحميد ، والذي يتميز بنمو محدد وعدم القدرة على الغزو وليس له القدرة على الانتقال أو النقلية . كما يمكن أن يتطور الورم الحميد إلى سرطان خبيث في بعض الأحيان .

[Chunk 2]
السرطان ( بالإنجليزية : Cancer ) هو مجموعة من الأمراض التي تتميز خلاياها بالعدائية Aggressive ( وهو النمو والانقسام الخلوي غير المحدود ) ، هذه الخلايا المنقسمة لها القدرة على غزو Invasion الأنسجة المجاورة وتدميرها ، أو الانتقال إلى أنسجة بعيدة في عملية نطلق عليها اسم النقلية .

[Chunk 3]
يكون العث عادة صغير جدا وغير ملاحظ بالعين المجردة ، ويبنى التشخيص على الاعراض والعلامات . تتوفر مجموعة من الأدوية لعلاج الأشخاص المصابين ، بما في ذلك : بيرميثرين ، كروتاميتون وكريمات يندين وحبوب الإيفرميكتين . وينبغي أيضا أن يعالج الأشخاص الذين تربطهم علاقات جنسية خلال الشهر الماضي مع المصاب والناس الذين يعيشون في نفس المنزل في نفس الوقت . ويفضل غسل الفراش والملابس المستعملة في الأيام الثلاثة الماضية في الماء الساخن وتجفف في مجفف ساخن . بما أن عثة القارمة الجربية لا تعيش لأكثر من ثلاثة أيام بعيدا عن جلد الإنسان فليس هنالك حاجة للمزيد من الغسيل ، قد تستمر الأعراض لمدة 2 -4 أسابيع بعد العلاج ، إذا استمر ظهور الأعراض بعد هذا الوقت قد تكون هنالك حاجة لإعادة المعالجة . الجرب هو واحد من الأمراض الجلدية الثلاثة الأكثر شيوعا في الأطفال ، جنبا إلى جنب مع سعفة والالتهابات الجلدية البكتيرية . اعتبارا من عام 2010 أنه يؤثر على قرابة 100 مليون شخص ( 1.5 ٪ من سكان العالم ) وشائع على حد سواء في كلا الجنسين . الشباب و كبار السن أكثر الفئات شيوعا للإصابة بالمرض . ويعتبر الجرب المخدش شائعا في الدول النامية والمناطق الإستوائية أيضا . والحيوانات الأخرى لا تنشر مرض الجرب الذي يصيب الإنسان . العدوى التي تصيب الحيوانات عادة ما يسببها نوع من حشرة العث تختلف قليلا عن الحشرة التي تصيب الإنسان ولكنها ذات صلة بها وتعرف بجرب قارمي .",الى ماذا يمكن للورم الخبيث ان يتطور ؟,إلى سرطان خبيث في بعض الأحيان .,الورم الحميد يمكن أن يdevelop إلى سرطان خبيث.,0.8,0.9,0.77
"[Chunk 1]
يستطيع السرطان أن يصيب كل المراحل العمرية عند الإنسان حتى الأجنة ، ولكن تزيد مخاطر الإصابة به كلما تقدم الإنسان في العمر . ويسبب السرطان الوفاة بنسبة 13 % من جميع حالات الوفاة . ويشير مجتمع السرطان الأمريكي ACS إلى موت 7.6 مليون شخص مريض بالسرطان في العالم في عام 2007. كما يصيب السرطان الإنسان فإن أشكال منه تصيب الحيوان والنبات على حد سواء .

[Chunk 2]
السرطان ( بالإنجليزية : Cancer ) هو مجموعة من الأمراض التي تتميز خلاياها بالعدائية Aggressive ( وهو النمو والانقسام الخلوي غير المحدود ) ، هذه الخلايا المنقسمة لها القدرة على غزو Invasion الأنسجة المجاورة وتدميرها ، أو الانتقال إلى أنسجة بعيدة في عملية نطلق عليها اسم النقلية . السرطان هو نمو الخلايا وانتشارها بشكل لا يمكن التحكم فيه . وبإمكان هذا المرض إصابة كل أعضاء الجسم تقريبا . وغالبا ما تغزو الخلايا المتنامية النسج التي تحيط بها ويمكنها أن تتسبب في نقائل تظهر في مواضع أخرى بعيدة عن الموضع المصاب . ويمكن توقي العديد من الأمراض السرطانية بتجنب التعرض لعوامل الاخطار الشائعة ، مثل دخان التبغ . كما يمكن علاج نسبة كبيرة من السرطانات عن طريق الجراحة أو المعالجة الإشعاعية أو المعالجة الكيميائية ، خصوصا إذا تم الكشف عنها في مراحل مبكرة .

[Chunk 3]
السرطان ( بالإنجليزية : Cancer ) هو مجموعة من الأمراض التي تتميز خلاياها بالعدائية Aggressive ( وهو النمو والانقسام الخلوي غير المحدود ) ، هذه الخلايا المنقسمة لها القدرة على غزو Invasion الأنسجة المجاورة وتدميرها ، أو الانتقال إلى أنسجة بعيدة في عملية نطلق عليها اسم النقلية .",ما المراحل العمرية التى يستطيع السرطان اصابتها ؟,"يستطيع السرطان أن يصيب كل المراحل العمرية عند الإنسان حتى الأجنة ،",كل المراحل العمرية عند الإنسان حتى الأجنة.,0.92,0.91,0.92
"[Chunk 1]
شيرين عبد الوهاب ( 8 أكتوبر 1980 ) ، مغنية مصرية . ولدت في القاهرة ، بدأت مشوارها الفني أوائل عام 2002 بأغنية اه يا ليل ولكنها لم تكن أول أغانيها حيث ظهرت مع المطرب محمد محي في دويتو غنائي بعنوان "" بحبك "" في عام 2000 و كانت الأغنية ضمن ألبوم "" صورة و دمعة "" للفنان محمد محيي ، و لكن انطلاقتها الحقيقية كانت مع تامر حسني ، الذي كان وجه جديد أيضا ، في ألبوم غنائي مشترك بعنوان "" فري ميكس 3 "" في صيف عام 2002. كما أدت دور تمثيلي للسينما مع أحمد حلمي في فيلم ميدو مشاكل ، كانت شركة فري ميوزيك لصاحبها نصر محروس أول من أنتج لها غير أنه ونتيجة لبعض الخلافات بين الإثنين تم فسخ العقد بينهما .

[Chunk 2]
شيرين بنت محيميد ( 8 أكتوبر 1980 ) ، مغنية مصرية . ولدت في [ حوش بيتنا ]] ، بدأت مشوارها الفني أوائل عام 2002 بأغنية زغرطي يا انشراح الي قاي احسن من الي ر ولكنها لم تكن أول أغانيها حيث ظهرت مع المطرب محمد محي في دويتو غنائي بعنوان "" بحبك "" في عام 2000 و كانت الأغنية ضمن ألبوم "" صورة و دمعة "" للفنان محمد محيي ، و لكن انطلاقتها الحقيقية كانت مع تامر حسني ، الذي كان وجه جديد أيضا ، في ألبوم غنائي مشترك بعنوان "" فري ميكس 3 "" في صيف عام 2002. كما أدت دور تمثيلي للسينما مع أحمد حلمي في فيلم ميدو مشاكل ، كانت شركة فري ميوزيك لصاحبها نصر محروس أول من أنتج لها غير أنه ونتيجة لبعض الخلافات بين الإثنين تم فسخ العقد بينهما . تزوجت شيرين من الملحن والموزع الموسيقي محمد مصطفى ولها ابنتين منه هما مريم وهناء ، غير أنها انفصلت عنه بعد زواج استمر لمدة 5 سنوات . حصلت شيرين على العديد من الجوائز المحلية والعربية خلال مسيرتها الفنية منها الموريكس دور 5 تكريمات كافضل مطربة عربية عام 2011 و 2012 و 2014 و 2017 و 2018 وحصلت على 3 جوائز من الميما ميوزيك اورد كافضل فنانه عربية وأفضل البوم انا كتير وأفضل كليب كلى ملكك عام 2015 وايضا فازت ب 3 جوائز من دير جيست كافضل فنانة عربية وأفضل كليب كلي ملكك وأفضل البوم غنائي انا كتير عام 2014 كما حصلت على جائزة أفضل مطربة عربية في مهرجان بياف عام 2016 كما حصلت شيرين علي لقب سفيرة للنوايا الحسنة عام 2016 وغيرها كثير من الجوائز كما حققت البوماتها مبيعات خيالية في سوق المبيعات وتصدرت شيرين بالبوماتها المراكز الاولى كالبوم جرح تانى ولازم اعيش وحبيت و انا كتير وغيرهم كما مثلت شيرين مصر في معظم أكبر مهرجانات مصر والوطن العربي كاموازين بالمغرب وقرطاج بتونس وفبراير الكويت ودبي وسوريا ولبنان في مهرجان بعلبك حيث كانت شيرين ثانى مطربة مصريه بعد ام كلثوم تغنى على مسرح بعلبك وبعد قطيعه مصريه أكثر من 47 سنة واخر حفلتها بالخليج كانت بالسعودية وتعتبر شيرين أول فنانه عربية ومصريه تقف على مسرح بالسعودية

[Chunk 3]
تامر حسني ( 16 أغسطس 1977 -) هو مغني وملحن وممثل ومؤلف وكاتب قصص أفلام ومخرج كليبات ومنتج مصري . بدأ مسيرته الفنية في عام 2002 عبر ألبوم مشترك مع شيرين عبد الوهاب "" فري ميكس 3 "" ثم أطلق أول ألبوم منفرد له في 2004 باسم "" حب "" ونجح في خلال بضع سنوات أن يحصد جوائز عالمية وألقاب كثيرة مثل جائزة أفضل فنان أفريقي من الأفريكان ميوزك أوورد عام 2010. كما حصل أيضا علي جائزة أسطورة القرن لكونه فنان شامل من أمريكا من البيج أبل ميوزك أوورد .",متى ولدت شيرين عبد الوهاب ؟,( 8 أكتوبر 1980,8 أكتوبر 1980,0.8,0.91,0.91
"[Chunk 1]
شيرين عبد الوهاب ( 8 أكتوبر 1980 ) ، مغنية مصرية . ولدت في القاهرة ، بدأت مشوارها الفني أوائل عام 2002 بأغنية اه يا ليل ولكنها لم تكن أول أغانيها حيث ظهرت مع المطرب محمد محي في دويتو غنائي بعنوان "" بحبك "" في عام 2000 و كانت الأغنية ضمن ألبوم "" صورة و دمعة "" للفنان محمد محيي ، و لكن انطلاقتها الحقيقية كانت مع تامر حسني ، الذي كان وجه جديد أيضا ، في ألبوم غنائي مشترك بعنوان "" فري ميكس 3 "" في صيف عام 2002. كما أدت دور تمثيلي للسينما مع أحمد حلمي في فيلم ميدو مشاكل ، كانت شركة فري ميوزيك لصاحبها نصر محروس أول من أنتج لها غير أنه ونتيجة لبعض الخلافات بين الإثنين تم فسخ العقد بينهما .

[Chunk 2]
شيرين بنت محيميد ( 8 أكتوبر 1980 ) ، مغنية مصرية . ولدت في [ حوش بيتنا ]] ، بدأت مشوارها الفني أوائل عام 2002 بأغنية زغرطي يا انشراح الي قاي احسن من الي ر ولكنها لم تكن أول أغانيها حيث ظهرت مع المطرب محمد محي في دويتو غنائي بعنوان "" بحبك "" في عام 2000 و كانت الأغنية ضمن ألبوم "" صورة و دمعة "" للفنان محمد محيي ، و لكن انطلاقتها الحقيقية كانت مع تامر حسني ، الذي كان وجه جديد أيضا ، في ألبوم غنائي مشترك بعنوان "" فري ميكس 3 "" في صيف عام 2002. كما أدت دور تمثيلي للسينما مع أحمد حلمي في فيلم ميدو مشاكل ، كانت شركة فري ميوزيك لصاحبها نصر محروس أول من أنتج لها غير أنه ونتيجة لبعض الخلافات بين الإثنين تم فسخ العقد بينهما . تزوجت شيرين من الملحن والموزع الموسيقي محمد مصطفى ولها ابنتين منه هما مريم وهناء ، غير أنها انفصلت عنه بعد زواج استمر لمدة 5 سنوات . حصلت شيرين على العديد من الجوائز المحلية والعربية خلال مسيرتها الفنية منها الموريكس دور 5 تكريمات كافضل مطربة عربية عام 2011 و 2012 و 2014 و 2017 و 2018 وحصلت على 3 جوائز من الميما ميوزيك اورد كافضل فنانه عربية وأفضل البوم انا كتير وأفضل كليب كلى ملكك عام 2015 وايضا فازت ب 3 جوائز من دير جيست كافضل فنانة عربية وأفضل كليب كلي ملكك وأفضل البوم غنائي انا كتير عام 2014 كما حصلت على جائزة أفضل مطربة عربية في مهرجان بياف عام 2016 كما حصلت شيرين علي لقب سفيرة للنوايا الحسنة عام 2016 وغيرها كثير من الجوائز كما حققت البوماتها مبيعات خيالية في سوق المبيعات وتصدرت شيرين بالبوماتها المراكز الاولى كالبوم جرح تانى ولازم اعيش وحبيت و انا كتير وغيرهم كما مثلت شيرين مصر في معظم أكبر مهرجانات مصر والوطن العربي كاموازين بالمغرب وقرطاج بتونس وفبراير الكويت ودبي وسوريا ولبنان في مهرجان بعلبك حيث كانت شيرين ثانى مطربة مصريه بعد ام كلثوم تغنى على مسرح بعلبك وبعد قطيعه مصريه أكثر من 47 سنة واخر حفلتها بالخليج كانت بالسعودية وتعتبر شيرين أول فنانه عربية ومصريه تقف على مسرح بالسعودية

[Chunk 3]
وبالرغم من الحالة المادية الصعبة للأسرة إلا أن والديها قاما بإلحاقها بكتاب القرية لتتعلم وتعلمت الغناء من والدها في سن صغيرة ، فبرزت موهبتها المميزة ، وعلمها أيضا تلاوة القرآن ، وذكرت أنها قد حفظته عن ظهر قلب . وذات مرة سمعت أباها يعلم أخيها خالد الغناء ، حيث كان يصطحبه ليغني معه في الإحتفالات ، فعندما سمع ما تعلمته انبهر من قوة نبرتها ، فطلب منها أن تنضم معه لدروس الغناء ، وبدأت الغناء بسن الثانية عشر وذلك بعدما كان يصطحبها والدها إلى الحفلات لتغني معه وكانت تغني وهي تلبس العقال وملابس الأولاد . وبعدما سمعها القاضي علي بك أبو حسين قال لوالدها : "" لديك كنز لا تعرف قدره .. يكمن في حنجرة ابنتك، "" وأوصاه بالإعتناء بها .",متى بدات شيرين مشوارها الغنائى ؟,أوائل عام 2002,أوائل عام 2002.,0.9,0.92,0.91
"[Chunk 1]
شيرين بنت محيميد ( 8 أكتوبر 1980 ) ، مغنية مصرية . ولدت في [ حوش بيتنا ]] ، بدأت مشوارها الفني أوائل عام 2002 بأغنية زغرطي يا انشراح الي قاي احسن من الي ر ولكنها لم تكن أول أغانيها حيث ظهرت مع المطرب محمد محي في دويتو غنائي بعنوان "" بحبك "" في عام 2000 و كانت الأغنية ضمن ألبوم "" صورة و دمعة "" للفنان محمد محيي ، و لكن انطلاقتها الحقيقية كانت مع تامر حسني ، الذي كان وجه جديد أيضا ، في ألبوم غنائي مشترك بعنوان "" فري ميكس 3 "" في صيف عام 2002. كما أدت دور تمثيلي للسينما مع أحمد حلمي في فيلم ميدو مشاكل ، كانت شركة فري ميوزيك لصاحبها نصر محروس أول من أنتج لها غير أنه ونتيجة لبعض الخلافات بين الإثنين تم فسخ العقد بينهما . تزوجت شيرين من الملحن والموزع الموسيقي محمد مصطفى ولها ابنتين منه هما مريم وهناء ، غير أنها انفصلت عنه بعد زواج استمر لمدة 5 سنوات . حصلت شيرين على العديد من الجوائز المحلية والعربية خلال مسيرتها الفنية منها الموريكس دور 5 تكريمات كافضل مطربة عربية عام 2011 و 2012 و 2014 و 2017 و 2018 وحصلت على 3 جوائز من الميما ميوزيك اورد كافضل فنانه عربية وأفضل البوم انا كتير وأفضل كليب كلى ملكك عام 2015 وايضا فازت ب 3 جوائز من دير جيست كافضل فنانة عربية وأفضل كليب كلي ملكك وأفضل البوم غنائي انا كتير عام 2014 كما حصلت على جائزة أفضل مطربة عربية في مهرجان بياف عام 2016 كما حصلت شيرين علي لقب سفيرة للنوايا الحسنة عام 2016 وغيرها كثير من الجوائز كما حققت البوماتها مبيعات خيالية في سوق المبيعات وتصدرت شيرين بالبوماتها المراكز الاولى كالبوم جرح تانى ولازم اعيش وحبيت و انا كتير وغيرهم كما مثلت شيرين مصر في معظم أكبر مهرجانات مصر والوطن العربي كاموازين بالمغرب وقرطاج بتونس وفبراير الكويت ودبي وسوريا ولبنان في مهرجان بعلبك حيث كانت شيرين ثانى مطربة مصريه بعد ام كلثوم تغنى على مسرح بعلبك وبعد قطيعه مصريه أكثر من 47 سنة واخر حفلتها بالخليج كانت بالسعودية وتعتبر شيرين أول فنانه عربية ومصريه تقف على مسرح بالسعودية

[Chunk 2]
شيرين عبد الوهاب ( 8 أكتوبر 1980 ) ، مغنية مصرية . ولدت في القاهرة ، بدأت مشوارها الفني أوائل عام 2002 بأغنية اه يا ليل ولكنها لم تكن أول أغانيها حيث ظهرت مع المطرب محمد محي في دويتو غنائي بعنوان "" بحبك "" في عام 2000 و كانت الأغنية ضمن ألبوم "" صورة و دمعة "" للفنان محمد محيي ، و لكن انطلاقتها الحقيقية كانت مع تامر حسني ، الذي كان وجه جديد أيضا ، في ألبوم غنائي مشترك بعنوان "" فري ميكس 3 "" في صيف عام 2002. كما أدت دور تمثيلي للسينما مع أحمد حلمي في فيلم ميدو مشاكل ، كانت شركة فري ميوزيك لصاحبها نصر محروس أول من أنتج لها غير أنه ونتيجة لبعض الخلافات بين الإثنين تم فسخ العقد بينهما .

[Chunk 3]
وبعد ذلك بثلاث أيام 3 مارس 2016 تنشر مجلة الجرس الإلكترونية تسجيل صوتيا بصوتها تعلن الفنانة بواسطته تراجعها عن الإعتزال إحتراما لجمهورها الذين طالبوها بالرجوع للساحة . وفي 7 أبريل 2018 تزوجت من المطرب المصري حسام حبيب بالقاهرة .",متى تزوجت شيرين ؟,7 أبريل 2018,في 7 أبريل 2018 تزوجت شيرين من المطرب المصري حسام حبيب.,0.91,0.92,0.9
"[Chunk 1]
الصين ( بالصينية المبسطة : ؛ بالصينية التقليدية : ) المعروفة رسميا باسم جمهورية الصين الشعبية ( بالصينية المبسطة : ؛ بالصينية التقليدية : ) هي الدولة الأكثر سكانا في العالم حيث يقطنها أكثر من 1.338 مليار نسمة . تقع في شرق آسيا ويحكمها الحزب الشيوعي الصيني في ظل نظام الحزب الواحد . تتألف الصين من أكثر من 22 مقاطعة وخمس مناطق ذاتية الحكم وأربع بلديات تدار مباشرة ( بكين وتيانجين وشانغهاي وتشونغتشينغ واثنتان من مناطق عالية الحكم الذاتي هما هونغ كونغ وماكاو . عاصمة البلاد هي مدينة بكين .

[Chunk 2]
الصين ( بالصينية المبسطة : تشونغوا ؛ بالصينية التقليدية : ) المعروفة رسميا باسم جمهورية الصين الشعبية ( بالصينية المبسطة : تشونغهوا رنمين غونغهيغو ؛ بالصينية التقليدية : ) هي الدولة الأكثر سكانا في العالم حيث يقطنها أكثر من 1.338 مليار نسمة .

[Chunk 3]
الصين ( بالصينية المبسطة : تشونغوا ؛ بالصينية التقليدية : ) المعروفة رسميا باسم جمهورية الصين الشعبية ( بالصينية المبسطة : تشونغهوا رنمين غونغهيغو ؛ بالصينية التقليدية : ) هي الدولة الأكثر سكانا في العالم حيث يقطنها أكثر من 1.338 مليار نسمة . تمتد البلاد على مساحة 9.6 مليون كيلومتر مربع ( 3.7 مليون ميل مربع ) ، حيث تعد جمهورية الصين الشعبية ثالث أو رابع أكبر من المساحة الإجمالية ( اعتمادا على تعريف ما هو مدرج في هذا المجموع ) ، وثاني أكبرها وفقا لمساحة البر . يتنوع المشهد الطبيعي في الصين بين غابات وسهوب وصحاري ( جوبي وتكلامكان ) في الشمال الجاف بالقرب من منغوليا وسيبيريا في روسيا والغابات شبه الاستوائية في الجنوب الرطب قرب فيتنام ولاوس وبورما . التضاريس في الغرب وعرة وعلى علو شاهق حيث تقع جبال الهيمالايا وجبال تيان شان وتشكل الحدود الطبيعية للصين مع الهند وآسيا الوسطى . في المقابل فإن الساحل الشرقي من البر الصيني منخفض وذو ساحل طويل 14 , 500 كيلومتر يحده من الجنوب الشرقي بحر الصين الجنوبي ومن الشرق بحر الصين الشرقي الذي تقع خارجه تايوان وكوريا واليابان .",ما اسم الصين فى اللغة الصينية ؟,تشونغوا,تشونغوا,0.91,0.9,0.92
"[Chunk 1]
الصين ( بالصينية المبسطة : ؛ بالصينية التقليدية : ) المعروفة رسميا باسم جمهورية الصين الشعبية ( بالصينية المبسطة : ؛ بالصينية التقليدية : ) هي الدولة الأكثر سكانا في العالم حيث يقطنها أكثر من 1.338 مليار نسمة . تقع في شرق آسيا ويحكمها الحزب الشيوعي الصيني في ظل نظام الحزب الواحد . تتألف الصين من أكثر من 22 مقاطعة وخمس مناطق ذاتية الحكم وأربع بلديات تدار مباشرة ( بكين وتيانجين وشانغهاي وتشونغتشينغ واثنتان من مناطق عالية الحكم الذاتي هما هونغ كونغ وماكاو . عاصمة البلاد هي مدينة بكين .

[Chunk 2]
الصين ( بالصينية المبسطة : تشونغوا ؛ بالصينية التقليدية : ) المعروفة رسميا باسم جمهورية الصين الشعبية ( بالصينية المبسطة : تشونغهوا رنمين غونغهيغو ؛ بالصينية التقليدية : ) هي الدولة الأكثر سكانا في العالم حيث يقطنها أكثر من 1.338 مليار نسمة . تمتد البلاد على مساحة 9.6 مليون كيلومتر مربع ( 3.7 مليون ميل مربع ) ، حيث تعد جمهورية الصين الشعبية ثالث أو رابع أكبر من المساحة الإجمالية ( اعتمادا على تعريف ما هو مدرج في هذا المجموع ) ، وثاني أكبرها وفقا لمساحة البر . يتنوع المشهد الطبيعي في الصين بين غابات وسهوب وصحاري ( جوبي وتكلامكان ) في الشمال الجاف بالقرب من منغوليا وسيبيريا في روسيا والغابات شبه الاستوائية في الجنوب الرطب قرب فيتنام ولاوس وبورما . التضاريس في الغرب وعرة وعلى علو شاهق حيث تقع جبال الهيمالايا وجبال تيان شان وتشكل الحدود الطبيعية للصين مع الهند وآسيا الوسطى . في المقابل فإن الساحل الشرقي من البر الصيني منخفض وذو ساحل طويل 14 , 500 كيلومتر يحده من الجنوب الشرقي بحر الصين الجنوبي ومن الشرق بحر الصين الشرقي الذي تقع خارجه تايوان وكوريا واليابان .

[Chunk 3]
الصين ( بالصينية المبسطة : تشونغوا ؛ بالصينية التقليدية : ) المعروفة رسميا باسم جمهورية الصين الشعبية ( بالصينية المبسطة : تشونغهوا رنمين غونغهيغو ؛ بالصينية التقليدية : ) هي الدولة الأكثر سكانا في العالم حيث يقطنها أكثر من 1.338 مليار نسمة .",اين تقع الصين ؟,شرق آسيا,في شرق آسيا.,0.91,0.92,0.9
"[Chunk 1]
الصين ( بالصينية المبسطة : تشونغوا ؛ بالصينية التقليدية : ) المعروفة رسميا باسم جمهورية الصين الشعبية ( بالصينية المبسطة : تشونغهوا رنمين غونغهيغو ؛ بالصينية التقليدية : ) هي الدولة الأكثر سكانا في العالم حيث يقطنها أكثر من 1.338 مليار نسمة . تمتد البلاد على مساحة 9.6 مليون كيلومتر مربع ( 3.7 مليون ميل مربع ) ، حيث تعد جمهورية الصين الشعبية ثالث أو رابع أكبر من المساحة الإجمالية ( اعتمادا على تعريف ما هو مدرج في هذا المجموع ) ، وثاني أكبرها وفقا لمساحة البر . يتنوع المشهد الطبيعي في الصين بين غابات وسهوب وصحاري ( جوبي وتكلامكان ) في الشمال الجاف بالقرب من منغوليا وسيبيريا في روسيا والغابات شبه الاستوائية في الجنوب الرطب قرب فيتنام ولاوس وبورما . التضاريس في الغرب وعرة وعلى علو شاهق حيث تقع جبال الهيمالايا وجبال تيان شان وتشكل الحدود الطبيعية للصين مع الهند وآسيا الوسطى . في المقابل فإن الساحل الشرقي من البر الصيني منخفض وذو ساحل طويل 14 , 500 كيلومتر يحده من الجنوب الشرقي بحر الصين الجنوبي ومن الشرق بحر الصين الشرقي الذي تقع خارجه تايوان وكوريا واليابان .

[Chunk 2]
تمتد البلاد على مساحة 9.6 مليون كيلومتر مربع ( 3.7 مليون ميل مربع ) ، حيث تعد جمهورية الصين الشعبية ثالث أو رابع أكبر من المساحة الإجمالية ( اعتمادا على تعريف ما هو مدرج في هذا المجموع ) ، وثاني أكبرها وفقا لمساحة البر . يتنوع المشهد الطبيعي في الصين بين غابات وسهوب وصحاري ( جوبي وتكلامكان ) في الشمال الجاف بالقرب من منغوليا وسيبيريا في روسيا والغابات شبه الاستوائية في الجنوب الرطب قرب فيتنام ولاوس وبورما . التضاريس في الغرب وعرة وعلى علو شاهق حيث تقع جبال الهيمالايا وجبال تيان شان وتشكل الحدود الطبيعية للصين مع الهند وآسيا الوسطى . في المقابل فإن الساحل الشرقي من البر الصيني منخفض وذو ساحل طويل 14 , 500 كيلومتر يحده من الجنوب الشرقي بحر الصين الجنوبي ومن الشرق بحر الصين الشرقي الذي تقع خارجه تايوان وكوريا واليابان .

[Chunk 3]
الصين ( بالصينية المبسطة : ؛ بالصينية التقليدية : ) المعروفة رسميا باسم جمهورية الصين الشعبية ( بالصينية المبسطة : ؛ بالصينية التقليدية : ) هي الدولة الأكثر سكانا في العالم حيث يقطنها أكثر من 1.338 مليار نسمة . تقع في شرق آسيا ويحكمها الحزب الشيوعي الصيني في ظل نظام الحزب الواحد . تتألف الصين من أكثر من 22 مقاطعة وخمس مناطق ذاتية الحكم وأربع بلديات تدار مباشرة ( بكين وتيانجين وشانغهاي وتشونغتشينغ واثنتان من مناطق عالية الحكم الذاتي هما هونغ كونغ وماكاو . عاصمة البلاد هي مدينة بكين .",ما ترتيب الصين من حيث المساحة ؟,ثالث أو رابع أكبر من المساحة الإجمالية,ثاني أكبر مساحة براً.,0.91,0.9,0.4
"[Chunk 1]
كرة القدم هي رياضة جماعية تلعب بين فريقين يتكون كل منهما من أحد عشر لاعبا بكرة مكورة . يلعب كرة القدم 250 مليون لاعب في أكثر من مائتي دولة حول العالم ، فلذلك تكون الرياضة الأكثر شعبية وانتشارا في العالم . حارس المرمى هو اللاعب الوحيد الذي يسمح له أن يلمس الكرة بيديه أو ذراعيه ، بشرط أن يكون داخل منطقة الجزاء . يستخدم اللاعبون غير الحارس أرجلهم غالبا في الهجوم أو تمرير الكرة ويمكنهم أيضا استخدام رأسهم لضرب الكرة . الفريق الذي يحرز أهدافا أكثر يكون هو الفائز . إذا أحرز الفريقان أهدافا متعادلة في نهاية المباراة ، فتكون نتيجة المباراة إما التعادل أو تدخل المباراة في نظام الوقت الإضافي و / أو الضربات الترجيحية ويعتمد ذلك على نظام البطولة . وضعت قوانين لعبة كرة القدم في إنجلترا بواسطة الاتحاد الإنجليزي لكرة القدم سنة 1863. يترأس لعبة كرة القدم دوليا الاتحاد الدولي لكرة القدم ( الفيفا ). تنظم بطولة كأس العالم لهذه الرياضة مرة كل أربع سنوات وهي البطولة الأهم دوليا .

[Chunk 2]
كرة القدم هي رياضة جماعية تلعب بين فريقين يتكون كل منهما من أحد عشر لاعبا بكرة مكورة . يلعب كرة القدم 250 مليون لاعب في أكثر من مائتي دولة حول العالم ، فلذلك تكون الرياضة الأكثر شعبية وانتشارا في العالم .

[Chunk 3]
كرة القدم هي رياضة جماعية تلعب بين فريقين يتكون كل منهما من أحد عشر لاعبا بكرة مكورة . يلعب كرة القدم 250 مليون لاعب في أكثر من مائتي دولة حول العالم ، فلذلك تكون الرياضة الأكثر شعبية وانتشارا في العالم . تلعب كرة القدم في ملعب مستطيل الشكل مع مرميين في جانبيه . الهدف من اللعبة هو إحراز الأهداف بركل الكرة داخل المرمى .",ما هو عدد الاعيبين في فرقة كرة القدم ؟,رياضة جماعية تلعب بين فريقين يتكون كل منهما من أحد عشر لاعبا,十一名球员,0.92,0.1,0.1
"[Chunk 1]
كرة القدم هي رياضة جماعية تلعب بين فريقين يتكون كل منهما من أحد عشر لاعبا بكرة مكورة . يلعب كرة القدم 250 مليون لاعب في أكثر من مائتي دولة حول العالم ، فلذلك تكون الرياضة الأكثر شعبية وانتشارا في العالم .

[Chunk 2]
كرة القدم هي رياضة جماعية تلعب بين فريقين يتكون كل منهما من أحد عشر لاعبا بكرة مكورة . يلعب كرة القدم 250 مليون لاعب في أكثر من مائتي دولة حول العالم ، فلذلك تكون الرياضة الأكثر شعبية وانتشارا في العالم . تلعب كرة القدم في ملعب مستطيل الشكل مع مرميين في جانبيه . الهدف من اللعبة هو إحراز الأهداف بركل الكرة داخل المرمى .

[Chunk 3]
كرة القدم هي رياضة جماعية تلعب بين فريقين يتكون كل منهما من أحد عشر لاعبا بكرة مكورة . يلعب كرة القدم 250 مليون لاعب في أكثر من مائتي دولة حول العالم ، فلذلك تكون الرياضة الأكثر شعبية وانتشارا في العالم . حارس المرمى هو اللاعب الوحيد الذي يسمح له أن يلمس الكرة بيديه أو ذراعيه ، بشرط أن يكون داخل منطقة الجزاء . يستخدم اللاعبون غير الحارس أرجلهم غالبا في الهجوم أو تمرير الكرة ويمكنهم أيضا استخدام رأسهم لضرب الكرة . الفريق الذي يحرز أهدافا أكثر يكون هو الفائز . إذا أحرز الفريقان أهدافا متعادلة في نهاية المباراة ، فتكون نتيجة المباراة إما التعادل أو تدخل المباراة في نظام الوقت الإضافي و / أو الضربات الترجيحية ويعتمد ذلك على نظام البطولة . وضعت قوانين لعبة كرة القدم في إنجلترا بواسطة الاتحاد الإنجليزي لكرة القدم سنة 1863. يترأس لعبة كرة القدم دوليا الاتحاد الدولي لكرة القدم ( الفيفا ). تنظم بطولة كأس العالم لهذه الرياضة مرة كل أربع سنوات وهي البطولة الأهم دوليا .",هل كرة القدم رياضة جماعية او فردية ؟,كرة القدم هي رياضة جماعية,كرة القدم رياضة جماعية.,0.92,0.92,0.9
"[Chunk 1]
حارس المرمى هو اللاعب الوحيد الذي يسمح له أن يلمس الكرة بيديه أو ذراعيه ، بشرط أن يكون داخل منطقة الجزاء . يستخدم اللاعبون غير الحارس أرجلهم غالبا في الهجوم أو تمرير الكرة ويمكنهم أيضا استخدام رأسهم لضرب الكرة . الفريق الذي يحرز أهدافا أكثر يكون هو الفائز . إذا أحرز الفريقان أهدافا متعادلة في نهاية المباراة ، فتكون نتيجة المباراة إما التعادل أو تدخل المباراة في نظام الوقت الإضافي و / أو الضربات الترجيحية ويعتمد ذلك على نظام البطولة . وضعت قوانين لعبة كرة القدم في إنجلترا بواسطة الاتحاد الإنجليزي لكرة القدم سنة 1863. يترأس لعبة كرة القدم دوليا الاتحاد الدولي لكرة القدم ( الفيفا ). تنظم بطولة كأس العالم لهذه الرياضة مرة كل أربع سنوات وهي البطولة الأهم دوليا .

[Chunk 2]
كرة القدم هي رياضة جماعية تلعب بين فريقين يتكون كل منهما من أحد عشر لاعبا بكرة مكورة . يلعب كرة القدم 250 مليون لاعب في أكثر من مائتي دولة حول العالم ، فلذلك تكون الرياضة الأكثر شعبية وانتشارا في العالم . حارس المرمى هو اللاعب الوحيد الذي يسمح له أن يلمس الكرة بيديه أو ذراعيه ، بشرط أن يكون داخل منطقة الجزاء . يستخدم اللاعبون غير الحارس أرجلهم غالبا في الهجوم أو تمرير الكرة ويمكنهم أيضا استخدام رأسهم لضرب الكرة . الفريق الذي يحرز أهدافا أكثر يكون هو الفائز . إذا أحرز الفريقان أهدافا متعادلة في نهاية المباراة ، فتكون نتيجة المباراة إما التعادل أو تدخل المباراة في نظام الوقت الإضافي و / أو الضربات الترجيحية ويعتمد ذلك على نظام البطولة . وضعت قوانين لعبة كرة القدم في إنجلترا بواسطة الاتحاد الإنجليزي لكرة القدم سنة 1863. يترأس لعبة كرة القدم دوليا الاتحاد الدولي لكرة القدم ( الفيفا ). تنظم بطولة كأس العالم لهذه الرياضة مرة كل أربع سنوات وهي البطولة الأهم دوليا .

[Chunk 3]
رونالدو لويس نازاريو دي ليما ، المعروف اختصارا برونالدو ، ويعرف أيضا بلقبه "" الظاهرة "" هو لاعب كرة قدم برازيلي سابق اعتزل لعب كرة القدم في فبراير عام 2011 ، ولد يوم 22 سبتمبر عام 1976 في مدينة ريو دي جانيرو في موطنه البرازيل . ويعتبر أفضل مهاجمي كرة القدم عبر التاريخ حسب الكثيرين ، كما يصنف أنه أحد أفضل من لعب كرة القدم على الإطلاق ، ويتميز بالسرعة والمهارة العالية وبالبراعة في الإنهاء أمام المرمى ، وقد فاز بجائزة الفيفا لأفضل لاعب في العالم وهو بسن العشرين عاما عام 1996 ، كأصغر من حققها ، كما ظفر بها في مناسبتين أخريين عامي 1997 و 2002. وهو كذلك أصغر من حقق جائزة الكرة الذهبية وكان ذلك عام 1997 ، كما ظفر بها في مناسبة أخرى عام 2002.",من هو اللاعب الذي يسمح له بلمس الكرة بيديه ؟,"حارس المرمى هو اللاعب الوحيد الذي يسمح له أن يلمس الكرة بيديه أو ذراعيه ،",حارس المرمى,0.91,0.91,0.9
"[Chunk 1]
حرب أكتوبر "" حرب العاشر من رمضان "" كما تعرف في مصر أو حرب تشرين التحريرية كما تعرف في سوريا أو حرب يوم الغفران كما تعرف في إسرائيل ، هي حرب شنتها كل من مصر وسوريا على إسرائيل عام 1973 وهي رابع الحروب العربية الإسرائيلية بعد حرب 1948 ( حرب فلسطين ) وحرب 1956 ( حرب السويس ) وحرب 1967 ( حرب الستة أيام ) ، وكانت إسرائيل في الحرب الثالثة قد احتلت شبه جزيرة سيناء من مصر وهضبة الجولان من سوريا إلى جانب الضفة الغربية من الأردن بالإضافة إلى قطاع غزة الخاضع آنذاك لحكم عسكري مصري . بدأت الحرب يوم السبت 6 أكتوبر / تشرين الأول 1973 م الموافق 10 رمضان 1393 ه بتنسيق هجومين مفاجئين ومتزامنين على القوات الإسرائيلية ؛ أحدهما للجيش المصري على جبهة سيناء المحتلة وآخر للجيش السوري على جبهة هضبة الجولان المحتلة . وساهم في الحرب بعض الدول العربية سواء بالدعم العسكري أو الاقتصادي .

[Chunk 2]
حرب أكتوبر "" حرب العاشر من رمضان "" كما تعرف في مصر أو حرب تشرين التحريرية كما تعرف في سوريا أو حرب يوم الغفران ( بالعبرية : ، ميلخمت يوم كيبور ) كما تعرف في إسرائيل ، هي حرب شنتها كل من مصر وسوريا على إسرائيل عام 1973 وهي رابع الحروب العربية الإسرائيلية بعد حرب 1948 ( حرب فلسطين ) وحرب 1956 ( حرب السويس ) وحرب 1967 ( حرب الستة أيام ) ، وكانت إسرائيل في الحرب الثالثة قد احتلت شبه جزيرة سيناء من مصر وهضبة الجولان من سوريا إلى جانب الضفة الغربية من الأردن بالإضافة إلى قطاع غزة الخاضع آنذاك لحكم عسكري مصري .

[Chunk 3]
حرب أكتوبر "" حرب العاشر من رمضان "" كما تعرف في مصر أو حرب تشرين التحريرية كما تعرف في سوريا أو حرب يوم الغفران ( بالعبرية : ، ميلخمت يوم كيبور ) كما تعرف في إسرائيل ، هي حرب شنتها كل من مصر وسوريا على إسرائيل عام 1973 وهي رابع الحروب العربية الإسرائيلية بعد حرب 1948 ( حرب فلسطين ) وحرب 1956 ( حرب السويس ) وحرب 1967 ( حرب الستة أيام ) ، وكانت إسرائيل في الحرب الثالثة قد احتلت شبه جزيرة سيناء من مصر وهضبة الجولان من سوريا إلى جانب الضفة الغربية من الأردن بالإضافة إلى قطاع غزة الخاضع آنذاك لحكم عسكري مصري . عقب بدء الهجوم حققت القوات المسلحة المصرية والسورية أهدافها من شن الحرب على إسرائيل ، وكانت هناك إنجازات ملموسة في الأيام الأولى للمعارك ، فعبرت القوات المصرية قناة السويس بنجاح وحطمت حصون خط بارليف وتوغلت 20 كم شرقا داخل سيناء ، فيما تمكنت القوات السورية من الدخول إلى عمق هضبة الجولان وصولا إلى سهل الحولة وبحيرة طبريا . أما في نهاية الحرب فقد انتعش الجيش الإسرائيلي فعلى الجبهة المصرية تمكن من فتح ثغرة الدفرسوار وعبر للضفة الغربية للقناة وضرب الحصار على الجيش الثالث الميداني ومدينة السويس ولكنه فشل في تحقيق أي مكاسب استراتيجية سواء باحتلال مدينتي الإسماعيلية أو السويس أو تدمير الجيش الثالث أو محاولة رد القوات المصرية للضفة الغربية مرة أخرى ، أما على الجبهة السورية فتمكن من رد القوات السورية عن هضبة الجولان واحتلالها مرة أخرى .",كيف تعرف حرب اكتوبر في مصر ؟,"حرب أكتوبر "" حرب العاشر من رمضان "" كما تعرف في مصر",حرب العاشر من رمضان,0.9,0.92,0.91
"[Chunk 1]
حرب أكتوبر "" حرب العاشر من رمضان "" كما تعرف في مصر أو حرب تشرين التحريرية كما تعرف في سوريا أو حرب يوم الغفران ( بالعبرية : ، ميلخمت يوم كيبور ) كما تعرف في إسرائيل ، هي حرب شنتها كل من مصر وسوريا على إسرائيل عام 1973 وهي رابع الحروب العربية الإسرائيلية بعد حرب 1948 ( حرب فلسطين ) وحرب 1956 ( حرب السويس ) وحرب 1967 ( حرب الستة أيام ) ، وكانت إسرائيل في الحرب الثالثة قد احتلت شبه جزيرة سيناء من مصر وهضبة الجولان من سوريا إلى جانب الضفة الغربية من الأردن بالإضافة إلى قطاع غزة الخاضع آنذاك لحكم عسكري مصري .

[Chunk 2]
حرب أكتوبر "" حرب العاشر من رمضان "" كما تعرف في مصر أو حرب تشرين التحريرية كما تعرف في سوريا أو حرب يوم الغفران كما تعرف في إسرائيل ، هي حرب شنتها كل من مصر وسوريا على إسرائيل عام 1973 وهي رابع الحروب العربية الإسرائيلية بعد حرب 1948 ( حرب فلسطين ) وحرب 1956 ( حرب السويس ) وحرب 1967 ( حرب الستة أيام ) ، وكانت إسرائيل في الحرب الثالثة قد احتلت شبه جزيرة سيناء من مصر وهضبة الجولان من سوريا إلى جانب الضفة الغربية من الأردن بالإضافة إلى قطاع غزة الخاضع آنذاك لحكم عسكري مصري . بدأت الحرب يوم السبت 6 أكتوبر / تشرين الأول 1973 م الموافق 10 رمضان 1393 ه بتنسيق هجومين مفاجئين ومتزامنين على القوات الإسرائيلية ؛ أحدهما للجيش المصري على جبهة سيناء المحتلة وآخر للجيش السوري على جبهة هضبة الجولان المحتلة . وساهم في الحرب بعض الدول العربية سواء بالدعم العسكري أو الاقتصادي .

[Chunk 3]
حرب أكتوبر "" حرب العاشر من رمضان "" كما تعرف في مصر أو حرب تشرين التحريرية كما تعرف في سوريا أو حرب يوم الغفران ( بالعبرية : ، ميلخمت يوم كيبور ) كما تعرف في إسرائيل ، هي حرب شنتها كل من مصر وسوريا على إسرائيل عام 1973 وهي رابع الحروب العربية الإسرائيلية بعد حرب 1948 ( حرب فلسطين ) وحرب 1956 ( حرب السويس ) وحرب 1967 ( حرب الستة أيام ) ، وكانت إسرائيل في الحرب الثالثة قد احتلت شبه جزيرة سيناء من مصر وهضبة الجولان من سوريا إلى جانب الضفة الغربية من الأردن بالإضافة إلى قطاع غزة الخاضع آنذاك لحكم عسكري مصري . عقب بدء الهجوم حققت القوات المسلحة المصرية والسورية أهدافها من شن الحرب على إسرائيل ، وكانت هناك إنجازات ملموسة في الأيام الأولى للمعارك ، فعبرت القوات المصرية قناة السويس بنجاح وحطمت حصون خط بارليف وتوغلت 20 كم شرقا داخل سيناء ، فيما تمكنت القوات السورية من الدخول إلى عمق هضبة الجولان وصولا إلى سهل الحولة وبحيرة طبريا . أما في نهاية الحرب فقد انتعش الجيش الإسرائيلي فعلى الجبهة المصرية تمكن من فتح ثغرة الدفرسوار وعبر للضفة الغربية للقناة وضرب الحصار على الجيش الثالث الميداني ومدينة السويس ولكنه فشل في تحقيق أي مكاسب استراتيجية سواء باحتلال مدينتي الإسماعيلية أو السويس أو تدمير الجيش الثالث أو محاولة رد القوات المصرية للضفة الغربية مرة أخرى ، أما على الجبهة السورية فتمكن من رد القوات السورية عن هضبة الجولان واحتلالها مرة أخرى .",ما هي حرب اكتوبر ؟,هي حرب شنتها كل من مصر وسوريا على إسرائيل,حرب أكتوبر 1973.,0.91,0.44,0.35
"[Chunk 1]
عقب بدء الهجوم حققت القوات المسلحة المصرية والسورية أهدافها من شن الحرب على إسرائيل ، وكانت هناك إنجازات ملموسة في الأيام الأولى للمعارك ، فعبرت القوات المصرية قناة السويس بنجاح وحطمت حصون خط بارليف وتوغلت 20 كم شرقا داخل سيناء ، فيما تمكنت القوات السورية من الدخول إلى عمق هضبة الجولان وصولا إلى سهل الحولة وبحيرة طبريا . أما في نهاية الحرب فقد انتعش الجيش الإسرائيلي فعلى الجبهة المصرية تمكن من فتح ثغرة الدفرسوار وعبر للضفة الغربية للقناة وضرب الحصار على الجيش الثالث الميداني ومدينة السويس ولكنه فشل في تحقيق أي مكاسب استراتيجية سواء باحتلال مدينتي الإسماعيلية أو السويس أو تدمير الجيش الثالث أو محاولة رد القوات المصرية للضفة الغربية مرة أخرى ، أما على الجبهة السورية فتمكن من رد القوات السورية عن هضبة الجولان واحتلالها مرة أخرى .

[Chunk 2]
في صباح اليوم التالي اجتمع الرسول الكريم في قبيلة قريش وأخبرهم بما حصل معه ، فقال أكثر الناس : والله هذا الأمر لبين ، وإن الرسول لصادق آمين ، وإن العير لتطرد شهرآ من مكة إلى الشام مدبرة ، وشهرا مقبلة ، وقال بعضهم : إن هذا القول لا يصدق أفيذهب محمد ويرجع إلى مكة في ليلة واحدة؟ ! فارتد كثير ممن كان قد أسلم ، وذهب الناس إلى أبي بكر ، فقالوا له : يا أبا بكر إن صاحبك محمد يزعم أنه قد جاء من بيت المقدس وصلى فيه ورجع إلى مكة ، فقال لهم أبو بكر : إنكم تكذبون على رسول الله ، فقالوا : بلى ، ها هو الرسول في المسجد يحدث الناس بما حدث معه ، فقال أبو بكر : والله لئن كان قال هذا الكلام لقد صدق ، فما العجب من ذلك ! فوالله إنه ليخبرني أن الخبر يأتيه من الله من السماء إلى الأرض في ساعة من ليل أو نهار فأصدقه ، فهذا أبعد مما تعجبون منه .

[Chunk 3]
كانت الإمبراطورية اليابانية قد أعلنت الحرب على جمهورية الصين في 7 يوليو 1937 ، حيث هدفت إلى السيطرة على آسيا والمحيط الهادي ، إلا أن البداية الفعلية للحرب تعتبر في الأول من سبتمبر عام 1939 ، وذلك عندما قامت ألمانيا باجتياح بولندا ، وتوالت بعدها إعلانات الحرب على ألمانيا من قبل فرنسا والمملكة المتحدة . ومن أواخر عام 1939 إلى أوائل عام 1941 ، سيطرت ألمانيا النازية على مساحة واسعة من قارة أوروبا بعد سلسلة من الحملات العسكرية ، وشكلت تحالف دول المحور مع إيطاليا واليابان ، كما اتفقت مع الاتحاد السوفييتي على تقاسم الأراضي المجاورة لهما : بولندا ، وفنلندا ، ورومانيا ، ودول البلطيق . بقيت المعركة الأساسية في الحرب هي بين دول المحور من جهة ، والمملكة المتحدة إلى جانب دول الكومنولث من جهة أخرى ، إضافة إلى حملة في شمال إفريقيا وحملة أخرى في شرق أفريقيا ، إضافة إلى معركة برلين الجوية وقصف لندن ، وحملة البلقان ، ومعركة المحيط الأطلسي . وفي يونيو 1941 ، قام تحالف دول المحور بغزو الاتحاد السوفييتي فيما يعرف بعملية بارباروسا ، ما أدى إلى إشعال الجبهة الشرقية ، وهي أكبر مسرح للحرب في التاريخ ، ما جعل كبرى دول المحور في حرب استنزاف ، وقامت اليابان في ديسمبر 1941 بالهجوم على ميناء بيرل هاربر ، كما هاجمت منطقة ملايا البريطانية في المحيط الهادي ، فسيطرت سريعا على جزء كبير من غرب المحيط الهادي .",ماذا حدث عقب بدء الهجوم ؟,"عقب بدء الهجوم حققت القوات المسلحة المصرية والسورية أهدافها من شن الحرب على إسرائيل ،",القوات المصرية والسورية حققت أهدافها وتوغلت في الأراضي الإسرائيلية.,0.5,0.3,0.4
"[Chunk 1]
نجيب محفوظ ( 11 ديسمبر 1911 - 30 أغسطس 2006 ) روائي مصري ، هو أول عربي حائز على جائزة نوبل في الأدب . كتب نجيب محفوظ منذ بداية الأربعينيات واستمر حتى 2004. تدور أحداث جميع رواياته في مصر ، وتظهر فيها سيمة متكررة هي الحارة التي تعادل العالم . ولد نجيب محفوظ عبد العزيز إبراهيم أحمد الباشا في حي الجمالية بالقاهرة . والده الذي كان موظفا لم يقرأ كتابا في حياته بعد القرآن غير "" حديث عيسى بن هشام "" لأن كاتبه المويلحي كان صديقا له ، وفاطمة مصطفى قشيشة ، ابنة الشيخ مصطفى قشيشة من علماء الأزهر . وكان نجيب محفوظ أصغر إخوته ، ولأن الفرق بينه وبين أقرب إخوته سنا إليه كان عشر سنوات فقد عومل كأنه طفل وحيد . كان عمره 7 أعوام حين قامت ثورة 1919 التي أثرت فيه وتذكرها فيما بعد في بين القصرين أول أجزاء ثلاثيته .

[Chunk 2]
نجيب محفوظ ( 11 ديسمبر 1911 - 30 أغسطس 2006 ) روائي مصري ، هو أول عربي حائز على جائزة نوبل في الأدب . كتب نجيب محفوظ منذ بداية الأربعينيات واستمر حتى 2004. تدور أحداث جميع رواياته في مصر ، وتظهر فيها سيمة متكررة هي الحارة التي تعادل العالم .

[Chunk 3]
نجيب محفوظ ( 11 ديسمبر 1911 - 30 أغسطس 2006 ) روائي مصري ، هو أول عربي حائز على جائزة نوبل في الأدب . كتب نجيب محفوظ منذ بداية الأربعينيات واستمر حتى 2004. تدور أحداث جميع رواياته في مصر ، وتظهر فيها سيمة متكررة هي الحارة التي تعادل العالم . من أشهر أعماله : الثلاثية وأولاد حارتناو التي منعت من النشر في مصر منذ صدورها وحتى وقت قريب . بينما يصنف أدب محفوظ باعتباره أدبا واقعيا ، فإن مواضيعا وجودية تظهر فيه . محفوظ أكثر أديب عربي حولت أعماله إلى السينما والتلفزيون .",من هو نجيب محفوظ ؟,نجيب محفوظ ( 11 ديسمبر,نجيب محفوظ روائي مصري حائز على جائزة نوبل في الأدب.,0.91,0.91,0.9
"[Chunk 1]
نجيب محفوظ ( 11 ديسمبر 1911 - 30 أغسطس 2006 ) روائي مصري ، هو أول عربي حائز على جائزة نوبل في الأدب . كتب نجيب محفوظ منذ بداية الأربعينيات واستمر حتى 2004. تدور أحداث جميع رواياته في مصر ، وتظهر فيها سيمة متكررة هي الحارة التي تعادل العالم . ولد نجيب محفوظ عبد العزيز إبراهيم أحمد الباشا في حي الجمالية بالقاهرة . والده الذي كان موظفا لم يقرأ كتابا في حياته بعد القرآن غير "" حديث عيسى بن هشام "" لأن كاتبه المويلحي كان صديقا له ، وفاطمة مصطفى قشيشة ، ابنة الشيخ مصطفى قشيشة من علماء الأزهر . وكان نجيب محفوظ أصغر إخوته ، ولأن الفرق بينه وبين أقرب إخوته سنا إليه كان عشر سنوات فقد عومل كأنه طفل وحيد . كان عمره 7 أعوام حين قامت ثورة 1919 التي أثرت فيه وتذكرها فيما بعد في بين القصرين أول أجزاء ثلاثيته .

[Chunk 2]
نجيب محفوظ ( 11 ديسمبر 1911 - 30 أغسطس 2006 ) روائي مصري ، هو أول عربي حائز على جائزة نوبل في الأدب . كتب نجيب محفوظ منذ بداية الأربعينيات واستمر حتى 2004. تدور أحداث جميع رواياته في مصر ، وتظهر فيها سيمة متكررة هي الحارة التي تعادل العالم . من أشهر أعماله : الثلاثية وأولاد حارتناو التي منعت من النشر في مصر منذ صدورها وحتى وقت قريب . بينما يصنف أدب محفوظ باعتباره أدبا واقعيا ، فإن مواضيعا وجودية تظهر فيه . محفوظ أكثر أديب عربي حولت أعماله إلى السينما والتلفزيون .

[Chunk 3]
نجيب محفوظ ( 11 ديسمبر 1911 - 30 أغسطس 2006 ) روائي مصري ، هو أول عربي حائز على جائزة نوبل في الأدب . كتب نجيب محفوظ منذ بداية الأربعينيات واستمر حتى 2004. تدور أحداث جميع رواياته في مصر ، وتظهر فيها سيمة متكررة هي الحارة التي تعادل العالم .",ما هي الجائزة التى حصل عليها نجيب محفوظ ؟,هو أول عربي حائز على جائزة نوبل في الأدب,جائزة نوبل في الأدب,0.91,0.91,0.91
"[Chunk 1]
نجيب محفوظ ( 11 ديسمبر 1911 - 30 أغسطس 2006 ) روائي مصري ، هو أول عربي حائز على جائزة نوبل في الأدب . كتب نجيب محفوظ منذ بداية الأربعينيات واستمر حتى 2004. تدور أحداث جميع رواياته في مصر ، وتظهر فيها سيمة متكررة هي الحارة التي تعادل العالم . ولد نجيب محفوظ عبد العزيز إبراهيم أحمد الباشا في حي الجمالية بالقاهرة . والده الذي كان موظفا لم يقرأ كتابا في حياته بعد القرآن غير "" حديث عيسى بن هشام "" لأن كاتبه المويلحي كان صديقا له ، وفاطمة مصطفى قشيشة ، ابنة الشيخ مصطفى قشيشة من علماء الأزهر . وكان نجيب محفوظ أصغر إخوته ، ولأن الفرق بينه وبين أقرب إخوته سنا إليه كان عشر سنوات فقد عومل كأنه طفل وحيد . كان عمره 7 أعوام حين قامت ثورة 1919 التي أثرت فيه وتذكرها فيما بعد في بين القصرين أول أجزاء ثلاثيته .

[Chunk 2]
ولد نجيب محفوظ عبد العزيز إبراهيم أحمد الباشا في حي الجمالية بالقاهرة . والده الذي كان موظفا لم يقرأ كتابا في حياته بعد القرآن غير "" حديث عيسى بن هشام "" لأن كاتبه المويلحي كان صديقا له ، وفاطمة مصطفى قشيشة ، ابنة الشيخ مصطفى قشيشة من علماء الأزهر . وكان نجيب محفوظ أصغر إخوته ، ولأن الفرق بينه وبين أقرب إخوته سنا إليه كان عشر سنوات فقد عومل كأنه طفل وحيد . كان عمره 7 أعوام حين قامت ثورة 1919 التي أثرت فيه وتذكرها فيما بعد في بين القصرين أول أجزاء ثلاثيته .

[Chunk 3]
نجيب محفوظ ( 11 ديسمبر 1911 - 30 أغسطس 2006 ) روائي مصري ، هو أول عربي حائز على جائزة نوبل في الأدب . كتب نجيب محفوظ منذ بداية الأربعينيات واستمر حتى 2004. تدور أحداث جميع رواياته في مصر ، وتظهر فيها سيمة متكررة هي الحارة التي تعادل العالم .",اين ولد نجيب محفوظ ؟,ولد نجيب محفوظ عبد العزيز إبراهيم أحمد الباشا في حي الجمالية بالقاهرة .,في حي الجمالية بالقاهرة.,0.9,0.91,0.91
"[Chunk 1]
غزوة بدر ( وتسمى أيضا غزوة بدر الكبرى وبدر القتال ويوم الفرقان ) هي غزوة وقعت في السابع عشر من رمضان في العام الثاني من الهجرة ( الموافق 13 مارس 624 م ) بين المسلمين بقيادة رسول الإسلام محمد ، وقبيلة قريش ومن حالفها من العرب بقيادة عمرو بن هشام المخزومي القرشي . وتعد غزوة بدر أول معركة من معارك الإسلام الفاصلة ، وقد سميت بهذا الاسم نسبة إلى منطقة بدر التي وقعت المعركة فيها ، وبدر بئر مشهورة تقع بين مكة والمدينة المنورة .

[Chunk 2]
غزوة بدر ( وتسمى أيضا غزوة بدر الكبرى وبدر القتال ويوم الفرقان ) هي غزوة وقعت في السابع عشر من رمضان في العام الثاني من الهجرة ( الموافق 13 مارس 624 م ) بين المسلمين بقيادة رسول الإسلام محمد ، وقبيلة قريش ومن حالفها من العرب بقيادة عمرو بن هشام المخزومي القرشي .

[Chunk 3]
غزوة بدر ( وتسمى أيضا غزوة بدر الكبرى وبدر القتال ويوم الفرقان ) هي غزوة وقعت في السابع عشر من رمضان في العام الثاني من الهجرة ( الموافق 13 مارس 624 م ) بين المسلمين بقيادة رسول الإسلام محمد ، وقبيلة قريش ومن حالفها من العرب بقيادة عمرو بن هشام المخزومي القرشي . بدأت المعركة بمحاولة المسلمين اعتراض عير لقريش متوجهة من الشام إلى مكة يقودها أبو سفيان بن حرب ، ولكن أبا سفيان تمكن من الفرار بالقافلة ، وأرسل رسولا إلى قريش يطلب عونهم ونجدتهم ، فاستجابت قريش وخرجت لقتال المسلمين . كان عدد المسلمين في غزوة بدر ثلاثمائة وبضعة عشر رجلا ، معهم فرسان وسبعون جملا ، وكان تعداد جيش قريش ألف رجل معهم مئتا فرس ، أي كانوا يشكلون ثلاثة أضعاف جيش المسلمين من حيث العدد تقريبا . وانتهت غزوة بدر بانتصار المسلمين على قريش وقتل قائدهم عمرو بن هشام ، وكان عدد من قتل من قريش في غزوة بدر سبعين رجلا وأسر منهم سبعون آخرون ، أما المسلمون فلم يقتل منهم سوى أربعة عشر رجلا ، ستة منهم من المهاجرين وثمانية من الأنصار . تمخضت عن غزوة بدر عدة نتائج نافعة بالنسبة للمسلمين ، منها أنهم أصبحوا مهابين في المدينة وما جاورها ، وأصبح لدولتهم مصدر جديد للدخل وهو غنائم المعارك ، وبذلك تحسن حال المسلمين المادي والاقتصادي والمعنوي .",ماذا تسمي غزوة بدر ايضا ؟,غزوة بدر ( وتسمى أيضا غزوة بدر الكبرى وبدر القتال ويوم الفرقان ),غزوة بدر الكبرى وغزوة بدر القتال ويوم الفرقان,0.92,0.92,0.9
"[Chunk 1]
أبو القاسم محمد بن عبد الله بن عبد المطلب ( 22 أبريل 571 - 8 يونيو 632 ) يؤمن المسلمون بأنه رسول الله إلى الإنس والجن ؛ ليعيدهم إلى توحيد الله وعبادته شأنه شأن كل الأنبياء والمرسلين ، وهو خاتمهم ، وأرسل للناس كافة ، ويؤمنون أيضا بأنه أشرف المخلوقات وسيد البشر ، كما يعتقدون فيه العصمة .

[Chunk 2]
أبو القاسم محمد بن عبد الله بن عبد المطلب ( 22 أبريل 571 - 8 يونيو 632 ) يؤمن المسلمون بأنه رسول الله إلى الإنس والجن ؛ ليعيدهم إلى توحيد الله وعبادته شأنه شأن كل الأنبياء والمرسلين ، وهو خاتمهم ، وأرسل للناس كافة ، ويؤمنون أيضا بأنه أشرف المخلوقات وسيد البشر ، كما يعتقدون فيه العصمة . عند ذكر اسمه ، يلحق المسلمون عبارة « صلى الله عليه وسلم » مع إضافة « وآله » و « وصحبه » في بعض الأحيان ، لما جاء في القرآن والسنة النبوية مما يحثهم على الصلاة عليه . . ترك محمد أثرا كبيرا في نفوس المسلمين ، وكثرت مظاهر محبتهم وتعظيمهم له باتباعهم لأمره وأسلوب حياته وتعبده لله ، واحتفالهم بمولده في شهر ربيع الأول ، وقيامهم بحفظ أقواله وأفعاله وصفاته وجمع ذلك في كتب عرفت بكتب السيرة والحديث النبوي . اعتبره الكاتب اليهودي مايكل هارت أعظم الشخصيات أثرا في تاريخ الإنسانية كلها باعتباره « الإنسان الوحيد في التاريخ الذي نجح نجاحا مطلقا على المستوى الديني والدنيوي ».

[Chunk 3]
محمد علي ( 17 يناير 1942 – 3 يونيو 2016 ) ملاكم أمريكي ولد باسم ( كاسيوس مارسيلوس كلاي جونيور ) في 17 يناير 1942 في مدينة لويفيل بولاية كنتاكي وتوفي يوم 3 يونيو 2016 عن عمر ناهز 74 عاما بعد صراع طويل مع مرض شلل الرعاش ( باركنسون ) ، ولد لعائلة أميركية سوداء من الطبقة المتوسطة وكان والده ميثوديا ، لكن أمه ربته وأخاه على المذهب المعمداني ، بعد أن اعتنق الإسلام في عام 1964 م وغير اسمه إلى محمد علي دون اسمه الأخير - كلاي - ، فاز كلاي ببطولة العالم للوزن الثقيل ثلاث مرات على مدى عشرين عاما في 1964 و 1974 و 1978 ، وفي عام 1999 توج بلقب "" رياضي القرن "" ، وهي جائزة مقدمة من مجلة "" سبورتس ايلاستريتد "" ، كما حصل على نفس اللقب بعد استفتاء أقامته صحيفة لاغازيتا ديلو سبورت الإيطالية بعدما حصل على 71.2 % من الأصوات متفوقا على العديد من الرياضين ومنهم دييغو مارادونا . كان يصف نفسه بأنه "" يطير كالفراشة ويلسع كالنحلة "" ،",من كان قاءد المسلمين ؟,"المسلمين بقيادة رسول الإسلام محمد ،",محمد بن عبد الله بن عبد المطلب (أبو القاسم),0.89,0.92,0.92
"[Chunk 1]
خرج رسول الإسلام محمد في شهري جمادى الأولى وجمادى الآخرة سنة 2 ه في مئة وخمسين أو مئتين من المهاجرين لاعتراض عير لقريش ذاهبة من مكة إلى الشام ، فلما وصل مكانا يسمى "" ذا العشيرة "" وجد العير قد فاتته بأيام . فلما اقترب رجوع العير من الشام إلى مكة ، بعث الرسول محمد طلحة بن عبيد الله وسعيد بن زيد إلى الشمال ليقوما باكتشاف خبرها ، فوصلا إلى منطقة تسمى الحوراء ، ومكثا حتى مر بهما أبو سفيان بن حرب بالعير ، فأسرعا إلى المدينة وأخبرا الرسول محمدا بالخبر . وقد كانت هذه العير قافلة تجارية كبيرة قادمة من الشام تحمل أموالا عظيمة لقريش ، وكان يقودها أبو سفيان ، ويقوم على حراستها بين ثلاثين وأربعين رجلا .

[Chunk 2]
لقد أرسل الرسول محمد بسبس بن عمرو ليقوم بجمع المعلومات عن القافلة ، فلما عاد بسبس بالخبر اليقين ، ندب الرسول محمد أصحابه للخروج وقال لهم : ، ولكن الرسول محمدا لم يعزم على أحد بالخروج ، لأنه لم يكن يتوقع عند هذا الخروج أنه خارج للقتال في معركة مع قريش ، ولذلك تخلف كثير من الصحابة في المدينة ، ولم ينكر على أحد تخلفه في هذه الغزوة ، ومن المؤكد أنه حين خرج الرسول محمد من المدينة لم يكن في نيته قتال ، وإنما كان قصده عير قريش التي كانت فيها أموال كان جزء منها للمهاجرين المسلمين من أهل مكة ، وقد استولت عليها قريش ظلما وعدوانا .

[Chunk 3]
ولد في مكة في شهر ربيع الأول من عام الفيل قبل ثلاث وخمسين سنة من الهجرة ( هجرته من مكة إلى المدينة ) ، ما يوافق سنة 570 أو 571 ميلاديا و 52 ق ه . ولد يتيم الأب ، وفقد أمه في سن مبكرة فتربى في كنف جده عبد المطلب ، ثم من بعده عمه أبي طالب حيث ترعرع ، وكان في تلك الفترة يعمل بالرعي ثم بالتجارة . تزوج في سن الخامسة والعشرين من خديجة بنت خويلد وأنجب منها كل أولاده باستثناء إبراهيم . كان قبل الإسلام يرفض عبادة الأوثان والممارسات الوثنية التي كانت منتشرة في مكة . ويؤمن المسلمون أن الوحي نزل عليه وكلف بالرسالة وهو ذو أربعين سنة ، أمر بالدعوة سرا لثلاث سنوات ، قضى بعدهن عشر سنوات أخر في مكة مجاهرا بدعوة أهلها ، وكل من يرد إليها من التجار والحجيج وغيرهم . هاجر إلى المدينة المنورة والمسماة يثرب آنذاك عام 622 م وهو في الثالثة والخمسين من عمره بعد أن تآمر عليه سادات قريش ممن عارضوا دعوته وسعوا إلى قتله ، فعاش فيها عشر سنين أخر داعيا إلى الإسلام ، وأسس بها نواة الحضارة الإسلامية ، التي توسعت لاحقا وشملت مكة وكل المدن والقبائل العربية ، حيث وحد العرب لأول مرة على ديانة توحيدية ودولة موحدة ، ودعا لنبذ العنصرية والعصبية القبلية .",متي خرج الرسول و المهاجرين ؟,جمادى الأولى وجمادى الآخرة سنة 2 ه في مئة وخمسين أو مئتين من المهاجرين,في شهري جمادى الأولى وجمادى الآخرة سنة 2 ه,0.91,0.92,0.92
"[Chunk 1]
أوروبا إحدى قارات العالم السبع . وجغرافيا تعد شبه جزيرة كبيرة تكون الجزء الغربي الممتد من أوراسيا بين جبال الأورال وجبال القوقاز وبحر قزوين من الشرق والمحيط الأطلسي من الغرب والبحر الأبيض المتوسط والبحر الأسود ومنطقة القوقاز من الجنوب والمحيط المتجمد الشمالي من الشمال . وكلمة أوربا أصلها إغريقي ( باليونانية : ) وتعني الوجه العريض ، وتصل مساحة القارة لحوالي 10.180 مليون ( 7.1 % من مساحة الأرض ). وهي القارة الثالثة من حيث عدد السكان في العالم إذ يزيد عدد سكانها عن 700 مليون نسمة ( أي 11 % من سكان الأرض ). تمتد روسيا وهي أكبر بلد أوروبي عبر كامل شمال آسيا و 40 % من أوروبا ، في حين تعتبر دولة الفاتيكان أصغر دول القارة .

[Chunk 2]
وكلمة أوربا أصلها إغريقي ( باليونانية : ) وتعني الوجه العريض ، وتصل مساحة القارة لحوالي 10.180 مليون ( 7.1 % من مساحة الأرض ). وهي القارة الثالثة من حيث عدد السكان في العالم إذ يزيد عدد سكانها عن 700 مليون نسمة ( أي 11 % من سكان الأرض ). تمتد روسيا وهي أكبر بلد أوروبي عبر كامل شمال آسيا و 40 % من أوروبا ، في حين تعتبر دولة الفاتيكان أصغر دول القارة .

[Chunk 3]
أوروبا إحدى قارات العالم السبع . وجغرافيا تعد شبه جزيرة كبيرة تكون الجزء الغربي الممتد من أوراسيا بين جبال الأورال وجبال القوقاز وبحر قزوين من الشرق والمحيط الأطلسي من الغرب والبحر الأبيض المتوسط والبحر الأسود ومنطقة القوقاز من الجنوب والمحيط المتجمد الشمالي من الشمال .",ما هي اوروبا ؟,أوروبا إحدى قارات العالم السبع .,"أوربا إحدى قارات العالم السبع، وجغرافيا تعد شبه جزيرة كبيرة.",0.9,0.92,0.9
"[Chunk 1]
أوروبا إحدى قارات العالم السبع . وجغرافيا تعد شبه جزيرة كبيرة تكون الجزء الغربي الممتد من أوراسيا بين جبال الأورال وجبال القوقاز وبحر قزوين من الشرق والمحيط الأطلسي من الغرب والبحر الأبيض المتوسط والبحر الأسود ومنطقة القوقاز من الجنوب والمحيط المتجمد الشمالي من الشمال . وتعتبر قارة صغيرة نسبيا مقارنة ببقية القارات لكن قارة أستراليا أصغر منها . إلى جانب حدود أوروبا الجغرافية يعود مفهوم حدود القارة إلى العصور القديمة الكلاسيكية ، حيث أصبح مصطلح "" القارة "" جغرافيا في المقام الأول ولكنه يشمل أيضا العناصر الثقافية والسياسية .

[Chunk 2]
تعداد السكان في العالم هي أعداد تقريبية لأعداد السكان في العالم أو لعدد الذين عاشوا على الأرض في فترة زمنية سابقة ، كما أنها تعطي بالتقدير التغير المنتظر في عدد سكان العالم في المستقبل علي أساس التطور الإجتماعي للسكان وتوزيعهم الجغرافي والحركة النشطة التي تتسم بها تغيرات السكان في البلاد المختلفة .

[Chunk 3]
أوروبا إحدى قارات العالم السبع . وجغرافيا تعد شبه جزيرة كبيرة تكون الجزء الغربي الممتد من أوراسيا بين جبال الأورال وجبال القوقاز وبحر قزوين من الشرق والمحيط الأطلسي من الغرب والبحر الأبيض المتوسط والبحر الأسود ومنطقة القوقاز من الجنوب والمحيط المتجمد الشمالي من الشمال .",ماذا تعتبر مقارنة ببقية القارات ؟,وتعتبر قارة صغيرة نسبيا مقارنة ببقية القارات,قارة صغيرة نسبيا,0.8,0.9,0.91
"[Chunk 1]
وكلمة أوربا أصلها إغريقي ( باليونانية : ) وتعني الوجه العريض ، وتصل مساحة القارة لحوالي 10.180 مليون ( 7.1 % من مساحة الأرض ). وهي القارة الثالثة من حيث عدد السكان في العالم إذ يزيد عدد سكانها عن 700 مليون نسمة ( أي 11 % من سكان الأرض ). تمتد روسيا وهي أكبر بلد أوروبي عبر كامل شمال آسيا و 40 % من أوروبا ، في حين تعتبر دولة الفاتيكان أصغر دول القارة .

[Chunk 2]
أوروبا إحدى قارات العالم السبع . وجغرافيا تعد شبه جزيرة كبيرة تكون الجزء الغربي الممتد من أوراسيا بين جبال الأورال وجبال القوقاز وبحر قزوين من الشرق والمحيط الأطلسي من الغرب والبحر الأبيض المتوسط والبحر الأسود ومنطقة القوقاز من الجنوب والمحيط المتجمد الشمالي من الشمال . وكلمة أوربا أصلها إغريقي ( باليونانية : ) وتعني الوجه العريض ، وتصل مساحة القارة لحوالي 10.180 مليون ( 7.1 % من مساحة الأرض ). وهي القارة الثالثة من حيث عدد السكان في العالم إذ يزيد عدد سكانها عن 700 مليون نسمة ( أي 11 % من سكان الأرض ). تمتد روسيا وهي أكبر بلد أوروبي عبر كامل شمال آسيا و 40 % من أوروبا ، في حين تعتبر دولة الفاتيكان أصغر دول القارة .

[Chunk 3]
أوروبا إحدى قارات العالم السبع . وجغرافيا تعد شبه جزيرة كبيرة تكون الجزء الغربي الممتد من أوراسيا بين جبال الأورال وجبال القوقاز وبحر قزوين من الشرق والمحيط الأطلسي من الغرب والبحر الأبيض المتوسط والبحر الأسود ومنطقة القوقاز من الجنوب والمحيط المتجمد الشمالي من الشمال . وتعتبر قارة صغيرة نسبيا مقارنة ببقية القارات لكن قارة أستراليا أصغر منها . إلى جانب حدود أوروبا الجغرافية يعود مفهوم حدود القارة إلى العصور القديمة الكلاسيكية ، حيث أصبح مصطلح "" القارة "" جغرافيا في المقام الأول ولكنه يشمل أيضا العناصر الثقافية والسياسية .",ما هو اصل كلمة اوربا ؟,وكلمة أوربا أصلها إغريقي,أصل كلمة أوروبا إغريقي (باليونانية :).,0.91,0.91,0.91
"[Chunk 1]
اليابان ( باليابانية : وتنطق : نيون \ نيهون استمع ، ومعناها : مصدر الشمس أو مشرق الشمس ، من : ني أي الشمس ، هون أي المنبع أو الأصل .) بلد في شرق آسيا ، تقع بين المحيط الهادئ وبحر اليابان ، وشرق شبه الجزيرة الكورية .

[Chunk 2]
اليابان ( باليابانية : وتنطق : نيون \ نيهون ، ومعناها : مصدر الشمس أو مشرق الشمس ، من : ني أي الشمس ، هون أي المنبع أو الأصل .) بلد في شرق آسيا ، تقع بين المحيط الهادئ وبحر اليابان ، وشرق شبه الجزيرة الكورية . أطلق الصينيون على البلاد اسم أرض مشرق - منبع - الشمس ، وهذا لوقوعها في أقصى شرقي العالم المأهول آنذاك . تتكون اليابان من جزر عديدة ( حوالي ثلاثة آلاف جزيرة ) ، أربع من هذه الجزر تعد الأهم والأكبر على الإطلاق ، وهي على التوالي ( من الجنوب إلى الشمال ): كيوشو (), شيكوكو (), هونشو (), هوكايدو (). بعد اعتماد الدستور في عام 1947 تحول نظام الحكم في اليابان إلى نظام ملكي دستوري يضم إمبراطورا وبرلمان منتخبا .

[Chunk 3]
تتألف اليابان من 47 محافظة . ويمكن تقسيم هذه المحافظات على أساس الخلفية الجغرافية والتاريخية إلى ثماني مناطق وهي : هوكايدو و توهوكو و كانتو و تشوبو و كينكي و تشوغوكو و شيكوكو و كيوشو - أوكيناوا . وتنفرد كل منطقة بلهجتها الخاصة وعاداتها وتراثها التقليدي . على سبيل المثال ، تختلف منطقة كانتو التي تشمل طوكيو عن منطقة كانساي التي تضم أوساكا اختلافا كبيرا في كل شيء بدءا من مذاق الأطعمة وحتى نوع الفنون التمثيلية التقليدية ، ويستمتع الناس بتجربة الاختلاف والمقارنة بينهما . يبلغ عدد سكان اليابان 128 مليون نسمة .",أين تقع اليابان ؟,"بلد في شرق آسيا ، تقع بين المحيط الهادئ وبحر اليابان ، وشرق شبه الجزيرة الكورية .","في شرق آسيا، بين المحيط الهادئ وبحر اليابان، وشرق شبه الجزيرة الكورية.",0.91,0.92,0.9
"[Chunk 1]
اليابان ( باليابانية : وتنطق : نيون \ نيهون ، ومعناها : مصدر الشمس أو مشرق الشمس ، من : ني أي الشمس ، هون أي المنبع أو الأصل .) بلد في شرق آسيا ، تقع بين المحيط الهادئ وبحر اليابان ، وشرق شبه الجزيرة الكورية . أطلق الصينيون على البلاد اسم أرض مشرق - منبع - الشمس ، وهذا لوقوعها في أقصى شرقي العالم المأهول آنذاك . تتكون اليابان من جزر عديدة ( حوالي ثلاثة آلاف جزيرة ) ، أربع من هذه الجزر تعد الأهم والأكبر على الإطلاق ، وهي على التوالي ( من الجنوب إلى الشمال ): كيوشو (), شيكوكو (), هونشو (), هوكايدو (). بعد اعتماد الدستور في عام 1947 تحول نظام الحكم في اليابان إلى نظام ملكي دستوري يضم إمبراطورا وبرلمان منتخبا .

[Chunk 2]
اليابان ( باليابانية : وتنطق : نيون \ نيهون استمع ، ومعناها : مصدر الشمس أو مشرق الشمس ، من : ني أي الشمس ، هون أي المنبع أو الأصل .) بلد في شرق آسيا ، تقع بين المحيط الهادئ وبحر اليابان ، وشرق شبه الجزيرة الكورية .

[Chunk 3]
الصين ( بالصينية المبسطة : تشونغوا ؛ بالصينية التقليدية : ) المعروفة رسميا باسم جمهورية الصين الشعبية ( بالصينية المبسطة : تشونغهوا رنمين غونغهيغو ؛ بالصينية التقليدية : ) هي الدولة الأكثر سكانا في العالم حيث يقطنها أكثر من 1.338 مليار نسمة . تمتد البلاد على مساحة 9.6 مليون كيلومتر مربع ( 3.7 مليون ميل مربع ) ، حيث تعد جمهورية الصين الشعبية ثالث أو رابع أكبر من المساحة الإجمالية ( اعتمادا على تعريف ما هو مدرج في هذا المجموع ) ، وثاني أكبرها وفقا لمساحة البر . يتنوع المشهد الطبيعي في الصين بين غابات وسهوب وصحاري ( جوبي وتكلامكان ) في الشمال الجاف بالقرب من منغوليا وسيبيريا في روسيا والغابات شبه الاستوائية في الجنوب الرطب قرب فيتنام ولاوس وبورما . التضاريس في الغرب وعرة وعلى علو شاهق حيث تقع جبال الهيمالايا وجبال تيان شان وتشكل الحدود الطبيعية للصين مع الهند وآسيا الوسطى . في المقابل فإن الساحل الشرقي من البر الصيني منخفض وذو ساحل طويل 14 , 500 كيلومتر يحده من الجنوب الشرقي بحر الصين الجنوبي ومن الشرق بحر الصين الشرقي الذي تقع خارجه تايوان وكوريا واليابان .",لمادا أطلق الصينيون على البلاد اسم أرض مشرق الشمس ؟,لوقوعها في أقصى شرقي العالم المأهول آنذاك .,لوقوعها في أقصى شرقي العالم المأهول آنذاك.,0.76,0.9,0.92
"[Chunk 1]
تتألف اليابان من 47 محافظة . ويمكن تقسيم هذه المحافظات على أساس الخلفية الجغرافية والتاريخية إلى ثماني مناطق وهي : هوكايدو و توهوكو و كانتو و تشوبو و كينكي و تشوغوكو و شيكوكو و كيوشو - أوكيناوا . وتنفرد كل منطقة بلهجتها الخاصة وعاداتها وتراثها التقليدي . على سبيل المثال ، تختلف منطقة كانتو التي تشمل طوكيو عن منطقة كانساي التي تضم أوساكا اختلافا كبيرا في كل شيء بدءا من مذاق الأطعمة وحتى نوع الفنون التمثيلية التقليدية ، ويستمتع الناس بتجربة الاختلاف والمقارنة بينهما . يبلغ عدد سكان اليابان 128 مليون نسمة .

[Chunk 2]
اليابان ( باليابانية : وتنطق : نيون \ نيهون ، ومعناها : مصدر الشمس أو مشرق الشمس ، من : ني أي الشمس ، هون أي المنبع أو الأصل .) بلد في شرق آسيا ، تقع بين المحيط الهادئ وبحر اليابان ، وشرق شبه الجزيرة الكورية . أطلق الصينيون على البلاد اسم أرض مشرق - منبع - الشمس ، وهذا لوقوعها في أقصى شرقي العالم المأهول آنذاك . تتكون اليابان من جزر عديدة ( حوالي ثلاثة آلاف جزيرة ) ، أربع من هذه الجزر تعد الأهم والأكبر على الإطلاق ، وهي على التوالي ( من الجنوب إلى الشمال ): كيوشو (), شيكوكو (), هونشو (), هوكايدو (). بعد اعتماد الدستور في عام 1947 تحول نظام الحكم في اليابان إلى نظام ملكي دستوري يضم إمبراطورا وبرلمان منتخبا .

[Chunk 3]
تنقسم جمهورية مصر العربية إلى 27 محافظة في 7 أقاليم ، كل محافظة لها عاصمة ويتبعها مراكز أو أقسام أو مراكز وأقسام معا ، المراكز الإدارية توجد في المحافظات التي بها ريف ، وينقسم المركز الواحد إلى وحدات محلية ؛ وعاصمة المركز أكبر بلاده وتكون مدينة ، وعاصمة الوحدة المحلية تكون قرية رئيسية أو مدينة ( إذا كان المركز يتبعه أكثر من مدينة ) ؛ والقرية الرئيسية يتبعها عدد من القرى ، وكل قرية قد يتبعها عزب وكفور ونجوع . وإذا كانت عاصمة المركز مدينة كبيرة فإنها تكون قسما أو مقسمة لعدة أقسام ويكون لكل قسم رئيس يسمى برئيس الحي ، أما إذا كانت قسما واحدا فيكون حاكمها رئيس المدينة وتقسم لعدة أحياء صغيرة أو شياخات ، ويعين رئيس المدينة رؤساء تلك الأحياء الصغيرة أو الشياخات .",كم من محافظة في اليابان ؟,47 محافظة .,47 محافظة,0.66,0.91,0.9
"[Chunk 1]
السيد عمر بن مختار بن عمر المنفي الهلالي ( 20 أغسطس 1858 - 16 سبتمبر 1931 ) ، الشهير بعمر المختار ، الملقب بشيخ الشهداء ، وشيخ المجاهدين ، وأسد الصحراء ، هو قائد أدوار السنوسية في ليبيا ، وأحد أشهر المقاومين العرب والمسلمين .

[Chunk 2]
السيد عمر بن مختار بن عمر المنفي الهلالي ( 20 أغسطس 1858 - 16 سبتمبر 1931 ) ، الشهير بعمر المختار ، الملقب بشيخ الشهداء ، وشيخ المجاهدين ، وأسد الصحراء ، هو قائد أدوار السنوسية في ليبيا ، وأحد أشهر المقاومين العرب والمسلمين . ينتمي إلى بيت فرحات من قبيلة منفة الهلالية التي تنتقل في بادية برقة .

[Chunk 3]
حارب عمر المختار الإيطاليين منذ كان عمره 53 عاما لأكثر من عشرين عاما في عدد كبير من المعارك ، إلى أن قبض عليه من قبل الجنود الطليان ، وأجريت له محاكمة صورية انتهت بإصدار حكم بإعدامه شنقا ، فنفذت فيه العقوبة على الرغم من أنه كان كبير السن ومريضا ، فقد بلغ في حينها 73 عاما وعانى من الحمى . وكان الهدف من إعدام عمر المختار إضعاف الروح المعنوية للمقاومين الليبيين والقضاء على الحركات المناهضة للحكم الإيطالي ، لكن النتيجة جاءت عكسية ، فقد ارتفعت حدة الثورات ، وانتهى الأمر بأن طردت القوات الإيطالية من البلاد .",متى ولد عمر المختار ؟,( 20 أغسطس 1858,20 أغسطس 1858,0.9,0.9,0.9
"[Chunk 1]
السيد عمر بن مختار بن عمر المنفي الهلالي ( 20 أغسطس 1858 - 16 سبتمبر 1931 ) ، الشهير بعمر المختار ، الملقب بشيخ الشهداء ، وشيخ المجاهدين ، وأسد الصحراء ، هو قائد أدوار السنوسية في ليبيا ، وأحد أشهر المقاومين العرب والمسلمين . ينتمي إلى بيت فرحات من قبيلة منفة الهلالية التي تنتقل في بادية برقة .

[Chunk 2]
السيد عمر بن مختار بن عمر المنفي الهلالي ( 20 أغسطس 1858 - 16 سبتمبر 1931 ) ، الشهير بعمر المختار ، الملقب بشيخ الشهداء ، وشيخ المجاهدين ، وأسد الصحراء ، هو قائد أدوار السنوسية في ليبيا ، وأحد أشهر المقاومين العرب والمسلمين .

[Chunk 3]
حارب عمر المختار الإيطاليين منذ كان عمره 53 عاما لأكثر من عشرين عاما في عدد كبير من المعارك ، إلى أن قبض عليه من قبل الجنود الطليان ، وأجريت له محاكمة صورية انتهت بإصدار حكم بإعدامه شنقا ، فنفذت فيه العقوبة على الرغم من أنه كان كبير السن ومريضا ، فقد بلغ في حينها 73 عاما وعانى من الحمى . وكان الهدف من إعدام عمر المختار إضعاف الروح المعنوية للمقاومين الليبيين والقضاء على الحركات المناهضة للحكم الإيطالي ، لكن النتيجة جاءت عكسية ، فقد ارتفعت حدة الثورات ، وانتهى الأمر بأن طردت القوات الإيطالية من البلاد .",من هو والد عمر المختار ؟,عمر المنفي الهلالي,عمر بن مختار بن عمر,0.91,0.93,0.32
"[Chunk 1]
حارب عمر المختار الإيطاليين منذ كان عمره 53 عاما لأكثر من عشرين عاما في عدد كبير من المعارك ، إلى أن قبض عليه من قبل الجنود الطليان ، وأجريت له محاكمة صورية انتهت بإصدار حكم بإعدامه شنقا ، فنفذت فيه العقوبة على الرغم من أنه كان كبير السن ومريضا ، فقد بلغ في حينها 73 عاما وعانى من الحمى . وكان الهدف من إعدام عمر المختار إضعاف الروح المعنوية للمقاومين الليبيين والقضاء على الحركات المناهضة للحكم الإيطالي ، لكن النتيجة جاءت عكسية ، فقد ارتفعت حدة الثورات ، وانتهى الأمر بأن طردت القوات الإيطالية من البلاد .

[Chunk 2]
السيد عمر بن مختار بن عمر المنفي الهلالي ( 20 أغسطس 1858 - 16 سبتمبر 1931 ) ، الشهير بعمر المختار ، الملقب بشيخ الشهداء ، وشيخ المجاهدين ، وأسد الصحراء ، هو قائد أدوار السنوسية في ليبيا ، وأحد أشهر المقاومين العرب والمسلمين .

[Chunk 3]
السيد عمر بن مختار بن عمر المنفي الهلالي ( 20 أغسطس 1858 - 16 سبتمبر 1931 ) ، الشهير بعمر المختار ، الملقب بشيخ الشهداء ، وشيخ المجاهدين ، وأسد الصحراء ، هو قائد أدوار السنوسية في ليبيا ، وأحد أشهر المقاومين العرب والمسلمين . ينتمي إلى بيت فرحات من قبيلة منفة الهلالية التي تنتقل في بادية برقة .",كم كان عمر عمر المختار عندما حارب الايطاليين لأول مرة ؟,53 عاما,53 عاماً,0.91,0.9,0.92
"[Chunk 1]
لبنان أو ( رسميا : الجمهورية اللبنانية ) ، هي دولة عربية واقعة في الشرق الأوسط في غرب القارة الآسيوية . تحدها سوريا من الشمال والشرق ، وفلسطين المحتلة - إسرائيل من الجنوب ، وتطل من جهة الغرب على البحر الأبيض المتوسط .

[Chunk 2]
واجه لبنان منذ القدم تعدد الحضارات التي عبرت فيه أو احتلت أراضيه وذلك لموقعه الوسطي بين الشمال الأوروبي والجنوب العربي والشرق الآسيوي والغرب الأفريقي ، ويعد هذا الموقع المتوسط من أبرز الأسباب لتنوع الثقافات في لبنان ، وفي الوقت ذاته من الأسباب المؤدية للحروب والنزاعات على مر العصور تجلت بحروب أهلية ونزاع مصيري مع إسرائيل . ويعود أقدم دليل على استيطان الإنسان في لبنان ونشوء حضارة على أرضه إلى أكثر من 7000 سنة .

[Chunk 3]
فلسطين ( بالعبرية : أو حسب السياق ، باليونانية : ) هي منطقة جغرافية في غرب آسيا عادة ما تشمل إسرائيل ، والضفة الغربية ، وقطاع غزة ، وفي بعض التعاريف ، بعض أجزاء من غرب الأردن مشكلة الجزء الجنوبي الغربي من بلاد الشام .",أين تقع لبنان ؟,في الشرق الأوسط في غرب القارة الآسيوية .,في الشرق الأوسط في غرب القارة الآسيوية.,0.62,0.91,0.9
"[Chunk 1]
كرة القدم هي رياضة جماعية تلعب بين فريقين يتكون كل منهما من أحد عشر لاعبا بكرة مكورة . يلعب كرة القدم 250 مليون لاعب في أكثر من مائتي دولة حول العالم ، فلذلك تكون الرياضة الأكثر شعبية وانتشارا في العالم . تلعب كرة القدم في ملعب مستطيل الشكل مع مرميين في جانبيه . الهدف من اللعبة هو إحراز الأهداف بركل الكرة داخل المرمى .

[Chunk 2]
كرة القدم هي رياضة جماعية تلعب بين فريقين يتكون كل منهما من أحد عشر لاعبا بكرة مكورة . يلعب كرة القدم 250 مليون لاعب في أكثر من مائتي دولة حول العالم ، فلذلك تكون الرياضة الأكثر شعبية وانتشارا في العالم .

[Chunk 3]
كرة القدم هي رياضة جماعية تلعب بين فريقين يتكون كل منهما من أحد عشر لاعبا بكرة مكورة . يلعب كرة القدم 250 مليون لاعب في أكثر من مائتي دولة حول العالم ، فلذلك تكون الرياضة الأكثر شعبية وانتشارا في العالم . حارس المرمى هو اللاعب الوحيد الذي يسمح له أن يلمس الكرة بيديه أو ذراعيه ، بشرط أن يكون داخل منطقة الجزاء . يستخدم اللاعبون غير الحارس أرجلهم غالبا في الهجوم أو تمرير الكرة ويمكنهم أيضا استخدام رأسهم لضرب الكرة . الفريق الذي يحرز أهدافا أكثر يكون هو الفائز . إذا أحرز الفريقان أهدافا متعادلة في نهاية المباراة ، فتكون نتيجة المباراة إما التعادل أو تدخل المباراة في نظام الوقت الإضافي و / أو الضربات الترجيحية ويعتمد ذلك على نظام البطولة . وضعت قوانين لعبة كرة القدم في إنجلترا بواسطة الاتحاد الإنجليزي لكرة القدم سنة 1863. يترأس لعبة كرة القدم دوليا الاتحاد الدولي لكرة القدم ( الفيفا ). تنظم بطولة كأس العالم لهذه الرياضة مرة كل أربع سنوات وهي البطولة الأهم دوليا .",مادا واجه لبنان في القدم ؟,تعدد الحضارات,لا أعرف,0.1,0.2,0.1
"[Chunk 1]
في القدم ، سكن الفينيقيون أرض لبنان الحالية مع جزء من أرض سوريا وفلسطين ، وهؤلاء قوم ساميون اتخذوا من الملاحة والتجارة مهنة لهم ، وازدهرت حضارتهم طيلة 2500 سنة تقريبا ( من حوالي سنة 3000 حتى سنة 539 ق . م ). وقد مرت على لبنان عدة حضارات وشعوب استقرت فيه منذ عهد الفينيقين ، مثل المصريين القدماء ، الآشوريين ، الفرس ، الإغريق ، الرومان ، الروم البيزنطيين ، العرب ، الصليبيين ، الأتراك العثمانيين ، فالفرنسيين .

[Chunk 2]
واجه لبنان منذ القدم تعدد الحضارات التي عبرت فيه أو احتلت أراضيه وذلك لموقعه الوسطي بين الشمال الأوروبي والجنوب العربي والشرق الآسيوي والغرب الأفريقي ، ويعد هذا الموقع المتوسط من أبرز الأسباب لتنوع الثقافات في لبنان ، وفي الوقت ذاته من الأسباب المؤدية للحروب والنزاعات على مر العصور تجلت بحروب أهلية ونزاع مصيري مع إسرائيل . ويعود أقدم دليل على استيطان الإنسان في لبنان ونشوء حضارة على أرضه إلى أكثر من 7000 سنة .

[Chunk 3]
لبنان أو ( رسميا : الجمهورية اللبنانية ) ، هي دولة عربية واقعة في الشرق الأوسط في غرب القارة الآسيوية . تحدها سوريا من الشمال والشرق ، وفلسطين المحتلة - إسرائيل من الجنوب ، وتطل من جهة الغرب على البحر الأبيض المتوسط .",من كان يسكن لبنان في القدم ؟,الفينيقيون,الفينيقيون وأتباعهم.,0.91,0.91,0.92
"[Chunk 1]
الدولة السلجوقية أو دولة بني سلجوق أو دولة السلاجقة العظام ( يطلق عليها الاسم الأخير لتمييزها عن دول السلاجقة اللاحقة التي ظهرت بعد تفككها وانهيارها ) هي واحدة من الدول الكبرى في تاريخ الإسلام وإقليم وسط آسيا ، لعبت دورا كبيرا في تاريخ الدولة العباسية والحروب الصليبية والصراع الإسلامي البيزنطي . تأسست الدولة على يد سلالة السلاجقة ، وهي سلالة تركية تنحدر من قبيلة قنق التي تنتمي بدورها إلى مجموعة أتراك الأوغوز . حكمت الدولة السلجوقية في أوج ازدهارها كافة إيران وأفغانستان ووسط آسيا وصولا إلى كاشغر في الشرق ، فضلا عن العراق والشام والأناضول غربا وصولا إلى مشارف القسطنطينية . قامت الدولة منذ عام 1037 م ( 429 ه ) عندما دخل مؤسسها طغرل بك مدينة مرو في وسط آسيا ، وحتى عام 1157 م ( 552 ه ) عند مقتل السلطان أحمد سنجر ، الذي تفككت الدولة بعده إلى ولايات منفصلة حكمت أجزاء مختلفة من وسط وغربي آسيا .

[Chunk 2]
الدولة السلجوقية أو دولة بني سلجوق أو دولة السلاجقة العظام ( يطلق عليها الاسم الأخير لتمييزها عن دول السلاجقة اللاحقة التي ظهرت بعد تفككها وانهيارها ) هي واحدة من الدول الكبرى في تاريخ الإسلام وإقليم وسط آسيا ، لعبت دورا كبيرا في تاريخ الدولة العباسية والحروب الصليبية والصراع الإسلامي البيزنطي .

[Chunk 3]
ينتمي السلاجقة إلى قبيلة "" قنق "" إحدى العشائر المتزعمة لقبائل الغز التركية . دخلت هذه العشيرة في الإسلام أثناء عهد زعيمها ومؤسس السلالة سلجوق بن دقاق سنة 960 م . دخلوا بعدها في خدمة القراخانات حكام بلاد ماوراء النهر ، وحازوا نفوذا عاليا في دولتهم . ظهرت الدولة السلجوقية عندما قاد طغرل بك حفيد سلجوق حربا مع الدولة الغزنوية في إقليم خراسان الكبرى ، تمكن على إثرها من انتزاع مدينتي مرو ونيسابور في عام 1037 م ( 429 ه ). انتصر طغرل في العام ذاته بمعركته الكبرى مع الغزنويين ، وهي معركة داندقان ، التي كسرت شوكة دولة الغزنويين وأدت إلى الظهور الحقيقي للدولة السلجوقية .",ماالاسم الدي يطلق على الدولة السلجوقية ؟,الاسم الأخير,الدولة السلجوقية أو بني سلجوق أو السلاجقة العظام.,0.91,0.9,0.65
"[Chunk 1]
الدولة السلجوقية أو دولة بني سلجوق أو دولة السلاجقة العظام ( يطلق عليها الاسم الأخير لتمييزها عن دول السلاجقة اللاحقة التي ظهرت بعد تفككها وانهيارها ) هي واحدة من الدول الكبرى في تاريخ الإسلام وإقليم وسط آسيا ، لعبت دورا كبيرا في تاريخ الدولة العباسية والحروب الصليبية والصراع الإسلامي البيزنطي . تأسست الدولة على يد سلالة السلاجقة ، وهي سلالة تركية تنحدر من قبيلة قنق التي تنتمي بدورها إلى مجموعة أتراك الأوغوز . حكمت الدولة السلجوقية في أوج ازدهارها كافة إيران وأفغانستان ووسط آسيا وصولا إلى كاشغر في الشرق ، فضلا عن العراق والشام والأناضول غربا وصولا إلى مشارف القسطنطينية . قامت الدولة منذ عام 1037 م ( 429 ه ) عندما دخل مؤسسها طغرل بك مدينة مرو في وسط آسيا ، وحتى عام 1157 م ( 552 ه ) عند مقتل السلطان أحمد سنجر ، الذي تفككت الدولة بعده إلى ولايات منفصلة حكمت أجزاء مختلفة من وسط وغربي آسيا .

[Chunk 2]
ينتمي السلاجقة إلى قبيلة "" قنق "" إحدى العشائر المتزعمة لقبائل الغز التركية . دخلت هذه العشيرة في الإسلام أثناء عهد زعيمها ومؤسس السلالة سلجوق بن دقاق سنة 960 م . دخلوا بعدها في خدمة القراخانات حكام بلاد ماوراء النهر ، وحازوا نفوذا عاليا في دولتهم . ظهرت الدولة السلجوقية عندما قاد طغرل بك حفيد سلجوق حربا مع الدولة الغزنوية في إقليم خراسان الكبرى ، تمكن على إثرها من انتزاع مدينتي مرو ونيسابور في عام 1037 م ( 429 ه ). انتصر طغرل في العام ذاته بمعركته الكبرى مع الغزنويين ، وهي معركة داندقان ، التي كسرت شوكة دولة الغزنويين وأدت إلى الظهور الحقيقي للدولة السلجوقية .

[Chunk 3]
الدولة السلجوقية أو دولة بني سلجوق أو دولة السلاجقة العظام ( يطلق عليها الاسم الأخير لتمييزها عن دول السلاجقة اللاحقة التي ظهرت بعد تفككها وانهيارها ) هي واحدة من الدول الكبرى في تاريخ الإسلام وإقليم وسط آسيا ، لعبت دورا كبيرا في تاريخ الدولة العباسية والحروب الصليبية والصراع الإسلامي البيزنطي .",على يد من تأسست الدولة السلجوقية ؟,"على يد سلالة السلاجقة ،",طغرل بك,0.91,0.91,0.42
"[Chunk 1]
ينتمي السلاجقة إلى قبيلة "" قنق "" إحدى العشائر المتزعمة لقبائل الغز التركية . دخلت هذه العشيرة في الإسلام أثناء عهد زعيمها ومؤسس السلالة سلجوق بن دقاق سنة 960 م . دخلوا بعدها في خدمة القراخانات حكام بلاد ماوراء النهر ، وحازوا نفوذا عاليا في دولتهم . ظهرت الدولة السلجوقية عندما قاد طغرل بك حفيد سلجوق حربا مع الدولة الغزنوية في إقليم خراسان الكبرى ، تمكن على إثرها من انتزاع مدينتي مرو ونيسابور في عام 1037 م ( 429 ه ). انتصر طغرل في العام ذاته بمعركته الكبرى مع الغزنويين ، وهي معركة داندقان ، التي كسرت شوكة دولة الغزنويين وأدت إلى الظهور الحقيقي للدولة السلجوقية .

[Chunk 2]
الدولة السلجوقية أو دولة بني سلجوق أو دولة السلاجقة العظام ( يطلق عليها الاسم الأخير لتمييزها عن دول السلاجقة اللاحقة التي ظهرت بعد تفككها وانهيارها ) هي واحدة من الدول الكبرى في تاريخ الإسلام وإقليم وسط آسيا ، لعبت دورا كبيرا في تاريخ الدولة العباسية والحروب الصليبية والصراع الإسلامي البيزنطي . تأسست الدولة على يد سلالة السلاجقة ، وهي سلالة تركية تنحدر من قبيلة قنق التي تنتمي بدورها إلى مجموعة أتراك الأوغوز . حكمت الدولة السلجوقية في أوج ازدهارها كافة إيران وأفغانستان ووسط آسيا وصولا إلى كاشغر في الشرق ، فضلا عن العراق والشام والأناضول غربا وصولا إلى مشارف القسطنطينية . قامت الدولة منذ عام 1037 م ( 429 ه ) عندما دخل مؤسسها طغرل بك مدينة مرو في وسط آسيا ، وحتى عام 1157 م ( 552 ه ) عند مقتل السلطان أحمد سنجر ، الذي تفككت الدولة بعده إلى ولايات منفصلة حكمت أجزاء مختلفة من وسط وغربي آسيا .

[Chunk 3]
الدولة السلجوقية أو دولة بني سلجوق أو دولة السلاجقة العظام ( يطلق عليها الاسم الأخير لتمييزها عن دول السلاجقة اللاحقة التي ظهرت بعد تفككها وانهيارها ) هي واحدة من الدول الكبرى في تاريخ الإسلام وإقليم وسط آسيا ، لعبت دورا كبيرا في تاريخ الدولة العباسية والحروب الصليبية والصراع الإسلامي البيزنطي .",الى أي قبيلة ينتمي السلاجقة ؟,"قبيلة "" قنق "" إحدى العشائر المتزعمة لقبائل الغز التركية .","ينتمي السلاجقة إلى قبيلة ""قنق"".",0.91,0.91,0.91
"[Chunk 1]
التقويم الميلادي هو التقويم المستعمل مدنيا في أكثر دول العالم . يسمى هذا التقويم في أغلب الدول العربية بالتقويم الميلادي لأن عد السنين فيه يبدأ من سنة ميلاد المسيح كما كان يعتقد واضع عد السنين وهو الراهب الأرمني دنيسيوس الصغير .

[Chunk 2]
يسمى هذا التقويم في أغلب الدول العربية بالتقويم الميلادي لأن عد السنين فيه يبدأ من سنة ميلاد المسيح كما كان يعتقد واضع عد السنين وهو الراهب الأرمني دنيسيوس الصغير . ويسمى بالتقويم الغريغوري نسبة إلى البابا غريغوريوس الثالث عشر بابا روما في القرن السادس عشر الذي قام بتعديل نظام الكبس في التقويم اليولياني ليصبح على النظام المتعارف عليه حاليا . السنة الميلادية سنة شمسية بمعنى أنها تمثل دورة كاملة للشمس في منازلها ، وهي مدة ( 365.2425 ) يوما ولذلك فالسنة الميلادية 365 يوما في السنة البسيطة و 366 في السنة الكبيسة ، وهي تتألف من 12 شهرا . كان التقويم اليولياني أقل دقة حيث اعتبر أن السنة الشمسية 365.25 يوما .

[Chunk 3]
التقويم الهجري القمري أو التقويم الإسلامي هو تقويم قمري يعتمد على دورة القمر لتحديد الأشهر ، ويستخدمه المسلمون خصوصا في تحديد المناسبات الدينية . أنشأه الخليفة عمر بن الخطاب وجعل هجرة رسول الله محمد بن عبد الله صلى الله عليه وسلم من مكة إلى المدينة في 12 ربىع الأول ( 24 سبتمبر عام 622 م ) مرجعا لأول سنة فيه ، وهذا هو سبب تسميته التقويم الهجري لكنه مركز أساسا على الميقات القمري الذي أمر الله في القرآن بإتباعه تبعا للأية 36 من سورة التوبة والأربعة الحرم هي أشهر قمرية وهي رجب وذو القعدة وذو الحجة ومحرم ، ولأن الله نعتها بالدين القيم فقد حرص أئمة المسلمين منذ بداية الأمة أن لا يعملوا إلا به ، رغم أن التقويم أنشئ في عهد المسلمين إلا أن أسماء الأشهر والتقويم القمري كان تستخدم منذ أيام الجاهلية . أول ىوم هذا التقوىم الجمعة 1 محرم 1 ه ( 16 يوليو عام 622 م ).",ما هو التقويم الميلادي ؟,التقويم الميلادي هو التقويم المستعمل مدنيا في أكثر دول العالم . يسمى,التقويم الميلادي هو التقويم المستعمل مدنيا في أكثر دول العالم.,0.91,0.92,0.91
"[Chunk 1]
التقويم الميلادي هو التقويم المستعمل مدنيا في أكثر دول العالم . يسمى هذا التقويم في أغلب الدول العربية بالتقويم الميلادي لأن عد السنين فيه يبدأ من سنة ميلاد المسيح كما كان يعتقد واضع عد السنين وهو الراهب الأرمني دنيسيوس الصغير .

[Chunk 2]
يسمى هذا التقويم في أغلب الدول العربية بالتقويم الميلادي لأن عد السنين فيه يبدأ من سنة ميلاد المسيح كما كان يعتقد واضع عد السنين وهو الراهب الأرمني دنيسيوس الصغير . ويسمى بالتقويم الغريغوري نسبة إلى البابا غريغوريوس الثالث عشر بابا روما في القرن السادس عشر الذي قام بتعديل نظام الكبس في التقويم اليولياني ليصبح على النظام المتعارف عليه حاليا . السنة الميلادية سنة شمسية بمعنى أنها تمثل دورة كاملة للشمس في منازلها ، وهي مدة ( 365.2425 ) يوما ولذلك فالسنة الميلادية 365 يوما في السنة البسيطة و 366 في السنة الكبيسة ، وهي تتألف من 12 شهرا . كان التقويم اليولياني أقل دقة حيث اعتبر أن السنة الشمسية 365.25 يوما .

[Chunk 3]
التقويم الهجري القمري أو التقويم الإسلامي هو تقويم قمري يعتمد على دورة القمر لتحديد الأشهر ، ويستخدمه المسلمون خصوصا في تحديد المناسبات الدينية . أنشأه الخليفة عمر بن الخطاب وجعل هجرة رسول الله محمد بن عبد الله صلى الله عليه وسلم من مكة إلى المدينة في 12 ربىع الأول ( 24 سبتمبر عام 622 م ) مرجعا لأول سنة فيه ، وهذا هو سبب تسميته التقويم الهجري لكنه مركز أساسا على الميقات القمري الذي أمر الله في القرآن بإتباعه تبعا للأية 36 من سورة التوبة والأربعة الحرم هي أشهر قمرية وهي رجب وذو القعدة وذو الحجة ومحرم ، ولأن الله نعتها بالدين القيم فقد حرص أئمة المسلمين منذ بداية الأمة أن لا يعملوا إلا به ، رغم أن التقويم أنشئ في عهد المسلمين إلا أن أسماء الأشهر والتقويم القمري كان تستخدم منذ أيام الجاهلية . أول ىوم هذا التقوىم الجمعة 1 محرم 1 ه ( 16 يوليو عام 622 م ).",ما هو الاسم التاني للتقويم الميلادي ؟,بالتقويم الغريغوري,التقويم الغريغوري.,0.91,0.91,0.91
"[Chunk 1]
كانت الدولة الرومانية تستخدم تقويما يتألف من عشرة أشهر ، ومنه جاءت تسمية أكثر الأشهر ، ثم استخدموا تقويما شمسي قمري حيث أن طول السنة فيه 354 يوما وعدد الأشهر 12 شهرا وعدد الأيام في الأشهر بين 29 و 30 ، وهذا يوافق السنة القمرية ، ثم في السنة التالية لها يضاف شهر طوله 22 أو 23 يوما على التعاقب فيكون طول السنة الكبيسة 376 أو 377 يوما !! وتكون متوسط حصيلة دورة أربع ( 354 +376+354 +377 ) تساوي 365.25 وهو ما يعادل طول السنة الشمسية ، ويعزى هذا التقويم للإمبراطور نوما الروماني ، ولكن هذا التقويم طاله التلاعب من قبل الكهنة والقياصرة ، فجعلوا بعض الشهور التي سميت على أسماء قياصرتهم 31 يوما على حساب الشهور الأخرى ، وكان عد السنين يبتدأ من سنة تأسيس مدينة روما عاصمة الإمبراطورية . وهي سنة 753 ق . م .

[Chunk 2]
يسمى هذا التقويم في أغلب الدول العربية بالتقويم الميلادي لأن عد السنين فيه يبدأ من سنة ميلاد المسيح كما كان يعتقد واضع عد السنين وهو الراهب الأرمني دنيسيوس الصغير . ويسمى بالتقويم الغريغوري نسبة إلى البابا غريغوريوس الثالث عشر بابا روما في القرن السادس عشر الذي قام بتعديل نظام الكبس في التقويم اليولياني ليصبح على النظام المتعارف عليه حاليا . السنة الميلادية سنة شمسية بمعنى أنها تمثل دورة كاملة للشمس في منازلها ، وهي مدة ( 365.2425 ) يوما ولذلك فالسنة الميلادية 365 يوما في السنة البسيطة و 366 في السنة الكبيسة ، وهي تتألف من 12 شهرا . كان التقويم اليولياني أقل دقة حيث اعتبر أن السنة الشمسية 365.25 يوما .

[Chunk 3]
يتكون التقويم الهجري من 12 شهرا قمريا أي أن السنة الهجرية تساوي 354 يوما تقريبا ، بالتحديد 354.367056 يوما ، والشهر في التقويم الهجري إما أن يكون 29 أو 30 يوما ( لأن دورة القمر الظاهرية تساوي 29.530588 يوم ). وبما أن هناك فارق 11.2 يوم تقريبا بين التقويم الميلادي الشائع والتقويم الهجري فإن التقويمين لا يتزامنان مما يجعل التحويل بين التقويمين أكثر صعوبة .",كم عدد الأشهر في التقويم الدي كانت تستخدمه الدولة الرومانية ؟,"عشرة أشهر ،", عشرة أشهر,0.91,0.91,0.92
"[Chunk 1]
رجب طيب أردوغان ( بالتركية : Recep Tayyip Erdoğan ) ( ولد في 26 فبراير 1954 ) ، هو رئيس جمهورية تركيا الثاني عشر والحالي منذ 28 أغسطس 2014 م ، ويعد أول رئيس تركي اختاره الشعب بطريق الاقتراع المباشر ، انتخب رئيسا للجمهورية مرة ثانية في انتخابات مبكرة في 24 يونيو 2018 وتسلم سلطاته في 9 يوليو 2018 ليصبح أول رئيس تركي يدشن النظام الرئاسي . ورئيس وزراء تركيا من مارس 2003 حتى أغسطس 2014 وقبل هذا كان عمدة مدينة إسطنبول التركية من 1994 م إلى 1998 م . ورئيس حزب العدالة والتنمية الذي يملك غالبية مقاعد البرلمان التركي .

[Chunk 2]
رجب طيب أردوغان ( بالتركية : Recep Tayyip Erdoğan ) ( ولد في 26 فبراير 1954 ) ، هو رئيس جمهورية تركيا الثاني عشر والحالي منذ 28 أغسطس 2014 م ، ويعد أول رئيس تركي اختاره الشعب بطريق الاقتراع المباشر ، انتخب رئيسا للجمهورية مرة ثانية في انتخابات مبكرة في 24 يونيو 2018 وتسلم سلطاته في 9 يوليو 2018 ليصبح أول رئيس تركي يدشن النظام الرئاسي .

[Chunk 3]
كان أردوغان لاعب كرة قدم شبه محترف بين عامي 1969 م - 1982 م وكان يلعب لصالح نادي قاسم باشا وذلك قبل أن يتم انتخابه عمدة لبلدية مدينة إسطنبول من قبل حزب الرفاه الإسلامي في عام 1994 م . وفي عام 1998 م اتهم أردوغان بالتحريض على الكراهية الدينية وتم ايقافه من منصبه وحكم عليه بالسجن لمدة 10 أشهر بسبب اقتباسه أبياتا من شعر تركي أثناء القائه خطابا في مدينة سعرد .",رجب طيب أردوغان هو الرئيس رقم كم لتركيا ؟,رئيس جمهورية تركيا الثاني عشر,الثاني عشر.,0.8,0.9,0.91
"[Chunk 1]
رجب طيب أردوغان ( بالتركية : Recep Tayyip Erdoğan ) ( ولد في 26 فبراير 1954 ) ، هو رئيس جمهورية تركيا الثاني عشر والحالي منذ 28 أغسطس 2014 م ، ويعد أول رئيس تركي اختاره الشعب بطريق الاقتراع المباشر ، انتخب رئيسا للجمهورية مرة ثانية في انتخابات مبكرة في 24 يونيو 2018 وتسلم سلطاته في 9 يوليو 2018 ليصبح أول رئيس تركي يدشن النظام الرئاسي . ورئيس وزراء تركيا من مارس 2003 حتى أغسطس 2014 وقبل هذا كان عمدة مدينة إسطنبول التركية من 1994 م إلى 1998 م . ورئيس حزب العدالة والتنمية الذي يملك غالبية مقاعد البرلمان التركي .

[Chunk 2]
رجب طيب أردوغان ( بالتركية : Recep Tayyip Erdoğan ) ( ولد في 26 فبراير 1954 ) ، هو رئيس جمهورية تركيا الثاني عشر والحالي منذ 28 أغسطس 2014 م ، ويعد أول رئيس تركي اختاره الشعب بطريق الاقتراع المباشر ، انتخب رئيسا للجمهورية مرة ثانية في انتخابات مبكرة في 24 يونيو 2018 وتسلم سلطاته في 9 يوليو 2018 ليصبح أول رئيس تركي يدشن النظام الرئاسي .

[Chunk 3]
كان أردوغان لاعب كرة قدم شبه محترف بين عامي 1969 م - 1982 م وكان يلعب لصالح نادي قاسم باشا وذلك قبل أن يتم انتخابه عمدة لبلدية مدينة إسطنبول من قبل حزب الرفاه الإسلامي في عام 1994 م . وفي عام 1998 م اتهم أردوغان بالتحريض على الكراهية الدينية وتم ايقافه من منصبه وحكم عليه بالسجن لمدة 10 أشهر بسبب اقتباسه أبياتا من شعر تركي أثناء القائه خطابا في مدينة سعرد .",متى كان رجب طيب أردوغان رئيسا وزراء تركيا ؟,من مارس 2003 حتى أغسطس 2014,من مارس 2003 حتى أغسطس 2014.,0.91,0.9,0.91
"[Chunk 1]
كان أردوغان لاعب كرة قدم شبه محترف بين عامي 1969 م - 1982 م وكان يلعب لصالح نادي قاسم باشا وذلك قبل أن يتم انتخابه عمدة لبلدية مدينة إسطنبول من قبل حزب الرفاه الإسلامي في عام 1994 م . وفي عام 1998 م اتهم أردوغان بالتحريض على الكراهية الدينية وتم ايقافه من منصبه وحكم عليه بالسجن لمدة 10 أشهر بسبب اقتباسه أبياتا من شعر تركي أثناء القائه خطابا في مدينة سعرد .

[Chunk 2]
رجب طيب أردوغان ( بالتركية : Recep Tayyip Erdoğan ) ( ولد في 26 فبراير 1954 ) ، هو رئيس جمهورية تركيا الثاني عشر والحالي منذ 28 أغسطس 2014 م ، ويعد أول رئيس تركي اختاره الشعب بطريق الاقتراع المباشر ، انتخب رئيسا للجمهورية مرة ثانية في انتخابات مبكرة في 24 يونيو 2018 وتسلم سلطاته في 9 يوليو 2018 ليصبح أول رئيس تركي يدشن النظام الرئاسي . ورئيس وزراء تركيا من مارس 2003 حتى أغسطس 2014 وقبل هذا كان عمدة مدينة إسطنبول التركية من 1994 م إلى 1998 م . ورئيس حزب العدالة والتنمية الذي يملك غالبية مقاعد البرلمان التركي .

[Chunk 3]
رجب طيب أردوغان ( بالتركية : Recep Tayyip Erdoğan ) ( ولد في 26 فبراير 1954 ) ، هو رئيس جمهورية تركيا الثاني عشر والحالي منذ 28 أغسطس 2014 م ، ويعد أول رئيس تركي اختاره الشعب بطريق الاقتراع المباشر ، انتخب رئيسا للجمهورية مرة ثانية في انتخابات مبكرة في 24 يونيو 2018 وتسلم سلطاته في 9 يوليو 2018 ليصبح أول رئيس تركي يدشن النظام الرئاسي .",ماهي الرياضة التي كان فيها رجب طيب أردوغان شبه محترف ؟,كرة قدم,كرة القدم,0.91,0.9,0.91
"[Chunk 1]
الصوفية أو التصوف هو مذهب إسلامي . وهو منهج أو طريق يسلكه العبد للوصول إلى الله ، أي الوصول إلى معرفته والعلم به ، وذلك عن طريق الاجتهاد في العبادات واجتناب المنهيات ، وتربية النفس وتطهير القلب من الأخلاق السيئة ، وتحليته بالأخلاق الحسنة .

[Chunk 2]
الصوفية أو التصوف هو مذهب إسلامي . وهو منهج أو طريق يسلكه العبد للوصول إلى الله ، أي الوصول إلى معرفته والعلم به ، وذلك عن طريق الاجتهاد في العبادات واجتناب المنهيات ، وتربية النفس وتطهير القلب من الأخلاق السيئة ، وتحليته بالأخلاق الحسنة . وهذا المنهج يقولون أنه يستمد أصوله وفروعه من القرآن والسنة النبوية واجتهاد العلماء فيما لم يرد فيه نص ، فهو علم كعلم الفقه له مذاهبه ومدارسه ومجتهدوه وأئمته الذين شيدوا أركانه وقواعده - كغيره من العلوم - جيلا بعد جيل حتى جعلوه علما سموه علم التصوف ، وعلم التزكية ، وعلم الأخلاق ، فألفوا فيه الكتب الكثيرة بينوا فيها أصوله وفروعه وقواعده ، ومن أشهر هذه الكتب : الحكم العطائية لابن عطاء الله السكندري ، وقواعد التصوف للشيخ أحمد زروق ، وإحياء علوم الدين للإمام الغزالي ، والرسالة القشيرية للإمام القشيري ، ومن جوامع الكلم لمحمد ماضي أبو العزائم وغيرها .

[Chunk 3]
الدروز يسمون أنفسهم الموحدون هم عرقية دينية باطنية تدين بمذهب التوحيد ذو التعاليم الباطنية ؛ وتعود أصول المذهب الدرزي إلى الإسماعيلية ، إحدى المذاهب الشيعية ، كما ترجع جذور الدروز إلى غرب آسيا . مذهب التوحيد أو الدرزية هي ديانة توحيدية وإبراهيمية تستند إلى تعاليم أفلاطون ، وأرسطو ، وسقراط ، وأخناتون ، وحمزة بن علي بن أحمد والحاكم بأمر الله . تعتبر رسائل الحكمة من مصادر العقيدة الدرزية جنبا إلى جنب مع نصوص تكميلية مثل رسائل الهند . تتضمن عقيدة الدروز عناصر غنوصية ، وأفلاطونية محدثة ، وفيثاغورية ، وإسماعيلية ، ويهودية ، ومسيحية ، وهندوسية ، فضلا عن فلسفات ومعتقدات أخرى ، مما أدى إلى ابتكار لاهوت عرف بالسرية والتفسير الباطني للكتب الدينية وتسليط الضوء على دور العقل والصدق . يؤمن الدروز بالظهور الإلهي ، والتناسخ أو التقمص الذي يتلخص مفهومه في رجوع الروح إلى الحياة بجسد آخر ، وهي فكرة فلسفية ودينية مرتبطة بالجسد والروح والذات حسب المعتقدات الدرزية . لعبت الطائفة الدرزية دورا هاما في تشكيل تاريخ بلاد الشام ، واستمرت في لعب دور سياسي كبير في هذه المنطقة كأقلية عرقية ودينية ، تعرض الدروز إلى الاضطهاد في العديد من الأحيان ، إذ لا يعتبر الدروز جزءا من الإسلام ، وبالتالي كفرت العديد من الفتاوى الدروز واعتبرتهم مرتدين عن دين الإسلام . من أبرز حملات الاضطهاد التي تعرض لها الدروز كانت من الظاهر لإعزاز دين الله خليفة الدولة الفاطمية ، حيث قام بحملة إبادة المجتمعات المحلية الدرزية والتي شملت تطهيرا عرقيا في كل من أنطاكية وحلب وشمال سوريا . جرت حملات أخرى مماثلة من قبل المماليك والعثمانيين ؛ وفي الآونة الأخيرة قام كل من تنظيم الدولة الإسلامية أو ما يعرف بداعش وتنظيم القاعدة بحملات تطهير ، في سوريا والدول المجاورة ، استهدفت المعتقدات والأقليات غير المسلمة .",ماهو المذهب الذي تتبعه الصوفية ؟,مذهب إسلامي .,الصوفية يتبعون مذهب التصوف الإسلامي.,0.91,0.91,0.92
"[Chunk 1]
الصوفية أو التصوف هو مذهب إسلامي . وهو منهج أو طريق يسلكه العبد للوصول إلى الله ، أي الوصول إلى معرفته والعلم به ، وذلك عن طريق الاجتهاد في العبادات واجتناب المنهيات ، وتربية النفس وتطهير القلب من الأخلاق السيئة ، وتحليته بالأخلاق الحسنة . وهذا المنهج يقولون أنه يستمد أصوله وفروعه من القرآن والسنة النبوية واجتهاد العلماء فيما لم يرد فيه نص ، فهو علم كعلم الفقه له مذاهبه ومدارسه ومجتهدوه وأئمته الذين شيدوا أركانه وقواعده - كغيره من العلوم - جيلا بعد جيل حتى جعلوه علما سموه علم التصوف ، وعلم التزكية ، وعلم الأخلاق ، فألفوا فيه الكتب الكثيرة بينوا فيها أصوله وفروعه وقواعده ، ومن أشهر هذه الكتب : الحكم العطائية لابن عطاء الله السكندري ، وقواعد التصوف للشيخ أحمد زروق ، وإحياء علوم الدين للإمام الغزالي ، والرسالة القشيرية للإمام القشيري ، ومن جوامع الكلم لمحمد ماضي أبو العزائم وغيرها .

[Chunk 2]
الصوفية أو التصوف هو مذهب إسلامي . وهو منهج أو طريق يسلكه العبد للوصول إلى الله ، أي الوصول إلى معرفته والعلم به ، وذلك عن طريق الاجتهاد في العبادات واجتناب المنهيات ، وتربية النفس وتطهير القلب من الأخلاق السيئة ، وتحليته بالأخلاق الحسنة .

[Chunk 3]
وكرأي آخر ، يقول الشيخ ابن الجوزي في محاولته التي اعتبرها علماء آخرون تقليلا من شأن التصوف الإسلامي ، ذكر في كتابه تلبيس إبليس : ينسب الصوفيين إلى ( صوفة بن مرة ) والذي نذرت له والدته أن تعلقه بأستار الكعبة فأطلق اسم ( صوفي ) على كل من ينقطع عن الدنيا وينصرف إلى العبادة فقط .",من أين تستمد الصوفية أصولها ؟,يستمد أصوله وفروعه من القرآن والسنة النبوية,تستمد الصوفية أصولها من القرآن والسنة النبوية وإجماع الأمة واجتهاد العلماء.,0.91,0.91,0.9
"[Chunk 1]
وكرأي آخر ، يقول الشيخ ابن الجوزي في محاولته التي اعتبرها علماء آخرون تقليلا من شأن التصوف الإسلامي ، ذكر في كتابه تلبيس إبليس : ينسب الصوفيين إلى ( صوفة بن مرة ) والذي نذرت له والدته أن تعلقه بأستار الكعبة فأطلق اسم ( صوفي ) على كل من ينقطع عن الدنيا وينصرف إلى العبادة فقط .

[Chunk 2]
قسمت الأندلس إلى خمس وحدات إدارية بعد فتحها واستقرار الحكم الإسلامي فيها ، وتلك الوحدات تقابل تقريبا كلا من : منطقة أندلوسيا ، والجمهورية الرتغالية ، ومنطقة جليقية ( غاليسيا ) ، ومنطقة أراون المعاصرة ؛ ومنطقة قشتالة ، ومملكة ليون ، وكونتية برشلونة ، ومنطقة ستمانيا التاريخية . أما من الناحية السياسية ، فقد كانت في بادئ الأمر تشكل ولاية من ولايات الدولة الأموية زمن الخليفة الوليد بن عبد الملك ، وبعد انهيار الدولة الأموية وقيام الدولة العباسية ، استقل عبد الرحمن بن معاوية ، وهو أحد أمراء بني أمية الناجين من سيوف العباسيين ، استقل بالأندلس وأسس فيها إمارة قرطبة ، فدامت 179 سنة ، وقام بعدها عبد الرحمن الناصر لدين الله بإعلان الخلافة الأموية عوض الإمارة ، لأسباب سياسية خارجية في الغالب ، وقد تفككت الدولة الأخيرة في نهاية المطاف إلى عدة دويلات وإمارات اشتهرت باسم « الطوائف ». كانت الإمارات والدول الأندلسية المتعاقبة مرتعا خصبا للتحاور والتبادل الثقافي بين المسلمين والمسيحيين واليهود من جهة ، وبين العرب والبربر والقوط والإفرنج من جهة أخرى ، وقد انصهرت هذه المكونات الثقافية في بوتقة واحدة وخرج منها خليط بشري وحضاري ميز الأندلس عن غيرها من الأقاليم الإسلامية ، وجعل لها طابعا فريدا خاصا . كانت الشريعة الإسلامية هي المصدر الأساسي للقضاء وحل المنازعات ، وترك المسلمون أهل الكتاب من اليهود والنصارى يرجعون إلى شرائعهم الخاصة للتقاضي والتظلم ، لقاء الجزية . شكلت الأندلس منارة للعلم والازدهار في أوروا القروسطية ، في حين كانت باقي القارة تقبع في الجهل والتخلف ، وأصبحت مدينة قرطبة إحدى أكبر وأهم مدن العالم ، ومركزا حضاريا وثقافيا بارزا في أوروا وحوض البحر المتوسط والعالم الإسلامي ، منافسة بغداد عاصمة الدولة العباسية والقسطنطينية عاصمة الإمبراطورية البيزنطية . ساهم العلماء الأندلسيون على اختلاف خلفياتهم العرقية والدينية بتقدم مختلف أنواع العلوم في العالمين الإسلامي والمسيحي ، ومن هؤلاء على سبيل المثال : جابر بن أفلح في علم المثلثات ، وإبراهيم بن يحيى الزرقالي في علم الفلك ، وأبو القاسم الزهراوي في الجراحة ، وابن زهر في الصيدلة ، وغيرهم .

[Chunk 3]
أبو الطيب المتنبي ( 303 ه - 354 ه ) ( 915 م - 965 م ) هو أحمد بن الحسين بن الحسن بن عبد الصمد الجعفي أبو الطيب الكندي الكوفي المولد ، نسب إلى قبيلة كندة نتيجة لولادته بحي تلك القبيلة في الكوفة لا لأنه منهم . وكان المتنبي صاحب كبرياء وشجاعة وطموح ومحب للمغامرات ، وكان في شعره يعتز بعروبته ، ويفتخر بنفسه ، وأفضل شعره في الحكمة وفلسفة الحياة ووصف المعارك ، إذ جاء بصياغة قوية محكمة . وكان شاعرا مبدعا عملاقا غزير الإنتاج يعد بحق مفخرة للأدب العربي ، فهو صاحب الأمثال السائرة والحكم البالغة والمعاني المبتكرة . وجد الطريق أمامه أثناء تنقله مهيئا لموهبته الشعرية الفائقة لدى الأمراء والحكام ، إذا تدور معظم قصائده حول مدحهم . لكن شعره لا يقوم على التكلف والصنعة ، لتفجر أحاسيسه وامتلاكه ناصية اللغة والبيان ، مما أضفى عليه لونا من الجمال والعذوبة . ترك تراثا عظيما من الشعر القوي الواضح ، يضم 326 قصيدة ، تمثل عنوانا لسيرة حياته ، صور فيها الحياة في القرن الرابع الهجري أوضح تصوير ، ويستدل منها كيف جرت الحكمة على لسانه ، لاسيما في قصائده الأخيرة التي بدا فيها وكأنه يودع الدنيا عندما قال : أبلى الهوى بدني .",من ألف كتاب تلبيس إبليس ؟,الشيخ ابن الجوزي,الشيخ ابن الجوزي,0.77,0.92,0.91
"[Chunk 1]
سويسرا ( بالألمانية : die Schweiz ، بالفرنسية : la Suisse ، بالإيطالية : Svizzera ، بالرومانشية : Svizra ) ورسميا الاتحاد السويسري هي جمهورية فيدرالية تتكون من 26 كانتون ، مع برن كمقر للسلطات الاتحادية .

[Chunk 2]
سويسرا ""( بالألمانية : die Schweiz ، بالفرنسية : la Suisse ، بالإيطالية : Svizzera ، بالرومانشية : Svizra )"" ورسميا الاتحاد السويسري هي جمهورية فيدرالية تتكون من 26 كانتون ، مع برن كمقر للسلطات الاتحادية . تقع سويسرا في غرب أوروبا ، حيث تحدها ألمانيا من الشمال ، فرنسا من الغرب ، إيطاليا من الجنوب ، والنمسا وليختنشتاين من الشرق . تشكلت الكنفدرالية السويسرية على مدى عدة قرون ، لكنها تميزت منذ نهاية القرن الثالث عشر بحرصها على الحياد ، وابتعادها عن الدخول في حروب مع جيرانها . ومع أنها تقع في قلب القارة الأوروبية ، إلا أنها تمتاز عن معظم الدول المجاورة لها بتنوعها الديني واللغوي وتمسكها بممارسة الديمقراطية المباشرة .

[Chunk 3]
النمسا أو رسميا جمهورية النمسا هي جمهورية فيدرالية وبلد غير ساحلي يقع في أوروبا الوسطى . تحدها جمهورية التشيك وألمانيا في الشمال والمجر وسلوفاكيا إلى الشرق وسلوفينيا وإيطاليا من الجنوب ، وسويسرا وليختنشتاين من الغرب .",ماهو الإسم الرسمي لسويسرا ؟,الاتحاد السويسري,"سويسرا (بالألمانية: die Schweiz، بالفرنسية: la Suisse، بالإيطالية: Svizzera، بالرومانشية: Svizra) ورسميا الاتحاد السويسري",0.85,0.9,0.92
"[Chunk 1]
سويسرا ""( بالألمانية : die Schweiz ، بالفرنسية : la Suisse ، بالإيطالية : Svizzera ، بالرومانشية : Svizra )"" ورسميا الاتحاد السويسري هي جمهورية فيدرالية تتكون من 26 كانتون ، مع برن كمقر للسلطات الاتحادية . تقع سويسرا في غرب أوروبا ، حيث تحدها ألمانيا من الشمال ، فرنسا من الغرب ، إيطاليا من الجنوب ، والنمسا وليختنشتاين من الشرق . تشكلت الكنفدرالية السويسرية على مدى عدة قرون ، لكنها تميزت منذ نهاية القرن الثالث عشر بحرصها على الحياد ، وابتعادها عن الدخول في حروب مع جيرانها . ومع أنها تقع في قلب القارة الأوروبية ، إلا أنها تمتاز عن معظم الدول المجاورة لها بتنوعها الديني واللغوي وتمسكها بممارسة الديمقراطية المباشرة .

[Chunk 2]
سويسرا هي أيضا مهد للصليب الأحمر ؛ وموطن لعدد كبير من المنظمات الدولية ؛ بما في ذلك ثاني أكبر مكتب للأمم المتحدة . وعلى المستوى الأوروبي فهي عضو مؤسس في الرابطة الأوروبية للتجارة الحرة ؛ وجزء من منطقة شنغن ، وعلى الرغم من أنها ليست عضوا في الاتحاد الأوروبي ولا في المنطقة الاقتصادية الأوروبية إلا أن سويسرا هي واحدة من أغنى البلدان في العالم من حيث الناتج المحلي الإجمالي للفرد ، وتحتوي على أعلى ثروة للشخص البالغ ( الأصول المالية وغير المالية ) من أي بلد في العالم . وقد تم تصنيف زيوريخ وجنيف المدينتين الثانية والثامنة من بين الأعلى في جودة المعيشة في الحياة في العالم . وهي الدولة التاسعة عشر كأكبر اقتصاد في العالم من حيث الناتج المحلي الإجمالي الاسمي ورقم 36 في تعادل القوة الشرائية .

[Chunk 3]
سويسرا ( بالألمانية : die Schweiz ، بالفرنسية : la Suisse ، بالإيطالية : Svizzera ، بالرومانشية : Svizra ) ورسميا الاتحاد السويسري هي جمهورية فيدرالية تتكون من 26 كانتون ، مع برن كمقر للسلطات الاتحادية .",أين تقع سويسرا بالنسبة لأوروبا ؟,"غرب أوروبا ،",في قلب القارة الأوروبية.,0.91,0.93,0.33
"[Chunk 1]
أوروبا إحدى قارات العالم السبع . وجغرافيا تعد شبه جزيرة كبيرة تكون الجزء الغربي الممتد من أوراسيا بين جبال الأورال وجبال القوقاز وبحر قزوين من الشرق والمحيط الأطلسي من الغرب والبحر الأبيض المتوسط والبحر الأسود ومنطقة القوقاز من الجنوب والمحيط المتجمد الشمالي من الشمال . وكلمة أوربا أصلها إغريقي ( باليونانية : ) وتعني الوجه العريض ، وتصل مساحة القارة لحوالي 10.180 مليون ( 7.1 % من مساحة الأرض ). وهي القارة الثالثة من حيث عدد السكان في العالم إذ يزيد عدد سكانها عن 700 مليون نسمة ( أي 11 % من سكان الأرض ). تمتد روسيا وهي أكبر بلد أوروبي عبر كامل شمال آسيا و 40 % من أوروبا ، في حين تعتبر دولة الفاتيكان أصغر دول القارة .

[Chunk 2]
أوروبا إحدى قارات العالم السبع . وجغرافيا تعد شبه جزيرة كبيرة تكون الجزء الغربي الممتد من أوراسيا بين جبال الأورال وجبال القوقاز وبحر قزوين من الشرق والمحيط الأطلسي من الغرب والبحر الأبيض المتوسط والبحر الأسود ومنطقة القوقاز من الجنوب والمحيط المتجمد الشمالي من الشمال .

[Chunk 3]
أوروبا إحدى قارات العالم السبع . وجغرافيا تعد شبه جزيرة كبيرة تكون الجزء الغربي الممتد من أوراسيا بين جبال الأورال وجبال القوقاز وبحر قزوين من الشرق والمحيط الأطلسي من الغرب والبحر الأبيض المتوسط والبحر الأسود ومنطقة القوقاز من الجنوب والمحيط المتجمد الشمالي من الشمال . وتعتبر قارة صغيرة نسبيا مقارنة ببقية القارات لكن قارة أستراليا أصغر منها . إلى جانب حدود أوروبا الجغرافية يعود مفهوم حدود القارة إلى العصور القديمة الكلاسيكية ، حيث أصبح مصطلح "" القارة "" جغرافيا في المقام الأول ولكنه يشمل أيضا العناصر الثقافية والسياسية .",ماهو موضع أوروبا على المستوى الأوروبي ؟,عضو مؤسس في الرابطة الأوروبية للتجارة الحرة ؛,أوسع من حدودها الجغرافية الحالية.,0.91,0.6,0.4
"[Chunk 1]
الجمهورية الإسلامية الإيرانية ( بالفارسية : جمهورى اسلامى ايران ) هي دولة تقع في غرب آسيا . وهي ثاني أكبر دول بالشرق الأوسط من حيث عدد السكان بعد مصر باجمالي 81 مليون نسمة وكذلك ثاني أكبر بلدان الشرق الاوسط مساحة بعد السعودية بمساحة تبلغ 1 ، 648 ، 195 كم 2 ما يجعلها تحتل المرتبة الثامنة عشر بين بلدان في العالم من حيث المساحة تتميز ايران بموقع جيوسياسي يجعلها نقطة التقاء لثلاث مجالات آسيوية ( غرب آسيا ووسطها وجنوبها ).

[Chunk 2]
الجمهورية الإسلامية الإيرانية هي دولة تقع في غرب آسيا . وهي ثاني أكبر دول بالشرق الأوسط من حيث عدد السكان بعد مصر باجمالي 81 مليون نسمة وكذلك ثاني أكبر بلدان الشرق الاوسط مساحة بعد السعودية بمساحة تبلغ 1 ، 648 ، 195 كم 2 ما يجعلها تحتل المرتبة الثامنة عشر بين بلدان في العالم من حيث المساحة تتميز ايران بموقع جيوسياسي يجعلها نقطة التقاء لثلاث مجالات آسيوية ( غرب آسيا ووسطها وجنوبها ). يحدها من الشمال أرمينيا وأذربيجان وتركمانستان . وتطل إيران على بحر قزوين ( وهو بحر داخلي تحده كازاخستان وروسيا ). ويحدها من الشرق أفغانستان وباكستان ، ومن الجنوب الخليج العربي وخليج عمان ، ومن الغرب العراق ومن الشمال الغربي تركيا . طهران هي العاصمة ، وأكبر مدينة في البلاد والوسط السياسي والثقافي والتجاري والصناعي للأمة . تعد إيران قوة إقليمية ، وتحتل مركزا هاما في أمن الطاقة الدولية والاقتصاد العالمي بسبب أحتياطاتها الكبيرة من النفط والغاز الطبيعي . حيث يوجد في إيران ثاني أكبر احتياطي من الغاز الطبيعي في العالم ورابع أكبر احتياطي مؤكد من النفط .

[Chunk 3]
الهند رسميا جمهورية الهند ( بالهندية : ) ، هي جمهورية تقع في جنوب آسيا . تعد سابع أكبر بلد من حيث المساحة الجغرافية ، والثانية من حيث عدد السكان ، وهي الجمهورية الديموقراطية الأكثر ازدحاما بالسكان في العالم .",أين تقع الجمهورية الإسلامية الإيرانية ؟,في غرب آسيا .,في غرب آسيا.,0.66,0.92,0.91
